filename,category,old_rate,path_rate,rle_rate,straights_rate,straights_huffman_rate,new_edgebits_rate,comp_time,decomp_time
apps-help-browser.png,icon_64,1.74446,1.59083,0.601001,1.41992,1.48765,1.79315,7,8
actions-document-properties.png,icon_64,3.14432,2.92415,0.468695,1.77367,2.03714,3.34072,6,3
mimetypes-x-office-spreadsheet-template.png,icon_64,1.74645,1.54595,0.413811,1.36352,1.44293,1.79416,6,4
apps-preferences-system-windows.png,icon_64,6.33402,6.1283,1.66214,6.85714,7.04587,7.06156,3,1
mimetypes-x-office-presentation.png,icon_64,3.01472,2.79185,0.507446,1.90926,2.1289,3.16487,4,3
actions-format-text-strikethrough.png,icon_64,2.8791,2.89905,0.838428,2.50776,2.63014,3.10019,3,2
mimetypes-text-x-script.png,icon_64,3.08124,2.8686,0.437181,1.54333,1.806,3.26591,4,3
actions-edit-select-all.png,icon_64,4.36984,3.99658,0.405678,1.8156,2.20531,4.6968,4,3
actions-view-refresh.png,icon_64,2.26716,2.16777,0.636128,1.80335,1.91164,2.38388,4,3
actions-go-first.png,icon_64,2.61893,2.56722,0.938759,2.47542,2.51186,2.80853,4,2
status-network-transmit-receive.png,icon_64,1.81025,1.61188,0.450432,1.44871,1.51929,1.84394,6,4
apps-preferences-system-network-proxy.png,icon_64,1.77675,1.63889,0.723867,1.6,1.63144,1.83465,5,3
status-dialog-warning.png,icon_64,3.92337,4.17622,0.641893,1.91342,2.2994,4.3561,4,2
actions-edit-undo.png,icon_64,3.71463,4.16207,1.44784,3.37027,3.52294,4.19744,3,1
devices-computer.png,icon_64,1.86748,1.65629,0.355009,1.34295,1.44837,1.90051,5,4
categories-applications-office.png,icon_64,2.32904,2.24454,0.753293,2.0085,2.0813,2.46419,4,3
actions-go-top.png,icon_64,2.46351,2.40552,0.917451,2.33879,2.3649,2.6169,4,2
devices-drive-removable-media.png,icon_64,2.77507,2.62859,0.458356,1.75443,1.96043,2.93261,4,3
emotes-face-angel.png,icon_64,1.84949,1.71614,0.66745,1.61429,1.66324,1.91432,5,3
status-battery-caution.png,icon_64,2.8791,2.72431,0.682217,2.01641,2.20373,3.09385,4,3
actions-format-indent-less.png,icon_64,3.96387,3.66642,0.412863,1.66775,2.02639,4.26982,4,3
status-network-offline.png,icon_64,1.82098,1.61735,0.374916,1.31704,1.41567,1.857,6,4
devices-input-mouse.png,icon_64,2.20531,2.09971,0.738517,1.9176,1.98066,2.31331,4,3
actions-appointment-new.png,icon_64,1.59089,1.41755,0.587395,1.34855,1.39193,1.62122,5,4
status-folder-drag-accept.png,icon_64,2.94535,2.81222,0.577793,2.19821,2.36672,3.11453,4,3
actions-go-last.png,icon_64,2.75516,2.72114,0.95101,2.54515,2.59898,2.96982,3,2
apps-preferences-desktop-font.png,icon_64,4.34512,4.09429,0.620277,1.61684,1.9961,4.75243,4,3
actions-mail-send-receive.png,icon_64,2.30458,2.16763,0.663947,1.78087,1.89163,2.40823,5,3
mimetypes-x-office-document-template.png,icon_64,1.95544,1.72243,0.342667,1.26602,1.40018,2.01418,6,4
actions-mail-reply-sender.png,icon_64,3.0446,2.96195,0.686519,2.0898,2.29254,3.2565,4,2
mimetypes-video-x-generic.png,icon_64,2.21485,2.12297,0.67165,1.77932,1.87317,2.327,4,3
devices-video-display.png,icon_64,2.08838,1.91861,0.413082,1.53985,1.65785,2.15792,5,3
emblems-emblem-readonly.png,icon_64,5.82922,5.71934,0.687676,1.7273,2.21485,6.6507,4,3
emotes-face-surprise.png,icon_64,1.9961,1.88865,0.914856,1.86125,1.88351,2.08359,4,3
actions-go-up.png,icon_64,3.2926,3.49637,1.17497,3.21339,3.25424,3.64534,3,1
actions-edit-find.png,icon_64,2.44781,2.23094,0.462003,1.62154,1.79439,2.55415,4,3
mimetypes-application-x-executable.png,icon_64,2.4323,2.38088,0.79342,2.08483,2.14976,2.5807,4,2
places-user-desktop.png,icon_64,2.91185,2.95687,0.686317,2.4275,2.57502,3.14724,3,2
status-printer-error.png,icon_64,2.80036,2.5909,0.618692,2.19116,2.31674,2.94279,4,2
apps-system-file-manager.png,icon_64,4.93098,5.50291,0.977653,4.20822,4.53097,5.71734,3,1
places-user-home.png,icon_64,3.15725,3.11217,0.678773,2.5098,2.66667,3.38431,4,2
devices-input-keyboard.png,icon_64,2.39813,2.295,0.651063,1.97049,2.06452,2.52418,4,2
apps-preferences-desktop-keyboard-shortcuts.png,icon_64,2.07148,1.82789,0.516476,1.62282,1.72004,2.12641,5,3
categories-preferences-system.png,icon_64,2.37955,2.3276,1.17646,2.12669,2.19585,2.5234,4,2
status-network-idle.png,icon_64,1.70006,1.51158,0.351481,1.25953,1.34737,1.72888,6,4
emblems-emblem-symbolic-link.png,icon_64,5.55515,5.329,0.704486,1.65964,2.12008,6.25622,4,2
actions-contact-new.png,icon_64,2.49553,2.28635,0.589141,1.6088,1.7819,2.60174,4,3
status-weather-snow.png,icon_64,2.01443,1.89053,0.720804,1.66369,1.73952,2.09697,4,3
actions-tab-new.png,icon_64,4.22558,4.34589,1.25718,4.12072,4.18529,4.66714,3,1
apps-preferences-desktop-wallpaper.png,icon_64,2.28401,2.12517,0.54257,1.82369,1.91283,2.37736,5,3
apps-system-users.png,icon_64,1.94554,1.82055,0.7419,1.75342,1.79021,2.02159,5,3
actions-edit-find-replace.png,icon_64,2.07427,1.8807,0.557905,1.56855,1.66685,2.14198,5,3
devices-input-gaming.png,icon_64,3.11878,3.0532,0.654967,1.87546,2.12155,3.356,4,2
emblems-emblem-photos.png,icon_64,2.64144,2.57711,0.711363,2.26382,2.34146,2.83395,4,2
actions-media-seek-forward.png,icon_64,3.32108,3.57807,1.17704,3.09366,3.18672,3.68318,3,1
devices-media-floppy.png,icon_64,2.36854,2.18366,0.619066,2.01575,2.11425,2.47107,4,3
devices-media-flash.png,icon_64,2.65974,2.37811,0.723963,2.2522,2.3379,2.75833,4,3
actions-edit-redo.png,icon_64,3.35005,3.62157,1.52395,3.16701,3.24051,3.72575,3,1
places-folder-remote.png,icon_64,2.91185,2.78166,0.654936,2.32551,2.46351,3.07796,4,2
emblems-emblem-important.png,icon_64,3.97413,4.55343,0.982107,2.95243,3.27505,4.5216,3,1
places-start-here.png,icon_64,3.9948,4.63786,1.2997,3.45946,3.7012,4.57292,3,1
actions-address-book-new.png,icon_64,2.29425,2.11434,0.444845,1.56815,1.71237,2.38267,5,4
apps-preferences-desktop-locale.png,icon_64,4.06887,3.74877,1.16514,3.93342,4.01044,4.68739,3,2
actions-edit-paste.png,icon_64,2.67829,2.40906,0.413099,1.64234,1.83513,2.7932,5,3
mimetypes-audio-x-generic.png,icon_64,3.74178,4.1379,0.826112,3.06281,3.26115,4.22431,3,1
actions-mail-message-new.png,icon_64,2.06313,1.87933,0.432269,1.42519,1.55308,2.12931,5,4
devices-camera-photo.png,icon_64,2.51597,2.39707,0.651046,1.95731,2.08412,2.66623,4,2
devices-battery.png,icon_64,3.54325,3.60563,1.01182,3.18838,3.30323,3.9722,3,2
status-weather-few-clouds-night.png,icon_64,2.315,2.2471,0.926173,2.07078,2.12448,2.44653,4,2
status-weather-clear.png,icon_64,2.29768,2.22891,0.89083,2.02438,2.11134,2.4281,4,2
status-audio-volume-muted.png,icon_64,2.28062,2.17031,0.899495,1.9974,2.06036,2.4,4,3
actions-edit-copy.png,icon_64,3.50285,3.2791,0.498878,1.97493,2.25551,3.75407,4,2
mimetypes-text-x-generic.png,icon_64,4.70444,4.52701,0.491859,2.02039,2.47542,5.19495,4,2
actions-media-playback-stop.png,icon_64,4.94686,6.21548,1.32099,5.01551,5.21562,5.88083,2,1
devices-drive-optical.png,icon_64,3.48695,3.4086,0.600704,1.80176,2.09407,3.76485,4,3
actions-system-search.png,icon_64,1.98578,1.87456,0.874778,1.82098,1.85732,2.07135,4,3
actions-document-print-preview.png,icon_64,2.199,2.01092,0.661521,1.92361,1.98066,2.28843,4,3
devices-multimedia-player.png,icon_64,2.47144,2.22292,0.604631,1.95981,2.07427,2.54964,5,3
devices-camera-video.png,icon_64,2.20531,2.07379,0.55249,1.78865,1.8766,2.30279,4,3
places-folder.png,icon_64,3.61837,3.73595,0.887565,3.08279,3.24393,3.96451,3,2
actions-list-add.png,icon_64,5.67837,7.86369,1.29663,5.13283,5.55515,7.03881,2,1
status-weather-clear-night.png,icon_64,3.27855,3.5189,1.10846,2.89266,3.01472,3.62545,3,2
status-dialog-error.png,icon_64,2.47942,2.26502,0.458747,1.64059,1.80388,2.56628,5,3
status-audio-volume-low.png,icon_64,2.24397,2.17477,0.913216,2.09407,2.13037,2.36928,4,2
actions-format-indent-more.png,icon_64,4.02621,3.8209,0.422658,1.72101,2.09693,4.37977,4,3
categories-applications-games.png,icon_64,2.57502,2.46339,0.528581,1.61302,1.81025,2.71461,4,3
mimetypes-x-office-calendar.png,icon_64,2.94535,2.87162,0.631019,2.2489,2.40564,3.14201,4,2
actions-go-next.png,icon_64,3.09366,3.25338,1.43734,3.11562,3.12513,3.39717,3,2
status-audio-volume-high.png,icon_64,2.03849,1.92572,0.685925,1.75192,1.81883,2.12835,5,3
apps-preferences-desktop-assistive-technology.png,icon_64,1.56177,1.39409,0.517381,1.32757,1.37265,1.59153,6,4
actions-format-text-bold.png,icon_64,2.315,2.24116,0.864819,2.13111,2.1741,2.44452,4,2
status-weather-showers.png,icon_64,1.77675,1.63009,0.73393,1.50367,1.55623,1.82925,5,3
apps-internet-mail.png,icon_64,2.46351,2.29532,0.42004,1.54839,1.72584,2.5759,4,3
emotes-face-sad.png,icon_64,2.12595,2.03389,0.96169,1.96231,1.9961,2.2317,4,3
actions-bookmark-new.png,icon_64,2.75022,2.49446,0.533218,1.75342,1.948,2.87716,5,3
emblems-emblem-favorite.png,icon_64,3.00293,3.09804,0.901516,2.47842,2.61447,3.2657,4,2
status-dialog-information.png,icon_64,2.29425,2.24638,1.16056,2.29083,2.28232,2.43194,4,2
apps-internet-group-chat.png,icon_64,6.55011,8.17157,0.706618,2.70899,3.39448,8.02875,3,1
mimetypes-package-x-generic.png,icon_64,3.39448,3.39776,1.05771,3.1331,3.21675,3.67478,3,2
actions-system-shutdown.png,icon_64,3.84481,3.5467,0.715526,2.17641,2.50367,4.11934,4,2
devices-media-optical.png,icon_64,1.4748,1.33247,0.811558,1.41144,1.41632,1.50577,5,4
emotes-face-monkey.png,icon_64,1.68513,1.54895,0.921571,1.64015,1.64366,1.73562,5,3
status-network-receive.png,icon_64,1.7307,1.54036,0.376039,1.31142,1.3951,1.76065,5,4
mimetypes-text-html.png,icon_64,2.2407,2.03667,0.466358,1.53831,1.68144,2.32513,5,4
categories-applications-internet.png,icon_64,1.58596,1.44703,0.813458,1.49635,1.50884,1.62626,6,4
actions-process-stop.png,icon_64,2.46747,2.2166,0.510037,1.15164,1.36412,2.55057,6,4
apps-preferences-system-session.png,icon_64,3.2235,2.85535,0.750052,2.71378,2.83134,3.33573,4,2
mimetypes-x-office-address-book.png,icon_64,2.73067,2.56,0.428161,1.7119,1.9176,2.87607,5,3
devices-network-wired.png,icon_64,3.72364,4.08171,1.19194,2.8119,3.08124,4.18992,3,1
status-image-loading.png,icon_64,2.67829,2.47992,0.506424,1.73854,1.93329,2.82353,4,3
actions-media-seek-backward.png,icon_64,3.32828,3.58591,1.13795,3.08589,3.19003,3.69272,3,2
apps-preferences-desktop-theme.png,icon_64,2.69238,2.5996,0.71193,2.28827,2.3888,2.87952,4,2
emotes-face-grin.png,icon_64,2.39066,2.30306,0.757262,2.11789,2.18027,2.53734,4,3
actions-view-fullscreen.png,icon_64,3.88369,3.70176,1.275,3.34276,3.49091,4.21435,3,2
actions-media-record.png,icon_64,3.25769,3.46312,1.11642,3.02511,3.10931,3.59732,3,2
places-network-workgroup.png,icon_64,3.23709,3.11829,0.625945,2.47343,2.65056,3.48127,4,2
mimetypes-font-x-generic.png,icon_64,3.27855,2.93104,0.515401,1.22708,1.50958,3.4425,5,3
status-folder-open.png,icon_64,3.78792,3.68014,0.672675,2.6912,2.92293,4.06685,3,2
categories-applications-multimedia.png,icon_64,2.65514,2.45877,0.488256,1.62583,1.81883,2.7808,5,3
status-software-update-available.png,icon_64,3.37212,3.41689,0.975277,2.86969,3.02362,3.65987,3,2
status-network-wireless-encrypted.png,icon_64,1.99093,1.8668,0.705437,1.72391,1.77984,2.07235,4,3
actions-mail-mark-junk.png,icon_64,1.81025,1.66589,0.563189,1.48334,1.54761,1.86702,5,3
emotes-face-crying.png,icon_64,2.03579,1.9339,0.986859,1.89923,1.93208,2.1289,4,3
status-image-missing.png,icon_64,3.67904,3.32569,0.534348,1.67731,1.9974,3.8957,4,3
emblems-emblem-system.png,icon_64,1.85172,1.71731,0.659581,1.57015,1.62884,1.91641,5,3
actions-folder-new.png,icon_64,2.40188,2.27666,0.801063,2.1445,2.19585,2.51984,4,2
devices-printer.png,icon_64,3.81615,3.63322,0.665989,2.91323,3.154,4.13337,3,2
places-user-trash.png,icon_64,2.0013,1.78504,0.459801,1.54139,1.63231,2.06006,5,4
categories-preferences-desktop-peripherals.png,icon_64,1.93817,1.77278,0.503937,1.45042,1.54683,1.99874,5,4
devices-audio-card.png,icon_64,2.00391,1.83389,0.549458,1.6419,1.70667,2.07419,5,3
emblems-emblem-unreadable.png,icon_64,1.87203,1.68222,0.64005,1.56535,1.6463,1.92481,5,3
devices-network-wireless.png,icon_64,2.84708,2.5761,0.681238,1.46321,1.70006,2.98896,5,3
mimetypes-x-office-spreadsheet.png,icon_64,2.31849,2.11434,0.481814,1.66414,1.81132,2.40988,4,3
actions-format-justify-center.png,icon_64,4.2965,3.99269,0.365235,1.56695,1.95296,4.63501,4,3
actions-document-print.png,icon_64,3.67025,3.50685,0.646108,2.74041,2.95954,3.97381,3,2
emotes-face-wink.png,icon_64,2.06036,1.96227,1.0036,1.94246,1.96545,2.15721,4,3
status-audio-volume-medium.png,icon_64,2.14976,2.05898,0.800287,1.93025,1.98321,2.25815,4,3
places-network-server.png,icon_64,4.71889,5.21285,1.06641,4.17675,4.42651,5.43747,3,1
emotes-face-kiss.png,icon_64,2.0576,1.95817,0.924475,1.89513,1.93086,2.15376,4,3
apps-preferences-desktop-accessibility.png,icon_64,1.7747,1.59538,0.497359,1.44192,1.51704,1.82078,5,4
emotes-face-smile.png,icon_64,2.10844,2.01699,0.963,1.95482,1.99093,2.21196,4,3
apps-system-software-update.png,icon_64,2.17102,2.02768,0.531364,1.56376,1.68977,2.26147,5,3
categories-preferences-desktop.png,icon_64,4.32068,4.28732,0.821082,3.31213,3.52698,4.74074,3,2
actions-system-lock-screen.png,icon_64,2.06313,1.89367,0.455877,1.59253,1.69163,2.13663,5,3
actions-go-bottom.png,icon_64,2.72582,2.67997,0.778596,2.35222,2.44197,2.92171,4,2
actions-format-text-underline.png,icon_64,2.60119,2.55501,0.762833,2.24152,2.34504,2.76772,4,2
status-weather-few-clouds.png,icon_64,1.95296,1.83048,0.814922,1.72681,1.77265,2.03078,4,3
apps-internet-web-browser.png,icon_64,1.83184,1.7017,0.850285,1.66054,1.68977,1.89648,5,3
actions-edit-cut.png,icon_64,2.46351,2.41048,0.885334,1.99675,2.11862,2.61572,4,2
status-weather-severe-alert.png,icon_64,2.01707,1.89177,0.742382,1.73461,1.79335,2.09912,4,3
apps-office-calendar.png,icon_64,3.37212,3.36048,0.698187,2.58043,2.76508,3.64224,5,17
categories-applications-development.png,icon_64,1.53217,1.38783,0.681082,1.41927,1.43551,1.56585,27,21
actions-go-jump.png,icon_64,4.09055,4.79064,1.49961,3.66369,3.8593,4.69635,6,5
categories-applications-other.png,icon_64,2.60119,2.5612,1.0309,2.12742,2.2407,2.77217,12,6
apps-utilities-terminal.png,icon_64,1.89747,1.67688,0.452778,1.51405,1.5975,1.9323,17,6
actions-media-playback-start.png,icon_64,4.24896,5.03503,1.58767,4.09327,4.19672,4.92382,7,2
actions-go-home.png,icon_64,2.47542,2.27999,0.561426,1.6194,1.78709,2.57522,17,7
devices-audio-input-microphone.png,icon_64,2.13482,2.03162,0.679778,1.82912,1.8963,2.23784,8,3
apps-internet-news-reader.png,icon_64,4.12349,4.18493,0.991818,3.65062,3.78325,4.51101,3,7
status-network-error.png,icon_64,1.57136,1.38887,0.352655,1.1951,1.26628,1.59253,20,41
emotes-face-plain.png,icon_64,2.10844,2.01364,0.947298,1.96419,1.99351,2.21156,19,3
mimetypes-x-office-document.png,icon_64,4.10147,3.90591,0.50842,1.99093,2.37403,4.47508,6,8
mimetypes-image-x-generic.png,icon_64,2.56642,2.33241,0.705578,2.17564,2.26382,2.67319,12,3
status-weather-showers-scattered.png,icon_64,1.92361,1.79643,0.728593,1.6463,1.70667,1.99651,5,3
categories-applications-accessories.png,icon_64,2.01972,1.88203,0.619386,1.63014,1.71142,2.09993,6,4
emotes-face-glasses.png,icon_64,1.72101,1.58929,0.889951,1.62626,1.63927,1.77527,5,3
apps-system-installer.png,icon_64,2.64599,2.528,0.823137,2.23013,2.32904,2.80005,4,3
mimetypes-application-certificate.png,icon_64,2.06313,1.95981,0.847419,1.86521,1.91283,2.15849,4,3
actions-media-playback-pause.png,icon_64,4.17959,4.88904,1.14691,4.06887,4.24309,4.81882,3,1
actions-media-eject.png,icon_64,4.23724,4.882,1.27687,4.09873,4.21399,4.84853,3,1
actions-document-save.png,icon_64,2.09407,1.90158,0.464568,1.42189,1.55308,2.16438,5,4
apps-utilities-system-monitor.png,icon_64,1.43619,1.25356,0.36449,1.14328,1.2,1.45289,6,5
actions-system-log-out.png,icon_64,1.91402,1.70374,0.479169,1.52798,1.60083,1.9697,5,3
actions-document-new.png,icon_64,3.2235,2.98942,0.530438,1.52988,1.82315,3.43648,4,3
actions-media-skip-backward.png,icon_64,2.88451,2.93278,0.750894,2.43423,2.56642,3.12483,3,2
apps-accessories-calculator.png,icon_64,3.15725,2.92258,0.625367,2.33523,2.52217,3.35063,4,2
apps-preferences-desktop-multimedia.png,icon_64,1.74248,1.61041,0.905602,1.60167,1.62712,1.79866,5,3
emotes-face-devilish.png,icon_64,2.14375,2.01018,0.627563,1.76755,1.84949,2.24597,4,3
categories-applications-graphics.png,icon_64,2.81577,2.8258,0.833565,2.44197,2.54726,3.04027,4,2
actions-edit-clear.png,icon_64,2.70185,2.75361,1.5097,2.65859,2.67596,2.91747,3,2
emotes-face-smile-big.png,icon_64,2.14675,2.04928,0.936478,1.98964,2.02372,2.25261,4,3
actions-list-remove.png,icon_64,6.90337,11.7786,1.89268,7.61338,8.06299,9.16417,2,0
actions-format-justify-fill.png,icon_64,4.53767,4.23852,0.371788,1.65606,2.07568,4.92037,4,3
actions-format-justify-left.png,icon_64,4.38231,4.065,0.370732,1.56735,1.95918,4.73116,5,3
mimetypes-x-office-drawing.png,icon_64,3.55968,3.39811,0.556235,1.82423,2.13779,3.83296,4,3
mimetypes-x-office-presentation-template.png,icon_64,1.76857,1.57229,0.433791,1.34354,1.42486,1.81162,6,4
status-weather-overcast.png,icon_64,2.31849,2.24792,0.943878,2.06521,2.12448,2.44964,4,2
actions-media-skip-forward.png,icon_64,2.8791,2.9299,0.816906,2.45074,2.57718,3.11858,3,2
actions-format-justify-right.png,icon_64,4.35745,4.05645,0.356387,1.57377,1.96545,4.71008,4,3
places-folder-saved-search.png,icon_64,2.92293,2.75246,0.622303,2.33523,2.48142,3.07373,4,2
devices-drive-harddisk.png,icon_64,3.09366,2.94747,0.4792,1.67548,1.93086,3.30056,4,3
actions-go-previous.png,icon_64,3.00293,3.1324,1.28643,3.03707,3.04158,3.28611,3,2
status-weather-storm.png,icon_64,1.80388,1.6732,0.759433,1.63361,1.66414,1.8656,5,3
actions-document-open.png,icon_64,3.05672,2.79638,0.525684,2.11716,2.30458,3.18321,4,3
actions-window-new.png,icon_64,4.48467,3.98686,1.84553,5.18481,5.22449,4.7282,3,1
status-mail-attachment.png,icon_64,3.2926,3.53522,1.1034,2.84313,3.00293,3.64291,3,2
apps-accessories-text-editor.png,icon_64,2.72099,2.44775,0.536752,1.806,1.97938,2.80949,5,3
apps-preferences-desktop-screensaver.png,icon_64,2.01707,1.85256,0.430552,1.52419,1.62798,2.0828,5,3
categories-applications-system.png,icon_64,1.78087,1.64374,0.600781,1.51779,1.57296,1.83711,5,3
actions-go-down.png,icon_64,3.45557,3.69259,1.40222,3.40765,3.4324,3.85143,3,1
actions-mail-reply-all.png,icon_64,2.04937,1.87363,0.654339,1.60167,1.68884,2.11511,5,3
status-folder-visiting.png,icon_64,6.81153,7.16867,2.42116,8.15936,7.97922,7.78091,2,1
status-user-trash-full.png,icon_64,1.54761,1.37565,0.477563,1.28913,1.3374,1.57103,6,4
apps-accessories-character-map.png,icon_64,2.86835,2.64728,0.526143,1.98578,2.16643,3.03539,4,3
actions-format-text-italic.png,icon_64,3.09366,3.23379,1.14052,2.94959,3.02065,3.38512,3,2
mimetypes-x-office-drawing-template.png,icon_64,1.79754,1.58182,0.343185,1.22659,1.33915,1.84376,6,4
apps-preferences-desktop-remote-desktop.png,icon_64,1.79544,1.62548,0.451137,1.36442,1.44906,1.84011,6,4
status-software-update-urgent.png,icon_64,4.10147,4.48672,1.08835,3.29968,3.55968,4.60397,3,1
actions-mail-forward.png,icon_64,2.88993,2.77789,0.742376,2.0521,2.23581,3.07383,4,2
status-network-transmit.png,icon_64,1.77265,1.57781,0.416188,1.38597,1.46008,1.8047,5,4
actions-document-save-as.png,icon_64,2.37587,2.18847,0.590641,1.82966,1.94554,2.47051,4,3
actions-edit-delete.png,icon_64,2.28401,2.04621,0.550112,1.8156,1.91402,2.34286,5,3
mimetypes-text-x-generic-template.png,icon_64,3.39448,3.18693,0.486914,1.70572,1.9987,3.6756,4,3
Agar.io_gameplay1.png,screenshot_game,7.58618,10.859,4.02841,11.7881,13.0951,10.2379,282,142
Galaxy_Game_(1971)_-_Title_screen.png,screenshot_game,11.7765,235.927,29.487,65.0804,89.2861,22.9144,78,11
Rain_World_screenshot_-_Sky_Islands_5.png,screenshot_game,1.52416,1.36412,0.62037,1.35815,1.4286,1.55518,1101,955
CompliKATEd_screenshot_4.png,screenshot_game,1.87825,1.66367,0.528347,1.37175,1.51788,1.92602,1095,921
Galak-Z_screenshot_-_missile_porn.png,screenshot_game,1.07752,0.931717,0.381729,0.913739,0.963226,1.0785,1945,1360
Flinthook_screenshot_-_Pax_start.png,screenshot_game,3.21995,3.05396,0.978801,2.89439,3.13973,3.46731,702,518
Neverball_Titelbildschirm.png,screenshot_game,3.10593,3.14407,0.884885,2.30484,2.59729,3.38116,716,536
Biniax2_screenshot.png,screenshot_game,2.45928,2.21977,0.803097,1.90707,2.10073,2.5689,292,227
SpellTower_screenshot_-_PuzzleMode-Lose_2.png,screenshot_game,4.06677,4.40986,1.78102,2.23854,2.76112,4.58409,1460,1027
Neverball_Gameplay_Screenshot_12.png,screenshot_game,1.817,1.60676,0.461825,1.40808,1.53708,1.8489,1046,884
BFM-screenshot01.png,screenshot_game,3.63952,2.94469,0.427571,0.9933,1.3017,3.85883,1066,878
PekkaKana2_Scr01.png,screenshot_game,1.64661,1.43092,0.274746,0.944425,1.08406,1.66695,114,98
Galak-Z_screenshot_-_lost_in_space.png,screenshot_game,1.0524,0.910389,0.39687,0.920427,0.962953,1.05312,1530,1387
Score4Zugzwang.png,screenshot_game,8.01206,12.7831,3.41193,3.86348,5.0438,10.9385,129,79
Minicraft_Title_Screen.png,screenshot_game,11.8586,128.823,62.7034,67.6233,89.5028,22.7652,123,11
Alto%27s_Adventure_screenshot_-_B01_Roof.png,screenshot_game,4.61846,4.9033,0.949553,2.46256,3.00551,5.23974,807,503
TowerFall_Mirage.png,screenshot_game,10.1221,24.9659,6.4934,21.7943,26.3455,16.1324,270,94
Trini_Shii%22Mori.png,screenshot_game,1.12908,0.978754,0.400237,0.939917,0.995096,1.13216,753,661
Dark_Scavenger_screenshot_1.png,screenshot_game,0.997508,0.863788,0.566849,0.977999,0.997606,0.997999,895,823
Marty%27O.png,screenshot_game,1.10985,0.962896,0.438176,0.954466,1.00324,1.11302,961,822
Sn%C3%ADmek_obrazovky_2021-09-12_v_16.57.06.png,screenshot_game,6.33956,8.03645,2.74419,8.15244,8.93337,7.75498,287,145
Winners_Dont_Use_Drugs.png,screenshot_game,10.8343,32.7724,5.9827,5.81913,8.02268,17.9767,32,14
Job_Simulator_screenshot_-_Office_01.png,screenshot_game,1.817,1.63488,0.504902,1.26836,1.41322,1.86341,1187,974
Blek_-_Level_5_screenshot.png,screenshot_game,2.62213,2.31461,0.364051,1.00919,1.25207,2.72493,1247,1050
Able_builders_intro2.png,screenshot_game,11.4297,80.5806,22.7093,27.1826,35.5336,21.0772,26,6
ProgressQuest_Screenshot.png,screenshot_game,10.6825,25.4995,9.44197,13.6141,17.5911,17.2745,94,34
Trainyard_game_-_screenshot_of_mixing_colors_-_2_of_3.png,screenshot_game,3.3598,3.02169,1.66718,3.66208,3.85565,3.58347,485,334
Galak-Z_screenshot_-_gz_blue.png,screenshot_game,1.19483,1.03407,0.387628,0.931498,1.00263,1.19856,1465,1279
X-pired.png,screenshot_game,0.979616,0.849857,0.602007,0.977677,0.994708,0.98026,286,286
Stay_Frosty_(SpiceWare)_1.png,screenshot_game,5.66392,7.2548,1.58167,5.94199,6.62025,6.86394,39,20
Trainyard_game_-_screenshot_of_mixing_colors_-_3_of_3.png,screenshot_game,3.36805,3.03061,1.67206,3.67351,3.86788,3.59419,485,333
Flying_Tigers-_Shadows_Over_China_gameplay_screenshot_1.png,screenshot_game,1.40515,1.22277,0.401158,1.00824,1.11137,1.41646,1346,1193
Broforce_four_players.png,screenshot_game,2.31911,2.13514,0.609623,1.79812,1.97401,2.42607,916,730
Neverball_Gameplay_Screenshot_13.png,screenshot_game,1.66362,1.466,0.463587,1.35156,1.45579,1.68794,1063,907
Rain_World_screenshot_-_Sky_Islands_4.png,screenshot_game,1.53084,1.37306,0.65167,1.38865,1.45557,1.56485,1337,963
Hedgeweap.png,screenshot_game,3.33427,3.39251,1.25315,2.9882,3.25387,3.67254,68,45
Towdie_Screenshot.png,screenshot_game,11.3956,49.8291,23.9999,26.9258,36.3058,20.4205,278,73
Ankh_Grim.png,screenshot_game,1.2144,1.05397,0.369545,0.950005,1.02088,1.22023,706,623
Cree.png,screenshot_game,1.13492,0.98508,0.433125,0.959602,1.01291,1.13879,896,828
Disim_tutorial_04.png,screenshot_game,1.5525,1.36643,0.69,1.23577,1.33954,1.57361,664,627
Solarus_Sample_quest_on_Windows.png,screenshot_game,9.85208,20.8515,4.04106,9.44859,12.1971,15.1573,151,64
Abyss_scratch_3.0.png,screenshot_game,11.755,254.365,55.5425,196.093,219.39,22.8462,52,6
Heartlight.png,screenshot_game,2.15027,1.86158,0.256557,0.88441,1.08308,2.18565,103,86
Orwell_video_game_screenshot_10.png,screenshot_game,1.66989,1.46818,0.381106,1.11538,1.24824,1.69922,1422,1111
Cuyo.png,screenshot_game,3.50281,3.85076,1.3596,3.30525,3.58225,3.92894,146,91
Simple_Simon_Solitiare_PySolFC_100.png,screenshot_game,1.37777,1.20013,0.339025,1.01474,1.10794,1.38895,1154,1004
Neverball_Gameplay_Screenshot_11.png,screenshot_game,2.75576,2.50389,0.473325,1.70013,1.96913,2.86676,883,702
Dstroy.png,screenshot_game,10.7171,24.5185,7.5586,20.1168,25.6445,17.3607,81,29
Xjump.png,screenshot_game,7.35993,6.77662,0.741896,2.89057,3.80374,8.56043,584,189
SpellTower_screenshot_-_PuzzleMode-Lose_1.png,screenshot_game,5.53086,6.90708,1.81608,3.33755,4.15018,6.71886,1192,747
TMW_Screenshot_15.png,screenshot_game,1.24759,1.076,0.377172,0.938171,1.01945,1.25149,905,763
Minetest_LazyJ%27s_Forge_in_the_evening.png,screenshot_game,1.98421,1.82109,0.493925,1.39501,1.55604,2.05316,1083,824
Frotz_ifiction.png,screenshot_game,5.67029,7.04886,2.07059,6.56882,7.23892,6.98442,158,90
Monaco_What%27s_Yours_Is_Mine_-_Screenshot_1_(Spotted).png,screenshot_game,1.57053,1.3504,0.331063,0.929168,1.06229,1.58096,1401,1217
Prune_video_game_screenshot_4.png,screenshot_game,1.42428,1.23176,0.284835,0.89541,1.00853,1.43372,3425,2909
Hackmud_hacking.png,screenshot_game,1.205,1.03825,0.311934,0.932892,1.00616,1.20594,1645,1410
Dark_Scavenger_screenshot_3.png,screenshot_game,1.50905,1.31382,0.439722,1.10673,1.21457,1.52587,746,662
Briquolo.png,screenshot_game,0.967983,0.838949,0.636226,0.973551,0.986869,0.968357,1430,1368
Dark_Scavenger_screenshot_2.png,screenshot_game,1.1944,1.03594,0.485182,1.04192,1.09575,1.19986,821,742
Blek_-_Level_2_screenshot.png,screenshot_game,2.30289,1.94903,0.301757,0.813122,1.01492,2.34507,1470,1245
Temporal_game_screenshot.png,screenshot_game,11.5256,67.8802,11.4684,14.5332,19.9676,20.9527,282,83
Prune_video_game_screenshot_5.png,screenshot_game,1.15333,1.00129,0.452636,0.978544,1.03502,1.15812,3377,2969
Job_Simulator_screenshot_-_Office_02.png,screenshot_game,1.90668,1.70465,0.433377,1.24359,1.40459,1.95504,1145,967
Klondike_(solitare).png,screenshot_game,1.74117,1.56694,0.673089,1.57572,1.66883,1.78573,290,238
Battalen-screen.png,screenshot_game,3.60978,4.00424,2.01583,4.18334,4.31451,4.07618,31,19
Broforce_miniboss.png,screenshot_game,4.82505,5.72376,1.67091,4.90931,5.40889,5.68586,487,297
SpellTower_screenshot_-_NightColors.png,screenshot_game,5.90863,7.73516,2.84345,4.06719,5.00214,7.33602,1127,606
Everything_screenshot_03.png,screenshot_game,2.13716,1.92545,0.503701,1.31446,1.51299,2.20895,1063,869
Jb_snapshot_3.png,screenshot_game,4.11679,4.61873,1.31132,3.51562,3.93927,4.7074,51,32
CRITICAL_HIT!!.png,screenshot_game,10.9104,55.0382,10.6926,32.4291,39.5703,19.4018,110,17
Neverball_Gameplay_Screenshot_10.png,screenshot_game,1.67441,1.48898,0.432014,1.20409,1.33057,1.70633,1143,989
DeSmuME_0.9.11_emulating_Diamond_Trust_of_London_on_macOS_High_Sierra.png,screenshot_game,3.73508,4.00909,1.09728,3.30184,3.64137,4.18235,165,106
Sintel_The_Game_Docks.png,screenshot_game,1.12672,0.974082,0.413495,0.984948,1.03411,1.12796,1463,1350
Crack_Attack!_ingame.png,screenshot_game,3.53378,3.73149,1.52849,3.50853,3.78164,3.91967,347,232
Alto%27s_Adventure_screenshot_-_B08_Forest_Dawn.png,screenshot_game,5.34652,5.81602,0.995472,2.42636,3.06085,6.24811,658,457
Epistory07.png,screenshot_game,1.10225,0.957083,0.475493,0.975046,1.01962,1.10552,1399,1239
MEMPTR_Snake.png,screenshot_game,11.7276,126.324,42.8283,66.2831,82.9971,22.2862,25,5
Hanlons_Razor_(Hanlon%27s_Razor)_HRAZOR_Menu_Screen.png,screenshot_game,8.05613,16.8886,3.25719,11.7554,13.5515,11.6042,453,168
SpellTower_screenshot_-_VsPlayer2.png,screenshot_game,5.41187,6.20201,1.06111,2.18709,2.82183,6.37585,596,400
Blek_-_Level_3_screenshot.png,screenshot_game,2.61262,2.29446,0.356152,0.986067,1.22629,2.71065,1280,1046
CompliKATEd_screenshot_2.png,screenshot_game,1.3734,1.18779,0.406952,1.02631,1.12103,1.38359,1402,1194
Sn%C3%ADmek_obrazovky_2021-09-19_v_13.06.08.png,screenshot_game,4.83314,5.98649,0.972091,3.15114,3.75286,5.72264,30,18
Celeste_screenshot_08.png,screenshot_game,3.32019,3.09008,0.644483,2.165,2.50569,3.55471,807,616
Darkelf_-_tituln%C3%AD_str%C3%A1nka.png,screenshot_game,2.07665,1.88482,0.492814,1.53614,1.70104,2.14334,954,764
Alto%27s_Adventure_screenshot_-_B04_Quarter_Pipe.png,screenshot_game,3.97658,3.95959,0.691561,1.97919,2.4119,4.37965,803,577
Trashmania_2.png,screenshot_game,11.9858,245.097,216.49,383.27,462.385,23.4798,79,10
Terracota_-_Mapa_inicial.png,screenshot_game,1.22307,1.06526,0.415542,1.03181,1.09285,1.22985,1576,1224
Htdamg_affinity.png,screenshot_game,2.45368,2.30186,0.514544,1.58953,1.81381,2.58292,269,212
Prune_video_game_screenshot_1.png,screenshot_game,1.0631,0.926602,0.646626,1.04061,1.06382,1.06731,3068,2909
Xlogical.png,screenshot_game,2.0095,1.84945,0.466818,1.50641,1.6576,2.08351,541,435
Euchreshot1.png,screenshot_game,11.9249,140.967,66.4962,75,95.4545,22.6673,23,3
SvsL_01.png,screenshot_game,2.87798,2.45723,1.46297,3.15264,3.25523,2.92709,150,113
Dark_Scavenger_screenshot_6.png,screenshot_game,1.1817,1.02308,0.42388,0.989726,1.04901,1.18574,819,764
Minetest_LazyJ%27s_Forge_in_survival_mode.png,screenshot_game,1.46101,1.32033,1.00707,1.50978,1.537,1.49302,1009,860
Monaco_What%27s_Yours_Is_Mine_-_Screenshot_6_(Character_Selection).png,screenshot_game,5.08737,5.83773,2.13434,5.85892,6.36806,5.9184,465,272
Rain_World_screenshot_-_Shoreline_1.png,screenshot_game,2.26071,2.11005,0.66511,1.83573,1.99736,2.3721,899,665
Job_Simulator_screenshot_-_Constore_02.png,screenshot_game,1.65984,1.47757,0.464776,1.2455,1.364,1.69351,1176,1009
Rain_World_screenshot_-_2016-05-31_16_46_49_progress.png,screenshot_game,1.50484,1.29783,0.331041,0.927946,1.05295,1.51584,1370,1202
Mode_7_Test-0000.png,screenshot_game,11.2806,60.123,19.3506,62.1587,75.0822,20.2193,294,68
Trashmania_3.png,screenshot_game,11.9815,214.29,196.623,359.679,436.364,23.3888,78,11
Celeste_screenshot_09.png,screenshot_game,3.35048,3.10148,0.624474,2.13327,2.48005,3.60382,807,702
20XX_Menu_picture.png,screenshot_game,2.63697,2.60992,1.07097,2.42831,2.59417,2.82921,253,159
Interface-amour-sucre.png,screenshot_game,1.4641,1.28865,0.542884,1.19794,1.28517,1.48483,1022,902
CompliKATEd_screenshot_3.png,screenshot_game,1.3876,1.20357,0.42165,1.03447,1.13009,1.3983,1319,1149
Blackwood_Crossing_August_reveal_screenshot_05_Island.png,screenshot_game,1.26495,1.11581,0.744487,1.18526,1.23425,1.27821,1266,1071
Terracota_-_Jogo_menina.png,screenshot_game,1.87188,1.70193,0.560783,1.42699,1.56425,1.93025,1052,853
Tacoma_ConferenceRoom.png,screenshot_game,1.88465,1.67365,0.468721,1.20639,1.37113,1.92865,1169,988
SpellTower_screenshot_-_RushMode.png,screenshot_game,7.59807,11.4424,0.998079,3.24966,4.33119,10.0831,383,227
OpenBVEStartScreen.png,screenshot_game,7.56589,13.0135,3.31297,11.329,12.7426,10.3416,579,121
Alto%27s_Adventure_screenshot_-_B00_Kicker.png,screenshot_game,4.4182,4.52846,0.877877,2.53344,3.04899,4.91879,702,486
Blek_-_Level_4_screenshot.png,screenshot_game,2.6502,2.34614,0.365057,1.01365,1.25887,2.7562,1230,1015
Wurfel_Engine_screenshot.png,screenshot_game,0.969671,0.840002,0.57382,0.9596,0.976349,0.96984,1420,1311
Screenshot_of_the_Ultima_Ratio_Regum_version_0.7.0._taken_in_2015.png,screenshot_game,11.2399,38.4455,11.6988,16.8197,22.4754,19.502,273,87
CompliKATEd_screenshot_1.png,screenshot_game,1.37031,1.18619,0.425949,1.04357,1.13474,1.38005,1323,1165
SpellTower_screenshot_-_VsPlayer1.png,screenshot_game,5.26145,5.92721,0.816949,2.13154,2.75297,6.1533,620,416
Broforce_on_the_helicopter.png,screenshot_game,2.83231,2.78266,0.942919,2.48786,2.6937,3.04222,758,538
Trek73_video_game_screenshot.png,screenshot_game,11.7643,106.733,23.9171,20.6031,28.4866,22.2781,134,20
Evacshelter_b.png,screenshot_game,10.5553,22.522,3.4693,4.32043,5.96644,17.0392,7,4
Prune_video_game_screenshot_2.png,screenshot_game,0.990932,0.860503,0.645039,0.99533,1.0099,0.992394,3354,3065
Broforce_parachute_mooks.png,screenshot_game,2.87719,2.84256,0.862518,2.41945,2.64586,3.10282,1020,597
Speedway-Joyce_Weisbecker.png,screenshot_game,10.9292,45.1182,11.8491,34.4911,41.4558,19.028,119,27
Euchreshot2.png,screenshot_game,11.908,123.086,63.1208,70.2929,89.5204,22.4468,21,3
Letterpress_previous_games_screenshot.png,screenshot_game,8.29052,19.8377,6.82766,17.0846,18.7369,12.3013,269,89
PioneerSpaceSim_screenshot.png,screenshot_game,2.49159,2.27145,0.4901,1.31164,1.55786,2.60972,762,616
Dark_Scavenger_screenshot_5.png,screenshot_game,1.17794,1.02005,0.475821,1.00525,1.06263,1.1821,929,775
Dark_Scavenger_screenshot_4.png,screenshot_game,1.48234,1.2856,0.421152,1.10431,1.20758,1.49824,762,665
Rain_World_screenshot_-_Shoreline_2.png,screenshot_game,3.42478,3.68188,1.24165,3.27236,3.5344,3.82001,581,385
Euchreshot3.png,screenshot_game,11.9249,139.576,64.4553,66.9323,86.0068,22.66,21,3
Meritous-automap.png,screenshot_game,9.39871,15.7148,2.91181,10.1632,12.5408,13.8795,147,64
Job_Simulator_screenshot_-_Constore_01.png,screenshot_game,1.68832,1.50257,0.46428,1.26571,1.38689,1.72271,1159,989
Sn%C3%ADmek_obrazovky_2021-09-05_v_14.06.43.png,screenshot_game,8.14256,18.8426,4.6202,11.862,13.6874,11.8871,33,12
Rail_Route_%E2%80%94_Logo-black.png,screenshot_game,11.5271,155.843,26.4713,91.5943,109.89,21.8603,190,28
Minetest_LazyJ%27s_Forge_at_dusk.png,screenshot_game,1.79128,1.62423,0.488825,1.34642,1.47644,1.84013,1062,864
Prune_video_game_screenshot_3.png,screenshot_game,1.94848,1.7641,0.629815,1.38059,1.54163,2.01414,2375,1966
Rail_Route_%E2%80%94_Editor.png,screenshot_game,1.8181,1.62606,0.510739,1.40919,1.53568,1.86193,1012,828
Bankai.png,screenshot_game,2.87346,2.5388,0.666293,1.83732,2.10967,3.03077,588,452
Job_Simulator_screenshot_-_Hero_convenience.png,screenshot_game,1.98113,1.758,0.478107,1.22163,1.40106,2.03024,1170,939
EmpireOriginal.png,screenshot_game,9.95027,21.4774,3.84641,7.79589,10.3482,15.8098,111,48
Absolver_screenshot_Help.png,screenshot_game,1.05787,0.914601,0.394442,0.908012,0.954489,1.05841,1482,1542
Rain_World_screenshot_-_Sky_Islands_1.png,screenshot_game,1.6269,1.46558,0.65304,1.46223,1.53845,1.66959,1055,904
Glenn_Wichman_Toxic_ravine.png,screenshot_game,2.05796,1.92303,0.551732,1.66246,1.79528,2.14487,47,35
Smiler_in_Arrowe_Land.png,screenshot_game,11.7324,86.9557,20.9471,19.7938,27.1059,21.9017,26,6
Scourge_character_creation.png,screenshot_game,1.41277,1.21537,0.258745,0.904684,1.01411,1.41908,374,321
Tacoma_CrewMeeting.png,screenshot_game,1.42969,1.25264,0.458559,1.08738,1.18395,1.44578,1356,1118
Alto%27s_Adventure_screenshot_-_A06_Forest.png,screenshot_game,1.41677,1.21664,0.289391,0.843751,0.96054,1.42309,1480,1402
Rca_studio2_bowling_ss.png,screenshot_game,11.9981,434.263,291.427,636.148,673.569,23.7448,41,5
Prune_screenshot_wide.png,screenshot_game,1.21075,1.05836,0.575693,1.13399,1.17248,1.21829,964,864
Alto%27s_Adventure_screenshot_-_A03_Sunrise.png,screenshot_game,6.31593,7.62124,1.25677,2.57029,3.32523,7.70801,631,411
Fullscore5-1.png,screenshot_game,3.20603,3.2395,0.982494,3.03707,3.25579,3.49966,74,50
This_Is_the_Police_-_Screenshot_02.png,screenshot_game,3.31696,3.31552,0.876126,2.39936,2.73036,3.61771,697,511
Ambient_lights_cube_engine.png,screenshot_game,1.16286,1.01287,0.518174,1.06761,1.10968,1.17034,3454,3303
Push_Me_Pull_You_screenshot_07.png,screenshot_game,7.36315,14.2888,4.3561,10.5537,11.856,10.2757,331,128
Blackwood_Crossing_August_reveal_screenshot_04_Planetarium.png,screenshot_game,0.997977,0.864213,0.510549,0.946615,0.972423,0.998396,1455,1363
Cibele_video_game_screenshot_3.png,screenshot_game,1.50726,1.35104,0.590246,1.33252,1.40592,1.53749,1058,899
Neverball_Gameplay_Screenshot_7.png,screenshot_game,1.8646,1.72377,0.70433,1.61625,1.72341,1.93185,947,790
Alto%27s_Adventure_screenshot_-_B07_Island.png,screenshot_game,4.27554,4.37402,0.718996,2.07757,2.55539,4.76921,741,541
WorldWar3Preview.png,screenshot_game,1.13014,0.97967,0.776976,1.13196,1.15219,1.13403,511,474
Neverball_Kursauswahl.png,screenshot_game,3.17641,3.26428,0.992545,2.51779,2.81616,3.47831,641,469
Hwscreen.png,screenshot_game,2.61169,2.42004,0.558414,1.6555,1.9013,2.73938,499,387
KNetWalk.png,screenshot_game,3.70302,3.52791,0.777255,1.98718,2.3944,4.02563,221,151
KAtomicScreenShot.png,screenshot_game,3.86913,3.94762,0.894973,2.50903,2.95207,4.30184,271,185
Orwell_video_game_screenshot_6.png,screenshot_game,2.27282,2.09648,0.6191,1.70674,1.89254,2.36913,921,740
Threes_development_process_art_mockup_16.png,screenshot_game,9.71107,32.0478,4.37069,14.6476,18.2531,15.7111,224,70
Threes_development_process_art_mockup_02.png,screenshot_game,11.1967,91.3815,13.749,48.8368,60.2589,20.5479,192,38
Samba_of_the_Wolves_Wiley.png,screenshot_game,1.19388,1.04123,0.395659,1.00504,1.0635,1.20054,490,434
Rain_World_screenshot_-_Line_Farms_2.png,screenshot_game,1.89408,1.75904,0.802744,1.73625,1.82914,1.96801,888,736
PerOxydScreenshot.png,screenshot_game,1.80484,1.55601,0.312216,0.928023,1.09133,1.82977,398,338
EmpireOpenSource_windowless.png,screenshot_game,9.31579,22.697,3.07732,9.1639,11.7502,14.4534,87,33
Threes_development_process_art_mockup_03.png,screenshot_game,10.5242,51.7822,9.13607,24.8732,30.8744,18.1941,204,50
Threes_development_process_art_mockup_17.png,screenshot_game,10.2361,44.3271,6.22043,21.8772,26.9647,17.2898,208,54
Chasing_Aurora_screenshot_09_(Wii_U).png,screenshot_game,2.21333,1.99645,0.610403,1.58058,1.76728,2.28984,960,761
Chasing_Aurora_screenshot_10_(Chase).png,screenshot_game,3.26913,3.40334,1.04903,2.72004,3.01347,3.60629,640,463
Scourge_character_information.png,screenshot_game,1.38391,1.19125,0.297655,0.977343,1.07661,1.38998,677,586
Orwell_video_game_screenshot_7.png,screenshot_game,1.87656,1.67582,0.520768,1.32002,1.47225,1.92393,1098,948
Rouge-game.png,screenshot_game,10.0195,13.44,2.59262,2.75147,3.83178,14.5495,139,85
SaoriFKiss002.png,screenshot_game,1.8641,1.7099,0.602545,1.56028,1.67537,1.92704,592,489
Tooth_and_Tail_-_Development_4.png,screenshot_game,1.57998,1.40981,0.549465,1.30085,1.39391,1.61076,1152,1044
Alto%27s_Adventure_screenshot_-_A04_Ice.png,screenshot_game,4.11548,4.19738,0.814665,2.13713,2.59635,4.56416,760,540
Neverball_Gameplay_Screenshot_6.png,screenshot_game,1.61372,1.44811,0.603968,1.27717,1.38384,1.64851,1124,963
Cibele_video_game_screenshot_2.png,screenshot_game,1.49853,1.30607,0.435158,0.987662,1.11007,1.51365,1303,1143
Cw3.png,screenshot_game,5.6842,6.16916,1.35514,3.14506,3.88629,6.75825,556,358
Push_Me_Pull_You_screenshot_06.png,screenshot_game,5.07064,6.66236,1.99786,5.05946,5.64901,6.1572,445,254
Chasing_Aurora_screenshot_08_(Thorn).png,screenshot_game,2.32606,2.13595,0.749131,1.58823,1.80204,2.4316,1276,755
Kikinanobot.png,screenshot_game,8.5714,15.4788,2.97513,4.03179,5.39297,12.1061,418,222
This_Is_the_Police_-_Screenshot_03.png,screenshot_game,4.63431,5.05087,1.19258,3.42463,3.99474,5.33466,560,364
Core_War_PMars_Screenshot.png,screenshot_game,10.4571,23.0818,4.78439,7.65028,10.3331,16.6287,35,14
Pang_Zero.png,screenshot_game,5.55277,5.95859,1.09496,2.10286,2.71695,6.52534,448,300
This_Is_the_Police_-_Screenshot_01.png,screenshot_game,2.70537,2.65362,0.83895,2.11577,2.34129,2.89683,761,574
KSpaceDuel1.1.png,screenshot_game,10.0994,45.5165,8.94046,25.3959,30.5292,17.0892,195,44
Push_Me_Pull_You_screenshot_04.png,screenshot_game,7.69402,15.9545,4.62518,11.2733,12.7938,10.9585,321,120
Push_Me_Pull_You_screenshot_10.png,screenshot_game,3.36339,3.54826,1.32072,3.07824,3.34875,3.73127,601,413
HDX_Screenshot.png,screenshot_game,1.17477,1.03955,1.01589,1.25707,1.26335,1.18714,1713,1503
Openciv-0.95.png,screenshot_game,2.68498,2.53963,0.622855,1.57225,1.83825,2.84523,462,359
Chasing_Aurora_screenshot_11_(Freeze).png,screenshot_game,2.42048,2.17644,0.501826,1.41825,1.64783,2.50443,1004,817
Neverball_Gameplay_Screenshot_4.png,screenshot_game,1.2127,1.05827,0.566315,1.13645,1.17569,1.21949,1230,1083
Rain_World_screenshot_-_subway.png,screenshot_game,7.01795,8.37311,1.0775,2.42123,3.20181,8.66277,561,389
Kye.png,screenshot_game,5.13344,5.51523,1.05234,3.91705,4.58227,5.97541,117,73
Flinthook_screenshot_-_Pax_tutorial.png,screenshot_game,2.65046,2.47226,0.768768,2.20513,2.4024,2.81102,786,601
Project_Starfighter.png,screenshot_game,8.49702,14.9292,3.20258,4.44704,5.85091,12.006,207,110
Hackmud_patching.png,screenshot_game,1.33507,1.14796,0.275099,0.903724,1.00286,1.33759,1593,1418
Freedom_Planet_Cutscene.png,screenshot_game,9.31505,14.8495,2.70374,6.63968,8.70399,13.3761,232,112
Moria-like-game.png,screenshot_game,11.3338,40.1394,7.68029,8.10289,11.1752,19.953,15,5
Threes_development_process_art_mockup_01.png,screenshot_game,11.6414,181.181,32.9716,103.458,128.249,22.3135,188,27
Threes_development_process_art_mockup_15.png,screenshot_game,9.05358,24.937,3.42051,12.2615,15.0245,13.9825,246,80
Blek_screenshot_collection_4.png,screenshot_game,6.36358,6.5701,1.31613,1.67754,2.26536,7.64967,930,673
Rain_World_screenshot_-_Shorelne_4.png,screenshot_game,4.03136,4.41285,1.24373,3.57604,3.97316,4.56081,562,364
Absolver_screenshot_Forest.png,screenshot_game,1.16187,1.00273,0.362926,0.883845,0.956029,1.16379,1466,1295
Dnd8won.png,screenshot_game,11.0547,56.9615,16.4142,18.6588,24.3991,19.6843,93,23
Threes_development_process_art_mockup_14.png,screenshot_game,10.8467,66.2384,9.92798,30.7026,38.3712,19.3003,199,44
Minetest_LazyJ%27s_Forge_with_creative_inventory_opened.png,screenshot_game,1.90448,1.74354,0.688324,1.67007,1.77578,1.9713,945,751
Trainyard_game_-_prototype_screenshot_dated_2009_May.png,screenshot_game,1.39026,1.22302,0.603591,1.28614,1.3433,1.40881,198,165
Orwell_video_game_screenshot_4.png,screenshot_game,2.47111,2.25245,0.681357,1.9304,2.13291,2.57784,873,683
Minetest_high-res_texture_pack_2.png,screenshot_game,1.17434,1.02055,0.418338,0.982285,1.04091,1.17914,1034,932
Antimage.png,screenshot_game,6.21433,6.38846,1.52907,5.47751,6.34378,7.46591,353,211
Neverball_Gameplay_Screenshot_5.png,screenshot_game,3.10485,2.98141,0.638635,1.7842,2.10587,3.31564,827,646
Cw0.png,screenshot_game,3.87115,3.72636,0.779039,2.39202,2.82019,4.26364,672,485
Battle_for_Mandicor_0.0.5.png,screenshot_game,3.66207,3.11011,0.469024,1.13708,1.46997,3.92112,989,800
Cibele_video_game_screenshot_1.png,screenshot_game,1.19198,1.0303,0.3491,0.903871,0.977873,1.1952,1422,1274
Cyclops-cover.png,screenshot_game,2.0001,1.79057,0.491621,1.42796,1.59044,2.05259,1031,840
DRAGON32_Shock_Trooper_1Titles.png,screenshot_game,11.2963,40.5638,8.96417,18.8837,25.743,20.1558,110,33
Push_Me_Pull_You_screenshot_05.png,screenshot_game,8.74536,23.3333,5.17449,16.2385,18.5479,13.3414,298,97
Thrust_Title.png,screenshot_game,11.601,38.5165,17.7733,42.6036,52.0661,19.3432,25,6
Lbreakout2.png,screenshot_game,1.00353,0.869379,0.477578,0.948093,0.974434,1.00413,510,462
Labyrinth_for_Sword_of_Fargoal_%22Sword_Level%22.png,screenshot_game,1.859,1.74265,1.02596,1.93276,1.98171,1.93476,798,639
Alto%27s_Adventure_screenshot_-_B02_Village.png,screenshot_game,4.76907,5.27588,1.11578,2.49017,3.06292,5.50389,640,447
Nuclear_Throne_screenshot_09.png,screenshot_game,3.10835,3.15104,0.940858,2.6315,2.88811,3.39171,671,493
LastBattleForceRates.png,screenshot_game,11.4316,35.0345,11.3053,12.0628,16.5458,19.6562,78,27
Push_Me_Pull_You_screenshot_01.png,screenshot_game,8.00402,18.0814,4.68331,12.8547,14.5872,11.6494,309,111
CityBattle_Virtual_Earth_Screenshot1.png,screenshot_game,1.0788,0.934612,0.43139,0.933546,0.980223,1.08061,1467,1298
This_Is_the_Police_-_Screenshot_04.png,screenshot_game,4.42696,4.96407,1.22217,3.44536,3.96256,5.09483,549,440
This_Is_the_Police_-_Screenshot_10.png,screenshot_game,3.39402,3.46553,0.971194,2.60611,2.93678,3.72778,770,463
Absolver_screenshot_Fight02.png,screenshot_game,1.04158,0.900906,0.432671,0.919942,0.961157,1.04211,1510,1376
Job_Simulator_screenshot_-_Auto_01.png,screenshot_game,1.90744,1.7355,0.598317,1.4903,1.62543,1.96625,1022,862
Evacshelter.png,screenshot_game,10.9389,29.9268,5.21428,7.15825,9.79944,18.5773,16,6
Neverball_Gameplay_Screenshot_1.png,screenshot_game,1.48159,1.29665,0.548659,1.28502,1.36005,1.49588,1137,991
FooBillard_3.0a_on_Linux_sshot20040807.png,screenshot_game,3.27194,3.13582,0.61194,1.61962,1.96249,3.49847,518,395
Clonk-Endeavour-4.9.5.4-deutsch-screen.png,screenshot_game,2.21053,1.8755,0.333215,0.851833,1.05171,2.25514,1174,1047
BananaDash2.png,screenshot_game,8.87303,23.0679,3.68357,11.7592,14.2245,13.4317,86,30
Tooth_and_Tail_-_Development_3.png,screenshot_game,1.42918,1.24786,0.391157,1.03603,1.13557,1.44328,1332,1148
Score4ForbiddenPost.png,screenshot_game,10.1495,33.2898,9.27118,10.9286,14.1948,16.6956,88,32
Noctis_Screenshot.png,screenshot_game,3.57513,3.27718,0.489093,1.65757,2.02216,3.80792,200,153
Gang_Garrison_2.png,screenshot_game,11.7573,103.804,28.7592,58.6176,74.7198,22.2481,152,29
Jump_%27n_Bump.png,screenshot_game,9.22578,18.5455,2.69336,5.54673,7.31272,13.6986,206,100
Job_Simulator_screenshot_-_Fun_01.png,screenshot_game,1.77037,1.58996,0.508317,1.34028,1.46717,1.81355,1130,946
PySolFC-Bakers-Deal-No-2-Midst-of-Solving-by-fc-solve-with-gi-preset.png,screenshot_game,1.43122,1.24449,0.329796,1.03863,1.13794,1.44367,655,560
Threes_development_process_art_mockup_04.png,screenshot_game,11.2811,108.032,15.8429,55.3414,68.297,20.9226,189,33
BioRust_Screenshot_02.png,screenshot_game,1.4574,1.26502,0.367972,0.973407,1.08794,1.4697,1328,1174
Threes_development_process_art_mockup_10.png,screenshot_game,8.82539,21.4825,2.93516,9.61673,11.9916,13.3275,251,95
Konquest.png,screenshot_game,7.79287,13.0005,3.90577,12.4004,13.8613,10.7554,184,76
Trainyard_game_-_Machine_Gun_level_screenshot.png,screenshot_game,3.05568,2.75401,0.979577,2.6489,2.89473,3.2257,538,388
Star_Trek_text_game.png,screenshot_game,11.6176,134.985,34.7259,46.9438,60.7608,22.0623,50,8
Tacoma_StationExterior.png,screenshot_game,1.55435,1.34907,0.38224,1.02976,1.15423,1.57138,1309,1172
Threes_development_process_art_mockup_11.png,screenshot_game,8.90762,22.2866,3.19693,10.1759,12.6323,13.5451,246,91
BioRust_Screenshot_03.png,screenshot_game,2.04865,1.81089,0.451152,1.14855,1.33847,2.09942,1151,969
Threes_development_process_art_mockup_05.png,screenshot_game,10.8856,70.1704,10.2138,34.9276,43.2189,19.466,196,41
Volcano.png,screenshot_game,10.7563,36.9229,7.60431,15.5597,20.5329,18.1689,116,39
Orwell_video_game_screenshot_1.png,screenshot_game,2.23728,2.02684,0.694849,1.84777,2.00969,2.32103,921,839
Mapperkmud.png,screenshot_game,9.88305,18.8562,3.7413,10.3901,13.3192,15.0377,251,105
Tooth_and_Tail_-_Development_2.png,screenshot_game,2.35885,2.17693,0.480334,1.43676,1.6536,2.46194,988,778
Behaviour_Tree.png,screenshot_game,2.99144,2.7868,0.793939,2.54099,2.78752,3.18649,714,517
Rudo.png,screenshot_game,0.96785,0.838611,0.608994,0.96011,0.975847,0.968032,897,815
Kiki_the_nano_bot_screenshot.png,screenshot_game,8.81894,14.4788,1.78321,4.22315,5.5938,12.2086,269,150
Absolver_screenshot_Fight03.png,screenshot_game,0.987469,0.854978,0.501308,0.942542,0.966463,0.987621,1475,1365
This_Is_the_Police_-_Screenshot_11.png,screenshot_game,5.3893,7.2423,1.96403,5.98853,6.62262,6.63853,417,217
This_Is_the_Police_-_Screenshot_05.png,screenshot_game,3.29784,3.27129,0.786659,2.26836,2.60417,3.58186,712,527
EmpireOpenSource.png,screenshot_game,8.3533,14.8992,2.14594,7.47007,9.31204,11.8509,117,53
Nuclear_Throne_screenshot_08.png,screenshot_game,4.29294,4.95862,1.37179,3.8494,4.2955,4.97122,529,327
A_House_in_California.png,screenshot_game,9.5997,25.8813,5.64857,21.2353,24.5388,15.1296,516,89
Jumper_platformer.png,screenshot_game,10.4989,33.7219,9.26906,8.7952,11.8038,17.2649,111,41
ADR1FT_gameplay_screenshot.png,screenshot_game,1.21283,1.05026,0.442422,1.03629,1.09506,1.21859,1323,1112
CityBattle_Virtual_Earth_Screenshot2.png,screenshot_game,1.30369,1.13107,0.403431,1.03725,1.11401,1.31208,1457,1224
Push_Me_Pull_You_screenshot_02.png,screenshot_game,8.59466,22.4466,5.6606,15.5056,17.6902,13.0202,297,95
Absolver_screenshot_Fight01.png,screenshot_game,1.04855,0.906594,0.397898,0.908121,0.952735,1.04896,1503,1390
Contraption_8.png,screenshot_game,3.31147,3.37072,0.809745,2.38177,2.7158,3.61563,695,526
This_Is_the_Police_-_Screenshot_07.png,screenshot_game,3.01227,2.92213,0.703142,1.9974,2.29429,3.23045,765,578
Interstellar_Force_Lost_in_8-Bit_space_(5455466752).png,screenshot_game,1.01294,0.876802,0.404632,0.925974,0.96723,1.0129,249,218
Job_Simulator_screenshot_-_Auto_02.png,screenshot_game,1.82876,1.65207,0.540948,1.38227,1.51533,1.87901,1059,897
Actsmudwintinnet.png,screenshot_game,9.98291,22.1689,6.74988,12.6234,15.9841,15.4057,117,44
KGoldrunner_game_in_progress.png,screenshot_game,8.07734,12.4693,2.17305,9.54944,11.3066,11.0659,380,172
Neverball_Gameplay_Screenshot_2.png,screenshot_game,1.39762,1.22484,0.566748,1.25646,1.31692,1.41049,1152,1002
Monaco_What%27s_Yours_Is_Mine_-_Screenshot_5_(Hacking_the_Embassy).png,screenshot_game,1.52022,1.30859,0.320365,0.938958,1.06439,1.53083,1535,1325
Rail_Route_%E2%80%94_Header-image.png,screenshot_game,1.02546,0.888683,0.519801,0.977442,1.00297,1.02671,784,701
Job_Simulator_screenshot_-_Fun_02.png,screenshot_game,2.05747,1.85253,0.486692,1.2688,1.45192,2.11954,1093,912
Orwell_video_game_screenshot_3.png,screenshot_game,2.58072,2.39915,0.812455,2.19171,2.3871,2.72059,798,604
Trainspotting.png,screenshot_game,8.83887,14.2352,3.65875,3.70109,4.94154,12.5045,29,15
Blek_screenshot_collection_2.png,screenshot_game,7.39739,8.55096,1.69449,1.89565,2.59666,9.36529,819,572
BioRust_Screenshot_01.png,screenshot_game,0.935422,0.810847,0.79686,0.98435,0.987842,0.935453,1356,1285
Threes_development_process_art_mockup_13.png,screenshot_game,9.65006,31.082,5.47994,13.5023,17.0062,15.4901,225,74
Threes_development_process_art_mockup_07.png,screenshot_game,9.33909,27.4346,3.81774,12.2965,15.3253,14.6764,229,76
Trainyard_game_-_Cooksville_Creek_level_screenshot.png,screenshot_game,3.10092,2.79686,0.90722,2.54505,2.81401,3.277,552,400
Broforce_boss_rocket.png,screenshot_game,3.02595,2.95934,0.861081,2.53219,2.77775,3.26047,713,534
Threes_development_process_art_mockup_06.png,screenshot_game,9.51693,30.6326,4.26767,14.4995,17.9803,15.2363,226,71
Threes_development_process_art_mockup_12.png,screenshot_game,10.9006,71.1207,10.285,31.6125,39.6251,19.5098,197,41
Thrust_InGame.png,screenshot_game,11.1642,23.6446,9.16692,30.5732,37.4443,16.9357,29,9
Blek_screenshot_collection_3.png,screenshot_game,6.36894,6.75173,1.37905,1.77484,2.38766,7.69712,917,651
DayZ.png,screenshot_game,6.50692,10.2088,2.11007,7.15744,8.15187,8.53684,60,29
Town_of_Xenon.png,screenshot_game,6.9714,9.0016,2.27273,3.16388,4.08385,9.00353,143,86
Orwell_video_game_screenshot_2.png,screenshot_game,2.90501,2.71694,0.843629,2.39586,2.64303,3.07999,775,567
B.A.L.L.Z.png,screenshot_game,9.53773,15.1985,4.02472,8.14409,10.5191,13.5271,161,79
Tooth_and_Tail_-_Development_1.png,screenshot_game,1.34824,1.18912,0.470612,1.16648,1.23029,1.36427,1197,1041
Benkid77_GoldenEgg.png,screenshot_game,11.6895,157.31,42.2617,52.0325,67.0547,22.3159,24,4
Neverball_Gameplay_Screenshot_3.png,screenshot_game,1.36768,1.19875,0.557669,1.24868,1.30358,1.37979,1146,995
Contraption_9.png,screenshot_game,2.84942,2.75153,0.897635,2.08077,2.35178,3.04145,764,579
This_Is_the_Police_-_Screenshot_06.png,screenshot_game,3.54233,3.74408,0.872718,2.49384,2.86411,3.93326,659,466
This_Is_the_Police_-_Screenshot_12.png,screenshot_game,2.55313,2.42817,0.702164,1.89521,2.11444,2.70075,841,622
Push_Me_Pull_You_screenshot_03.png,screenshot_game,6.99632,12.6577,3.93055,9.53457,10.6676,9.5385,340,146
Paku_Paku.png,screenshot_game,11.5022,46.1757,17.26,35.0237,46.0101,20.7272,89,24
Hundreds_(video_game)_-_Level_61.png,screenshot_game,2.24706,1.91481,0.292006,0.829902,1.02763,2.2813,1577,1199
Metamorphabet_screenshot_03.png,screenshot_game,2.22793,1.94851,0.365045,1.04277,1.25026,2.2887,1154,994
Neverputt_Gameplay_Screenshot_2.png,screenshot_game,3.99111,4.07968,1.21494,2.41107,2.87271,4.39047,650,455
Pong.png,screenshot_game,11.8674,437.956,50.5634,278.746,346.487,23.2451,139,16
Nuclear_Throne_screenshot_06.png,screenshot_game,2.15573,1.99491,0.645308,1.75563,1.9036,2.24587,901,715
Crusader_Tetra.png,screenshot_game,5.04821,6.5969,2.36964,6.06519,6.39105,6.13561,17,8
Muttsworldmine_Survival_spawn.png,screenshot_game,1.14641,0.994679,0.372465,0.951875,1.00964,1.15017,1060,984
Contraption_4.png,screenshot_game,3.96154,3.99392,0.904535,2.2845,2.73821,4.35493,696,494
Cave_Troll_Level_Of_Sintel_The_Game.png,screenshot_game,1.1464,0.989704,0.33074,0.897886,0.963743,1.1476,1217,1266
Severed_screenshot_04.png,screenshot_game,1.61972,1.41816,0.405972,1.15115,1.2727,1.64396,1374,1119
SpellTower_screenshot_-_Tutorial.png,screenshot_game,5.34399,6.26757,1.64254,2.35521,3.00905,6.3215,1345,908
Ai_dungeon_with_a_custom_setting.png,screenshot_game,9.77379,37.3982,17.3732,36.9449,39.4135,16.0411,267,65
Flinthook_screenshot_-_Pax_square_5.png,screenshot_game,11.3731,45.9871,14.1744,35.8798,46.0918,20.0986,223,59
Rain_World_screenshot_-_Underhang_1080.png,screenshot_game,2.01956,1.86388,0.626574,1.62584,1.76367,2.09738,945,764
VideoOlympics.png,screenshot_game,11.9261,250.653,236.149,808.528,861.893,23.29,270,33
Threes_development_process_art_mockup_23.png,screenshot_game,10.805,59.4732,9.40026,32.4187,39.8788,19.0602,199,45
Bethewumpus_screenshot.png,screenshot_game,11.8742,121.054,103.08,359.993,407.961,22.3685,127,20
Monaco_What%27s_Yours_Is_Mine_-_Screenshot_4_(Casino_Heist).png,screenshot_game,1.34187,1.15535,0.310368,0.915139,1.01465,1.34696,1625,1413
Sopwith-screenshot.png,screenshot_game,11.8998,272.337,98.3171,190.273,235.215,23.1539,75,10
Mini_Metro_screenshot_0.png,screenshot_game,2.45662,2.16921,0.3455,1.10444,1.33705,2.54071,1199,967
Benkid77_SpaceWhale.png,screenshot_game,11.7276,172.989,27.9807,43.3735,57.7154,22.5322,24,5
Fragments_of_Him_-_Work_In_Progress_screenshot_3.png,screenshot_game,1.3269,1.14932,0.322562,0.935705,1.03043,1.33436,1383,1239
Mini_Metro_screenshot_1.png,screenshot_game,2.55238,2.2544,0.344696,1.0984,1.33956,2.64388,1161,961
American_Sammy_Corp.png,screenshot_game,4.88994,5.13105,1.63801,5.4584,5.86343,5.4826,18,10
Neverputt_Titelbildschirm.png,screenshot_game,4.02032,4.44373,1.47673,3.68971,4.07633,4.55409,538,344
Galak-Z_screenshot_-_floating_rhino.png,screenshot_game,1.03097,0.89265,0.477994,0.941424,0.976089,1.03185,1447,1329
Threes_development_process_art_mockup_22.png,screenshot_game,10.5749,54.307,7.77802,26.7954,32.9991,18.3816,202,49
Alchemistpic.png,screenshot_game,3.45356,3.0989,0.736804,2.51626,2.85102,3.70334,483,361
Flinthook_screenshot_-_Pax_square_4.png,screenshot_game,11.466,50.9738,16.1127,53.5864,66.0884,20.5711,218,53
Severed_screenshot_05.png,screenshot_game,1.57294,1.37374,0.417804,1.07389,1.19681,1.59333,1320,1148
Fantastic_Contraption_VR_screenshot_06.png,screenshot_game,2.80612,2.78797,0.860797,2.29371,2.52872,3.01687,715,545
Monaco_What%27s_Yours_Is_Mine_-_Screenshot_2_(Lobby).png,screenshot_game,2.22319,2.03404,0.666231,1.82605,1.98705,2.31063,896,700
SpellTower_screenshot_-_RushMode(2).png,screenshot_game,5.82087,7.40316,1.77529,3.24528,4.06795,7.13004,1218,735
Contraption_5.png,screenshot_game,2.62515,2.51455,0.774224,1.79778,2.04209,2.78156,832,660
Dr._Langeskov_The_Tiger_and_The_Terribly_Cursed_Emerald_Screenshot_6.png,screenshot_game,1.89825,1.70463,0.471364,1.29162,1.4498,1.95296,1112,914
Lemonade_Stand_2.png,screenshot_game,11.6033,91.7765,33.1443,41.2692,54.3213,21.7424,70,13
Job_Simulator_screenshot_-_Kitchen_01.png,screenshot_game,2.20937,2.07005,0.68578,1.62729,1.80601,2.31159,922,747
Nuclear_Throne_screenshot_07.png,screenshot_game,3.302,3.4381,1.05153,2.85552,3.13555,3.64312,626,448
Neverputt_Gameplay_Screenshot_3.png,screenshot_game,2.93581,2.82569,1.00861,2.13254,2.41723,3.12386,736,546
Metamorphabet_screenshot_02.png,screenshot_game,1.48639,1.27584,0.255769,0.84817,0.972498,1.493,1428,1243
Neverputt_Gameplay_Screenshot_1.png,screenshot_game,3.38721,3.1749,0.737353,1.82545,2.18665,3.58424,801,605
Nuclear_Throne_screenshot_05.png,screenshot_game,2.68854,2.6045,0.750669,2.07879,2.30357,2.86991,786,583
Dr._Langeskov_The_Tiger_and_The_Terribly_Cursed_Emerald_Screenshot_4.png,screenshot_game,1.30112,1.12871,0.352666,0.953418,1.04141,1.30868,1430,1257
This_Is_the_Police_-_Screenshot_08.png,screenshot_game,5.24089,6.56029,1.50304,4.74115,5.41705,6.3321,477,278
Neverball_Sprachauswahl.png,screenshot_game,7.841,10.6322,1.98806,5.26384,6.61426,9.96175,459,254
Contraption_7.png,screenshot_game,2.17471,1.99526,0.705143,1.49006,1.6858,2.25587,1179,773
Monaco_What%27s_Yours_Is_Mine_-_Screenshot_3_(The_Lookout_in_Action).png,screenshot_game,1.3321,1.14702,0.310135,0.911591,1.00972,1.33691,1597,1395
The_Bub%27s_Brothers.png,screenshot_game,7.90997,12.629,2.48841,4.78593,6.11579,10.8137,141,75
Frogatto.png,screenshot_game,8.69833,13.6932,2.65539,6.07272,7.85409,12.1971,263,133
Fantastic_Contraption_VR_screenshot_04.png,screenshot_game,2.27278,2.12835,0.743896,1.77741,1.95434,2.37764,857,683
Triplane_Turmoil_screenshot.png,screenshot_game,7.5368,11.3118,1.73229,3.75308,4.84995,9.97986,67,20
ReCaged_project_version_0.7.0_preview_thumbnail.png,screenshot_game,10.8984,40.9356,5.95977,10.8135,14.6327,18.4659,368,128
Royals_screenshot.png,screenshot_game,11.551,55.9485,23.658,37.9897,49.4166,20.93,128,32
Threes_development_process_art_mockup_20.png,screenshot_game,9.88693,30.1511,4.76816,17.2905,21.2125,15.8241,226,71
Broforce_landmine.png,screenshot_game,2.85228,2.79989,0.868738,2.40285,2.62496,3.06759,733,558
Threes_development_process_art_mockup_08.png,screenshot_game,8.89112,22.4664,3.12235,9.96335,12.4319,13.4999,241,92
Job_Simulator_screenshot_-_Hero_kitchen.png,screenshot_game,3.22255,3.24454,0.962357,2.54106,2.85012,3.50447,682,499
Mini_Metro_screenshot_3.png,screenshot_game,2.07348,1.81942,0.353693,1.06719,1.26004,2.12401,1216,1010
Broforce_boss_destructing.png,screenshot_game,2.72181,2.59644,0.801632,2.26593,2.47277,2.89195,780,580
Fragments_of_Him_-_Work_In_Progress_screenshot_1.png,screenshot_game,2.25301,2.04519,0.519067,1.3822,1.59532,2.34356,1000,823
Alto%27s_Adventure_screenshot_-_A05_Night.png,screenshot_game,5.45845,6.182,1.12318,3.0743,3.78887,6.38948,584,383
Mini_Metro_screenshot_2.png,screenshot_game,2.39006,2.10606,0.345096,1.08413,1.30898,2.46545,1214,998
Threes_development_process_art_mockup_09.png,screenshot_game,8.86546,22.1739,3.07707,9.91256,12.3569,13.4344,248,93
Threes_development_process_art_mockup_21.png,screenshot_game,10.1643,41.0381,5.68004,19.7798,24.3835,17.0243,217,59
PVEgen.png,screenshot_game,1.98331,1.82338,0.600719,1.53122,1.67513,2.0543,634,534
Tutojob.png,screenshot_game,1.40662,1.21178,0.285399,0.955583,1.06136,1.41425,578,515
Scourge_screenshot_r2315.png,screenshot_game,1.10047,0.953934,0.448087,0.976918,1.02077,1.10307,1352,1205
FreeOrion-production.png,screenshot_game,5.11676,6.30823,1.74456,4.56955,5.22926,6.1714,460,272
Fantastic_Contraption_VR_screenshot_05.png,screenshot_game,2.40608,2.30404,0.691949,1.82275,2.01953,2.54312,827,645
Hundreds_(video_game)_-_Level_0.png,screenshot_game,2.2643,1.93106,0.278985,0.823549,1.02189,2.29804,1381,1194
Dre.png,screenshot_game,6.70695,9.37889,2.3265,6.30459,7.32824,8.55882,33,16
This_Is_the_Police_-_Screenshot_09.png,screenshot_game,2.89124,2.77805,0.617898,1.76847,2.05557,3.084,834,657
Contraption_6.png,screenshot_game,2.51799,2.33803,0.718534,1.56433,1.81061,2.63797,901,721
Chasing_Aurora_screenshot_12_(Freeze).png,screenshot_game,1.78268,1.57565,0.43561,1.14464,1.29413,1.81892,1181,1031
Alto%27s_Adventure_screenshot_-_B11_Volcano.png,screenshot_game,5.99447,7.20366,1.39335,3.46445,4.30692,7.17748,545,343
Dr._Langeskov_The_Tiger_and_The_Terribly_Cursed_Emerald_Screenshot_5.png,screenshot_game,1.37946,1.20429,0.42575,0.987729,1.08546,1.3914,1343,1205
Opentyrian_torm.png,screenshot_game,1.95431,1.69023,0.335385,1.09641,1.26773,1.99192,111,94
Nuclear_Throne_screenshot_04.png,screenshot_game,2.78714,2.67774,0.647813,2.01787,2.26489,2.97233,783,603
Job_Simulator_screenshot_-_Kitchen_02.png,screenshot_game,2.07823,1.93584,0.712528,1.6457,1.79576,2.1646,925,751
Lemonade_Stand_1.png,screenshot_game,11.5023,70.0104,26.2964,33.0661,43.4951,21.2761,72,18
Nuclear_Throne_screenshot_10.png,screenshot_game,3.85637,4.19225,1.11912,3.24235,3.62239,4.35778,578,501
Metamorphabet_screenshot_01.png,screenshot_game,2.5462,2.18675,0.336121,0.939213,1.16686,2.61152,1313,1074
Yoda_Soccer_screenshot.png,screenshot_game,3.44045,2.95008,0.431179,1.05089,1.35346,3.63143,412,347
Dcss.0.21.webtiles.Elven-Halls.png,screenshot_game,1.86497,1.73925,0.989253,1.90149,1.9569,1.93885,727,597
Metamorphabet_screenshot_05.png,screenshot_game,3.20802,2.81071,0.463111,1.1281,1.42384,3.36186,1090,874
Neverputt_Gameplay_Screenshot_4.png,screenshot_game,4.76563,5.03219,1.29486,2.68755,3.27546,5.38162,604,410
Blackwood_Crossing_August_reveal_screenshot_03_Treehouse.png,screenshot_game,1.06661,0.927113,0.515731,0.984961,1.01932,1.06945,1394,1243
Contraption_2.png,screenshot_game,3.11332,3.14208,0.955258,2.25801,2.56139,3.38048,709,534
BOSscreen.png,screenshot_game,1.83916,1.57717,0.3077,0.887526,1.05308,1.86009,803,691
StationSnapshot2.png,screenshot_game,4.11695,4.41492,1.55932,4.18481,4.52804,4.66532,403,264
Ten_tiles_on_weekly_no_tabs_full_res.png,screenshot_game,3.44081,3.61097,1.62923,3.47063,3.71064,3.82824,382,258
Dr._Langeskov_The_Tiger_and_The_Terribly_Cursed_Emerald_Screenshot_1.png,screenshot_game,1.18565,1.03253,0.490327,1.02124,1.0768,1.19214,1386,1220
TowerFall_Flight.png,screenshot_game,9.44116,17.3077,5.26459,16.5106,19.7253,14.1013,294,122
Tile_World.png,screenshot_game,8.10706,11.7011,3.92079,12.8691,14.5253,11.1947,150,69
Ayner.png,screenshot_game,1.186,1.0296,0.408615,0.964036,1.02711,1.19134,872,796
Blocks_on_ice_gameplay_1.png,screenshot_game,1.13621,0.986007,0.373508,0.964953,1.01647,1.13972,265,233
Neverball_Gameplay_Screenshot_8.png,screenshot_game,1.74805,1.54014,0.560277,1.47585,1.57612,1.77462,1005,847
Severed_screenshot_02.png,screenshot_game,1.63774,1.42688,0.362293,1.03101,1.16603,1.65771,1350,1176
SolarWolf-splash.png,screenshot_game,3.75605,4.01116,0.922635,2.38409,2.80263,4.20846,383,278
Fantastic_Contraption_VR_screenshot_01.png,screenshot_game,1.45965,1.29271,0.525406,1.23993,1.31707,1.4809,1152,987
Skrupel.png,screenshot_game,5.98936,7.95125,1.89394,6.19502,7.05524,7.46678,430,224
GNU_bg_screenshot.png,screenshot_game,2.42861,2.22858,0.710348,1.98757,2.16822,2.53355,1189,856
Flinthook_screenshot_-_Pax_square_3.png,screenshot_game,11.3002,45.393,13.6791,38.2455,48.4408,20.0375,222,58
Turbo_Rubber_Ducky_Shootout.png,screenshot_game,11.68,132.853,35.4155,39.9722,52.5547,22.1257,25,4
Orwell_video_game_screenshot_9.png,screenshot_game,2.11405,1.87769,0.404558,1.25022,1.43892,2.17949,1154,1060
Broforce_explosion.png,screenshot_game,2.93295,2.88317,0.869996,2.45784,2.69151,3.16072,731,538
Threes_development_process_art_mockup_19.png,screenshot_game,9.70207,30.9756,4.49442,15.6519,19.2264,15.5856,226,76
Rowlands_Challenge.png,screenshot_game,9.20763,19.2499,5.7873,16.4282,19.1951,13.9405,216,78
Threes_development_process_art_mockup_25.png,screenshot_game,10.0403,36.1152,5.37715,18.8833,23.2012,16.6034,216,64
Supertux-checkpoint.png,screenshot_game,1.67528,1.48015,0.813271,1.6287,1.68777,1.70217,563,469
Maelstrom_screenshot.png,screenshot_game,11.512,135.2,27.2787,66.3948,82.8868,21.6956,94,18
Fragments_of_Him_-_Work_In_Progress_screenshot_5.png,screenshot_game,1.62347,1.40265,0.297341,0.950671,1.09004,1.63877,1377,1192
AssaultCube_screenshot.png,screenshot_game,1.08223,0.939286,0.465315,0.976761,1.01607,1.08483,1437,1309
One_Hour_One_Life_Screenshot.png,screenshot_game,0.942507,0.817039,0.767271,0.981744,0.987588,0.942639,1471,1382
Neverball_Pausenmen%C3%BC.png,screenshot_game,1.42641,1.24648,0.45921,1.20224,1.27936,1.43864,1228,1051
Fragments_of_Him_-_Work_In_Progress_screenshot_4.png,screenshot_game,1.92118,1.68483,0.363343,1.05435,1.22894,1.95888,1234,1063
Chasing_Aurora_screenshot_07_(Wii_U).png,screenshot_game,2.10218,1.88769,0.566909,1.57194,1.73798,2.16532,967,783
Threes_development_process_art_mockup_24.png,screenshot_game,10.7842,59.65,9.2817,32.0311,39.3678,19.013,202,45
Threes_development_process_art_mockup_18.png,screenshot_game,9.9018,33.614,5.04148,17.3038,21.285,16.1158,221,66
Blackwood_Crossing_August_reveal_screenshot_02_Train.png,screenshot_game,1.07453,0.931914,0.511866,0.973452,1.01349,1.07715,1439,1281
Sn%C3%ADmek_obrazovky_2021-09-24_v_18.07.06.png,screenshot_game,9.80961,37.933,6.90493,16.7771,20.9447,16.1088,30,8
EnigmaScreenshot.png,screenshot_game,1.96947,1.71961,0.345709,1.13209,1.30983,2.01574,420,351
Flinthook_screenshot_-_Pax_square_2.png,screenshot_game,10.7505,29.0594,7.04982,21.6085,27.2789,17.8566,246,86
Severed_screenshot_03.png,screenshot_game,2.1631,1.90866,0.405607,1.23731,1.43706,2.21193,1139,938
Mari0_Online_Multiplayer_Co-op_screenshot.png,screenshot_game,2.2073,2.00231,0.648039,1.92968,2.06588,2.29153,860,666
Neverball_Gameplay_Screenshot_9.png,screenshot_game,1.77145,1.5475,0.516,1.45584,1.56702,1.79275,1199,870
Trainyard_game_-_Quaddy_prototype_screenshot.png,screenshot_game,1.68806,1.48067,0.415675,1.14072,1.29412,1.71235,221,177
Flinthook_screenshot_-_Pax_worm.png,screenshot_game,2.75909,2.55313,0.888162,2.45967,2.6478,2.91996,751,573
Push_Me_Pull_You_screenshot_09.png,screenshot_game,7.20817,13.0972,3.79988,9.73168,10.9784,9.88516,345,155
Dungeon_crawl_stone_soup.png,screenshot_game,3.85649,4.43072,1.75632,4.32382,4.56083,4.41409,229,137
Contraption_3.png,screenshot_game,1.93851,1.76998,0.659879,1.60784,1.7334,1.99985,919,782
Metamorphabet_screenshot_04.png,screenshot_game,5.78355,5.92323,1.10746,1.84776,2.4154,6.72518,700,509
Broforce_boss_fight.png,screenshot_game,2.53775,2.4087,0.761831,2.12429,2.30797,2.68664,795,633
CRIM_%E6%AD%A6%E5%99%A8NPC%E5%9C%96.png,screenshot_game,3.15457,3.23565,0.720144,2.37873,2.67472,3.4459,662,380
Nuclear_Throne_screenshot_01.png,screenshot_game,4.8859,5.89663,1.49226,4.55133,5.10852,5.80102,573,294
Nuclear_Throne_screenshot_03.png,screenshot_game,4.62359,5.31241,1.57391,4.54746,5.01602,5.40904,504,324
Contraption_1.png,screenshot_game,2.59487,2.48173,0.800074,2.02419,2.24764,2.75192,779,600
Rain_World_screenshot_-_2016-05-31_16_15_34_climbing.png,screenshot_game,1.59228,1.36772,0.288638,0.857488,0.997262,1.60226,1436,1270
KBattleship_Screenshot.png,screenshot_game,2.16675,2.03706,1.59993,2.43313,2.47528,2.26996,432,361
Dr._Langeskov_The_Tiger_and_The_Terribly_Cursed_Emerald_Screenshot_2.png,screenshot_game,1.14356,0.993278,0.464391,1.00463,1.0536,1.14817,1413,1224
3dcursedlabyrinth-mazegame.png,screenshot_game,7.70725,13.8138,3.43099,9.89859,11.3503,10.7847,73,30
StationSnapshot1.png,screenshot_game,7.54539,15.4685,5.54506,12.4381,13.6931,10.659,234,88
ManifoldGarden_11.png,screenshot_game,1.75273,1.54977,0.557212,1.16284,1.30932,1.78493,1199,1058
Tux_Racer_gameplay_pre-v0.60.png,screenshot_game,1.34951,1.14846,0.297417,0.770902,0.88838,1.35213,862,762
Severed_screenshot_01.png,screenshot_game,1.97673,1.72979,0.369413,1.1302,1.30942,2.01121,1236,1031
Sn%C3%ADmek_obrazovky_2021-09-12_v_16.46.05.png,screenshot_game,6.4882,8.89517,2.84328,8.87838,9.67504,8.12031,174,83
Fantastic_Contraption_VR_screenshot_02.png,screenshot_game,1.60788,1.43513,0.525965,1.31331,1.41097,1.63866,1073,922
Stella_Shii%27Mori.png,screenshot_game,0.961462,0.833228,0.643457,0.965717,0.978909,0.961647,876,847
TerraMagnusGame.png,screenshot_game,6.20153,9.64746,3.0385,8.74503,9.42825,8.02998,165,74
Orbithopper.png,screenshot_game,2.67361,2.56845,0.570182,1.86728,2.12742,2.84006,501,382
Threes_development_process_art_mockup_26.png,screenshot_game,10.3707,43.7967,6.73551,22.8832,28.1405,17.5964,209,57
Fragments_of_Him_-_Work_In_Progress_screenshot_6.png,screenshot_game,1.25993,1.09027,0.342357,0.940479,1.02288,1.2653,1368,1226
Air_Raid_(1979_game)_Screen.png,screenshot_game,11.6642,109.302,42.1904,44.0891,57.6652,22.1849,81,11
Mini_Metro_screenshot_5.png,screenshot_game,4.77687,4.86327,0.945202,1.90759,2.43195,5.45481,715,521
Gyg.png,screenshot_game,6.73743,9.13319,2.9108,2.62295,3.46493,8.57929,32,19
Mini_Metro_screenshot_4.png,screenshot_game,2.60431,2.49426,0.825881,1.8749,2.11482,2.77175,790,627
Roosevelt_Elk_Male_(4837677522).png,screenshot_game,0.930934,0.807107,0.846604,0.987476,0.989536,0.930972,1588,1512
Alto%27s_Adventure_screenshot_-_B06_Camp.png,screenshot_game,6.09295,7.86179,1.43074,3.87776,4.75933,7.50381,507,303
Rail_Route_%E2%80%94_Build.png,screenshot_game,1.19736,1.03987,0.39869,0.999575,1.05967,1.20296,1302,1136
Napoleonic_Empires.png,screenshot_game,1.00622,0.87208,0.549008,0.963565,0.988338,1.00714,1894,1731
Moraffmahjongg.png,screenshot_game,1.27702,1.10745,0.565277,1.16689,1.21633,1.28524,754,654
Trainyard_game_-_screenshot_of_mixing_colors_-_1_of_3.png,screenshot_game,3.29951,2.94604,1.58354,3.47636,3.68192,3.50598,488,341
Flinthook_screenshot_-_Pax_square_1.png,screenshot_game,11.3898,49.9606,14.6517,47.0911,58.6941,20.4333,219,55
Job_Simulator_screenshot_-_Hero_office.png,screenshot_game,3.45938,3.39476,0.800715,1.96462,2.3482,3.74908,760,588
EB_battle.png,screenshot_game,0.986221,0.854048,0.538161,0.956779,0.977613,0.986447,858,803
Fantastic_Contraption_VR_screenshot_03.png,screenshot_game,3.2073,3.18382,0.785918,2.26656,2.58645,3.46419,718,549
Alto%27s_Adventure_screenshot_-_B10_Coins.png,screenshot_game,5.05141,5.54869,1.01618,2.39508,2.99248,5.83527,674,463
ManifoldGarden_10.png,screenshot_game,1.55113,1.35774,0.547671,1.1063,1.22548,1.56812,1269,1094
TowerFall_Backfire.png,screenshot_game,9.23134,16.7372,5.3302,16.5011,19.4675,13.7016,297,122
Dr._Langeskov_The_Tiger_and_The_Terribly_Cursed_Emerald_Screenshot_3.png,screenshot_game,1.27999,1.11109,0.384019,0.997471,1.07673,1.28724,1389,1444
Nuclear_Throne_screenshot_02.png,screenshot_game,2.4738,2.36388,0.772681,2.06815,2.24517,2.6185,795,610
Blackwood_Crossing_announcement_screenshot_04.png,screenshot_game,0.998049,0.86399,0.495589,0.939438,0.966681,0.998344,1461,1376
Terracota_-_Falas.png,screenshot_game,1.96909,1.80928,0.609455,1.53112,1.67425,2.04078,971,836
Dre2.png,screenshot_game,11.3509,57.2835,21.4124,24.3038,30.5344,20.2906,26,6
Terracota_-_Jogo_menino.png,screenshot_game,1.88075,1.70828,0.552494,1.41208,1.55293,1.93908,1024,944
YarsRevengeEasterEGG.png,screenshot_game,11.8913,618.309,163.311,594.714,641.635,23.4468,254,35
DOTGv0.31screenshot.png,screenshot_game,2.38955,2.10533,0.352681,1.18009,1.40626,2.46229,434,349
PG_battlefield.png,screenshot_game,1.65965,1.45952,0.562954,1.45711,1.54103,1.69863,604,510
Blackwood_Crossing_August_reveal_screenshot_06_Island.png,screenshot_game,1.21675,1.07414,0.847247,1.19913,1.2307,1.2293,1267,1188
Freedom_Planet_Milla_screenshot.png,screenshot_game,1.02242,0.886388,0.514928,0.973084,0.997269,1.02323,179,162
Minetest_high-res_texture_pack.png,screenshot_game,1.05344,0.916644,0.541455,1.00765,1.03433,1.05638,1033,948
Celeste_screenshot_07.png,screenshot_game,3.04485,2.78292,0.589855,2.029,2.33301,3.24163,849,713
Fragments_of_Him_-_Presskit_screenshot_5.png,screenshot_game,1.42615,1.23113,0.322107,0.934352,1.04702,1.43636,1743,1627
Rymdkapsel_screenshot_3.png,screenshot_game,5.94636,8.83098,3.24899,7.1266,7.89843,7.55476,469,190
OrionsbeltBattle.png,screenshot_game,1.53022,1.32828,0.303821,0.961581,1.08706,1.54537,367,346
This_Is_the_Police_logo_horizontal.png,screenshot_game,9.48976,32.1402,9.08075,23.0147,26.2641,15.306,449,92
Amulets_%26_armor_-03.png,screenshot_game,6.78673,8.14761,1.83815,6.45107,7.58983,8.54679,154,83
Dwarf_Fortress_-_mapa_%C5%9Bwiata_fragment.png,screenshot_game,10.18,13.4049,2.37802,2.10964,2.94281,14.3187,10,7
Galak-Z_screenshot_-_explosion_centipede.png,screenshot_game,1.0326,0.894462,0.502751,0.949162,0.982949,1.03372,1758,2698
Rymdkapsel_screenshot_2.png,screenshot_game,9.15122,29.3534,9.55288,21.5054,24.1473,14.4462,241,66
Fragments_of_Him_-_Presskit_screenshot_4.png,screenshot_game,1.95548,1.71385,0.404045,1.05509,1.23739,1.99431,1217,1092
Credits.png,screenshot_game,2.52965,2.26429,0.390766,1.36818,1.61009,2.63714,1248,934
Terracota_-_Mapa_meio.png,screenshot_game,1.15921,1.00303,0.36197,0.954896,1.01505,1.16176,1529,1298
Alto%27s_Adventure_screenshot_-_B13_Wingsuit.png,screenshot_game,4.16463,4.24219,0.829265,2.38144,2.85541,4.61572,739,509
Celeste_screenshot_06.png,screenshot_game,5.84655,6.68419,1.56282,3.85876,4.68515,7.02242,537,336
Tacoma_StationCentralHub.png,screenshot_game,2.44721,2.26127,0.593798,1.45494,1.69047,2.56356,958,784
Atlantik.png,screenshot_game,8.3445,14.7413,3.03416,11.4352,13.4188,11.7238,327,141
Ballerburg.png,screenshot_game,3.31087,3.22335,0.512554,1.60917,1.95935,3.58861,99,75
Production_UI_Coffee_Noir.png,screenshot_game,1.01139,0.875071,0.421476,0.920923,0.95421,1.01156,1443,1351
Rain_World_screenshot_-_Linear_Farms_1080.png,screenshot_game,2.21125,2.09593,0.780183,1.92976,2.06711,2.32684,823,645
Letterpress_screenshot.png,screenshot_game,6.4893,10.4246,3.03146,8.39687,9.34531,8.53788,327,152
Trainyard_game_-_Magic_Carpet_level_screenshot.png,screenshot_game,2.86405,2.57101,0.922898,2.4818,2.70158,3.00749,567,431
Blackwood_Crossing_announcement_screenshot_05.png,screenshot_game,1.0539,0.911324,0.407309,0.916004,0.960676,1.05453,1513,1390
Robotfindskitten.png,screenshot_game,11.6184,130.955,28.7014,39.5136,52.0218,22.0273,276,14
Close_Castles_screenshot.png,screenshot_game,3.79613,4.09446,1.10329,2.85479,3.27528,4.28179,624,418
Hackmud_archaic.png,screenshot_game,1.67094,1.4341,0.389551,1.2241,1.3524,1.67801,1336,1137
Battle_for_the_Galaxy_gameplay.png,screenshot_game,0.926773,0.804386,0.853561,0.984629,0.985642,0.92686,225,209
Interton-cassette3-screenshot.png,screenshot_game,11.2259,68.1817,17.9268,58.4644,66.1873,20.3534,27,7
Rail_Route_%E2%80%94_Control.png,screenshot_game,1.19117,1.03469,0.426818,1.02092,1.07585,1.19612,1297,1120
Medieval_Mayhem_(NTSC).png,screenshot_game,11.511,55.1856,11.4868,23.7065,31.3238,20.2552,24,8
Invertika_-_Nex.png,screenshot_game,1.02169,0.885077,0.521421,0.963394,0.994327,1.0231,757,699
TowerFall_Thornwood.png,screenshot_game,8.83669,13.614,4.68516,14.2281,16.7734,12.4297,315,139
Dwarf_Fortress_-_mapa_%C5%9Bwiata.png,screenshot_game,6.07702,6.11517,2.13114,1.51343,2.03864,7.06772,89,66
PrinceofPersia1989-sdlpop-opensource.png,screenshot_game,1.67097,1.50926,0.591166,1.40399,1.51778,1.71794,432,360
Celeste_screenshot_10.png,screenshot_game,4.08224,4.00747,0.846979,2.88224,3.33247,4.53402,680,479
Darkelf_ligy.png,screenshot_game,2.41386,2.37034,1.13047,2.51812,2.61145,2.57035,671,485
Celeste_screenshot_04.png,screenshot_game,2.77246,2.50625,0.526367,1.77579,2.03598,2.91987,929,736
TowerFall_Twilight_Spire.png,screenshot_game,9.11,16.3421,4.92922,15.1608,17.9651,13.4044,293,121
Fragments_of_Him_-_Presskit_screenshot_6.png,screenshot_game,1.38337,1.19679,0.332116,0.945061,1.04925,1.39302,1380,1212
Mtp_Target.png,screenshot_game,1.22455,1.06442,0.410444,1.00642,1.07157,1.23065,522,486
Alto%27s_Adventure_screenshot_-_B09_Roof_Rain.png,screenshot_game,3.31356,3.2171,0.702422,1.99086,2.33619,3.56743,776,604
Minetest_LazyJ%27s_Forge_in_the_afternoon.png,screenshot_game,1.43063,1.28944,1.01071,1.49342,1.51587,1.45981,1027,864
A7xpg-continue.png,screenshot_game,4.10052,3.89361,1.08266,3.61613,4.0234,4.55844,237,160
Hern%C3%AD_okno_Darkelfa.png,screenshot_game,1.0236,0.888146,0.710259,1.0273,1.04608,1.02569,1421,1314
PAEE_C64.png,screenshot_game,11.3654,44.8211,8.6557,9.96261,13.7047,20.0223,41,14
Rymdkapsel_screenshot_1.png,screenshot_game,8.91402,26.3388,8.06807,18.988,21.426,13.8271,246,72
Chmatakovonline.png,screenshot_game,1.55871,1.34561,0.291388,0.901024,1.03242,1.57016,795,694
Celeste_screenshot_05.png,screenshot_game,2.02091,1.7781,0.448703,1.47955,1.63699,2.08062,1107,906
Blackwood_Crossing_August_reveal_screenshot_01_Finn.png,screenshot_game,1.37399,1.19941,0.41654,1.03106,1.12418,1.38647,1320,1160
Rain_World_screenshot_-_Shadow_Urban_1080.png,screenshot_game,3.94052,4.05636,0.869704,2.5656,3.00062,4.41814,671,476
Galak-Z_screenshot_-_sentinel_showdown.png,screenshot_game,1.36154,1.18806,0.382345,0.999843,1.0924,1.37317,1352,1175
TowerFall_Sacred_Ground.png,screenshot_game,9.82255,20.1258,6.24746,18.7585,22.6188,15.1145,282,109
Moyangyang.png,screenshot_game,2.01958,1.87425,0.651254,1.7315,1.85332,2.10053,181,146
Celeste_screenshot_11.png,screenshot_game,2.098,1.86148,0.504287,1.58325,1.74364,2.16814,1050,869
Actsmudgnome.png,screenshot_game,8.00038,13.9643,2.61087,9.57724,11.3625,11.1101,245,107
Ten_tiles_on_weekly_no_tabs_564x548.png,screenshot_game,2.72687,2.64085,1.39383,2.7322,2.87028,2.92538,262,195
Pysol-black-hole-solitaire-deal-1000-with-public-domain-tabletile.png,screenshot_game,1.46116,1.27974,0.484778,1.13742,1.23596,1.47846,1001,879
Konquest_catal%C3%A0.png,screenshot_game,1.99592,1.78831,0.392568,1.23301,1.40637,2.05181,564,469
Blackwood_Crossing_announcement_screenshot_06.png,screenshot_game,1.07267,0.927901,0.432815,0.95524,0.997598,1.07402,1470,1303
Agar.io_gameplay.png,screenshot_game,7.53908,10.7134,3.92762,11.5194,12.8124,10.1452,280,132
Spionagebericht.png,screenshot_game,4.71137,4.45049,1.02319,3.89961,4.4517,5.09251,312,205
Passage_3_by_Jason_Rohrer_screenshot.png,screenshot_game,10.9388,36.235,10.2422,40.6971,48.0534,18.6823,20,5
RosAsmGameSpace.png,screenshot_game,6.04176,8.92479,1.6792,5.31373,6.24014,7.69862,253,128
Blackwood_Crossing_announcement_screenshot_02.png,screenshot_game,1.4473,1.26164,0.39572,1.04616,1.1509,1.46326,1308,1160
Bradley_Trainer_screenshot.png,screenshot_game,10.1337,42.7669,7.66837,23.2622,27.8597,17.0119,104,27
Nidhogg_video_game_screenshot_1.png,screenshot_game,7.75495,10.7662,2.39753,7.61717,9.09834,10.2959,212,113
Galak-Z_screenshot_-_whole_gang.png,screenshot_game,1.07358,0.930666,0.411215,0.94377,0.986651,1.07543,1449,1287
Rain_World_screenshot_-_filtration_sys.png,screenshot_game,3.13355,2.88039,0.460235,1.41448,1.72588,3.31936,1023,640
Screenshot_from_Getting_Over_It_With_Bennett_Foddy.png,screenshot_game,1.01904,0.882134,0.496231,0.946101,0.977415,1.0198,2046,1890
Celeste_screenshot_01.png,screenshot_game,3.97971,3.80362,0.72134,2.40252,2.84254,4.37882,747,550
Dungeon_Crawl_Stone_Soup_-_Musu.png,screenshot_game,4.48894,5.39807,1.25802,3.92931,4.43108,5.26451,586,364
Rymdkapsel_screenshot_5.png,screenshot_game,9.69065,37.6494,10.0117,24.6661,28.4033,15.8967,236,61
Fragments_of_Him_-_Presskit_screenshot_3.png,screenshot_game,1.0527,0.910774,0.414847,0.926795,0.968601,1.05367,1434,1372
OrionsbeltPresentation.png,screenshot_game,2.03083,1.83949,0.557857,1.63378,1.77248,2.09507,347,282
PekkaKana2_LevelEditor.png,screenshot_game,1.75687,1.54124,0.329469,1.04371,1.19431,1.78597,301,261
Rain_World_screenshot_-_temple.png,screenshot_game,2.38074,2.17191,0.475454,1.42008,1.64452,2.47929,751,616
Christopher_Strachey%27s_Draughts_Program.png,screenshot_game,1.96439,1.76128,0.508024,1.36351,1.52005,2.02697,208,169
Robots_text_screenshot.png,screenshot_game,10.2305,26.8744,7.0049,26.7153,31.4307,16.2743,115,38
Trainyard_game_-_prototype_screenshot_dated_2009_November.png,screenshot_game,3.6231,3.64479,1.21912,3.37537,3.67786,3.99509,291,196
Sn%C3%ADmek_obrazovky_2021-09-18_v_13.12.59.png,screenshot_game,3.34412,3.541,1.25287,3.21643,3.46103,3.71054,257,173
CS-Menu-Snatch.png,screenshot_game,5.07122,6.0525,1.71582,4.85292,5.43016,5.99873,115,70
3dbrick2.png,screenshot_game,8.33153,12.8068,2.97315,11.6824,13.2171,11.8132,39,18
Rain_World_screenshot_-_Garbage_Wastes_1080.png,screenshot_game,1.94952,1.80388,0.697971,1.68618,1.80052,2.02394,932,736
Game_Cloud_Screenshot.png,screenshot_game,1.2023,1.03691,0.306158,0.844317,0.927876,1.20387,839,753
Fragments_of_Him_-_Presskit_screenshot_2.png,screenshot_game,1.62502,1.42793,0.416339,1.06578,1.19799,1.65059,1205,1060
Rymdkapsel_screenshot_4.png,screenshot_game,7.03081,12.4409,4.24995,9.51352,10.6926,9.5058,339,144
Celeste_screenshot_00.png,screenshot_game,5.11694,5.93481,1.3217,3.56629,4.22083,6.05655,549,354
Netrek-client-cow.png,screenshot_game,10.1898,27.2828,5.51528,8.62215,11.4831,16.5997,319,160
Alto%27s_Adventure_screenshot_-_B05_Grind_Hop.png,screenshot_game,5.56383,6.28075,1.20482,2.74649,3.4462,6.53719,609,404
Alto%27s_Adventure_screenshot_-_B03_Spine.png,screenshot_game,4.04322,4.06485,0.758321,2.25189,2.70354,4.45269,722,521
Tacoma_ZeroG_Figures.png,screenshot_game,2.47671,2.28197,0.623533,1.39139,1.6363,2.58828,1010,801
Rain_World_screenshot_-_SB_F01.png,screenshot_game,3.18639,3.24758,0.758852,2.29467,2.60421,3.48785,720,509
Virtual_portal_or_magic_lens.png,screenshot_game,4.19616,4.19194,0.765276,2.60136,3.10226,4.63444,259,183
Eugen_Uskoff.png,screenshot_game,6.11172,6.69103,0.930389,2.98708,3.74958,7.14331,132,87
Fkiss.png,screenshot_game,5.49109,6.71149,1.81942,3.46146,4.23721,6.67754,169,103
Broforce_blade_vs_truck.png,screenshot_game,2.80565,2.75873,0.926855,2.43067,2.63854,3.01508,725,547
DungeonmodeB.png,screenshot_game,1.4946,1.29801,0.294026,0.938063,1.06329,1.50744,229,197
Blackwood_Crossing_announcement_screenshot_03.png,screenshot_game,1.0373,0.897252,0.423471,0.92179,0.961433,1.03782,1523,1494
Wc4source.png,screenshot_game,8.69797,20.8758,3.23959,12.4831,14.8179,13.0905,130,45
Tacoma_Kitchen.png,screenshot_game,1.86121,1.64656,0.429491,1.17404,1.33712,1.90084,1165,1004
Benkid77_CNPD.png,screenshot_game,7.46356,14.7768,12.4806,10.9277,12.4433,10.4541,30,12
Blackwood_Crossing_announcement_screenshot_01.png,screenshot_game,1.64822,1.43511,0.358939,1.10275,1.23735,1.67793,1263,1126
Senat.Grepolisfr.png,screenshot_game,1.07589,0.930425,0.50876,1.02465,1.05236,1.07719,152,137
C4_Solids_Demo.png,screenshot_game,10.672,46.5014,31.031,15.8351,20.22,18.3108,19,5
Sega-Mega-Drive-regional-lockout-error.png,screenshot_game,11.9202,237.187,53.5725,48.5199,65.006,23.1996,21,4
Blobby_volley_2_alpha_6.png,screenshot_game,1.99667,1.68862,0.289561,0.81847,0.998642,2.0224,831,716
Terracota_-_Falando.png,screenshot_game,1.55761,1.37775,0.402594,1.21164,1.31504,1.58122,1172,1013
Nidhogg_video_game_screenshot_2.png,screenshot_game,6.67225,7.87285,1.99261,5.55036,6.58097,8.36451,236,139
Finances_UI_Coffee_Noir.png,screenshot_game,1.10829,0.957913,0.475626,0.995038,1.03965,1.11049,1415,1259
Rail_Route_%E2%80%94_Automate.png,screenshot_game,1.18445,1.02853,0.436781,1.03106,1.08269,1.1891,1296,1109
Neverball_Game-Over-Bildschirm.png,screenshot_game,3.36439,3.31914,0.617289,2.55141,2.89451,3.62583,683,483
Synth_video_game_screenshot_D.png,screenshot_game,1.21593,1.05677,0.431038,0.995347,1.06101,1.22166,1478,1285
Plunderland2.png,screenshot_game,3.84504,3.98939,1.12044,3.04884,3.43665,4.25269,120,78
Celeste_screenshot_02.png,screenshot_game,4.86875,5.3687,1.15985,3.66171,4.25182,5.68678,569,566
OXO_emulated_portion.png,screenshot_game,10.6241,32.0998,4.20976,6.43779,8.96877,17.8633,22,8
BeamWars--.png,screenshot_game,1.16729,1.01553,0.554508,1.10879,1.13891,1.17303,95,84
Job_Simulator_screenshot_-_Hero_auto.png,screenshot_game,2.06805,1.88215,0.606801,1.50018,1.67113,2.13632,979,797
Mouse_in_the_Maze_portion.png,screenshot_game,4.18073,4.78135,1.05163,3.29661,3.76476,4.80763,144,89
Slingshot.png,screenshot_game,2.71643,2.37132,0.560318,1.17067,1.43238,2.81204,763,573
Pahom_Grim.png,screenshot_game,1.18184,1.02489,0.374488,0.940653,1.00654,1.18647,706,627
Fragments_of_Him_-_Presskit_screenshot_1.png,screenshot_game,1.13754,0.982905,0.335549,0.899576,0.963549,1.13941,1437,1300
Mode_7_on_GBA.png,screenshot_game,11.6922,71.6693,36.8389,42.8711,57.6793,21.4814,201,47
Celeste_screenshot_03.png,screenshot_game,5.71779,6.56627,1.60304,4.49226,5.31013,6.88038,510,312
TowerFall_Kings_Court.png,screenshot_game,9.36611,17.2794,5.4531,17.3622,20.4796,14.0152,291,118
Invertika_-_Desert.png,screenshot_game,1.67647,1.44566,0.284081,0.856269,1.00426,1.69048,830,709
Broforce_mooks_in_air.png,screenshot_game,3.17439,3.13139,0.988461,2.80959,3.05677,3.43139,677,494
Testootebfjosa.png,screenshot_game,1.49394,1.31231,0.466749,1.14223,1.24188,1.51242,996,877
Everything_screnshot_06.png,screenshot_game,1.2942,1.12428,0.404789,0.975448,1.06009,1.30221,1402,1229
Nidhogg_video_game_screenshot_3.png,screenshot_game,4.90234,4.88077,2.12884,5.502,5.94154,5.64315,261,160
Alto%27s_Adventure_screenshot_-_A07_Ruins.png,screenshot_game,4.29045,4.44478,0.858869,2.47132,2.97053,4.78538,680,483
Open_Ski_Jumping_020.png,screenshot_game,11.4524,96.8703,10.6568,16.4777,22.8187,21.0057,108,27
apps-help-browser.png,icon_512,5.59356,6.56249,0.965815,2.44859,3.10951,6.69924,199,136
actions-document-properties.png,icon_512,10.3288,27.0577,4.15817,7.76447,10.4925,16.5299,119,50
mimetypes-x-office-spreadsheet-template.png,icon_512,8.13472,11.7418,1.83508,5.88647,7.38101,11.306,152,77
apps-preferences-system-windows.png,icon_512,11.4433,34.6633,26.3773,103.696,115.38,18.8232,93,24
mimetypes-x-office-presentation.png,icon_512,6.82027,9.58082,1.79436,5.62396,6.77865,8.66601,142,73
actions-format-text-strikethrough.png,icon_512,8.55375,17.148,2.10795,6.83117,8.69408,12.1945,122,56
mimetypes-text-x-script.png,icon_512,9.09843,19.7874,3.79577,7.01332,9.05777,13.543,119,51
actions-edit-select-all.png,icon_512,11.6096,52.9406,2.72475,11.362,16.0156,20.5153,104,36
actions-view-refresh.png,icon_512,6.48764,9.80446,1.99831,4.31111,5.35454,8.39295,142,75
actions-go-first.png,icon_512,8.80032,17.279,2.05811,4.83678,6.40688,12.7084,137,71
status-network-transmit-receive.png,icon_512,5.88171,6.76486,0.891348,3.70577,4.55406,6.89506,179,112
apps-preferences-system-network-proxy.png,icon_512,5.05094,5.70658,1.09569,2.58576,3.19309,5.903,197,138
status-dialog-warning.png,icon_512,9.95131,35.4562,3.53593,9.82819,12.9929,16.1929,103,37
actions-edit-undo.png,icon_512,9.02327,23.8872,4.69503,10.0078,12.4664,13.803,103,38
devices-computer.png,icon_512,6.70216,7.95967,0.960954,3.86453,4.85764,8.03688,176,105
categories-applications-office.png,icon_512,4.88892,5.93726,1.48968,4.43921,5.02243,5.87007,158,92
actions-go-top.png,icon_512,8.90475,17.1969,2.34101,4.51547,6.03259,12.7875,134,70
devices-drive-removable-media.png,icon_512,10.2619,28.9256,4.402,7.48313,10.1801,16.3075,110,46
emotes-face-angel.png,icon_512,5.81354,7.06615,1.35149,2.57894,3.29338,7.04186,181,122
status-battery-caution.png,icon_512,7.94729,12.467,2.45702,8.53019,10.2145,11.3242,123,59
actions-format-indent-less.png,icon_512,10.9549,34.0036,2.44908,8.84625,12.2375,18.5932,111,45
status-network-offline.png,icon_512,6.2342,7.27518,0.900688,3.62521,4.51391,7.39275,175,111
devices-input-mouse.png,icon_512,9.15094,18.084,3.13472,4.13303,5.58212,13.2196,133,67
actions-appointment-new.png,icon_512,4.17648,4.61569,1.19366,2.55833,3.06243,4.74696,192,132
status-folder-drag-accept.png,icon_512,9.52327,19.9631,3.12075,9.51774,12.143,13.944,117,50
actions-go-last.png,icon_512,9.02493,18.5574,2.65003,5.24638,6.94556,13.2274,131,64
apps-preferences-desktop-font.png,icon_512,10.2097,32.6383,4.91676,10.4707,13.7854,16.7125,103,36
actions-mail-send-receive.png,icon_512,7.35946,11.9813,2.12411,5.48786,6.77375,9.79892,136,69
mimetypes-x-office-document-template.png,icon_512,7.63319,11.2154,1.90706,6.57519,7.99935,10.3349,138,71
actions-mail-reply-sender.png,icon_512,7.00645,11.4024,2.2642,5.83857,7.06791,9.31925,128,65
mimetypes-video-x-generic.png,icon_512,6.89974,11.3642,1.58963,5.22602,6.40521,9.14771,131,67
devices-video-display.png,icon_512,7.78122,10.7815,1.10385,4.59552,5.88682,9.95087,155,88
emblems-emblem-readonly.png,icon_512,10.9281,45.071,6.55174,12.5093,16.8415,18.8639,98,32
emotes-face-surprise.png,icon_512,5.70987,6.97276,1.26645,2.79237,3.51638,6.89957,180,118
actions-go-up.png,icon_512,8.94608,19.6395,3.34259,6.8383,8.78381,13.3545,119,52
actions-edit-find.png,icon_512,6.47056,9.07532,1.68853,4.75231,5.77308,8.24439,148,81
mimetypes-application-x-executable.png,icon_512,8.2026,14.6234,1.966,5.32849,6.80328,11.2867,131,68
places-user-desktop.png,icon_512,9.81225,25.7878,2.00026,7.02309,9.33473,15.1006,117,50
status-printer-error.png,icon_512,8.93064,15.5685,2.8511,9.04028,11.2753,12.4934,122,55
apps-system-file-manager.png,icon_512,10.9476,49.5855,5.32942,21.2722,27.7225,18.9929,92,26
places-user-home.png,icon_512,9.29808,18.6242,2.28829,8.69716,11.1059,13.4217,120,53
devices-input-keyboard.png,icon_512,9.2893,22.5482,1.71115,6.25612,8.32238,14.0158,122,156
apps-preferences-desktop-keyboard-shortcuts.png,icon_512,7.80841,11.9555,1.78569,4.29083,5.54403,10.4962,192,82
categories-preferences-system.png,icon_512,5.80084,8.03389,2.44193,4.5164,5.37019,7.20394,142,78
status-network-idle.png,icon_512,5.69334,6.25602,0.793118,3.20775,3.97011,6.55624,190,122
emblems-emblem-symbolic-link.png,icon_512,10.776,41.5321,6.21297,11.5367,15.4956,18.3513,99,32
actions-contact-new.png,icon_512,5.03774,6.25612,1.4108,4.15983,4.83268,6.02303,154,90
status-weather-snow.png,icon_512,3.71021,4.10043,1.47299,2.99618,3.37559,4.18439,175,115
actions-tab-new.png,icon_512,5.99068,8.64559,2.97886,8.04847,8.70139,7.57455,121,57
apps-preferences-desktop-wallpaper.png,icon_512,6.74817,9.0108,1.34503,5.4034,6.54226,8.41053,148,81
apps-system-users.png,icon_512,4.26324,4.82406,1.30178,3.32218,3.818,4.88959,172,110
actions-edit-find-replace.png,icon_512,6.31794,8.50877,1.73867,4.30026,5.24932,7.90342,152,87
devices-input-gaming.png,icon_512,7.83642,14.1497,2.28377,6.42983,7.97825,10.9282,125,59
emblems-emblem-photos.png,icon_512,7.76033,11.6769,2.20731,7.38975,8.9108,10.8892,131,64
actions-media-seek-forward.png,icon_512,8.99355,20.9246,3.04926,9.67821,12.0169,13.3882,110,45
devices-media-floppy.png,icon_512,10.2277,21.5151,1.05277,4.44006,6.11286,15.2908,147,76
devices-media-flash.png,icon_512,7.61427,11.462,1.33478,5.10942,6.45908,10.0327,148,78
actions-edit-redo.png,icon_512,8.58738,19.8487,4.99617,7.91147,9.94577,12.7429,107,44
places-folder-remote.png,icon_512,8.7744,15.8304,2.0826,8.22387,10.3375,12.3239,123,56
emblems-emblem-important.png,icon_512,9.40483,30.9713,3.90617,13.4645,16.576,14.9661,95,29
places-start-here.png,icon_512,9.46004,31.017,4.58172,15.5809,18.8016,15.0566,94,30
actions-address-book-new.png,icon_512,4.96071,5.92877,1.53299,4.91957,5.50183,5.89571,154,90
apps-preferences-desktop-locale.png,icon_512,9.60985,13.5726,5.23688,21.5143,24.5791,15.6475,120,52
actions-edit-paste.png,icon_512,8.88142,16.3253,1.51773,5.9314,7.83049,12.6546,132,64
mimetypes-audio-x-generic.png,icon_512,8.0779,18.1052,2.75859,11.4513,13.342,11.7637,103,37
actions-mail-message-new.png,icon_512,4.30356,4.83574,1.22383,3.36577,3.87321,4.93499,175,111
devices-camera-photo.png,icon_512,6.48978,9.10599,1.62779,5.34036,6.39376,8.35156,139,77
devices-battery.png,icon_512,8.19371,13.0872,3.28869,11.8879,13.6904,11.9703,118,50
status-weather-few-clouds-night.png,icon_512,4.59805,5.55767,1.67279,3.65847,4.22078,5.41405,158,97
status-weather-clear.png,icon_512,4.49051,5.32217,1.0979,3.45366,3.98339,5.24197,169,105
status-audio-volume-muted.png,icon_512,4.96849,5.95702,1.26023,4.10412,4.73116,5.87875,161,97
actions-edit-copy.png,icon_512,9.87335,25.832,1.96846,7.99935,10.6754,15.4278,136,49
mimetypes-text-x-generic.png,icon_512,11.2059,43.4172,6.39276,15.7035,21.1497,19.4216,98,31
actions-media-playback-stop.png,icon_512,10.8629,45.195,7.79877,19.6304,25.1707,18.4467,93,27
devices-drive-optical.png,icon_512,9.431,22.5057,3.5772,9.29984,11.8617,14.2429,108,45
actions-system-search.png,icon_512,4.23496,4.85078,1.20073,3.21263,3.69696,4.87751,175,113
actions-document-print-preview.png,icon_512,5.67854,7.21199,1.67159,4.96617,5.74592,6.92535,153,94
devices-multimedia-player.png,icon_512,7.13874,9.28891,1.93393,5.90929,7.19385,8.90706,145,76
devices-camera-video.png,icon_512,7.20149,10.6214,1.26878,4.55955,5.75989,9.31586,146,81
places-folder.png,icon_512,9.68751,24.2742,2.52207,9.8543,12.7123,14.7734,111,45
actions-list-add.png,icon_512,11.0423,67.8317,4.90056,18.4947,24.8745,19.707,90,23
status-weather-clear-night.png,icon_512,8.22387,17.5791,2.65215,7.30369,9.1077,11.9226,113,50
status-dialog-error.png,icon_512,9.01417,18.5224,1.91922,6.25234,8.11457,13.006,126,60
status-audio-volume-low.png,icon_512,4.74612,5.57697,1.14829,3.85226,4.4335,5.55505,165,103
actions-format-indent-more.png,icon_512,10.8653,33.9089,2.53008,9.30028,12.81,18.4266,110,43
categories-applications-games.png,icon_512,8.72069,20.7748,2.04026,7.66951,9.74416,12.9486,109,45
mimetypes-x-office-calendar.png,icon_512,6.56608,9.80798,2.21882,6.80399,7.90479,8.43804,169,60
actions-go-next.png,icon_512,9.14413,20.7109,2.89302,5.90069,7.76769,13.625,120,56
status-audio-volume-high.png,icon_512,4.38495,4.93872,1.01348,3.40603,3.91673,5.03895,177,113
apps-preferences-desktop-assistive-technology.png,icon_512,6.53639,7.95495,0.994445,2.1468,2.847,7.95861,200,135
actions-format-text-bold.png,icon_512,8.40888,15.7496,1.45245,4.51314,5.93946,11.7519,139,74
status-weather-showers.png,icon_512,2.76356,2.77222,1.28263,2.29642,2.51736,2.98006,206,151
apps-internet-mail.png,icon_512,9.11446,19.3911,2.48809,6.30194,8.23317,13.4271,122,57
emotes-face-sad.png,icon_512,5.41515,6.54304,1.25152,2.96411,3.66177,6.49201,176,115
actions-bookmark-new.png,icon_512,5.49691,6.8013,2.22746,5.57619,6.30033,6.63579,145,80
emblems-emblem-favorite.png,icon_512,8.11323,14.5048,1.87641,7.06727,8.7572,11.1619,124,58
status-dialog-information.png,icon_512,4.31925,4.93329,0.997424,3.05373,3.56129,4.9833,184,121
apps-internet-group-chat.png,icon_512,11.2354,72.8228,6.04758,19.9562,26.7968,20.2805,89,22
mimetypes-package-x-generic.png,icon_512,8.44935,13.8403,4.00848,11.6017,13.591,11.527,117,51
actions-system-shutdown.png,icon_512,9.54825,21.2291,3.38939,9.95282,12.6967,14.4076,112,45
devices-media-optical.png,icon_512,4.13224,4.33197,0.784365,1.8012,2.25163,4.62747,241,176
emotes-face-monkey.png,icon_512,5.11853,5.83361,0.890329,2.54695,3.16767,5.96825,200,135
status-network-receive.png,icon_512,5.79298,6.47835,0.825123,3.3692,4.16595,6.71939,186,119
mimetypes-text-html.png,icon_512,4.94077,5.87544,1.3845,3.96315,4.59,5.85173,163,99
categories-applications-internet.png,icon_512,2.80929,2.74568,0.698755,2.02051,2.28126,3.00957,247,189
actions-process-stop.png,icon_512,8.87982,18.0602,2.89536,4.66803,6.22828,12.8658,129,65
apps-preferences-system-session.png,icon_512,9.63623,18.5515,5.20978,18.3832,21.396,13.9374,111,41
mimetypes-x-office-address-book.png,icon_512,8.15699,13.8295,2.13101,9.37054,11.2792,11.507,122,54
devices-network-wired.png,icon_512,8.07259,17.9913,4.69213,10.295,12.1558,11.7392,104,38
status-image-loading.png,icon_512,8.01664,14.1491,2.64157,5.45974,6.97117,11.1898,127,63
actions-media-seek-backward.png,icon_512,8.93307,20.4075,2.93668,9.53621,11.826,13.2418,111,47
apps-preferences-desktop-theme.png,icon_512,7.89368,13.8318,2.32052,7.36332,8.95464,10.8962,123,57
emotes-face-grin.png,icon_512,6.81082,9.73244,1.96963,4.88406,5.97157,8.95329,143,79
actions-view-fullscreen.png,icon_512,5.14937,6.7354,5.85026,7.71329,7.90924,6.26776,193,60
actions-media-record.png,icon_512,9.67892,27.6042,3.93487,8.81393,11.4314,15.1685,107,42
places-network-workgroup.png,icon_512,9.16801,20.2611,4.68756,14.8193,17.3928,13.7274,104,41
mimetypes-font-x-generic.png,icon_512,9.62208,22.8671,1.65663,4.75899,6.52013,14.6255,129,65
status-folder-open.png,icon_512,9.87137,24.741,3.64852,13.189,16.4663,15.0707,105,39
categories-applications-multimedia.png,icon_512,8.55152,18.0593,2.47963,7.85882,9.87137,12.4325,115,49
status-software-update-available.png,icon_512,8.91282,19.293,3.67793,12.6225,15.006,12.99,107,40
status-network-wireless-encrypted.png,icon_512,5.64042,7.41573,1.65087,3.73829,4.52545,6.90974,155,93
actions-mail-mark-junk.png,icon_512,6.42741,8.67073,1.51559,2.88123,3.71141,8.04087,169,110
emotes-face-crying.png,icon_512,5.00466,5.81364,1.14048,2.90696,3.53554,5.89041,187,120
status-image-missing.png,icon_512,10.7348,36.0321,3.28839,9.51383,12.8653,17.8156,107,41
emblems-emblem-system.png,icon_512,8.84387,16.6716,1.37358,2.94348,4.05595,12.4674,153,89
actions-folder-new.png,icon_512,4.35291,4.9437,1.20407,3.68539,4.19019,4.99588,170,105
devices-printer.png,icon_512,9.85652,20.1687,6.28257,24.1741,27.4669,14.6842,104,38
places-user-trash.png,icon_512,7.64268,11.0861,1.62909,4.96598,6.27659,10.1772,143,99
categories-preferences-desktop-peripherals.png,icon_512,6.9143,9.62684,1.5882,3.30734,4.27892,8.78318,163,95
devices-audio-card.png,icon_512,7.3999,11.5962,1.7275,4.18217,5.35731,9.80648,141,78
emblems-emblem-unreadable.png,icon_512,6.41692,7.61388,0.911569,2.37226,3.10078,7.7045,198,134
devices-network-wireless.png,icon_512,6.01193,8.15627,2.13239,4.56077,5.46194,7.52619,200,81
mimetypes-x-office-spreadsheet.png,icon_512,7.63793,11.768,1.6367,4.31674,5.57927,10.1974,146,82
actions-format-justify-center.png,icon_512,11.6192,53.6114,2.09723,8.55636,12.1588,20.4953,109,42
actions-document-print.png,icon_512,9.73837,20.3143,6.11831,22.7582,25.8559,14.5499,106,36
emotes-face-wink.png,icon_512,5.32164,6.32272,1.25093,2.85965,3.53243,6.33703,181,117
status-audio-volume-medium.png,icon_512,4.57877,5.27634,1.08638,3.65378,4.20112,5.31429,233,110
places-network-server.png,icon_512,10.3713,36.0509,8.50096,31.7827,36.5035,17.2808,94,23
emotes-face-kiss.png,icon_512,5.1079,6.11875,1.30091,3.15679,3.81615,6.08964,174,111
apps-preferences-desktop-accessibility.png,icon_512,7.29231,9.69563,1.28469,2.69684,3.57002,9.30946,178,115
emotes-face-smile.png,icon_512,5.44304,6.59085,1.2938,2.95903,3.65966,6.53215,176,116
apps-system-software-update.png,icon_512,4.40262,4.90391,1.07892,3.23696,3.7573,5.06094,181,117
categories-preferences-desktop.png,icon_512,11.0077,33.8401,7.89613,23.226,29.5252,17.9999,98,29
actions-system-lock-screen.png,icon_512,6.98753,9.06812,1.11133,4.42094,5.53701,8.78853,159,91
actions-go-bottom.png,icon_512,8.61598,16.3533,2.56525,5.44847,7.06588,12.3665,135,64
actions-format-text-underline.png,icon_512,8.2411,15.3952,1.9104,6.12496,7.77968,11.4955,129,64
status-weather-few-clouds.png,icon_512,3.53313,3.78954,1.06663,2.72868,3.08366,3.93938,194,134
apps-internet-web-browser.png,icon_512,4.49894,4.91139,0.901994,2.3539,2.87489,5.13483,210,146
actions-edit-cut.png,icon_512,7.46339,13.7044,2.14936,5.69556,7.08855,10.2554,124,61
status-weather-severe-alert.png,icon_512,3.89146,4.3493,1.50434,3.00149,3.41761,4.41635,176,116
apps-office-calendar.png,icon_512,9.83876,29.6219,4.17197,11.8585,15.1739,15.6643,101,34
categories-applications-development.png,icon_512,3.92847,4.01092,0.674541,2.03865,2.46855,4.33571,240,185
actions-go-jump.png,icon_512,8.45808,20.5158,3.84994,10.402,12.5116,12.5395,105,38
categories-applications-other.png,icon_512,8.31429,16.6284,3.81095,5.59666,7.19359,11.8112,123,57
apps-utilities-terminal.png,icon_512,6.66671,7.71302,0.874298,3.69324,4.66947,7.94864,175,110
actions-media-playback-start.png,icon_512,9.89721,31.0272,4.50201,12.995,16.3567,15.8115,101,37
actions-go-home.png,icon_512,8.95178,18.9296,3.58946,6.07687,7.93126,13.1245,120,56
devices-audio-input-microphone.png,icon_512,6.48764,9.56598,1.65712,4.15912,5.16737,8.3398,145,82
apps-internet-news-reader.png,icon_512,10.0152,22.8266,4.77798,19.6294,23.428,15.0239,104,50
status-network-error.png,icon_512,5.82387,6.40439,0.771007,2.93423,3.69099,6.72118,319,130
emotes-face-plain.png,icon_512,5.38755,6.44799,1.23207,3.00771,3.70086,6.44083,179,115
mimetypes-x-office-document.png,icon_512,10.3472,27.7608,4.82346,12.9731,16.7797,16.5743,107,38
mimetypes-image-x-generic.png,icon_512,7.20889,8.94255,2.03538,7.6019,8.86061,8.85876,145,99
status-weather-showers-scattered.png,icon_512,3.46013,3.71286,1.44103,2.77133,3.10435,3.85324,184,125
categories-applications-accessories.png,icon_512,6.738,9.88149,1.39137,4.28261,5.32568,8.64766,150,86
emotes-face-glasses.png,icon_512,3.9063,4.16851,0.83972,2.36055,2.79901,4.37266,216,154
apps-system-installer.png,icon_512,6.78356,9.99274,1.59461,3.95629,4.99779,8.76741,155,86
mimetypes-application-certificate.png,icon_512,6.73015,9.3881,1.22478,3.04074,3.94296,8.54156,170,104
actions-media-playback-pause.png,icon_512,10.2437,33.8491,5.71591,14.8249,18.78,16.7384,98,34
actions-media-eject.png,icon_512,10.1006,31.185,5.55262,14.3567,18.0424,16.1352,99,33
actions-document-save.png,icon_512,7.48954,11.5463,1.85073,3.90169,5.05757,9.96379,209,87
apps-utilities-system-monitor.png,icon_512,5.76681,6.38835,0.892325,2.30579,2.96713,6.80274,218,175
actions-system-log-out.png,icon_512,5.52565,6.1728,1.43358,2.79951,3.50048,6.54262,190,122
actions-document-new.png,icon_512,4.5692,5.4182,1.68236,4.10267,4.6475,5.36888,155,94
actions-media-skip-backward.png,icon_512,8.63111,17.5128,2.61459,8.5696,10.5811,12.4308,117,50
apps-accessories-calculator.png,icon_512,9.44731,19.9934,3.26893,12.989,15.8901,14.0576,312,43
apps-preferences-desktop-multimedia.png,icon_512,2.55385,2.52188,1.21772,2.12055,2.32145,2.72987,222,168
emotes-face-devilish.png,icon_512,5.59642,7.01715,1.71873,4.69562,5.45967,6.89496,152,93
categories-applications-graphics.png,icon_512,6.38607,9.24832,2.65409,7.3271,8.26918,8.24352,127,60
actions-edit-clear.png,icon_512,5.60664,7.83204,1.88651,4.98695,5.77122,6.98007,141,80
emotes-face-smile-big.png,icon_512,5.70126,6.98472,1.31923,3.39169,4.15662,6.92697,168,105
actions-list-remove.png,icon_512,11.287,94.1581,7.46196,27.7186,36.9772,20.642,86,19
actions-format-justify-fill.png,icon_512,11.6205,54.182,2.22089,9.18944,13.0515,20.5148,114,42
actions-format-justify-left.png,icon_512,11.6302,53.8537,2.06266,8.59207,12.2147,20.522,114,41
mimetypes-x-office-drawing.png,icon_512,9.80344,24.4085,3.82511,10.7374,13.7777,15.2063,110,42
mimetypes-x-office-presentation-template.png,icon_512,6.03777,7.23448,1.1195,4.00395,4.86112,7.37335,171,103
status-weather-overcast.png,icon_512,3.76867,4.20845,1.64121,3.20616,3.58075,4.26831,171,110
actions-media-skip-forward.png,icon_512,8.61145,17.3369,2.51974,8.54799,10.5471,12.3732,118,49
actions-format-justify-right.png,icon_512,11.6096,53.491,2.10216,8.68141,12.3319,20.4727,110,43
places-folder-saved-search.png,icon_512,9.08246,17.0426,2.13928,8.10972,10.3543,12.8605,121,55
devices-drive-harddisk.png,icon_512,9.84763,26.4529,3.24472,8.07939,10.6841,15.5489,110,45
actions-go-previous.png,icon_512,9.03156,19.9851,2.75971,5.50268,7.27262,13.3941,125,60
status-weather-storm.png,icon_512,2.93774,2.96455,0.972681,2.29839,2.5565,3.18542,216,154
actions-document-open.png,icon_512,9.37255,18.2771,3.24194,10.1862,12.7131,13.4338,117,48
actions-window-new.png,icon_512,5.4822,6.84728,3.95615,8.2901,8.58325,6.59494,129,68
status-mail-attachment.png,icon_512,9.18772,26.0989,3.58498,11.3404,14.0324,14.204,107,36
apps-accessories-text-editor.png,icon_512,7.94279,14.2867,2.13762,7.68525,9.36229,10.9824,120,55
apps-preferences-desktop-screensaver.png,icon_512,7.01495,9.34095,1.10762,4.37305,5.49246,8.767,158,91
categories-applications-system.png,icon_512,6.89538,9.77303,1.10788,3.87138,4.88431,8.74553,158,91
actions-go-down.png,icon_512,9.29984,21.9491,3.80672,7.1425,9.25998,14.1888,118,64
actions-mail-reply-all.png,icon_512,4.91164,5.88644,1.33813,3.37059,4.00693,5.78326,172,112
status-folder-visiting.png,icon_512,11.2987,47.5563,13.0669,54.6893,65.9758,19.2642,89,21
status-user-trash-full.png,icon_512,5.69499,6.64117,1.09392,2.82086,3.54517,6.82174,190,122
apps-accessories-character-map.png,icon_512,9.72104,23.5535,3.6263,6.84544,9.10897,15.0145,197,50
actions-format-text-italic.png,icon_512,9.07156,21.1673,2.53167,7.8733,10.0866,13.5238,116,49
mimetypes-x-office-drawing-template.png,icon_512,6.39438,7.90937,1.76905,5.78429,6.76442,8.17347,151,83
apps-preferences-desktop-remote-desktop.png,icon_512,5.65892,6.98208,1.00397,3.21121,3.97976,6.82453,177,112
status-software-update-urgent.png,icon_512,9.8992,31.7286,5.23348,15.2433,18.8992,15.8305,99,32
actions-mail-forward.png,icon_512,7.43291,12.3748,2.69016,4.44493,5.69944,10.0106,135,75
status-network-transmit.png,icon_512,5.83355,6.6164,0.852756,3.5145,4.33315,6.80266,183,122
actions-document-save-as.png,icon_512,7.79479,12.5889,2.14739,4.52326,5.84899,10.4594,141,75
actions-edit-delete.png,icon_512,7.49983,9.47002,1.79211,5.31029,6.64149,9.27828,149,85
mimetypes-text-x-generic-template.png,icon_512,9.93522,26.5397,3.83978,7.93094,10.4958,15.891,114,47
002.png,photo_wikipedia,0.941793,0.816405,0.751195,0.980443,0.986339,0.941911,2542,1697
016.png,photo_wikipedia,1.23375,1.06992,0.35888,0.930978,1.01021,1.23879,1798,1473
017.png,photo_wikipedia,0.969459,0.839704,0.573729,0.955322,0.972694,0.969603,2097,2184
003.png,photo_wikipedia,1.03735,0.897315,0.408502,0.914276,0.954888,1.03783,2008,2019
029.png,photo_wikipedia,0.97278,0.844334,0.775104,0.999995,1.01037,0.973923,2023,1782
015.png,photo_wikipedia,1.01235,0.8764,0.556972,0.953066,0.982343,1.01309,1760,1651
001.png,photo_wikipedia,1.0989,0.949682,0.427968,0.910965,0.968195,1.10033,2450,1907
014.png,photo_wikipedia,0.930837,0.80696,0.863095,0.98901,0.99085,0.930885,2177,1783
028.png,photo_wikipedia,1.02542,0.887158,0.573023,0.943893,0.980022,1.02631,2030,1839
010.png,photo_wikipedia,0.939981,0.81492,0.764284,0.980507,0.986024,0.940064,1937,1595
004.png,photo_wikipedia,0.927805,0.804453,0.899968,0.991296,0.99208,0.927842,1991,2013
038.png,photo_wikipedia,1.02041,0.882685,0.42344,0.919373,0.955282,1.02063,1866,1631
039.png,photo_wikipedia,0.979853,0.848604,0.574655,0.952191,0.973361,0.980101,2066,1846
005.png,photo_wikipedia,0.947704,0.822206,0.838414,0.996719,1.00119,0.948214,2006,1719
011.png,photo_wikipedia,0.948615,0.822114,0.690816,0.973198,0.982102,0.948721,2163,1905
007.png,photo_wikipedia,0.940735,0.815348,0.748098,0.978392,0.984454,0.940792,1696,1842
013.png,photo_wikipedia,1.00575,0.872682,0.633225,0.980439,1.00368,1.00712,2246,2029
012.png,photo_wikipedia,0.929481,0.805875,0.871015,0.989548,0.990902,0.929524,1800,1712
006.png,photo_wikipedia,1.13214,0.979202,0.48908,0.928001,0.992041,1.13466,2413,2170
049.png,photo_wikipedia,0.92516,0.802165,0.933017,0.99418,0.994222,0.925197,2030,1860
048.png,photo_wikipedia,0.955153,0.82923,0.810031,1.00242,1.00704,0.955982,1693,1566
040.png,photo_wikipedia,0.958115,0.830139,0.641488,0.965591,0.978375,0.958241,2110,1885
041.png,photo_wikipedia,1.08985,0.948609,0.543475,1.00206,1.0392,1.09381,1763,1650
043.png,photo_wikipedia,0.970039,0.840212,0.616711,0.960768,0.978223,0.970224,2299,2074
042.png,photo_wikipedia,0.966085,0.836937,0.592899,0.960009,0.975653,0.966265,2245,2027
046.png,photo_wikipedia,0.92567,0.80264,0.918469,0.992881,0.993004,0.925702,1726,1721
047.png,photo_wikipedia,0.947328,0.82091,0.677125,0.97114,0.980045,0.947371,2225,1787
045.png,photo_wikipedia,1.03352,0.893897,0.430943,0.919903,0.958915,1.03407,2079,1871
044.png,photo_wikipedia,1.08635,0.939499,0.404436,0.935888,0.984345,1.0879,2433,2145
023.png,photo_wikipedia,0.955485,0.827799,0.624878,0.96356,0.97598,0.955538,2083,1887
037.png,photo_wikipedia,0.940382,0.81538,0.789412,0.986021,0.9905,0.940578,1959,1766
036.png,photo_wikipedia,0.926871,0.80365,0.899446,0.991612,0.992056,0.926904,1623,1498
022.png,photo_wikipedia,0.944042,0.818598,0.814616,0.98758,0.993426,0.944323,1761,1554
008.png,photo_wikipedia,0.997765,0.863506,0.455035,0.930211,0.958744,0.997915,1752,1610
034.png,photo_wikipedia,1.03077,0.894672,0.596305,0.982059,1.00922,1.03299,1736,1558
020.png,photo_wikipedia,0.954957,0.827389,0.656612,0.967151,0.978954,0.955053,2058,1858
021.png,photo_wikipedia,0.929107,0.805491,0.882166,0.990374,0.991705,0.929147,2178,1951
035.png,photo_wikipedia,0.973101,0.842696,0.553806,0.950494,0.969639,0.973216,2004,1845
009.png,photo_wikipedia,0.974977,0.844327,0.556079,0.95049,0.970194,0.975119,1866,1678
031.png,photo_wikipedia,0.987995,0.855354,0.541345,0.942705,0.967252,0.988209,1914,1740
025.png,photo_wikipedia,0.988011,0.855597,0.60344,0.956404,0.97927,0.988499,2403,2091
019.png,photo_wikipedia,0.92945,0.8058,0.862959,0.989041,0.990566,0.929474,2134,1930
018.png,photo_wikipedia,0.978393,0.847343,0.596931,0.956154,0.97685,0.978653,2395,2145
024.png,photo_wikipedia,1.02152,0.884631,0.521083,0.940817,0.974296,1.02236,1986,1799
030.png,photo_wikipedia,0.979359,0.84794,0.524501,0.944639,0.96645,0.979482,2276,2035
026.png,photo_wikipedia,0.939795,0.814624,0.772305,0.981437,0.986755,0.939873,1972,1731
032.png,photo_wikipedia,0.981571,0.84982,0.499524,0.940525,0.963416,0.981666,1945,1752
033.png,photo_wikipedia,0.935373,0.81098,0.809509,0.985446,0.988759,0.935457,1677,1506
027.png,photo_wikipedia,0.934787,0.810305,0.801928,0.98403,0.987591,0.934834,2014,1839
