filename,category,pixel_size,encode_ms,decode_ms,size_kb,rate
pk01_panel02_s.png,textures_pk01,131072,17,24,2134,1.43935
pk01_panel02_d.png,textures_pk01,131072,23,20,3763,0.816166
pk01_panel_small02_add.png,textures_pk01,65536,1,1,57,26.5633
pk01_panel03_local.png,textures_pk01,131072,13,8,959,3.20292
pk01_pan_wall02a_local.png,textures_pk01,131072,9,6,636,4.82753
pk01_panel03b_d.png,textures_pk01,131072,107,49,3735,0.822453
pk01_pan_wall02b_s.png,textures_pk01,131072,28,18,2378,1.29141
pk01_wall02_local.png,textures_pk01,131072,105,131,1148,2.67467
pk01_pan_wall02b1_d.png,textures_pk01,131072,217,72,3507,0.875796
pk01_floor02a_d.png,textures_pk01,65536,148,58,1908,0.804811
pk01_thin_wall01b_d.png,textures_pk01,65536,107,95,1890,0.812586
pk01_wall03b_d.png,textures_pk01,262144,497,301,7539,0.814932
pk01_pan_floor01_local.png,textures_pk01,65536,135,4,444,3.45944
pk01_panel01a_add.png,textures_pk01,131072,105,17,358,8.56759
pk01_pan_floor02b_d.png,textures_pk01,65536,80,35,1870,0.821217
pk01_panel01b_d.png,textures_pk01,131072,139,88,3793,0.809757
pk01_floor02_s.png,textures_pk01,65536,95,49,1720,0.892892
pk01_gra_floor01_local.png,textures_pk01,131072,368,121,2721,1.1286
pk01_door01b_d.png,textures_pk01,131072,154,163,3758,0.817321
pk01_door01_local.png,textures_pk01,131072,134,29,1294,2.37365
pk01_tile_floor01b_d.png,textures_pk01,131072,482,280,3793,0.809814
pk01_trims01a_d.png,textures_pk01,131072,192,91,3721,0.825476
pk01_gra_floor02_d.png,textures_pk01,65536,67,390,1894,0.810828
pk01_gra_floor02_s.png,textures_pk01,65536,26,18,1689,0.908963
pk01_panel02_local.png,textures_pk01,131072,18,10,1134,2.70845
pk01_panel01_s.png,textures_pk01,131072,23,17,2705,1.13562
pk01_door01_add.png,textures_pk01,131072,3,2,68,44.9287
pk01_trims01_s.png,textures_pk01,131072,21,16,2670,1.1504
pk01_wall04b_local.png,textures_pk01,131072,15,9,1087,2.82464
pk01_pan_trim01_local.png,textures_pk01,65536,10,6,656,2.33804
pk01_thin_wall01a_d.png,textures_pk01,65536,12,10,1905,0.806297
pk01_panel_small01_add.png,textures_pk01,65536,3,2,317,4.84328
pk01_floor02b_d.png,textures_pk01,65536,11,10,1907,0.80529
pk01_panel03_s.png,textures_pk01,131072,18,14,2222,1.38245
pk01_pan_wall02b2_d.png,textures_pk01,131072,23,19,3439,0.893144
pk01_trims01_local.png,textures_pk01,131072,17,12,1562,1.96571
pk01_panel03a_d.png,textures_pk01,131072,23,20,3768,0.815184
pk01_wall03_local.png,textures_pk01,262144,25,17,1808,3.39812
pk01_thin_wall01_local.png,textures_pk01,65536,10,7,965,1.59137
pk01_pan_wall02a_s.png,textures_pk01,131072,18,13,2017,1.52262
pk01_floor01_s.png,textures_pk01,262144,48,39,6181,0.994002
pk01_roof01_local.png,textures_pk01,262144,27,19,1801,3.41137
pk01_wall03a_d.png,textures_pk01,262144,48,42,7584,0.81004
pk01_floor01_local.png,textures_pk01,262144,39,30,4924,1.24775
pk01_panel01a_d.png,textures_pk01,131072,23,20,3761,0.816648
pk01_pan_floor02a_d.png,textures_pk01,65536,11,9,1885,0.814828
pk01_panel01b_add.png,textures_pk01,131072,5,4,360,8.51375
pk01_panel_small01_local.png,textures_pk01,65536,7,5,477,3.21881
pk01_gra_floor01_s.png,textures_pk01,131072,20,14,1974,1.5557
pk01_gra_floor01_d.png,textures_pk01,131072,24,22,3803,0.80772
pk01_trims01b_d.png,textures_pk01,131072,24,20,3715,0.82673
pk01_tile_floor01a_d.png,textures_pk01,131072,24,20,3685,0.833534
pk01_vent_wall01_local.png,textures_pk01,131072,12,7,850,3.61354
pk01_door01a_d.png,textures_pk01,131072,23,20,3731,0.823215
pk01_panel01_local.png,textures_pk01,131072,14,9,1038,2.95761
pk01_pan_floor02_s.png,textures_pk01,65536,10,8,1256,1.22197
pk01_pan_floor01b_d.png,textures_pk01,65536,11,10,1859,0.82583
pk01_pan_wall01_local.png,textures_pk01,262144,40,26,2292,2.68045
pk01_trims01_spec.png,textures_pk01,131072,20,16,2767,1.11018
pk01_panel_small01_d.png,textures_pk01,65536,11,10,1873,0.819915
pk01_vent_wall01a_d.png,textures_pk01,131072,24,20,3721,0.825381
pk01_panel_small01_s.png,textures_pk01,65536,9,7,1108,1.38519
pk01_tile_floor01_local.png,textures_pk01,131072,15,10,864,3.5555
pk01_thin_wall01_s.png,textures_pk01,65536,9,7,1099,1.39728
pk01_thin_wall02_local.png,textures_pk01,65536,9,6,562,2.73223
pk01_panel02a_add.png,textures_pk01,131072,6,4,523,5.8652
pk01_panel03a_add.png,textures_pk01,131072,6,5,571,5.37994
pk01_wall04a_local.png,textures_pk01,131072,13,9,1189,2.58308
pk01_wall02_s.png,textures_pk01,131072,20,16,2449,1.25432
pk01_floor02_local.png,textures_pk01,65536,11,9,1527,1.00582
pk01_wall04a_s.png,textures_pk01,131072,24,19,3164,0.970663
pk01_wall04a_d.png,textures_pk01,131072,23,20,3810,0.806295
pk01_floor01a_d.png,textures_pk01,262144,47,42,7529,0.816001
pk01_vent_wall02_local.png,textures_pk01,131072,13,8,1017,3.01911
pk01_pan_wall02a1_d.png,textures_pk01,131072,24,20,3566,0.861299
pk01_vent_wall02_s.png,textures_pk01,131072,12,8,1131,2.71588
pk01_thin_wall02b_d.png,textures_pk01,65536,11,10,1896,0.809884
pk01_vent_wall02_d.png,textures_pk01,131072,23,20,3790,0.810455
pk01_wall02b_d.png,textures_pk01,131072,24,21,3781,0.812423
pk01_panel_small02_local.png,textures_pk01,65536,10,7,810,1.89487
pk01_panel03b_add.png,textures_pk01,131072,6,4,571,5.37192
pk01_pan_floor01a_d.png,textures_pk01,65536,11,10,1863,0.82425
pk01_pan_wall02b_local.png,textures_pk01,131072,11,7,818,3.75157
pk01_panel_small02_s.png,textures_pk01,65536,9,7,1126,1.36329
pk01_vent_wall01b_d.png,textures_pk01,131072,24,20,3641,0.843626
pk01_panel_small02_d.png,textures_pk01,65536,11,10,1877,0.818216
pk01_pan_floor01_s.png,textures_pk01,65536,10,7,1205,1.27455
pk01_wall01_local.png,textures_pk01,131072,17,12,1393,2.20437
pk01_pan_trim01_s.png,textures_pk01,65536,9,6,972,1.57999
pk01_pan_trim01_d.png,textures_pk01,65536,11,9,1892,0.811691
pk01_thin_wall02_s.png,textures_pk01,65536,10,8,1315,1.16767
pk01_panel02_add.png,textures_pk01,131072,6,4,537,5.71032
pk01_wall04b_d.png,textures_pk01,131072,24,20,3807,0.80685
pk01_wall04b_s.png,textures_pk01,131072,22,17,2726,1.12666
pk01_trims01b_add.png,textures_pk01,131072,4,3,99,30.9482
pk01_vent_wall03_s.png,textures_pk01,262144,26,19,2506,2.45123
pk01_vent_wall03_d.png,textures_pk01,262144,47,43,7630,0.805167
pk01_door01_s.png,textures_pk01,131072,21,16,2467,1.24501
pk01_wall01_s.png,textures_pk01,131072,21,18,2884,1.0649
pk01_wall01_d.png,textures_pk01,131072,23,21,3815,0.80504
pk01_pan_floor02_local.png,textures_pk01,65536,10,7,1197,1.28297
pk01_wall02a_d.png,textures_pk01,131072,23,21,3794,0.809522
pk01_roof01_d.png,textures_pk01,262144,47,42,7598,0.80859
pk01_roof01_s.png,textures_pk01,262144,50,41,6766,0.908015
pk01_vent_wall03_local.png,textures_pk01,262144,28,16,1662,3.69611
pk01_wall03_s.png,textures_pk01,262144,45,36,5381,1.14174
pk01_thin_wall02a_d.png,textures_pk01,65536,12,9,1902,0.807504
pk01_vent_wall01_s.png,textures_pk01,131072,17,13,1685,1.82305
pk01_pan_wall02a2_d.png,textures_pk01,131072,23,20,3277,0.937223
pk01_floor01b_d.png,textures_pk01,262144,47,42,7622,0.806075
pk01_pan_wall01_d.png,textures_pk01,262144,47,43,7564,0.812268
pk01_tile_floor01_s.png,textures_pk01,131072,16,12,1686,1.82106
pk01_gra_floor02_local.png,textures_pk01,65536,11,10,1866,0.823015
apps-help-browser.png,icon_64,4096,0,0,60,1.59168
actions-document-properties.png,icon_64,4096,0,0,32,2.92702
mimetypes-x-office-spreadsheet-template.png,icon_64,4096,0,0,62,1.54275
apps-preferences-system-windows.png,icon_64,4096,0,0,15,6.14093
mimetypes-x-office-presentation.png,icon_64,4096,0,0,34,2.79447
actions-format-text-strikethrough.png,icon_64,4096,0,0,33,2.90188
mimetypes-text-x-script.png,icon_64,4096,0,0,33,2.86985
actions-edit-select-all.png,icon_64,4096,0,0,24,3.99951
actions-view-refresh.png,icon_64,4096,0,0,44,2.16935
actions-go-first.png,icon_64,4096,0,0,37,2.56943
status-network-transmit-receive.png,icon_64,4096,0,0,59,1.61276
apps-preferences-system-network-proxy.png,icon_64,4096,0,0,58,1.63979
status-dialog-warning.png,icon_64,4096,0,0,22,4.17782
actions-edit-undo.png,icon_64,4096,0,0,23,4.1679
devices-computer.png,icon_64,4096,0,0,57,1.65721
categories-applications-office.png,icon_64,4096,0,0,42,2.24577
actions-go-top.png,icon_64,4096,0,0,39,2.40746
devices-drive-removable-media.png,icon_64,4096,0,0,36,2.63091
emotes-face-angel.png,icon_64,4096,0,0,55,1.71569
status-battery-caution.png,icon_64,4096,0,0,35,2.7268
actions-format-indent-less.png,icon_64,4096,0,0,26,3.66765
status-network-offline.png,icon_64,4096,0,0,59,1.61759
devices-input-mouse.png,icon_64,4096,0,0,45,2.10092
actions-appointment-new.png,icon_64,4096,0,0,67,1.41791
status-folder-drag-accept.png,icon_64,4096,0,0,34,2.81488
actions-go-last.png,icon_64,4096,0,0,35,2.72363
apps-preferences-desktop-font.png,icon_64,4096,0,0,23,4.09583
actions-mail-send-receive.png,icon_64,4096,0,0,44,2.16705
mimetypes-x-office-document-template.png,icon_64,4096,0,0,55,1.71719
actions-mail-reply-sender.png,icon_64,4096,0,0,32,2.96489
mimetypes-video-x-generic.png,icon_64,4096,0,0,45,2.12379
devices-video-display.png,icon_64,4096,0,0,50,1.91985
emblems-emblem-readonly.png,icon_64,4096,0,0,16,5.72234
emotes-face-surprise.png,icon_64,4096,0,0,50,1.88984
actions-go-up.png,icon_64,4096,0,0,27,3.50048
actions-edit-find.png,icon_64,4096,0,0,42,2.23261
mimetypes-application-x-executable.png,icon_64,4096,0,0,40,2.38278
places-user-desktop.png,icon_64,4096,0,0,32,2.9598
status-printer-error.png,icon_64,4096,0,0,37,2.59152
apps-system-file-manager.png,icon_64,4096,0,0,17,5.49829
places-user-home.png,icon_64,4096,0,0,30,3.11542
devices-input-keyboard.png,icon_64,4096,0,0,41,2.29677
apps-preferences-desktop-keyboard-shortcuts.png,icon_64,4096,0,0,52,1.82647
categories-preferences-system.png,icon_64,4096,0,0,41,2.32942
status-network-idle.png,icon_64,4096,0,0,63,1.51235
emblems-emblem-symbolic-link.png,icon_64,4096,0,0,18,5.31775
actions-contact-new.png,icon_64,4096,0,0,42,2.28555
status-weather-snow.png,icon_64,4096,0,0,50,1.88738
actions-tab-new.png,icon_64,4096,0,0,22,4.35224
apps-preferences-desktop-wallpaper.png,icon_64,4096,0,0,45,2.12669
apps-system-users.png,icon_64,4096,0,0,52,1.82166
actions-edit-find-replace.png,icon_64,4096,0,0,51,1.88102
devices-input-gaming.png,icon_64,4096,0,0,31,3.05263
emblems-emblem-photos.png,icon_64,4096,0,0,37,2.57935
actions-media-seek-forward.png,icon_64,4096,0,0,26,3.58238
devices-media-floppy.png,icon_64,4096,0,0,44,2.18177
devices-media-flash.png,icon_64,4096,0,0,40,2.38001
actions-edit-redo.png,icon_64,4096,0,0,26,3.62598
places-folder-remote.png,icon_64,4096,0,0,34,2.78426
emblems-emblem-important.png,icon_64,4096,0,0,21,4.54711
places-start-here.png,icon_64,4096,0,0,20,4.63983
actions-address-book-new.png,icon_64,4096,0,0,45,2.11284
apps-preferences-desktop-locale.png,icon_64,4096,0,0,25,3.75349
actions-edit-paste.png,icon_64,4096,0,0,39,2.41065
mimetypes-audio-x-generic.png,icon_64,4096,0,0,23,4.14365
actions-mail-message-new.png,icon_64,4096,0,0,51,1.87879
devices-camera-photo.png,icon_64,4096,0,0,40,2.399
devices-battery.png,icon_64,4096,0,0,26,3.61
status-weather-few-clouds-night.png,icon_64,4096,0,0,42,2.24757
status-weather-clear.png,icon_64,4096,0,0,43,2.22573
status-audio-volume-muted.png,icon_64,4096,0,0,44,2.17074
actions-edit-copy.png,icon_64,4096,0,0,29,3.28271
mimetypes-text-x-generic.png,icon_64,4096,0,0,21,4.52889
actions-media-playback-stop.png,icon_64,4096,0,0,15,6.22847
devices-drive-optical.png,icon_64,4096,0,0,28,3.40966
actions-system-search.png,icon_64,4096,0,0,51,1.87489
actions-document-print-preview.png,icon_64,4096,0,0,47,2.01228
devices-multimedia-player.png,icon_64,4096,0,0,43,2.22382
devices-camera-video.png,icon_64,4096,0,0,46,2.07524
places-folder.png,icon_64,4096,0,0,25,3.74064
actions-list-add.png,icon_64,4096,0,0,12,7.8845
status-weather-clear-night.png,icon_64,4096,0,0,27,3.52306
status-dialog-error.png,icon_64,4096,0,0,42,2.26674
status-audio-volume-low.png,icon_64,4096,0,0,44,2.1752
actions-format-indent-more.png,icon_64,4096,0,0,25,3.8258
categories-applications-games.png,icon_64,4096,0,0,39,2.46154
mimetypes-x-office-calendar.png,icon_64,4096,0,0,33,2.87439
actions-go-next.png,icon_64,4096,0,0,29,3.25693
status-audio-volume-high.png,icon_64,4096,0,0,49,1.92425
apps-preferences-desktop-assistive-technology.png,icon_64,4096,0,0,68,1.39426
actions-format-text-bold.png,icon_64,4096,0,0,42,2.24285
status-weather-showers.png,icon_64,4096,0,0,58,1.63098
apps-internet-mail.png,icon_64,4096,0,0,41,2.29709
emotes-face-sad.png,icon_64,4096,0,0,47,2.03528
actions-bookmark-new.png,icon_64,4096,0,0,38,2.49142
emblems-emblem-favorite.png,icon_64,4096,0,0,30,3.10127
status-dialog-information.png,icon_64,4096,0,0,42,2.24808
apps-internet-group-chat.png,icon_64,4096,0,0,11,8.19405
mimetypes-package-x-generic.png,icon_64,4096,0,0,28,3.40023
actions-system-shutdown.png,icon_64,4096,0,0,27,3.55093
devices-media-optical.png,icon_64,4096,0,0,72,1.33306
emotes-face-monkey.png,icon_64,4096,0,0,61,1.54975
status-network-receive.png,icon_64,4096,0,0,62,1.54115
mimetypes-text-html.png,icon_64,4096,0,0,47,2.03806
categories-applications-internet.png,icon_64,4096,0,0,66,1.44773
actions-process-stop.png,icon_64,4096,0,0,43,2.21765
apps-preferences-system-session.png,icon_64,4096,0,0,33,2.85809
mimetypes-x-office-address-book.png,icon_64,4096,0,0,37,2.5608
devices-network-wired.png,icon_64,4096,0,0,23,4.08731
status-image-loading.png,icon_64,4096,0,0,38,2.48048
actions-media-seek-backward.png,icon_64,4096,0,0,26,3.59023
apps-preferences-desktop-theme.png,icon_64,4096,0,0,36,2.60187
emotes-face-grin.png,icon_64,4096,0,0,41,2.30485
actions-view-fullscreen.png,icon_64,4096,0,0,25,3.70637
actions-media-record.png,icon_64,4096,0,0,27,3.46715
places-network-workgroup.png,icon_64,4096,0,0,30,3.11918
mimetypes-font-x-generic.png,icon_64,4096,0,0,32,2.92973
status-folder-open.png,icon_64,4096,0,0,26,3.6847
categories-applications-multimedia.png,icon_64,4096,0,0,39,2.45932
status-software-update-available.png,icon_64,4096,0,0,28,3.42082
status-network-wireless-encrypted.png,icon_64,4096,0,0,51,1.86797
actions-mail-mark-junk.png,icon_64,4096,0,0,57,1.66656
emotes-face-crying.png,icon_64,4096,0,0,49,1.93516
status-image-missing.png,icon_64,4096,0,0,28,3.3294
emblems-emblem-system.png,icon_64,4096,0,0,55,1.71794
actions-folder-new.png,icon_64,4096,0,0,42,2.2784
devices-printer.png,icon_64,4096,0,0,26,3.63766
places-user-trash.png,icon_64,4096,0,0,53,1.78611
categories-preferences-desktop-peripherals.png,icon_64,4096,0,0,54,1.77335
devices-audio-card.png,icon_64,4096,0,0,52,1.83502
emblems-emblem-unreadable.png,icon_64,4096,0,0,57,1.68317
devices-network-wireless.png,icon_64,4096,0,0,37,2.57833
mimetypes-x-office-spreadsheet.png,icon_64,4096,0,0,45,2.11584
actions-format-justify-center.png,icon_64,4096,0,0,24,3.99805
actions-document-print.png,icon_64,4096,0,0,27,3.51098
emotes-face-wink.png,icon_64,4096,0,0,48,1.96357
status-audio-volume-medium.png,icon_64,4096,4,0,46,2.05833
places-network-server.png,icon_64,4096,0,0,18,5.22199
emotes-face-kiss.png,icon_64,4096,4,8,48,1.95946
apps-preferences-desktop-accessibility.png,icon_64,4096,2,1,60,1.59561
emotes-face-smile.png,icon_64,4096,0,0,47,2.01836
apps-system-software-update.png,icon_64,4096,2,1,47,2.02442
categories-preferences-desktop.png,icon_64,4096,3,1,22,4.2935
actions-system-lock-screen.png,icon_64,4096,2,1,50,1.89487
actions-go-bottom.png,icon_64,4096,1,2,35,2.68238
actions-format-text-underline.png,icon_64,4096,0,3,37,2.5572
status-weather-few-clouds.png,icon_64,4096,7,0,52,1.83078
apps-internet-web-browser.png,icon_64,4096,0,0,56,1.70268
actions-edit-cut.png,icon_64,4096,3,1,39,2.41243
status-weather-severe-alert.png,icon_64,4096,0,6,50,1.8921
apps-office-calendar.png,icon_64,4096,0,0,28,3.36427
categories-applications-development.png,icon_64,4096,0,1,69,1.3883
actions-go-jump.png,icon_64,4096,21,0,20,4.79696
categories-applications-other.png,icon_64,4096,0,2,37,2.5634
apps-utilities-terminal.png,icon_64,4096,3,1,57,1.67783
actions-media-playback-start.png,icon_64,4096,0,0,19,5.04356
actions-go-home.png,icon_64,4096,0,0,42,2.28174
devices-audio-input-microphone.png,icon_64,4096,0,0,47,2.0325
apps-internet-news-reader.png,icon_64,4096,0,0,22,4.19082
status-network-error.png,icon_64,4096,0,0,69,1.38904
emotes-face-plain.png,icon_64,4096,0,0,47,2.015
mimetypes-x-office-document.png,icon_64,4096,0,0,24,3.90731
mimetypes-image-x-generic.png,icon_64,4096,0,0,41,2.33424
status-weather-showers-scattered.png,icon_64,4096,0,0,53,1.79593
categories-applications-accessories.png,icon_64,4096,0,0,50,1.88322
emotes-face-glasses.png,icon_64,4096,0,0,60,1.59014
apps-system-installer.png,icon_64,4096,1,0,37,2.53015
mimetypes-application-certificate.png,icon_64,4096,9,0,48,1.9611
actions-media-playback-pause.png,icon_64,4096,0,0,19,4.89123
actions-media-eject.png,icon_64,4096,0,0,19,4.89002
actions-document-save.png,icon_64,4096,1,0,50,1.90279
apps-utilities-system-monitor.png,icon_64,4096,0,0,76,1.25409
actions-system-log-out.png,icon_64,4096,0,0,56,1.70462
actions-document-new.png,icon_64,4096,0,0,32,2.97936
actions-media-skip-backward.png,icon_64,4096,0,0,32,2.93567
apps-accessories-calculator.png,icon_64,4096,0,0,32,2.9192
apps-preferences-desktop-multimedia.png,icon_64,4096,0,0,59,1.61001
emotes-face-devilish.png,icon_64,4096,0,0,47,2.01154
categories-applications-graphics.png,icon_64,4096,0,0,33,2.82726
actions-edit-clear.png,icon_64,4096,0,0,34,2.75616
emotes-face-smile-big.png,icon_64,4096,0,0,46,2.05069
actions-list-remove.png,icon_64,4096,0,0,8,11.8253
actions-format-justify-fill.png,icon_64,4096,0,0,22,4.24456
actions-format-justify-left.png,icon_64,4096,0,0,23,4.07056
mimetypes-x-office-drawing.png,icon_64,4096,0,0,28,3.40199
mimetypes-x-office-presentation-template.png,icon_64,4096,0,0,61,1.57296
status-weather-overcast.png,icon_64,4096,0,0,42,2.24962
actions-media-skip-forward.png,icon_64,4096,0,0,32,2.93278
actions-format-justify-right.png,icon_64,4096,0,0,23,4.06198
places-folder-saved-search.png,icon_64,4096,0,0,34,2.755
devices-drive-harddisk.png,icon_64,4096,0,0,32,2.94827
actions-go-previous.png,icon_64,4096,0,0,30,3.13569
status-weather-storm.png,icon_64,4096,0,0,57,1.67397
actions-document-open.png,icon_64,4096,0,0,34,2.79781
actions-window-new.png,icon_64,4096,0,0,24,3.98492
status-mail-attachment.png,icon_64,4096,0,0,27,3.53943
apps-accessories-text-editor.png,icon_64,4096,0,0,39,2.44976
apps-preferences-desktop-screensaver.png,icon_64,4096,0,0,51,1.85371
categories-applications-system.png,icon_64,4096,0,0,58,1.64399
actions-go-down.png,icon_64,4096,0,0,25,3.69717
actions-mail-reply-all.png,icon_64,4096,0,0,51,1.87374
status-folder-visiting.png,icon_64,4096,0,0,13,7.18596
status-user-trash-full.png,icon_64,4096,0,0,69,1.37588
apps-accessories-character-map.png,icon_64,4096,0,0,36,2.64963
actions-format-text-italic.png,icon_64,4096,0,0,29,3.2373
mimetypes-x-office-drawing-template.png,icon_64,4096,0,0,60,1.57779
apps-preferences-desktop-remote-desktop.png,icon_64,4096,0,0,59,1.62411
status-software-update-urgent.png,icon_64,4096,0,0,21,4.48856
actions-mail-forward.png,icon_64,4096,0,0,34,2.77978
status-network-transmit.png,icon_64,4096,0,0,60,1.57865
actions-document-save-as.png,icon_64,4096,0,0,43,2.19008
actions-edit-delete.png,icon_64,4096,0,0,46,2.04762
mimetypes-text-x-generic-template.png,icon_64,4096,0,0,30,3.19034
Agar.io_gameplay1.png,screenshot_game,599040,34,21,1295,10.8371
Galaxy_Game_(1971)_-_Title_screen.png,screenshot_game,262144,7,4,33,183.51
Rain_World_screenshot_-_Sky_Islands_5.png,screenshot_game,810000,138,99,13925,1.36328
CompliKATEd_screenshot_4.png,screenshot_game,810000,115,92,11424,1.66168
Galak-Z_screenshot_-_missile_porn.png,screenshot_game,810000,151,130,20385,0.931254
Flinthook_screenshot_-_Pax_start.png,screenshot_game,810000,79,58,6224,3.04994
Neverball_Titelbildschirm.png,screenshot_game,810000,73,56,6052,3.13663
Biniax2_screenshot.png,screenshot_game,270000,32,22,2851,2.2195
SpellTower_screenshot_-_PuzzleMode-Lose_2.png,screenshot_game,1920000,142,108,10207,4.40854
Neverball_Gameplay_Screenshot_12.png,screenshot_game,786432,110,85,11476,1.60603
BFM-screenshot01.png,screenshot_game,786432,94,65,6816,2.70402
PekkaKana2_Scr01.png,screenshot_game,68926,11,8,1133,1.42472
Galak-Z_screenshot_-_lost_in_space.png,screenshot_game,810000,150,131,20863,0.90993
Score4Zugzwang.png,screenshot_game,228780,13,8,419,12.7787
Minicraft_Title_Screen.png,screenshot_game,172800,5,2,32,124.762
Alto%27s_Adventure_screenshot_-_B01_Roof.png,screenshot_game,810000,69,48,3882,4.8896
TowerFall_Mirage.png,screenshot_game,691200,30,19,652,24.8134
Trini_Shii%22Mori.png,screenshot_game,392747,71,59,9412,0.977942
Dark_Scavenger_screenshot_1.png,screenshot_game,480000,87,76,13030,0.863339
Marty%27O.png,screenshot_game,484120,88,74,11792,0.962191
Sn%C3%ADmek_obrazovky_2021-09-12_v_16.57.06.png,screenshot_game,538289,32,20,1571,8.02732
Winners_Dont_Use_Drugs.png,screenshot_game,71680,3,2,54,31.0684
Job_Simulator_screenshot_-_Office_01.png,screenshot_game,810000,112,91,11624,1.63307
Blek_-_Level_5_screenshot.png,screenshot_game,858912,120,87,8889,2.26468
Able_builders_intro2.png,screenshot_game,76800,2,1,24,74.5993
ProgressQuest_Screenshot.png,screenshot_game,229670,11,6,222,24.1748
Trainyard_game_-_screenshot_of_mixing_colors_-_2_of_3.png,screenshot_game,614400,64,46,4768,3.01968
Galak-Z_screenshot_-_gz_blue.png,screenshot_game,810000,149,125,18373,1.03322
X-pired.png,screenshot_game,175070,32,27,4832,0.84909
Stay_Frosty_(SpiceWare)_1.png,screenshot_game,67200,4,2,217,7.24209
Trainyard_game_-_screenshot_of_mixing_colors_-_3_of_3.png,screenshot_game,614400,63,46,4754,3.02859
Flying_Tigers-_Shadows_Over_China_gameplay_screenshot_1.png,screenshot_game,810000,136,112,15537,1.22182
Broforce_four_players.png,screenshot_game,810000,99,76,8906,2.13151
Neverball_Gameplay_Screenshot_13.png,screenshot_game,786432,115,89,12578,1.46539
Rain_World_screenshot_-_Sky_Islands_4.png,screenshot_game,810000,115,95,13834,1.37229
Hedgeweap.png,screenshot_game,82080,7,4,569,3.37919
Towdie_Screenshot.png,screenshot_game,786432,28,16,378,48.7133
Ankh_Grim.png,screenshot_game,390879,70,57,8702,1.0527
Cree.png,screenshot_game,487436,88,74,11605,0.9844
Disim_tutorial_04.png,screenshot_game,484416,70,56,8316,1.36517
Solarus_Sample_quest_on_Windows.png,screenshot_game,328704,16,10,375,20.525
Abyss_scratch_3.0.png,screenshot_game,171124,4,2,16,250.303
Heartlight.png,screenshot_game,64000,9,6,807,1.85668
Orwell_video_game_screenshot_10.png,screenshot_game,810000,129,103,12945,1.46651
Cuyo.png,screenshot_game,213808,14,10,1302,3.84642
Simple_Simon_Solitiare_PySolFC_100.png,screenshot_game,730236,120,96,14265,1.19975
Neverball_Gameplay_Screenshot_11.png,screenshot_game,786432,94,67,7366,2.50211
Dstroy.png,screenshot_game,196608,9,5,189,24.3074
Xjump.png,screenshot_game,378858,30,18,1420,6.25273
SpellTower_screenshot_-_PuzzleMode-Lose_1.png,screenshot_game,1920000,117,84,6518,6.90313
TMW_Screenshot_15.png,screenshot_game,480000,86,70,10468,1.07468
Minetest_LazyJ%27s_Forge_in_the_evening.png,screenshot_game,810000,103,80,10436,1.81911
Frotz_ifiction.png,screenshot_game,285310,17,11,950,7.03288
Monaco_What%27s_Yours_Is_Mine_-_Screenshot_1_(Spotted).png,screenshot_game,810000,163,114,14073,1.34897
Prune_video_game_screenshot_4.png,screenshot_game,1920000,350,283,36572,1.23043
Hackmud_hacking.png,screenshot_game,907200,171,139,20487,1.03781
Dark_Scavenger_screenshot_3.png,screenshot_game,480000,79,64,8574,1.312
Briquolo.png,screenshot_game,786432,144,130,21980,0.838555
Dark_Scavenger_screenshot_2.png,screenshot_game,480000,84,69,10867,1.03516
Blek_-_Level_2_screenshot.png,screenshot_game,858912,142,103,10523,1.91286
Temporal_game_screenshot.png,screenshot_game,786432,27,16,276,66.6739
Prune_video_game_screenshot_5.png,screenshot_game,1920000,341,300,44974,1.00057
Job_Simulator_screenshot_-_Office_02.png,screenshot_game,810000,114,90,11151,1.70236
Klondike_(solitare).png,screenshot_game,262300,33,26,3927,1.56522
Battalen-screen.png,screenshot_game,48800,3,2,285,4.00164
Broforce_miniboss.png,screenshot_game,810000,51,37,3318,5.72055
SpellTower_screenshot_-_NightColors.png,screenshot_game,1920000,111,77,5821,7.73058
Everything_screenshot_03.png,screenshot_game,810000,107,85,9881,1.92113
Jb_snapshot_3.png,screenshot_game,76800,5,3,390,4.60437
CRITICAL_HIT!!.png,screenshot_game,211200,6,4,94,52.42
Neverball_Gameplay_Screenshot_10.png,screenshot_game,786432,113,91,12395,1.48695
DeSmuME_0.9.11_emulating_Diamond_Trust_of_London_on_macOS_High_Sierra.png,screenshot_game,217710,16,12,1274,4.00493
Sintel_The_Game_Docks.png,screenshot_game,864000,156,132,20798,0.973634
Crack_Attack!_ingame.png,screenshot_game,489879,36,28,3078,3.72949
Alto%27s_Adventure_screenshot_-_B08_Forest_Dawn.png,screenshot_game,810000,69,47,3287,5.77524
Epistory07.png,screenshot_game,810000,147,125,19847,0.956513
MEMPTR_Snake.png,screenshot_game,76800,2,1,15,118.093
Hanlons_Razor_(Hanlon%27s_Razor)_HRAZOR_Menu_Screen.png,screenshot_game,1152000,44,29,1621,16.6557
SpellTower_screenshot_-_VsPlayer2.png,screenshot_game,786432,56,38,2976,6.19318
Blek_-_Level_3_screenshot.png,screenshot_game,858912,120,87,8970,2.24412
CompliKATEd_screenshot_2.png,screenshot_game,810000,140,113,16021,1.18491
Sn%C3%ADmek_obrazovky_2021-09-19_v_13.06.08.png,screenshot_game,40656,2,1,159,5.96836
Celeste_screenshot_08.png,screenshot_game,810000,95,68,6148,3.08749
Darkelf_-_tituln%C3%AD_str%C3%A1nka.png,screenshot_game,803240,102,78,9992,1.88405
Alto%27s_Adventure_screenshot_-_B04_Quarter_Pipe.png,screenshot_game,810000,81,57,4806,3.94968
Trashmania_2.png,screenshot_game,268800,7,4,26,238.192
Terracota_-_Mapa_inicial.png,screenshot_game,810000,140,118,17829,1.06476
Htdamg_affinity.png,screenshot_game,237718,27,20,2429,2.29313
Prune_video_game_screenshot_1.png,screenshot_game,1920000,332,303,48587,0.926161
Xlogical.png,screenshot_game,480000,58,44,6083,1.84926
Euchreshot1.png,screenshot_game,67200,2,1,11,132.982
SvsL_01.png,screenshot_game,165600,20,12,1580,2.45531
Dark_Scavenger_screenshot_6.png,screenshot_game,480000,86,71,11005,1.02223
Minetest_LazyJ%27s_Forge_in_survival_mode.png,screenshot_game,810000,104,90,14384,1.31982
Monaco_What%27s_Yours_Is_Mine_-_Screenshot_6_(Character_Selection).png,screenshot_game,810000,53,49,3253,5.8358
Rain_World_screenshot_-_Shoreline_1.png,screenshot_game,810000,93,73,9003,2.10864
Job_Simulator_screenshot_-_Constore_02.png,screenshot_game,810000,118,96,12857,1.47651
Rain_World_screenshot_-_2016-05-31_16_46_49_progress.png,screenshot_game,810000,144,113,14672,1.29389
Mode_7_Test-0000.png,screenshot_game,917504,30,21,360,59.7155
Trashmania_3.png,screenshot_game,268800,7,3,30,208.763
Celeste_screenshot_09.png,screenshot_game,810000,97,84,6124,3.09949
20XX_Menu_picture.png,screenshot_game,257404,39,18,2312,2.60932
Interface-amour-sucre.png,screenshot_game,679992,133,112,12380,1.28726
CompliKATEd_screenshot_3.png,screenshot_game,810000,143,115,15793,1.20206
Blackwood_Crossing_August_reveal_screenshot_05_Island.png,screenshot_game,810000,124,106,17022,1.11525
Terracota_-_Jogo_menina.png,screenshot_game,810000,105,84,11168,1.69986
Tacoma_ConferenceRoom.png,screenshot_game,810000,118,92,11353,1.67213
SpellTower_screenshot_-_RushMode.png,screenshot_game,614400,34,22,1261,11.4105
OpenBVEStartScreen.png,screenshot_game,631538,28,20,1138,12.9961
Alto%27s_Adventure_screenshot_-_B00_Kicker.png,screenshot_game,810000,72,50,4196,4.52435
Blek_-_Level_4_screenshot.png,screenshot_game,858912,119,86,8757,2.29866
Wurfel_Engine_screenshot.png,screenshot_game,810000,150,133,22611,0.839606
Screenshot_of_the_Ultima_Ratio_Regum_version_0.7.0._taken_in_2015.png,screenshot_game,734976,29,17,471,36.5326
CompliKATEd_screenshot_1.png,screenshot_game,810000,139,113,16027,1.18448
SpellTower_screenshot_-_VsPlayer1.png,screenshot_game,786432,56,39,3112,5.92177
Broforce_on_the_helicopter.png,screenshot_game,810000,76,57,6830,2.77927
Trek73_video_game_screenshot.png,screenshot_game,256000,8,4,63,94.8704
Evacshelter_b.png,screenshot_game,12800,1,0,16,18.0091
Prune_video_game_screenshot_2.png,screenshot_game,1920000,347,322,52312,0.860212
Broforce_parachute_mooks.png,screenshot_game,810000,75,58,6691,2.83694
Speedway-Joyce_Weisbecker.png,screenshot_game,232263,8,5,121,44.7463
Euchreshot2.png,screenshot_game,67200,2,0,13,117.5
Letterpress_previous_games_screenshot.png,screenshot_game,727040,26,19,860,19.794
PioneerSpaceSim_screenshot.png,screenshot_game,614400,74,56,6443,2.2348
Dark_Scavenger_screenshot_5.png,screenshot_game,480000,133,71,11037,1.01926
Dark_Scavenger_screenshot_4.png,screenshot_game,480000,81,64,8759,1.28439
Rain_World_screenshot_-_Shoreline_2.png,screenshot_game,810000,61,46,5158,3.68031
Euchreshot3.png,screenshot_game,67200,2,0,11,131.743
Meritous-automap.png,screenshot_game,307200,16,9,468,15.383
Job_Simulator_screenshot_-_Constore_01.png,screenshot_game,810000,116,94,12645,1.50129
Sn%C3%ADmek_obrazovky_2021-09-05_v_14.06.43.png,screenshot_game,82836,2,2,103,18.8439
Rail_Route_%E2%80%94_Logo-black.png,screenshot_game,640000,17,9,96,155.527
Minetest_LazyJ%27s_Forge_at_dusk.png,screenshot_game,810000,106,87,11694,1.62333
Prune_video_game_screenshot_3.png,screenshot_game,1920000,247,201,25617,1.75664
Rail_Route_%E2%80%94_Editor.png,screenshot_game,810000,109,86,11691,1.62375
Bankai.png,screenshot_game,562401,71,51,5246,2.51222
Job_Simulator_screenshot_-_Hero_convenience.png,screenshot_game,810000,113,88,10849,1.74982
EmpireOriginal.png,screenshot_game,252800,11,6,313,18.9278
Absolver_screenshot_Help.png,screenshot_game,810000,151,131,20767,0.914131
Rain_World_screenshot_-_Sky_Islands_1.png,screenshot_game,810000,109,91,12962,1.46461
Glenn_Wichman_Toxic_ravine.png,screenshot_game,43776,5,3,534,1.92069
Smiler_in_Arrowe_Land.png,screenshot_game,76800,2,1,21,81.9929
Scourge_character_creation.png,screenshot_game,210000,38,29,4054,1.21406
Tacoma_CrewMeeting.png,screenshot_game,810000,130,108,15162,1.25207
Alto%27s_Adventure_screenshot_-_A06_Forest.png,screenshot_game,810000,147,118,15656,1.21256
Rca_studio2_bowling_ss.png,screenshot_game,137408,4,1,7,417.231
Prune_screenshot_wide.png,screenshot_game,640200,104,88,14187,1.05761
Alto%27s_Adventure_screenshot_-_A03_Sunrise.png,screenshot_game,810000,63,41,2500,7.59243
Fullscore5-1.png,screenshot_game,94878,8,5,690,3.21906
This_Is_the_Police_-_Screenshot_02.png,screenshot_game,810000,72,55,5739,3.30751
Ambient_lights_cube_engine.png,screenshot_game,2160000,375,332,50001,1.01246
Push_Me_Pull_You_screenshot_07.png,screenshot_game,810000,32,22,1332,14.2425
Blackwood_Crossing_August_reveal_screenshot_04_Planetarium.png,screenshot_game,810000,152,132,21978,0.863776
Cibele_video_game_screenshot_3.png,screenshot_game,781200,108,91,13566,1.3496
Neverball_Gameplay_Screenshot_7.png,screenshot_game,810000,96,78,11029,1.72119
Alto%27s_Adventure_screenshot_-_B07_Island.png,screenshot_game,810000,77,54,4351,4.36276
WorldWar3Preview.png,screenshot_game,330752,56,48,7917,0.979121
Neverball_Kursauswahl.png,screenshot_game,786432,65,50,5666,3.25281
Hwscreen.png,screenshot_game,456688,52,38,4439,2.41085
KNetWalk.png,screenshot_game,216240,22,15,1438,3.52394
KAtomicScreenShot.png,screenshot_game,331128,28,22,1966,3.94593
Orwell_video_game_screenshot_6.png,screenshot_game,810000,97,75,9068,2.09337
Threes_development_process_art_mockup_16.png,screenshot_game,614400,22,13,458,31.3848
Threes_development_process_art_mockup_02.png,screenshot_game,614400,18,12,158,91.079
Samba_of_the_Wolves_Wiley.png,screenshot_game,307200,52,43,6919,1.04048
Rain_World_screenshot_-_Line_Farms_2.png,screenshot_game,810000,93,78,10798,1.75805
PerOxydScreenshot.png,screenshot_game,256000,40,29,3892,1.54149
EmpireOpenSource_windowless.png,screenshot_game,210000,7,4,236,20.837
Threes_development_process_art_mockup_03.png,screenshot_game,614400,20,11,278,51.6791
Threes_development_process_art_mockup_17.png,screenshot_game,614400,20,12,325,44.1964
Chasing_Aurora_screenshot_09_(Wii_U).png,screenshot_game,810000,103,79,9536,1.9908
Chasing_Aurora_screenshot_10_(Chase).png,screenshot_game,810000,65,50,5595,3.39282
Scourge_character_information.png,screenshot_game,392675,70,55,7731,1.19041
Orwell_video_game_screenshot_7.png,screenshot_game,810000,113,91,11343,1.67353
Rouge-game.png,screenshot_game,219050,13,7,431,11.9029
SaoriFKiss002.png,screenshot_game,492000,61,48,6747,1.70905
Tooth_and_Tail_-_Development_4.png,screenshot_game,837600,121,98,13933,1.40896
Alto%27s_Adventure_screenshot_-_A04_Ice.png,screenshot_game,810000,76,53,4533,4.18759
Neverball_Gameplay_Screenshot_6.png,screenshot_game,810000,114,93,13120,1.44695
Cibele_video_game_screenshot_2.png,screenshot_game,810000,133,107,14567,1.3032
Cw3.png,screenshot_game,784641,64,43,3014,6.10037
Push_Me_Pull_You_screenshot_06.png,screenshot_game,810000,43,32,2851,6.65761
Chasing_Aurora_screenshot_08_(Thorn).png,screenshot_game,810000,98,76,8947,2.12172
Kikinanobot.png,screenshot_game,786432,40,25,1199,15.3718
This_Is_the_Police_-_Screenshot_03.png,screenshot_game,810000,61,43,3770,5.03446
Core_War_PMars_Screenshot.png,screenshot_game,74784,3,1,87,20.1456
Pang_Zero.png,screenshot_game,484610,42,27,1980,5.73634
This_Is_the_Police_-_Screenshot_01.png,screenshot_game,810000,77,60,7159,2.65159
KSpaceDuel1.1.png,screenshot_game,597192,17,10,317,44.0986
Push_Me_Pull_You_screenshot_04.png,screenshot_game,810000,31,22,1194,15.8982
Push_Me_Pull_You_screenshot_10.png,screenshot_game,810000,62,47,5354,3.54519
HDX_Screenshot.png,screenshot_game,1120800,166,151,25276,1.03925
Openciv-0.95.png,screenshot_game,444905,48,37,4127,2.52605
Chasing_Aurora_screenshot_11_(Freeze).png,screenshot_game,810000,107,80,8751,2.16938
Neverball_Gameplay_Screenshot_4.png,screenshot_game,810000,133,113,17946,1.05784
Rain_World_screenshot_-_subway.png,screenshot_game,722670,59,39,2038,8.30959
Kye.png,screenshot_game,176894,13,8,760,5.45234
Flinthook_screenshot_-_Pax_tutorial.png,screenshot_game,810000,89,68,7687,2.46955
Project_Starfighter.png,screenshot_game,389000,22,13,619,14.712
Hackmud_patching.png,screenshot_game,906000,168,136,18506,1.14737
Freedom_Planet_Cutscene.png,screenshot_game,408960,25,16,653,14.6646
Moria-like-game.png,screenshot_game,33600,1,0,22,34.3295
Threes_development_process_art_mockup_01.png,screenshot_game,614400,17,10,79,180.666
Threes_development_process_art_mockup_15.png,screenshot_game,614400,22,14,583,24.6796
Blek_screenshot_collection_4.png,screenshot_game,1076400,92,63,4149,6.07954
Rain_World_screenshot_-_Shorelne_4.png,screenshot_game,810000,59,43,4305,4.40983
Absolver_screenshot_Forest.png,screenshot_game,810000,152,129,18959,1.00133
Dnd8won.png,screenshot_game,262144,8,5,115,53.2624
Threes_development_process_art_mockup_14.png,screenshot_game,614400,19,11,218,65.848
Minetest_LazyJ%27s_Forge_with_creative_inventory_opened.png,screenshot_game,810000,98,78,10894,1.7426
Trainyard_game_-_prototype_screenshot_dated_2009_May.png,screenshot_game,153600,23,17,2944,1.22254
Orwell_video_game_screenshot_4.png,screenshot_game,810000,95,72,8438,2.24968
Minetest_high-res_texture_pack_2.png,screenshot_game,608256,108,90,13976,1.02
Antimage.png,screenshot_game,537504,46,30,1985,6.34644
Neverball_Gameplay_Screenshot_5.png,screenshot_game,810000,85,64,6372,2.97934
Cw0.png,screenshot_game,784641,79,55,4960,3.70742
Battle_for_Mandicor_0.0.5.png,screenshot_game,786432,96,65,6347,2.90399
Cibele_video_game_screenshot_1.png,screenshot_game,810000,149,125,18447,1.0291
Cyclops-cover.png,screenshot_game,810000,108,84,10619,1.78771
DRAGON32_Shock_Trooper_1Titles.png,screenshot_game,307200,11,6,203,35.3934
Push_Me_Pull_You_screenshot_05.png,screenshot_game,810000,28,20,816,23.2546
Thrust_Title.png,screenshot_game,67200,2,1,42,37.1819
Lbreakout2.png,screenshot_game,308945,58,48,8333,0.868915
Labyrinth_for_Sword_of_Fargoal_%22Sword_Level%22.png,screenshot_game,808800,84,72,10877,1.74266
Alto%27s_Adventure_screenshot_-_B02_Village.png,screenshot_game,810000,66,46,3610,5.25812
Nuclear_Throne_screenshot_09.png,screenshot_game,810000,70,53,6030,3.14816
LastBattleForceRates.png,screenshot_game,196608,8,5,140,32.8474
Push_Me_Pull_You_screenshot_01.png,screenshot_game,810000,28,20,1052,18.0376
CityBattle_Virtual_Earth_Screenshot1.png,screenshot_game,802800,149,127,20144,0.934034
This_Is_the_Police_-_Screenshot_04.png,screenshot_game,810000,57,41,3833,4.95264
This_Is_the_Police_-_Screenshot_10.png,screenshot_game,810000,67,51,5486,3.46047
Absolver_screenshot_Fight02.png,screenshot_game,810000,151,130,21085,0.90035
Job_Simulator_screenshot_-_Auto_01.png,screenshot_game,810000,105,83,10945,1.73442
Evacshelter.png,screenshot_game,32508,1,0,30,24.6849
Neverball_Gameplay_Screenshot_1.png,screenshot_game,810000,122,99,14647,1.29606
FooBillard_3.0a_on_Linux_sshot20040807.png,screenshot_game,478002,50,36,3583,3.12629
Clonk-Endeavour-4.9.5.4-deutsch-screen.png,screenshot_game,717920,117,86,9158,1.83715
BananaDash2.png,screenshot_game,215625,7,5,219,23.0084
Tooth_and_Tail_-_Development_3.png,screenshot_game,811200,137,112,15244,1.24719
Score4ForbiddenPost.png,screenshot_game,226870,8,5,159,33.2524
Noctis_Screenshot.png,screenshot_game,183200,21,14,1318,3.25557
Gang_Garrison_2.png,screenshot_game,480000,15,8,109,102.34
Jump_%27n_Bump.png,screenshot_game,409600,21,12,518,18.5052
Job_Simulator_screenshot_-_Fun_01.png,screenshot_game,810000,113,91,11948,1.58888
PySolFC-Bakers-Deal-No-2-Midst-of-Solving-by-fc-solve-with-gi-preset.png,screenshot_game,422770,69,54,7964,1.24413
Threes_development_process_art_mockup_04.png,screenshot_game,614400,17,11,133,107.697
BioRust_Screenshot_02.png,screenshot_game,810000,139,112,15022,1.26376
Threes_development_process_art_mockup_10.png,screenshot_game,614400,24,16,673,21.3665
Konquest.png,screenshot_game,420736,21,12,765,12.8888
Trainyard_game_-_Machine_Gun_level_screenshot.png,screenshot_game,614400,68,48,5231,2.75254
Star_Trek_text_game.png,screenshot_game,157168,4,2,29,123.511
Tacoma_StationExterior.png,screenshot_game,810000,135,111,14078,1.34846
Threes_development_process_art_mockup_11.png,screenshot_game,614400,24,14,647,22.233
BioRust_Screenshot_03.png,screenshot_game,810000,118,91,10496,1.80868
Threes_development_process_art_mockup_05.png,screenshot_game,614400,18,11,205,69.9865
Volcano.png,screenshot_game,307200,11,6,200,35.8714
Orwell_video_game_screenshot_1.png,screenshot_game,810000,97,76,9375,2.02485
Mapperkmud.png,screenshot_game,562408,29,16,713,18.4666
Tooth_and_Tail_-_Development_2.png,screenshot_game,812400,102,77,8755,2.17476
Behaviour_Tree.png,screenshot_game,810000,84,62,6818,2.7842
Rudo.png,screenshot_game,484530,91,78,13548,0.838168
Kiki_the_nano_bot_screenshot.png,screenshot_game,480000,27,16,781,14.4005
Absolver_screenshot_Fight03.png,screenshot_game,810000,151,134,22215,0.854566
This_Is_the_Police_-_Screenshot_11.png,screenshot_game,810000,42,32,2624,7.23265
This_Is_the_Police_-_Screenshot_05.png,screenshot_game,810000,75,55,5813,3.2653
EmpireOpenSource.png,screenshot_game,247812,12,7,409,14.1728
Nuclear_Throne_screenshot_08.png,screenshot_game,810000,54,40,3834,4.95118
A_House_in_California.png,screenshot_game,764400,28,18,699,25.5983
Jumper_platformer.png,screenshot_game,271502,11,6,189,33.6173
ADR1FT_gameplay_screenshot.png,screenshot_game,694375,123,103,15505,1.0496
CityBattle_Virtual_Earth_Screenshot2.png,screenshot_game,810000,143,117,16792,1.13055
Push_Me_Pull_You_screenshot_02.png,screenshot_game,810000,27,18,847,22.39
Absolver_screenshot_Fight01.png,screenshot_game,810000,150,129,20951,0.906127
Contraption_8.png,screenshot_game,810000,69,52,5640,3.36564
This_Is_the_Police_-_Screenshot_07.png,screenshot_game,810000,81,61,6508,2.91676
Interstellar_Force_Lost_in_8-Bit_space_(5455466752).png,screenshot_game,153600,26,22,4109,0.87611
Job_Simulator_screenshot_-_Auto_02.png,screenshot_game,810000,105,85,11501,1.65061
Actsmudwintinnet.png,screenshot_game,276780,12,7,300,21.571
KGoldrunner_game_in_progress.png,screenshot_game,809856,43,26,1542,12.3046
Neverball_Gameplay_Screenshot_2.png,screenshot_game,810000,122,102,15506,1.22431
Monaco_What%27s_Yours_Is_Mine_-_Screenshot_5_(Hacking_the_Embassy).png,screenshot_game,900000,158,127,16157,1.30549
Rail_Route_%E2%80%94_Header-image.png,screenshot_game,466800,84,74,12319,0.888042
Job_Simulator_screenshot_-_Fun_02.png,screenshot_game,810000,108,86,10271,1.84829
Orwell_video_game_screenshot_3.png,screenshot_game,810000,86,65,7921,2.39654
Trainspotting.png,screenshot_game,51840,2,1,91,13.3302
Blek_screenshot_collection_2.png,screenshot_game,1078800,77,51,3205,7.88787
BioRust_Screenshot_01.png,screenshot_game,810000,146,134,23421,0.810556
Threes_development_process_art_mockup_13.png,screenshot_game,614400,21,14,464,30.9686
Threes_development_process_art_mockup_07.png,screenshot_game,614400,21,13,531,27.0952
Trainyard_game_-_Cooksville_Creek_level_screenshot.png,screenshot_game,614400,67,48,5151,2.79522
Broforce_boss_rocket.png,screenshot_game,810000,75,57,6425,2.95435
Threes_development_process_art_mockup_06.png,screenshot_game,614400,20,13,476,30.2083
Threes_development_process_art_mockup_12.png,screenshot_game,614400,18,12,202,70.9592
Thrust_InGame.png,screenshot_game,67200,3,1,69,22.754
Blek_screenshot_collection_3.png,screenshot_game,1078800,89,60,4023,6.28387
DayZ.png,screenshot_game,124778,6,4,287,10.1597
Town_of_Xenon.png,screenshot_game,230400,14,10,629,8.58017
Orwell_video_game_screenshot_2.png,screenshot_game,810000,83,61,6997,2.71315
B.A.L.L.Z.png,screenshot_game,331128,18,11,519,14.9339
Tooth_and_Tail_-_Development_1.png,screenshot_game,837600,130,109,16512,1.18884
Benkid77_GoldenEgg.png,screenshot_game,76800,2,1,12,145.18
Neverball_Gameplay_Screenshot_3.png,screenshot_game,810000,124,103,15843,1.19821
Contraption_9.png,screenshot_game,810000,83,64,6906,2.7488
This_Is_the_Police_-_Screenshot_06.png,screenshot_game,810000,64,48,5077,3.73916
This_Is_the_Police_-_Screenshot_12.png,screenshot_game,810000,83,64,7829,2.42468
Push_Me_Pull_You_screenshot_03.png,screenshot_game,810000,32,22,1501,12.6397
Paku_Paku.png,screenshot_game,256000,9,5,136,43.8481
Hundreds_(video_game)_-_Level_61.png,screenshot_game,786432,144,98,9675,1.90507
Metamorphabet_screenshot_03.png,screenshot_game,786432,116,86,9567,1.92658
Neverputt_Gameplay_Screenshot_2.png,screenshot_game,810000,67,47,4657,4.07594
Pong.png,screenshot_game,480000,12,6,26,429.114
Nuclear_Throne_screenshot_06.png,screenshot_game,810000,182,74,9521,1.99386
Crusader_Tetra.png,screenshot_game,28470,1,0,101,6.59683
Muttsworldmine_Survival_spawn.png,screenshot_game,624310,111,94,14715,0.994348
Contraption_4.png,screenshot_game,810000,72,50,4767,3.98234
Cave_Troll_Level_Of_Sintel_The_Game.png,screenshot_game,687600,126,107,16293,0.989091
Severed_screenshot_04.png,screenshot_game,810000,128,103,13396,1.41717
SpellTower_screenshot_-_Tutorial.png,screenshot_game,1920000,127,90,7182,6.26482
Ai_dungeon_with_a_custom_setting.png,screenshot_game,813600,24,19,510,37.3804
Flinthook_screenshot_-_Pax_square_5.png,screenshot_game,640000,24,14,327,45.7404
Rain_World_screenshot_-_Underhang_1080.png,screenshot_game,810000,96,76,10195,1.86202
VideoOlympics.png,screenshot_game,922800,25,14,86,249.926
Threes_development_process_art_mockup_23.png,screenshot_game,614400,19,12,243,59.1696
Bethewumpus_screenshot.png,screenshot_game,420472,12,7,81,120.663
Monaco_What%27s_Yours_Is_Mine_-_Screenshot_4_(Casino_Heist).png,screenshot_game,900000,165,134,18276,1.15414
Sopwith-screenshot.png,screenshot_game,255600,6,3,22,264.916
Mini_Metro_screenshot_0.png,screenshot_game,810000,117,86,8860,2.14269
Benkid77_SpaceWhale.png,screenshot_game,76800,2,1,12,143.44
Fragments_of_Him_-_Work_In_Progress_screenshot_3.png,screenshot_game,810000,146,118,16529,1.14851
Mini_Metro_screenshot_1.png,screenshot_game,810000,116,83,8529,2.22579
American_Sammy_Corp.png,screenshot_game,25760,2,1,117,5.12832
Neverputt_Titelbildschirm.png,screenshot_game,810000,55,40,4275,4.44027
Galak-Z_screenshot_-_floating_rhino.png,screenshot_game,796800,147,127,20931,0.89221
Threes_development_process_art_mockup_22.png,screenshot_game,614400,18,12,266,54.0063
Alchemistpic.png,screenshot_game,518000,61,41,3927,3.09123
Flinthook_screenshot_-_Pax_square_4.png,screenshot_game,640000,23,14,296,50.5844
Severed_screenshot_05.png,screenshot_game,810000,133,105,13834,1.37226
Fantastic_Contraption_VR_screenshot_06.png,screenshot_game,810000,72,56,6815,2.78534
Monaco_What%27s_Yours_Is_Mine_-_Screenshot_2_(Lobby).png,screenshot_game,810000,97,74,9335,2.03358
SpellTower_screenshot_-_RushMode(2).png,screenshot_game,1920000,116,83,6082,7.39821
Contraption_5.png,screenshot_game,810000,84,64,7557,2.51202
Dr._Langeskov_The_Tiger_and_The_Terribly_Cursed_Emerald_Screenshot_6.png,screenshot_game,810000,112,91,11159,1.70115
Lemonade_Stand_2.png,screenshot_game,215040,7,3,57,87.0872
Job_Simulator_screenshot_-_Kitchen_01.png,screenshot_game,810000,91,73,9179,2.0681
Nuclear_Throne_screenshot_07.png,screenshot_game,810000,64,50,5527,3.43423
Neverputt_Gameplay_Screenshot_3.png,screenshot_game,810000,74,56,6732,2.81999
Metamorphabet_screenshot_02.png,screenshot_game,786432,144,113,14461,1.2746
Neverputt_Gameplay_Screenshot_1.png,screenshot_game,810000,82,58,5984,3.1723
Nuclear_Throne_screenshot_05.png,screenshot_game,810000,80,61,7293,2.60287
Dr._Langeskov_The_Tiger_and_The_Terribly_Cursed_Emerald_Screenshot_4.png,screenshot_game,810000,144,119,16832,1.12787
This_Is_the_Police_-_Screenshot_08.png,screenshot_game,810000,48,35,2897,6.55308
Neverball_Sprachauswahl.png,screenshot_game,810000,48,31,1788,10.617
Contraption_7.png,screenshot_game,810000,95,75,9520,1.99396
Monaco_What%27s_Yours_Is_Mine_-_Screenshot_3_(The_Lookout_in_Action).png,screenshot_game,900000,164,134,18410,1.14576
The_Bub%27s_Brothers.png,screenshot_game,262400,14,8,490,12.5325
Frogatto.png,screenshot_game,480000,29,19,825,13.6295
Fantastic_Contraption_VR_screenshot_04.png,screenshot_game,810000,89,70,8924,2.12715
Triplane_Turmoil_screenshot.png,screenshot_game,64000,4,2,137,10.9474
ReCaged_project_version_0.7.0_preview_thumbnail.png,screenshot_game,960000,35,21,556,40.4573
Royals_screenshot.png,screenshot_game,384000,13,7,168,53.2575
Threes_development_process_art_mockup_20.png,screenshot_game,614400,23,14,478,30.0759
Broforce_landmine.png,screenshot_game,810000,76,57,6793,2.79466
Threes_development_process_art_mockup_08.png,screenshot_game,614400,22,15,649,22.1795
Job_Simulator_screenshot_-_Hero_kitchen.png,screenshot_game,810000,71,52,5853,3.24299
Mini_Metro_screenshot_3.png,screenshot_game,810000,121,93,10522,1.80415
Broforce_boss_destructing.png,screenshot_game,810000,83,62,7321,2.59289
Fragments_of_Him_-_Work_In_Progress_screenshot_1.png,screenshot_game,810000,105,83,9295,2.04243
Alto%27s_Adventure_screenshot_-_A05_Night.png,screenshot_game,810000,62,42,3097,6.12802
Mini_Metro_screenshot_2.png,screenshot_game,810000,120,87,9111,2.08351
Threes_development_process_art_mockup_09.png,screenshot_game,614400,23,14,659,21.8502
Threes_development_process_art_mockup_21.png,screenshot_game,614400,21,13,352,40.8643
PVEgen.png,screenshot_game,532800,65,51,6854,1.82187
Tutojob.png,screenshot_game,337452,59,47,6531,1.21084
Scourge_screenshot_r2315.png,screenshot_game,786432,140,121,19333,0.953366
FreeOrion-production.png,screenshot_game,786432,45,33,2975,6.19498
Fantastic_Contraption_VR_screenshot_05.png,screenshot_game,810000,83,67,8244,2.30254
Hundreds_(video_game)_-_Level_0.png,screenshot_game,786432,135,98,9576,1.92477
Dre.png,screenshot_game,64000,3,2,161,9.27839
This_Is_the_Police_-_Screenshot_09.png,screenshot_game,810000,84,63,6852,2.77043
Contraption_6.png,screenshot_game,810000,91,71,8131,2.33471
Chasing_Aurora_screenshot_12_(Freeze).png,screenshot_game,810000,121,97,12085,1.57089
Alto%27s_Adventure_screenshot_-_B11_Volcano.png,screenshot_game,810000,56,37,2642,7.18471
Dr._Langeskov_The_Tiger_and_The_Terribly_Cursed_Emerald_Screenshot_5.png,screenshot_game,810000,135,112,15778,1.2032
Opentyrian_torm.png,screenshot_game,74784,11,8,1039,1.68671
Nuclear_Throne_screenshot_04.png,screenshot_game,810000,85,63,7098,2.6743
Job_Simulator_screenshot_-_Kitchen_02.png,screenshot_game,810000,91,73,9812,1.93474
Lemonade_Stand_1.png,screenshot_game,215040,7,4,76,66.1899
Nuclear_Throne_screenshot_10.png,screenshot_game,810000,60,44,4535,4.18613
Metamorphabet_screenshot_01.png,screenshot_game,786432,125,93,8519,2.16359
Yoda_Soccer_screenshot.png,screenshot_game,307200,40,27,2570,2.80111
Dcss.0.21.webtiles.Elven-Halls.png,screenshot_game,736800,79,66,9932,1.73861
Metamorphabet_screenshot_05.png,screenshot_game,786432,108,76,6665,2.76537
Neverputt_Gameplay_Screenshot_4.png,screenshot_game,810000,60,41,3815,4.97529
Blackwood_Crossing_August_reveal_screenshot_03_Treehouse.png,screenshot_game,810000,146,127,20488,0.926606
Contraption_2.png,screenshot_game,810000,69,54,6048,3.13893
BOSscreen.png,screenshot_game,480000,81,60,7160,1.57117
StationSnapshot2.png,screenshot_game,607500,44,31,3227,4.41219
Ten_tiles_on_weekly_no_tabs_full_res.png,screenshot_game,549017,41,30,3566,3.60775
Dr._Langeskov_The_Tiger_and_The_Terribly_Cursed_Emerald_Screenshot_1.png,screenshot_game,810000,142,120,18399,1.03181
TowerFall_Flight.png,screenshot_game,691200,37,24,939,17.2493
Tile_World.png,screenshot_game,325038,18,10,653,11.6653
Ayner.png,screenshot_game,485982,86,72,11072,1.02866
Blocks_on_ice_gameplay_1.png,screenshot_game,153600,27,22,3651,0.986015
Neverball_Gameplay_Screenshot_8.png,screenshot_game,786432,107,85,11974,1.53931
Severed_screenshot_02.png,screenshot_game,810000,134,107,13318,1.42542
SolarWolf-splash.png,screenshot_game,480000,38,28,2822,3.98552
Fantastic_Contraption_VR_screenshot_01.png,screenshot_game,810000,118,99,14693,1.29205
Skrupel.png,screenshot_game,819490,45,30,2436,7.8817
GNU_bg_screenshot.png,screenshot_game,1057200,117,89,11136,2.22496
Flinthook_screenshot_-_Pax_square_3.png,screenshot_game,640000,24,14,332,45.1554
Turbo_Rubber_Ducky_Shootout.png,screenshot_game,76800,2,0,14,120.85
Orwell_video_game_screenshot_9.png,screenshot_game,810000,119,91,10120,1.87584
Broforce_explosion.png,screenshot_game,810000,75,56,6600,2.87634
Threes_development_process_art_mockup_19.png,screenshot_game,614400,22,14,466,30.8616
Rowlands_Challenge.png,screenshot_game,530400,24,14,647,19.207
Threes_development_process_art_mockup_25.png,screenshot_game,614400,21,13,400,35.9733
Supertux-checkpoint.png,screenshot_game,480000,63,50,7606,1.47904
Maelstrom_screenshot.png,screenshot_game,309444,8,5,55,130.792
Fragments_of_Him_-_Work_In_Progress_screenshot_5.png,screenshot_game,810000,140,111,13552,1.40085
AssaultCube_screenshot.png,screenshot_game,850800,154,132,21240,0.938802
One_Hour_One_Life_Screenshot.png,screenshot_game,810000,147,134,23246,0.816662
Neverball_Pausenmen%C3%BC.png,screenshot_game,810000,125,102,15236,1.24595
Fragments_of_Him_-_Work_In_Progress_screenshot_4.png,screenshot_game,810000,125,95,11288,1.6818
Chasing_Aurora_screenshot_07_(Wii_U).png,screenshot_game,810000,104,79,10073,1.88456
Threes_development_process_art_mockup_24.png,screenshot_game,614400,19,11,242,59.3554
Threes_development_process_art_mockup_18.png,screenshot_game,614400,21,12,429,33.5103
Blackwood_Crossing_August_reveal_screenshot_02_Train.png,screenshot_game,810000,146,128,20382,0.931414
Sn%C3%ADmek_obrazovky_2021-09-24_v_18.07.06.png,screenshot_game,83304,2,1,51,37.8891
EnigmaScreenshot.png,screenshot_game,307200,43,31,4230,1.70184
Flinthook_screenshot_-_Pax_square_2.png,screenshot_game,640000,28,17,519,28.8556
Severed_screenshot_03.png,screenshot_game,810000,116,87,9959,1.90611
Mari0_Online_Multiplayer_Co-op_screenshot.png,screenshot_game,810000,96,74,9485,2.00135
Neverball_Gameplay_Screenshot_9.png,screenshot_game,786432,110,85,11918,1.54656
Trainyard_game_-_Quaddy_prototype_screenshot.png,screenshot_game,153600,21,16,2431,1.48048
Flinthook_screenshot_-_Pax_worm.png,screenshot_game,810000,86,64,7440,2.55161
Push_Me_Pull_You_screenshot_09.png,screenshot_game,810000,33,23,1450,13.0872
Dungeon_crawl_stone_soup.png,screenshot_game,384800,24,17,2038,4.4241
Contraption_3.png,screenshot_game,810000,98,78,10732,1.76886
Metamorphabet_screenshot_04.png,screenshot_game,786432,73,50,3197,5.76429
Broforce_boss_fight.png,screenshot_game,810000,85,63,7895,2.40448
CRIM_%E6%AD%A6%E5%99%A8NPC%E5%9C%96.png,screenshot_game,647660,52,42,4697,3.23154
Nuclear_Throne_screenshot_01.png,screenshot_game,810000,51,36,3227,5.88243
Nuclear_Throne_screenshot_03.png,screenshot_game,810000,53,38,3577,5.3068
Contraption_1.png,screenshot_game,810000,80,63,7655,2.47993
Rain_World_screenshot_-_2016-05-31_16_15_34_climbing.png,screenshot_game,810000,147,114,13902,1.36554
KBattleship_Screenshot.png,screenshot_game,512512,50,40,5898,2.03628
Dr._Langeskov_The_Tiger_and_The_Terribly_Cursed_Emerald_Screenshot_2.png,screenshot_game,810000,144,122,19125,0.992636
3dcursedlabyrinth-mazegame.png,screenshot_game,164640,7,4,280,13.7378
StationSnapshot1.png,screenshot_game,607500,22,15,920,15.4637
ManifoldGarden_11.png,screenshot_game,810000,119,96,12258,1.54872
Tux_Racer_gameplay_pre-v0.60.png,screenshot_game,480000,84,68,9904,1.13579
Severed_screenshot_01.png,screenshot_game,810000,124,92,10990,1.72738
Sn%C3%ADmek_obrazovky_2021-09-12_v_16.46.05.png,screenshot_game,356751,18,12,940,8.88625
Fantastic_Contraption_VR_screenshot_02.png,screenshot_game,810000,111,93,13237,1.43414
Stella_Shii%27Mori.png,screenshot_game,483080,89,79,13595,0.832775
TerraMagnusGame.png,screenshot_game,369600,15,11,898,9.64264
Orbithopper.png,screenshot_game,512000,48,36,4689,2.55873
Threes_development_process_art_mockup_26.png,screenshot_game,614400,20,12,330,43.6195
Fragments_of_Him_-_Work_In_Progress_screenshot_6.png,screenshot_game,810000,145,121,17425,1.08949
Air_Raid_(1979_game)_Screen.png,screenshot_game,204750,6,3,45,104.362
Mini_Metro_screenshot_5.png,screenshot_game,810000,71,50,4066,4.66809
Gyg.png,screenshot_game,51840,3,1,140,8.63988
Mini_Metro_screenshot_4.png,screenshot_game,810000,79,63,7681,2.47153
Roosevelt_Elk_Male_(4837677522).png,screenshot_game,900000,162,151,26146,0.806757
Alto%27s_Adventure_screenshot_-_B06_Camp.png,screenshot_game,810000,52,35,2428,7.81573
Rail_Route_%E2%80%94_Build.png,screenshot_game,810000,139,117,18268,1.03917
Napoleonic_Empires.png,screenshot_game,1080000,196,175,29037,0.87173
Moraffmahjongg.png,screenshot_game,480000,79,65,10158,1.10741
Trainyard_game_-_screenshot_of_mixing_colors_-_1_of_3.png,screenshot_game,614400,64,46,4891,2.94415
Flinthook_screenshot_-_Pax_square_1.png,screenshot_game,640000,23,14,302,49.5837
Job_Simulator_screenshot_-_Hero_office.png,screenshot_game,810000,77,58,5597,3.39155
EB_battle.png,screenshot_game,478200,88,78,13130,0.853539
Fantastic_Contraption_VR_screenshot_03.png,screenshot_game,810000,73,54,5967,3.18153
Alto%27s_Adventure_screenshot_-_B10_Coins.png,screenshot_game,810000,67,46,3431,5.53274
ManifoldGarden_10.png,screenshot_game,810000,123,101,13990,1.35698
TowerFall_Backfire.png,screenshot_game,691200,36,24,972,16.6496
Dr._Langeskov_The_Tiger_and_The_Terribly_Cursed_Emerald_Screenshot_3.png,screenshot_game,810000,141,117,17097,1.11034
Nuclear_Throne_screenshot_02.png,screenshot_game,810000,83,64,8037,2.36212
Blackwood_Crossing_announcement_screenshot_04.png,screenshot_game,810000,150,131,21983,0.863565
Terracota_-_Falas.png,screenshot_game,810000,98,79,10505,1.80701
Dre2.png,screenshot_game,64000,2,1,26,55.7937
Terracota_-_Jogo_menino.png,screenshot_game,810000,103,83,11128,1.70599
YarsRevengeEasterEGG.png,screenshot_game,900000,23,11,34,617.602
DOTGv0.31screenshot.png,screenshot_game,307200,43,30,3428,2.10009
PG_battlefield.png,screenshot_game,466560,67,53,7495,1.45883
Blackwood_Crossing_August_reveal_screenshot_06_Island.png,screenshot_game,810000,123,108,17684,1.07348
Freedom_Planet_Milla_screenshot.png,screenshot_game,102240,18,15,2707,0.885186
Minetest_high-res_texture_pack.png,screenshot_game,608256,106,92,15559,0.916196
Celeste_screenshot_07.png,screenshot_game,810000,96,72,6826,2.78112
Fragments_of_Him_-_Presskit_screenshot_5.png,screenshot_game,810000,141,117,15429,1.23037
Rymdkapsel_screenshot_3.png,screenshot_game,810000,37,26,2151,8.82294
OrionsbeltBattle.png,screenshot_game,217382,36,28,3845,1.32478
This_Is_the_Police_logo_horizontal.png,screenshot_game,823713,26,17,601,32.1164
Amulets_%26_armor_-03.png,screenshot_game,256000,17,11,739,8.11053
Dwarf_Fortress_-_mapa_%C5%9Bwiata_fragment.png,screenshot_game,14098,1,0,29,11.3025
Galak-Z_screenshot_-_explosion_centipede.png,screenshot_game,810000,148,129,21236,0.893931
Rymdkapsel_screenshot_2.png,screenshot_game,708000,22,14,566,29.2788
Fragments_of_Him_-_Presskit_screenshot_4.png,screenshot_game,810000,124,95,11097,1.71065
Credits.png,screenshot_game,810000,112,84,8392,2.26202
Terracota_-_Mapa_meio.png,screenshot_game,810000,148,124,18937,1.00246
Alto%27s_Adventure_screenshot_-_B13_Wingsuit.png,screenshot_game,810000,73,52,4478,4.23894
Celeste_screenshot_06.png,screenshot_game,810000,60,42,2858,6.64064
Tacoma_StationCentralHub.png,screenshot_game,810000,98,75,8410,2.2573
Atlantik.png,screenshot_game,738304,34,22,1189,14.5524
Ballerburg.png,screenshot_game,100000,8,5,749,3.12601
Production_UI_Coffee_Noir.png,screenshot_game,810000,149,130,21705,0.874641
Rain_World_screenshot_-_Linear_Farms_1080.png,screenshot_game,810000,86,69,9065,2.09407
Letterpress_screenshot.png,screenshot_game,727040,32,22,1635,10.4176
Trainyard_game_-_Magic_Carpet_level_screenshot.png,screenshot_game,614400,69,49,5603,2.56964
Blackwood_Crossing_announcement_screenshot_05.png,screenshot_game,810000,150,130,20842,0.910833
Robotfindskitten.png,screenshot_game,152944,4,2,30,117.236
Close_Castles_screenshot.png,screenshot_game,811200,59,43,4712,4.03469
Hackmud_archaic.png,screenshot_game,906000,142,109,14812,1.4335
Battle_for_the_Galaxy_gameplay.png,screenshot_game,120000,21,19,3500,0.803467
Interton-cassette3-screenshot.png,screenshot_game,85514,3,1,29,67.7741
Rail_Route_%E2%80%94_Control.png,screenshot_game,810000,139,117,18359,1.03401
Medieval_Mayhem_(NTSC).png,screenshot_game,67200,2,1,30,51.5058
Invertika_-_Nex.png,screenshot_game,480000,86,76,12723,0.884214
TowerFall_Thornwood.png,screenshot_game,691200,39,25,1203,13.4658
Dwarf_Fortress_-_mapa_%C5%9Bwiata.png,screenshot_game,104544,9,5,421,5.80842
PrinceofPersia1989-sdlpop-opensource.png,screenshot_game,384000,45,37,6022,1.49444
Celeste_screenshot_10.png,screenshot_game,810000,79,57,4743,4.00243
Darkelf_ligy.png,screenshot_game,810000,68,54,8014,2.36885
Celeste_screenshot_04.png,screenshot_game,810000,105,78,7580,2.50438
TowerFall_Twilight_Spire.png,screenshot_game,691200,35,24,999,16.2034
Fragments_of_Him_-_Presskit_screenshot_6.png,screenshot_game,810000,141,118,15875,1.19581
Mtp_Target.png,screenshot_game,307200,52,43,6772,1.06312
Alto%27s_Adventure_screenshot_-_B09_Roof_Rain.png,screenshot_game,810000,81,60,5913,3.21023
Minetest_LazyJ%27s_Forge_in_the_afternoon.png,screenshot_game,810000,103,90,14728,1.28894
A7xpg-continue.png,screenshot_game,307200,29,19,1853,3.88359
Hern%C3%AD_okno_Darkelfa.png,screenshot_game,810000,141,126,21382,0.887845
PAEE_C64.png,screenshot_game,104448,4,1,63,38.3965
Rymdkapsel_screenshot_1.png,screenshot_game,708000,22,14,631,26.2747
Chmatakovonline.png,screenshot_game,470611,81,63,8210,1.34338
Celeste_screenshot_05.png,screenshot_game,810000,121,94,10682,1.77711
Blackwood_Crossing_August_reveal_screenshot_01_Finn.png,screenshot_game,810000,134,111,15840,1.19849
Rain_World_screenshot_-_Shadow_Urban_1080.png,screenshot_game,810000,73,52,4696,4.04248
Galak-Z_screenshot_-_sentinel_showdown.png,screenshot_game,810000,135,113,15996,1.18675
TowerFall_Sacred_Ground.png,screenshot_game,691200,34,22,810,19.9888
Moyangyang.png,screenshot_game,162445,18,14,2032,1.8736
Celeste_screenshot_11.png,screenshot_game,810000,115,90,10203,1.86052
Actsmudgnome.png,screenshot_game,545232,25,15,926,13.7927
Ten_tiles_on_weekly_no_tabs_564x548.png,screenshot_game,309072,28,21,2743,2.63999
Pysol-black-hole-solitaire-deal-1000-with-public-domain-tabletile.png,screenshot_game,653072,98,81,11966,1.27906
Konquest_catal%C3%A0.png,screenshot_game,419146,57,43,5503,1.78497
Blackwood_Crossing_announcement_screenshot_06.png,screenshot_game,810000,148,129,20469,0.927449
Agar.io_gameplay.png,screenshot_game,599040,34,21,1313,10.692
Spionagebericht.png,screenshot_game,421475,37,23,2222,4.44377
Passage_3_by_Jason_Rohrer_screenshot.png,screenshot_game,57600,2,1,37,35.6252
RosAsmGameSpace.png,screenshot_game,480000,23,16,1270,8.85586
Blackwood_Crossing_announcement_screenshot_02.png,screenshot_game,810000,133,110,15062,1.26041
Bradley_Trainer_screenshot.png,screenshot_game,307200,9,6,170,42.326
Nidhogg_video_game_screenshot_1.png,screenshot_game,400800,25,16,877,10.6995
Galak-Z_screenshot_-_whole_gang.png,screenshot_game,810000,146,125,20410,0.930115
Rain_World_screenshot_-_filtration_sys.png,screenshot_game,664076,82,61,5422,2.87028
Screenshot_from_Getting_Over_It_With_Bennett_Foddy.png,screenshot_game,1151280,212,189,30600,0.8818
Celeste_screenshot_01.png,screenshot_game,810000,87,63,5000,3.79675
Dungeon_Crawl_Stone_Soup_-_Musu.png,screenshot_game,951974,58,45,4138,5.39084
Rymdkapsel_screenshot_5.png,screenshot_game,708000,21,15,441,37.5514
Fragments_of_Him_-_Presskit_screenshot_3.png,screenshot_game,810000,150,128,20855,0.910261
OrionsbeltPresentation.png,screenshot_game,298880,36,27,3809,1.83861
PekkaKana2_LevelEditor.png,screenshot_game,196608,30,23,2998,1.5369
Rain_World_screenshot_-_temple.png,screenshot_game,613473,78,59,6630,2.1684
Christopher_Strachey%27s_Draughts_Program.png,screenshot_game,165236,22,16,2204,1.75644
Robots_text_screenshot.png,screenshot_game,309488,12,7,275,26.3717
Trainyard_game_-_prototype_screenshot_dated_2009_November.png,screenshot_game,392232,32,23,2526,3.63889
Sn%C3%ADmek_obrazovky_2021-09-18_v_13.12.59.png,screenshot_game,350464,26,19,2321,3.5382
CS-Menu-Snatch.png,screenshot_game,196608,12,8,762,6.04637
3dbrick2.png,screenshot_game,76800,4,2,140,12.7907
Rain_World_screenshot_-_Garbage_Wastes_1080.png,screenshot_game,810000,93,78,10529,1.80292
Game_Cloud_Screenshot.png,screenshot_game,462400,86,70,10460,1.036
Fragments_of_Him_-_Presskit_screenshot_2.png,screenshot_game,810000,125,102,13308,1.42647
Rymdkapsel_screenshot_4.png,screenshot_game,810000,32,22,1527,12.4281
Celeste_screenshot_00.png,screenshot_game,810000,59,41,3205,5.92186
Netrek-client-cow.png,screenshot_game,773056,30,18,727,24.9187
Alto%27s_Adventure_screenshot_-_B05_Grind_Hop.png,screenshot_game,810000,62,42,3044,6.23587
Alto%27s_Adventure_screenshot_-_B03_Spine.png,screenshot_game,810000,77,54,4674,4.06126
Tacoma_ZeroG_Figures.png,screenshot_game,810000,98,75,8328,2.27953
Rain_World_screenshot_-_SB_F01.png,screenshot_game,807600,72,55,5836,3.24334
Virtual_portal_or_magic_lens.png,screenshot_game,317440,28,19,1777,4.1851
Eugen_Uskoff.png,screenshot_game,176640,14,9,630,6.57028
Fkiss.png,screenshot_game,273492,16,11,989,6.47677
Broforce_blade_vs_truck.png,screenshot_game,810000,75,57,6890,2.75524
DungeonmodeB.png,screenshot_game,141191,23,17,2554,1.29521
Blackwood_Crossing_announcement_screenshot_03.png,screenshot_game,810000,151,132,21169,0.896773
Wc4source.png,screenshot_game,332416,12,8,377,20.635
Tacoma_Kitchen.png,screenshot_game,810000,118,92,11538,1.64525
Benkid77_CNPD.png,screenshot_game,76800,2,1,122,14.6906
Blackwood_Crossing_announcement_screenshot_01.png,screenshot_game,810000,131,107,13246,1.43319
Senat.Grepolisfr.png,screenshot_game,86877,15,12,2190,0.929413
C4_Solids_Demo.png,screenshot_game,57344,2,1,28,46.4449
Sega-Mega-Drive-regional-lockout-error.png,screenshot_game,71680,1,0,7,211.914
Blobby_volley_2_alpha_6.png,screenshot_game,477403,80,59,6750,1.65763
Terracota_-_Falando.png,screenshot_game,810000,121,99,13786,1.37702
Nidhogg_video_game_screenshot_2.png,screenshot_game,400000,29,20,1198,7.8241
Finances_UI_Coffee_Noir.png,screenshot_game,810000,144,125,19824,0.957622
Rail_Route_%E2%80%94_Automate.png,screenshot_game,810000,139,118,18468,1.02794
Neverball_Game-Over-Bildschirm.png,screenshot_game,810000,73,52,5722,3.3174
Synth_video_game_screenshot_D.png,screenshot_game,900000,157,133,19975,1.05597
Plunderland2.png,screenshot_game,151680,12,8,893,3.9778
Celeste_screenshot_02.png,screenshot_game,810000,63,44,3547,5.35204
OXO_emulated_portion.png,screenshot_game,51983,1,0,49,24.8613
BeamWars--.png,screenshot_game,64500,10,8,1489,1.01504
Job_Simulator_screenshot_-_Hero_auto.png,screenshot_game,810000,100,78,10094,1.88069
Mouse_in_the_Maze_portion.png,screenshot_game,207935,14,9,1024,4.75894
Slingshot.png,screenshot_game,509490,74,52,5048,2.36508
Pahom_Grim.png,screenshot_game,398266,72,60,9117,1.02381
Fragments_of_Him_-_Presskit_screenshot_1.png,screenshot_game,810000,150,126,19325,0.982371
Mode_7_on_GBA.png,screenshot_game,614400,21,12,203,70.9121
Celeste_screenshot_03.png,screenshot_game,810000,59,41,2894,6.55959
TowerFall_Kings_Court.png,screenshot_game,691200,35,25,942,17.1794
Invertika_-_Desert.png,screenshot_game,480000,79,61,7803,1.44163
Broforce_mooks_in_air.png,screenshot_game,810000,73,54,6070,3.12737
Testootebfjosa.png,screenshot_game,661200,103,82,11822,1.3108
Everything_screnshot_06.png,screenshot_game,810000,142,117,16899,1.12338
Nidhogg_video_game_screenshot_3.png,screenshot_game,398400,35,25,1916,4.87129
Alto%27s_Adventure_screenshot_-_A07_Ruins.png,screenshot_game,810000,71,49,4278,4.43755
Open_Ski_Jumping_020.png,screenshot_game,307200,9,5,77,92.6429
{blaztree7.png,textures_pk,65536,7,5,728,2.10761
pktilesang1e.png,textures_pk,65536,12,9,1745,0.879978
{pk_chleaves2c.png,textures_pk,65536,8,6,987,1.55544
SW_Gate03.png,textures_pk,65536,12,9,1728,0.888617
{pkf_fence1.png,textures_pk,4096,0,0,66,1.44257
pkw_tiles01a.png,textures_pk,65536,12,10,1837,0.835744
mod_labcon2a.png,textures_pk,32768,1,0,42,18.2607
pk_chwallr1b.png,textures_pk,65536,12,9,1690,0.908536
pkw_wall04n.png,textures_pk,32768,5,4,874,0.878179
pk_chrooft1c.png,textures_pk,65536,12,10,1728,0.888732
pkw_wall07b.png,textures_pk,65536,13,9,1763,0.870842
pkw_wall06f.png,textures_pk,65536,11,9,1756,0.874331
mod_screen1j.png,textures_pk,4096,0,0,103,0.930248
mod_labwallta.png,textures_pk,2048,0,0,42,1.13578
pkf_outdoor1a.png,textures_pk,7168,1,0,168,0.994514
pkf_metaltrim1b.png,textures_pk,8192,1,1,214,0.895154
pkf_window2b.png,textures_pk,2048,0,0,51,0.937729
pk_chinvebeam4.png,textures_pk,4096,0,0,105,0.911488
mazy_owall1d.png,textures_pk,65536,12,9,1527,1.00525
pkw_wall10f.png,textures_pk,65536,11,11,1782,0.861519
pkw_wall11b.png,textures_pk,65536,12,9,1814,0.846356
mod_screeni.png,textures_pk,4096,0,0,99,0.963311
pkf_wall4d.png,textures_pk,65536,12,9,1596,0.962112
pk_chinflw3a.png,textures_pk,65536,12,10,1745,0.879828
mazy_trim1a.png,textures_pk,8192,1,1,164,1.16873
mod_spot1.png,textures_pk,4096,0,0,86,1.10627
pkh_tiles01b.png,textures_pk,262144,47,42,7634,0.804778
SW_Log01.png,textures_pk,6400,1,0,155,0.96684
pkf_facility1a.png,textures_pk,65536,12,9,1810,0.848435
pkf_wall4e.png,textures_pk,65536,11,9,1566,0.980266
pkf_sign8a.png,textures_pk,32768,1,1,100,7.65593
mod_screenh.png,textures_pk,4096,0,0,94,1.01497
pkf_wall5a.png,textures_pk,65536,12,10,1690,0.908701
pkf_wall4r.png,textures_pk,65536,11,9,1564,0.981992
pk_chcomwood3a.png,textures_pk,65536,12,10,1756,0.874558
pkw_wall11c.png,textures_pk,65536,12,10,1806,0.850173
pkf_trimpavemen.png,textures_pk,2048,0,0,56,0.849837
pkw_rock01b.png,textures_pk,65536,12,10,1814,0.846504
{SW_Tree01.png,textures_pk,65536,6,4,707,2.17155
pkw_wall10g.png,textures_pk,65536,12,10,1779,0.863314
mazy_owall1e.png,textures_pk,65536,12,9,1426,1.07677
pkw_doors01a.png,textures_pk,65536,12,10,1756,0.874513
pkw_wall06g.png,textures_pk,65536,12,10,1803,0.851443
pk_concrete03.png,textures_pk,65536,12,10,1838,0.835306
pkw_wall07c.png,textures_pk,65536,13,9,1753,0.876205
{pkf_tree1a.png,textures_pk,65536,6,4,694,2.2123
pk_chrooft1b.png,textures_pk,65536,13,9,1728,0.888741
pkf_woodfloor1.png,textures_pk,65536,12,10,1842,0.833611
SW_Gate02.png,textures_pk,65536,12,9,1675,0.916894
mod_labcab1d.png,textures_pk,32768,6,4,650,1.18083
pkw_winlay01a.png,textures_pk,65536,2,1,162,9.42761
{pkw_wood01a.png,textures_pk,32768,5,3,605,1.26796
{pk_chleaves2b.png,textures_pk,65536,4,3,343,4.46843
pktilesang1d.png,textures_pk,65536,12,9,1753,0.875866
pk_chinhobeam1b.png,textures_pk,2048,0,0,54,0.88543
{blaztree6.png,textures_pk,40960,5,3,608,1.5772
pktilesang1f.png,textures_pk,65536,15,9,1753,0.876069
{blaztree4.png,textures_pk,49152,7,5,843,1.36528
pkf_metaltrim1.png,textures_pk,8192,1,1,213,0.897458
pkw_tiles01b.png,textures_pk,65536,12,10,1842,0.833692
pkw_wall04m.png,textures_pk,65536,13,10,1769,0.867886
pk_chwallr1a.png,textures_pk,65536,12,10,1817,0.844921
mod_labwalltb.png,textures_pk,4096,0,0,81,1.177
pkw_wall06e.png,textures_pk,65536,12,10,1762,0.871469
mod_screen1i.png,textures_pk,4096,0,0,104,0.922185
pkw_wall07a.png,textures_pk,65536,12,9,1783,0.861166
pkf_outdoor1b.png,textures_pk,7168,1,1,167,1.00094
pkf_door5.png,textures_pk,8192,1,1,213,0.898073
{her_bar_1.png,textures_pk,768,0,0,7,2.25799
pkf_window2a.png,textures_pk,2048,0,0,49,0.962745
mazywalldirty.png,textures_pk,65536,12,9,1565,0.981175
pk_chintable1l.png,textures_pk,4096,0,0,105,0.911843
pkw_wall11a.png,textures_pk,65536,12,9,1820,0.843704
pkw_wall10e.png,textures_pk,65536,14,9,1796,0.855098
{SW_Tree03.png,textures_pk,49152,6,4,702,1.6408
pkf_roofside1.png,textures_pk,2048,0,0,55,0.868947
pk_chcomwood3c.png,textures_pk,65536,12,9,1752,0.876364
pkf_wall4p.png,textures_pk,65536,12,9,1623,0.945982
her_metal_1.png,textures_pk,16384,3,2,446,0.859573
pkf_sign8c.png,textures_pk,32768,6,4,878,0.874574
pkf_wall4g.png,textures_pk,65536,11,9,1507,1.01911
pkf_wall5c.png,textures_pk,65536,12,9,1563,0.982299
mod_screenj.png,textures_pk,4096,0,0,95,1.00288
pk_chinflw3b.png,textures_pk,65536,12,9,1736,0.884747
mazfloor2.png,textures_pk,65536,12,10,1767,0.868903
pkw_metal01.png,textures_pk,16384,3,2,441,0.869258
mazy_trim1b.png,textures_pk,8192,1,1,181,1.05873
pkh_tiles01a.png,textures_pk,262144,47,42,7658,0.802201
pkf_facility1c.png,textures_pk,65536,74,18,1766,0.869456
pkf_facility1b.png,textures_pk,65536,12,10,1770,0.867552
pk_chinflw3c.png,textures_pk,65536,12,10,1763,0.870909
pk_chmud1.png,textures_pk,65536,12,9,1842,0.833855
pkf_wall5b.png,textures_pk,65536,12,10,1635,0.93935
pkf_wall4f.png,textures_pk,65536,11,8,1511,1.01649
pkf_sign8b.png,textures_pk,32768,2,1,103,7.391
pk_chcomwood3b.png,textures_pk,65536,12,9,1799,0.853567
pkf_wall4q.png,textures_pk,65536,12,9,1600,0.959592
pkw_wall10d.png,textures_pk,65536,11,9,1797,0.854438
mazy_owall1f.png,textures_pk,65536,11,9,1367,1.12289
{SW_Tree02.png,textures_pk,40960,5,3,620,1.54622
pkw_rock01a.png,textures_pk,65536,11,10,1834,0.837251
mis_trim2d.png,textures_pk,4096,0,0,106,0.903222
mod_glass1.png,textures_pk,65536,11,8,999,1.53638
pk_chinwall2l.png,textures_pk,65536,12,9,1646,0.933165
hWall4b.png,textures_pk,25600,5,3,622,0.964547
pkw_doors01b.png,textures_pk,65536,12,10,1757,0.873809
mod_screen1h.png,textures_pk,4096,0,0,98,0.969783
pkw_wall06d.png,textures_pk,65536,11,10,1765,0.870131
pk_chrooft1a.png,textures_pk,65536,12,9,1728,0.888741
pkw_wall04l.png,textures_pk,65536,12,10,1770,0.867651
{pkf_tree1b.png,textures_pk,65536,6,4,694,2.2123
pkw_wall05h.png,textures_pk,65536,12,10,1806,0.850454
SW_Gate01.png,textures_pk,65536,12,9,1669,0.920039
{pk_chleaves2a.png,textures_pk,16384,1,0,68,5.60624
{pkw_wood01b.png,textures_pk,32768,6,4,728,1.05438
pkw_winlay01b.png,textures_pk,65536,2,1,81,18.8937
{blaztree5.png,textures_pk,49152,6,4,708,1.62672
pk_chinhobeam1a.png,textures_pk,2048,0,0,53,0.898936
mod_siggen.png,textures_pk,2048,0,0,54,0.888359
pkf_light2b.png,textures_pk,4096,0,0,70,1.3545
pktilesang1c.png,textures_pk,65536,12,10,1774,0.86564
SW_Wall01a.png,textures_pk,65536,12,9,1788,0.858962
{pkw_wooden01.png,textures_pk,16384,2,2,374,1.0261
{blaztree1.png,textures_pk,65536,6,5,696,2.20439
pkf_vent1a.png,textures_pk,3072,0,0,82,0.872851
mod_labcab1c.png,textures_pk,32768,5,4,623,1.23224
pk_concrete04.png,textures_pk,65536,11,9,1845,0.832419
pkw_wall07d.png,textures_pk,65536,12,10,1748,0.878606
her_wood_1.png,textures_pk,16384,3,2,468,0.820461
pkw_wall04h.png,textures_pk,65536,11,9,1772,0.866364
pkf_door4b.png,textures_pk,8192,1,1,209,0.917409
hwall5b.png,textures_pk,25600,5,3,666,0.899682
mis_com1a.png,textures_pk,32768,5,4,824,0.932019
pk_chinwpaper1a.png,textures_pk,16384,2,2,439,0.873924
SW_Crate02.png,textures_pk,16384,2,2,424,0.90485
mod_lights1a.png,textures_pk,1024,0,0,21,1.13778
mod_dotfloor1.png,textures_pk,16384,2,2,473,0.811089
pkw_wall11d.png,textures_pk,65536,12,9,1803,0.85188
mod_labvent2b.png,textures_pk,12288,2,1,186,1.54555
{SW_Tree06.png,textures_pk,65536,4,3,269,5.69282
mazy_owall1b.png,textures_pk,65536,12,9,1459,1.05277
pk_chinwall2h.png,textures_pk,65536,12,9,1645,0.933428
pkf_wall4b.png,textures_pk,65536,12,9,1686,0.910753
her_asphalt_1.png,textures_pk,65536,12,9,1863,0.824448
pkf_wall5f.png,textures_pk,65536,11,9,1473,1.04257
mod_metcrate1a.png,textures_pk,16384,3,2,395,0.971866
{pk_chvines1a.png,textures_pk,32768,3,2,314,2.44234
pk_chcomwood2b.png,textures_pk,16384,2,2,458,0.837644
mod_mettrim1a.png,textures_pk,4096,0,0,108,0.887012
pk_chinflw2c.png,textures_pk,65536,12,10,1832,0.838402
mod_labshelf1a.png,textures_pk,12288,2,1,272,1.05533
pkf_facility1f.png,textures_pk,65536,12,9,1650,0.930383
mazy_plate1b.png,textures_pk,65536,12,8,1238,1.24001
pkf_containr1a.png,textures_pk,32768,6,4,816,0.940481
lamp1.png,textures_pk,3072,0,0,13,5.15364
pk_chinroof1b.png,textures_pk,16384,3,2,447,0.858116
pkw_ground01b.png,textures_pk,65536,12,10,1851,0.829748
pk_chinflw2b.png,textures_pk,65536,11,10,1845,0.832186
pk_hlrmud1a.png,textures_pk,65536,11,9,1860,0.825419
mis_generic1a.png,textures_pk,4096,0,0,104,0.9197
pkf_wall5g.png,textures_pk,65536,12,9,1456,1.05461
pkf_wall4c.png,textures_pk,65536,12,9,1634,0.939825
pkw_wood02.png,textures_pk,16384,3,2,435,0.881933
mis_trim2a.png,textures_pk,8192,1,1,213,0.899874
pk_chinwall2i.png,textures_pk,65536,12,10,1654,0.92839
{SW_Tree07.png,textures_pk,65536,4,2,345,4.4419
pkw_wall10a.png,textures_pk,65536,12,9,1817,0.845112
mazy_owall1c.png,textures_pk,65536,12,9,1578,0.972855
snowdoor2.png,textures_pk,8192,1,1,199,0.961361
mod_labtrim2b.png,textures_pk,4096,0,0,98,0.977799
pkw_wall11e.png,textures_pk,65536,12,9,1808,0.849216
mod_electro1a.png,textures_pk,65536,11,8,1114,1.37764
mod_metfloor1a.png,textures_pk,65536,12,10,1867,0.822384
pkw_wall04i.png,textures_pk,65536,12,9,1775,0.865253
pkw_wall07e.png,textures_pk,65536,12,9,1744,0.8803
her_inwall_1a.png,textures_pk,16384,3,2,451,0.850703
pkw_wall06a.png,textures_pk,65536,12,10,1821,0.843432
pk_concrete05.png,textures_pk,65536,11,9,1877,0.818152
mod_labcab1b.png,textures_pk,32768,5,4,601,1.27681
pkf_trim1a.png,textures_pk,4096,0,0,113,0.842625
pk_chogroset1a.png,textures_pk,65536,12,10,1861,0.825325
pktilesang1b.png,textures_pk,65536,12,10,1770,0.867619
{pkf_shopgrate1.png,textures_pk,16384,1,1,175,2.19257
!pkf_water1.png,textures_pk,16384,3,2,432,0.88828
{pk_chleaves2d.png,textures_pk,32768,3,2,331,2.31485
SW_Window01a.png,textures_pk,2048,0,0,46,1.04025
pkf_light2a.png,textures_pk,4096,0,0,52,1.84428
{blaztree2.png,textures_pk,65536,7,6,998,1.53773
pk_chogroset1c.png,textures_pk,65536,12,9,1704,0.90139
pkf_vent1b.png,textures_pk,3072,0,0,81,0.88045
SW_Wall01b.png,textures_pk,65536,12,10,1813,0.846829
pkw_wall07g.png,textures_pk,65536,12,9,1762,0.871466
pkw_wall06c.png,textures_pk,65536,11,10,1774,0.865748
pkf_door4a.png,textures_pk,8192,1,1,212,0.904881
pkw_wall04k.png,textures_pk,65536,11,9,1768,0.868407
hwall5a.png,textures_pk,25600,5,3,685,0.875699
mis_com1b.png,textures_pk,32768,6,4,787,0.97527
mod_metfloor1c.png,textures_pk,65536,12,10,1874,0.819427
mod_lights1b.png,textures_pk,1024,0,0,19,1.205
mod_dotfloor2.png,textures_pk,16384,2,2,457,0.839452
SW_Crate01.png,textures_pk,16384,2,2,441,0.870667
pk_chinwpaper1b.png,textures_pk,16384,3,2,449,0.854039
mazy_owall1a.png,textures_pk,65536,12,9,1309,1.17258
pkw_wall10c.png,textures_pk,65536,12,10,1796,0.855009
pkw_light01.png,textures_pk,1024,0,0,26,0.910121
{SW_Tree05.png,textures_pk,65536,8,6,987,1.55475
mod_labvent2a.png,textures_pk,12288,2,1,242,1.18795
pkw_wall11g.png,textures_pk,65536,12,10,1797,0.854687
mis_trim2c.png,textures_pk,4096,0,0,107,0.896476
pk_chinwall2k.png,textures_pk,65536,12,9,1647,0.932276
pkf_wall5e.png,textures_pk,65536,12,9,1512,1.01521
mod_metcrate1b.png,textures_pk,16384,3,2,427,0.898092
pkf_wall4a.png,textures_pk,65536,12,9,1730,0.887583
{pk_chvines1b.png,textures_pk,8192,0,0,84,2.2713
pk_chcomwood2a.png,textures_pk,16384,3,2,457,0.840054
mis_generic1c.png,textures_pk,1024,0,0,27,0.861772
pk_hlrmud1c.png,textures_pk,65536,11,9,1815,0.845966
pk_chinflw3d.png,textures_pk,65536,12,9,1756,0.874412
pkw_wooden01.png,textures_pk,2048,0,0,56,0.848648
mazy_plate1a.png,textures_pk,65536,12,8,1240,1.23852
pkf_facility1e.png,textures_pk,65536,12,9,1659,0.925428
mod_labshelf1b.png,textures_pk,12288,2,1,272,1.0586
pkf_containr1b.png,textures_pk,16384,2,2,383,1.00039
mod_gratfloor1.png,textures_pk,16384,2,2,468,0.820041
lamp2.png,textures_pk,3072,0,0,13,5.44118
pkf_containr1c.png,textures_pk,32768,6,4,820,0.936336
pkw_ground01a.png,textures_pk,65536,12,9,1874,0.819404
pk_chinroof1a.png,textures_pk,16384,3,2,449,0.853394
pkf_facility1d.png,textures_pk,65536,12,10,1694,0.906633
pk_chinflw2a.png,textures_pk,65536,12,10,1825,0.841285
pk_hlrmud1b.png,textures_pk,65536,12,10,1818,0.844708
mis_generic1b.png,textures_pk,4096,0,0,99,0.96941
pkf_wall5d.png,textures_pk,65536,12,9,1538,0.998648
pk_chinwall2j.png,textures_pk,65536,12,9,1643,0.934665
mis_trim2b.png,textures_pk,8192,1,1,219,0.874548
mod_labtrim2a.png,textures_pk,4096,0,0,98,0.978558
pkw_wall11f.png,textures_pk,65536,12,10,1810,0.848375
pkw_wall10b.png,textures_pk,65536,12,10,1794,0.855867
snowdoor1.png,textures_pk,8192,1,1,213,0.900975
{SW_Tree04.png,textures_pk,49152,6,5,773,1.4898
mod_electro1b.png,textures_pk,65536,11,8,1142,1.34427
mod_dotfloor3.png,textures_pk,16384,2,2,472,0.812945
mod_metfloor1b.png,textures_pk,65536,11,9,1874,0.81956
pkw_wall04j.png,textures_pk,65536,12,10,1763,0.870793
pk_concrete06.png,textures_pk,65536,12,27,1863,0.824425
her_inwall_1b.png,textures_pk,16384,2,2,457,0.839382
pkw_wall06b.png,textures_pk,65536,11,10,1792,0.856884
pkw_wall07f.png,textures_pk,65536,12,9,1765,0.870144
mod_labcab1a.png,textures_pk,32768,5,4,651,1.17868
SW_Wall01c.png,textures_pk,65536,12,10,1786,0.859823
pktilesang1a.png,textures_pk,65536,11,10,1794,0.855712
{pkf_shopgrate2.png,textures_pk,16384,2,2,266,1.44325
pk_chogroset1b.png,textures_pk,65536,12,9,1757,0.873885
{blaztree3.png,textures_pk,65536,7,6,1025,1.4982
pkf_trim1b.png,textures_pk,4096,0,0,113,0.842625
SW_Window01b.png,textures_pk,2048,0,0,43,1.09636
mod_labwall02b.png,textures_pk,16384,2,1,308,1.24673
pkw_wall03i.png,textures_pk,65536,12,10,1769,0.867871
pkf_sign6.png,textures_pk,8192,1,1,207,0.926553
pke_tuwall01d.png,textures_pk,65536,12,9,1730,0.887722
mod_sigb.png,textures_pk,1024,0,0,26,0.915512
pkw_wall01a.png,textures_pk,65536,11,10,1830,0.839119
pkf_inwall3a.png,textures_pk,16384,3,2,413,0.928272
pk_chwall3.png,textures_pk,65536,12,10,1688,0.909436
SW_Roof02.png,textures_pk,4096,0,0,97,0.984832
hWall2c.png,textures_pk,51200,9,7,1280,0.937411
pk_metalpipe01b.png,textures_pk,65536,12,10,1671,0.919135
mod_screens1b.png,textures_pk,16384,3,2,339,1.13001
pkw_wall02be.png,textures_pk,65536,12,9,1803,0.851861
pkf_tilewall1d2.png,textures_pk,65536,12,9,1594,0.963495
pkf_mud2.png,textures_pk,65536,11,10,1820,0.8436
pkf_wall1k.png,textures_pk,65536,12,9,1677,0.915629
pkf_wall3c.png,textures_pk,65536,12,10,1680,0.914059
her_rock_1b.png,textures_pk,65536,12,9,1816,0.845466
pk_chinpillow1b.png,textures_pk,4096,0,0,105,0.906822
mod_labwall01ta.png,textures_pk,4096,0,0,75,1.26959
pkf_wall2g.png,textures_pk,65536,12,9,1586,0.968343
mod_metal1b.png,textures_pk,65536,12,10,1766,0.869286
mod_door2b.png,textures_pk,16384,3,2,376,1.02119
pkw_door02b.png,textures_pk,8192,1,1,225,0.852922
pkf_tiles1a.png,textures_pk,65536,12,9,1795,0.855552
pk_conbuild01d.png,textures_pk,65536,12,10,1693,0.907107
pk_chcomcar1a.png,textures_pk,65536,11,9,1871,0.820605
pkw_door02c.png,textures_pk,8192,1,1,221,0.865093
mod_labtrim3.png,textures_pk,2048,0,0,50,0.959644
pkf_roof2a.png,textures_pk,65536,12,9,1718,0.893748
pkw_winlay11b.png,textures_pk,65536,3,2,331,4.63854
pkw_gwall03a.png,textures_pk,65536,11,10,1848,0.83085
pk_chouttil1b.png,textures_pk,65536,12,9,1795,0.855502
mod_labwall01bM.png,textures_pk,65536,2,1,41,37.3478
mod_labroof2.png,textures_pk,16384,2,2,399,0.961585
pkf_wall2f.png,textures_pk,65536,12,9,1662,0.923831
pkf_wall3b.png,textures_pk,65536,12,9,1695,0.905918
pkf_wall1j.png,textures_pk,65536,12,9,1582,0.970882
mod_comwall1a.png,textures_pk,65536,12,9,1567,0.980104
pk_chindoor1.png,textures_pk,8192,1,1,228,0.841878
pkw_wall02bd.png,textures_pk,65536,12,9,1792,0.857002
pktilesang1ta.png,textures_pk,8192,1,1,223,0.858453
hGround02.png,textures_pk,65536,11,10,1900,0.808262
pkh_wall01a.png,textures_pk,262144,46,41,7669,0.801051
hRails01.png,textures_pk,65536,12,9,1774,0.865806
her_floor_2.png,textures_pk,16384,2,2,463,0.828489
hWall2b.png,textures_pk,25600,4,3,650,0.922977
mod_celfloor1a.png,textures_pk,16384,2,2,453,0.847512
mod_gratfloor2a.png,textures_pk,65536,12,9,1742,0.881312
pk_chwall2.png,textures_pk,65536,12,10,1760,0.872327
pkw_metal.png,textures_pk,16384,3,2,441,0.869258
pke_tuwall01e.png,textures_pk,65536,12,9,1672,0.918133
pk_chrock1.png,textures_pk,65536,12,10,1836,0.836519
pkf_sign7.png,textures_pk,16384,2,2,400,0.958178
pkw_trim06.png,textures_pk,8192,1,1,220,0.871084
pkf_roadsign1.png,textures_pk,1024,0,0,27,0.870748
pkf_door3b.png,textures_pk,8192,1,1,204,0.936724
pkw_wall03h.png,textures_pk,65536,12,9,1758,0.873587
mod_labroof1b.png,textures_pk,65536,12,9,1630,0.942042
pk_chcobb1b.png,textures_pk,65536,12,9,1808,0.849357
pk_chcrowall1a.png,textures_pk,65536,12,10,1860,0.825805
mod_labwall02c.png,textures_pk,16384,2,2,303,1.26377
pkw_barrel03b.png,textures_pk,16384,2,2,450,0.852911
pkev_ciwall_1a.png,textures_pk,262144,47,42,7661,0.801886
pkf_concrete5b.png,textures_pk,65536,11,10,1851,0.829629
pkwall1b.png,textures_pk,262144,46,41,7665,0.801513
pkw_winlay07b.png,textures_pk,65536,3,2,309,4.96294
mis_beam1a.png,textures_pk,32768,3,2,431,1.78
mod_labwall02a.png,textures_pk,16384,2,1,286,1.33999
mod_labsideligh.png,textures_pk,4096,0,0,88,1.08826
pk_chcrowall1c.png,textures_pk,65536,12,10,1852,0.82916
pkf_roadsign3.png,textures_pk,1024,0,0,26,0.893933
pkw_wall03j.png,textures_pk,65536,12,9,1767,0.869139
pkw_trim04.png,textures_pk,4096,0,0,111,0.864842
pkf_sign5.png,textures_pk,8192,1,1,226,0.847858
pkf_inwall3b.png,textures_pk,16384,3,2,399,0.961686
pkw_wall01b.png,textures_pk,65536,12,9,1824,0.842055
mod_siga.png,textures_pk,1024,0,0,27,0.884379
pk_metalpipe01a.png,textures_pk,65536,12,9,1673,0.917613
hWall4.png,textures_pk,25600,4,3,685,0.874931
SW_Roof01.png,textures_pk,4096,0,0,108,0.886652
mod_celfloor1c.png,textures_pk,65536,11,10,1761,0.871767
pkh_wall01c.png,textures_pk,262144,46,41,7672,0.800743
mod_screens1a.png,textures_pk,16384,2,2,286,1.33919
pkw_wall02bf.png,textures_pk,65536,12,10,1813,0.846969
pkf_wall1h.png,textures_pk,32768,6,4,756,1.0146
pkf_mud1.png,textures_pk,65536,12,10,1820,0.8436
pkf_wall2d.png,textures_pk,65536,12,9,1649,0.931437
mod_labwall01tb.png,textures_pk,2048,0,0,43,1.10323
pk_chinpillow1a.png,textures_pk,4096,0,0,107,0.895864
mod_metal1a.png,textures_pk,65536,12,10,1849,0.830467
her_rock_1a.png,textures_pk,65536,12,9,1856,0.827203
pkf_roof2c.png,textures_pk,65536,12,10,1741,0.881779
pkf_tiles1b.png,textures_pk,65536,12,10,1815,0.845994
mod_labelev1b.png,textures_pk,16384,2,2,367,1.0435
pkw_door02a.png,textures_pk,8192,1,1,222,0.862626
mod_labtrim1.png,textures_pk,8192,1,1,204,0.938279
mod_door2a.png,textures_pk,16384,3,2,371,1.03293
pk_chcomcar1b.png,textures_pk,65536,11,10,1875,0.818954
{pk_chcomwood1.png,textures_pk,65536,7,5,930,1.65081
pk_chcomcar1c.png,textures_pk,65536,11,9,1868,0.821831
pkw_winlay11a.png,textures_pk,65536,3,2,221,6.93503
pkf_roof2b.png,textures_pk,65536,12,9,1682,0.912934
pk_chouttil1a.png,textures_pk,65536,12,10,1793,0.856597
pkw_gwall03b.png,textures_pk,65536,11,10,1818,0.844443
pkf_wall3a.png,textures_pk,65536,12,10,1759,0.873013
pkf_grass1.png,textures_pk,65536,11,10,1867,0.822481
pkf_wall2e.png,textures_pk,65536,12,9,1619,0.948205
SW_Cobble01.png,textures_pk,15360,3,2,427,0.84249
pkf_wall1i.png,textures_pk,65536,12,9,1625,0.944735
mod_comwall1b.png,textures_pk,65536,12,9,1558,0.985432
pktilesang1tb.png,textures_pk,8192,1,1,226,0.84627
pkw_wall02bg.png,textures_pk,65536,11,10,1802,0.852319
her_floor_1.png,textures_pk,65536,12,9,1886,0.814329
hGround01.png,textures_pk,65536,11,10,1850,0.830162
pkh_wall01b.png,textures_pk,262144,46,41,7670,0.800944
mod_gratfloor2b.png,textures_pk,65536,11,9,1783,0.861246
mod_celfloor1b.png,textures_pk,16384,2,2,435,0.880854
pke_tuwall01f.png,textures_pk,65536,12,10,1667,0.920965
pkw_wall01c.png,textures_pk,65536,12,9,1824,0.842076
pkf_inwall3c.png,textures_pk,16384,3,2,393,0.974931
pk_chcobb1a.png,textures_pk,65536,12,9,1828,0.839917
mod_labroof1a.png,textures_pk,65536,12,10,1692,0.907539
pkf_sign4.png,textures_pk,16384,3,2,413,0.928173
pkw_trim05.png,textures_pk,4096,0,0,112,0.850785
pkw_wall03k.png,textures_pk,65536,12,10,1765,0.870221
pkf_roadsign2.png,textures_pk,1024,0,0,27,0.885048
pkf_door3a.png,textures_pk,8192,1,1,210,0.91361
pkw_barrel03a.png,textures_pk,16384,3,2,441,0.869253
pk_chcrowall1b.png,textures_pk,65536,12,9,1834,0.83717
pkf_concrete5a.png,textures_pk,65536,12,9,1865,0.823527
pkw_winlay07a.png,textures_pk,65536,3,2,210,7.28755
pkwall1a.png,textures_pk,262144,46,41,7672,0.800801
pkf_inwall2.png,textures_pk,16384,3,2,413,0.927996
pkw_barrel02a.png,textures_pk,16384,2,2,447,0.85873
mis_wall1a.png,textures_pk,65536,11,9,1792,0.857129
pkw_wall01g.png,textures_pk,65536,11,10,1821,0.843048
pke_tuwall01b.png,textures_pk,65536,12,10,1711,0.897223
hwoods2.png,textures_pk,12800,2,1,336,0.891132
pkf_door2a.png,textures_pk,8192,1,1,210,0.91126
pkw_wall011.png,textures_pk,65536,12,10,1821,0.843328
pkf_woodtrim1b.png,textures_pk,8192,1,1,224,0.853989
pkw_arch03.png,textures_pk,65536,12,10,1691,0.908204
pkh_window01b.png,textures_pk,32768,5,4,953,0.805846
mod_celfloor1f.png,textures_pk,16384,2,2,438,0.876038
hWall1.png,textures_pk,65536,12,9,1516,1.01312
mod_striptrim1b.png,textures_pk,4096,0,0,104,0.915358
pkw_pave01a.png,textures_pk,16384,2,2,455,0.842853
pkw_wall02bc.png,textures_pk,65536,11,9,1796,0.855172
pkf_road2a.png,textures_pk,65536,11,10,1827,0.840415
her_trim_3.png,textures_pk,8192,1,1,229,0.835758
pkf_wall2a.png,textures_pk,65536,12,9,1738,0.883325
pkf_wall3e.png,textures_pk,32768,5,4,881,0.871223
mod_celwall1a.png,textures_pk,65536,12,9,1450,1.0591
pkf_wall1m.png,textures_pk,65536,12,9,1611,0.953193
pkw_winlay10a.png,textures_pk,65536,3,1,140,10.9093
pkf_roof3b.png,textures_pk,65536,12,9,1522,1.00904
pkground1a.png,textures_pk,262144,46,41,7672,0.80074
pkw_gwall02b.png,textures_pk,65536,11,9,1843,0.833252
pk_conbuild01b.png,textures_pk,65536,12,10,1728,0.888517
pk_chmarb1b.png,textures_pk,16384,2,2,456,0.841332
mod_light1b.png,textures_pk,4096,0,0,100,0.9545
mod_labtrim4.png,textures_pk,2048,0,0,48,0.995806
mod_labtrim5.png,textures_pk,16384,3,2,332,1.15363
SW_Door02.png,textures_pk,8192,1,1,211,0.907571
{pkw_fence.png,textures_pk,16384,1,0,133,2.8814
pk_conbuild01c.png,textures_pk,65536,12,9,1731,0.887338
mod_thinlightb.png,textures_pk,2048,0,0,19,2.43918
pk_concrete02b.png,textures_pk,65536,12,9,1827,0.84058
pk_chmetal1b.png,textures_pk,32768,5,4,899,0.853926
pkf_wall1l.png,textures_pk,65536,12,10,1632,0.940671
pkf_wall3d.png,textures_pk,65536,12,10,1648,0.931923
her_trim_2.png,textures_pk,8192,1,1,230,0.832129
mod_labtrim8b.png,textures_pk,8192,1,1,198,0.968636
pkw_wall02bb.png,textures_pk,65536,12,10,1805,0.850736
pk_chinvebeam1a.png,textures_pk,2048,0,0,57,0.834641
mod_celfloor1g.png,textures_pk,32768,5,4,830,0.924978
pk_chroofs1a.png,textures_pk,8192,1,1,214,0.895619
pk_chinflc1b.png,textures_pk,32768,6,4,895,0.857188
pkf_sign1.png,textures_pk,32768,6,4,854,0.898541
pke_tuwall01c.png,textures_pk,65536,11,9,1689,0.909119
pkw_wall01f.png,textures_pk,65536,12,9,1806,0.850046
pkf_inwall2b.png,textures_pk,16384,3,2,440,0.871617
pkf_box1b.png,textures_pk,6400,1,0,170,0.878382
pkw_plank01b.png,textures_pk,8192,1,1,224,0.854925
pk_chcrowall1g.png,textures_pk,65536,11,10,1785,0.860036
pkw_trim03a.png,textures_pk,8192,1,1,214,0.896611
pkf_trashcan1a.png,textures_pk,2048,0,0,56,0.845364
hWall07c.png,textures_pk,49152,8,7,1219,0.944662
pkw_trim03c.png,textures_pk,8192,1,1,216,0.88807
pk_chcrowall1e.png,textures_pk,65536,11,10,1839,0.835201
pkw_barrel02b.png,textures_pk,16384,3,2,454,0.844449
mis_wall1b.png,textures_pk,65536,12,9,1599,0.96039
pke_tuwall01a.png,textures_pk,65536,12,9,1755,0.874878
pkw_wall01d.png,textures_pk,65536,12,10,1816,0.845525
pkf_inwall3d.png,textures_pk,16384,3,2,377,1.01606
pk_chroofs1c.png,textures_pk,8192,1,1,208,0.921835
pkf_door2b.png,textures_pk,8192,1,1,209,0.914796
pkw_wall03l.png,textures_pk,65536,12,10,1733,0.885996
pkf_sign3.png,textures_pk,8192,1,1,211,0.908922
pkw_trim02.png,textures_pk,8192,1,1,213,0.898763
hWall2.png,textures_pk,25600,5,3,687,0.872898
mod_striptrim1a.png,textures_pk,4096,0,0,104,0.915358
hWall3b.png,textures_pk,25600,4,3,632,0.949269
pkh_window01a.png,textures_pk,32768,5,4,952,0.806582
mod_celfloor1e.png,textures_pk,16384,2,2,438,0.876038
pkf_woodtrim1a.png,textures_pk,8192,1,1,228,0.839807
{pk_chincarpet1.png,textures_pk,16384,2,1,275,1.39481
pkw_pave01b.png,textures_pk,65536,11,10,1835,0.836728
pkw_pave01a2.png,textures_pk,16384,2,2,453,0.846735
pkf_road2b.png,textures_pk,65536,11,10,1828,0.840171
{mod_labfloor1.png,textures_pk,65536,11,10,1779,0.86302
mod_celwall1b.png,textures_pk,65536,12,9,1364,1.1259
pkf_wall3f.png,textures_pk,32768,6,4,858,0.894406
pkf_wall2b.png,textures_pk,65536,12,9,1676,0.916315
pkf_wall1n.png,textures_pk,65536,12,9,1562,0.983217
pkf_roof3a.png,textures_pk,65536,12,9,1476,1.04056
pkw_winlay10b.png,textures_pk,65536,3,2,211,7.26788
pkground1b.png,textures_pk,262144,46,42,7671,0.800858
pkw_gwall02a.png,textures_pk,65536,12,9,1832,0.838268
+0mod_button1.png,textures_pk,4096,0,0,74,1.28361
mod_labwall01cM.png,textures_pk,65536,2,1,94,16.2315
mod_light1a.png,textures_pk,4096,0,0,73,1.29846
SW_Bark01.png,textures_pk,2048,0,0,58,0.81875
pk_chmarb1a.png,textures_pk,16384,3,2,453,0.846461
pk_conbuild01a.png,textures_pk,65536,12,10,1798,0.854067
pk_chcomcar1d.png,textures_pk,65536,11,10,1868,0.822028
pkf_shopwall1h.png,textures_pk,65536,12,9,1558,0.985557
mod_labtrim6.png,textures_pk,16384,2,2,367,1.04389
mod_thinlighta.png,textures_pk,2048,0,0,27,1.72845
pk_concrete02a.png,textures_pk,65536,11,10,1852,0.829145
pkw_doortrim01.png,textures_pk,2048,0,0,57,0.83579
pk_chmetal1a.png,textures_pk,32768,5,4,910,0.843248
mod_labtrim8a.png,textures_pk,8192,1,1,198,0.965198
pkf_wall2c.png,textures_pk,65536,12,73,1655,0.927799
her_trim_1.png,textures_pk,2048,3,0,57,0.834641
pkf_wall3g.png,textures_pk,32768,12,5,845,0.908377
pkw_wall02ba.png,textures_pk,65536,11,10,1818,0.844445
pkf_tilewall1e2.png,textures_pk,65536,12,9,1573,0.976062
pk_chinvebeam1b.png,textures_pk,2048,0,0,57,0.834301
pkw_arch01.png,textures_pk,32768,6,4,910,0.843699
hWall3.png,textures_pk,25600,4,3,678,0.883814
mod_celfloor1d.png,textures_pk,32768,6,4,874,0.878119
pkf_sign2.png,textures_pk,16384,2,2,374,1.02409
pkf_roadsign4.png,textures_pk,1024,0,0,27,0.884188
pk_chroofs1b.png,textures_pk,8192,1,1,216,0.887456
pk_chinflc1a.png,textures_pk,16384,3,2,449,0.853789
pkf_creds.png,textures_pk,16384,2,2,349,1.09954
pkw_wall01e.png,textures_pk,65536,11,10,1822,0.842586
pkw_plank01a.png,textures_pk,8192,1,1,229,0.835088
pkf_box1a.png,textures_pk,6400,1,0,171,0.872202
pkw_trim03b.png,textures_pk,8192,1,1,214,0.894421
pk_chcrowall1d.png,textures_pk,65536,11,10,1808,0.849183
pkf_trashcan1b.png,textures_pk,1024,0,0,28,0.852889
hWall07b.png,textures_pk,49152,8,7,1302,0.884467
{pkw_fence01.png,textures_pk,8192,0,0,72,2.63971
SW_Wall04a.png,textures_pk,16384,2,2,451,0.850596
pk_hlrroad1c.png,textures_pk,65536,12,10,1806,0.850485
pkw_barrel01b.png,textures_pk,16384,3,2,442,0.867961
mis_wall2b.png,textures_pk,65536,11,10,1764,0.870396
mod_labroof3b.png,textures_pk,65536,12,9,1632,0.940993
pk_chcobb3b.png,textures_pk,65536,12,10,1836,0.83636
pkw_wall01h.png,textures_pk,65536,12,9,1816,0.84566
pkf_door1b.png,textures_pk,7168,1,0,149,1.12701
pkw_pave01b2.png,textures_pk,65536,12,10,1803,0.851707
mod_lights4a.png,textures_pk,1024,0,0,20,1.16695
mis_floor1b.png,textures_pk,32768,6,4,842,0.912034
{pkf_fence2a.png,textures_pk,65536,6,4,601,2.55178
mod_vents1b.png,textures_pk,4096,0,0,109,0.873487
pkf_road1b.png,textures_pk,65536,12,10,1808,0.84938
mod_labtrim7c.png,textures_pk,8192,1,1,201,0.951065
pkf_wall3j.png,textures_pk,65536,12,9,1620,0.947913
pkf_wall1b.png,textures_pk,65536,12,10,1699,0.903742
hWoods.png,textures_pk,4096,0,0,109,0.875978
pkw_gwall01a.png,textures_pk,65536,11,10,1814,0.846282
snowwall3.png,textures_pk,25600,5,3,700,0.856049
{pkf_auttrees1a.png,textures_pk,65536,10,7,1259,1.21946
hTiles2.png,textures_pk,15360,2,2,437,0.821962
pkf_metall1b.png,textures_pk,16384,2,2,454,0.844688
pkw_winlay06.png,textures_pk,65536,3,1,176,8.69048
pkf_shopwall1e.png,textures_pk,65536,12,9,1521,1.00955
pkw_datrim01a.png,textures_pk,4096,0,0,114,0.834896
mod_light2a.png,textures_pk,4096,0,0,71,1.33927
pkf_shopwall1d.png,textures_pk,65536,12,9,1494,1.0281
pkf_grassmud1b.png,textures_pk,65536,12,10,1798,0.854065
pk_concrete01a.png,textures_pk,65536,11,10,1846,0.831661
mod_labwalld.png,textures_pk,16384,3,2,321,1.19371
snowwall2.png,textures_pk,25600,4,3,653,0.917807
pk_chinshad1a.png,textures_pk,65536,12,8,1343,1.14309
pkf_wall1c.png,textures_pk,32768,6,4,851,0.902159
pkw_bomb2.png,textures_pk,65536,11,10,1814,0.846515
pkf_bark1.png,textures_pk,8192,1,1,233,0.820821
SW_Boards01a.png,textures_pk,32768,5,4,900,0.853311
pkf_tilewall1f2.png,textures_pk,65536,12,9,1612,0.952779
mod_labtrim7b.png,textures_pk,8192,1,1,193,0.992173
pkw_wall02aa.png,textures_pk,65536,12,10,1814,0.846681
mod_metdoor1b.png,textures_pk,65536,12,9,1533,1.00154
pk_chinvebeam2b.png,textures_pk,2048,0,0,55,0.863224
hGround01end.png,textures_pk,65536,12,9,1824,0.842103
hbox01.png,textures_pk,16384,3,2,396,0.967359
pkf_inwall1a.png,textures_pk,16384,3,2,447,0.858101
pkf_shopwin1b.png,textures_pk,16384,3,2,409,0.93827
pkw_wall03a.png,textures_pk,65536,11,9,1792,0.85672
pk_chinroof1c2.png,textures_pk,16384,2,2,443,0.866592
pk_chinflc2a.png,textures_pk,32768,6,4,894,0.858327
pkw_wall01i.png,textures_pk,65536,12,10,1811,0.847904
mis_comlay1b.png,textures_pk,32768,1,0,49,15.5372
pk_chcobb3c.png,textures_pk,65536,11,9,1829,0.839688
pkf_box2a.png,textures_pk,6400,1,0,159,0.942788
mod_conpan1b.png,textures_pk,16384,3,1,254,1.50858
pk_hlrroad1b.png,textures_pk,65536,12,9,1794,0.855778
pk_chcrowall1h.png,textures_pk,65536,12,10,1812,0.847453
pk_chpipe1b.png,textures_pk,16384,3,2,413,0.929301
SW_Wall04b.png,textures_pk,16384,3,2,444,0.863105
pkw_barrel01a.png,textures_pk,16384,2,2,426,0.900603
mis_wall2a.png,textures_pk,65536,11,9,1765,0.870166
pkf_door1a.png,textures_pk,7168,1,0,150,1.11263
pkw_wall01k.png,textures_pk,65536,11,10,1828,0.840053
pk_chtrim1.png,textures_pk,16384,2,2,433,0.885227
pk_chinflc2c.png,textures_pk,32768,5,4,897,0.856167
pk_chcobb3a.png,textures_pk,65536,11,10,1815,0.846109
mod_labroof3a.png,textures_pk,65536,11,10,1752,0.876597
pkf_inwall1c.png,textures_pk,16384,2,2,442,0.86719
pkw_wall03c.png,textures_pk,65536,12,9,1780,0.862546
mis_floor1a.png,textures_pk,65536,12,9,1640,0.936314
her_gravel_1.png,textures_pk,65536,11,9,1844,0.832864
hWall07.png,textures_pk,49152,9,7,1334,0.862981
hbox03.png,textures_pk,9216,1,1,230,0.938505
pkf_road1a.png,textures_pk,65536,12,10,1810,0.848334
mod_vents1a.png,textures_pk,4096,0,0,112,0.851183
{pkf_fence2b.png,textures_pk,65536,6,4,644,2.38507
mod_fan1.png,textures_pk,65536,12,9,1625,0.944878
{maz_leaves.png,textures_pk,16384,1,0,89,4.27488
pkw_wall02ac.png,textures_pk,65536,12,10,1793,0.856354
pkf_wall3i.png,textures_pk,65536,12,9,1634,0.939601
SW_Boards01c.png,textures_pk,32768,6,4,879,0.872804
pkf_wall1a.png,textures_pk,65536,12,9,1743,0.880887
pk_chinshad1c.png,textures_pk,65536,12,9,1399,1.09777
pkw_gwall01b.png,textures_pk,65536,11,10,1828,0.839861
pkf_metall1a.png,textures_pk,16384,3,2,466,0.823844
{pkf_auttrees1b.png,textures_pk,65536,6,5,613,2.505
pkf_shopwall1f.png,textures_pk,65536,12,9,1626,0.944153
pkw_datrim01b.png,textures_pk,2048,0,0,58,0.826306
mod_labvertrim1.png,textures_pk,4096,0,0,58,1.6512
pkf_shopwall1g.png,textures_pk,65536,12,10,1623,0.946242
her_grass_1.png,textures_pk,65536,11,9,1880,0.816979
pkf_grassmud1a.png,textures_pk,65536,11,9,1794,0.855874
{pkf_auttrees1c.png,textures_pk,65536,8,6,984,1.55978
pk_concrete01b.png,textures_pk,65536,12,10,1825,0.841342
pk_chinshad1b.png,textures_pk,65536,12,9,1372,1.11881
SW_Boards01b.png,textures_pk,32768,6,4,893,0.859291
pkf_bark2.png,textures_pk,16384,2,2,464,0.826608
pkf_wall3h.png,textures_pk,65536,12,9,1718,0.89387
pkw_bomb1.png,textures_pk,65536,12,10,1802,0.852376
mod_metdoor1a.png,textures_pk,65536,12,9,1568,0.979553
mod_labtrim7a.png,textures_pk,8192,1,1,200,0.958717
pkw_wall02ab.png,textures_pk,65536,12,9,1804,0.851153
pkw_grass01.png,textures_pk,65536,12,9,1832,0.838055
{pkf_fence2c.png,textures_pk,65536,6,5,662,2.32002
pk_chinvebeam2a.png,textures_pk,2048,0,0,56,0.849044
pk_chlightswitch1.png,textures_pk,512,0,0,13,0.92107
pkf_shopwin1a.png,textures_pk,16384,3,2,423,0.906638
pkw_wall03b.png,textures_pk,65536,12,9,1781,0.862097
SW_Wood01.png,textures_pk,4096,0,0,106,0.903338
pkf_inwall1b.png,textures_pk,16384,2,2,437,0.878646
pkw_wall01j.png,textures_pk,65536,11,9,1829,0.839613
pk_chcobb2d.png,textures_pk,65536,11,10,1807,0.849693
pk_chinroof1c1.png,textures_pk,16384,3,2,437,0.877405
pk_chinflc2b.png,textures_pk,32768,6,4,895,0.857269
pk_hlrroad1a.png,textures_pk,65536,11,9,1793,0.856322
mod_conpan1a.png,textures_pk,16384,3,1,251,1.52782
pkf_box2b.png,textures_pk,6400,1,0,106,1.40703
mod_labposter1.png,textures_pk,16384,3,2,366,1.04794
SW_Wall04c.png,textures_pk,32768,5,4,886,0.866451
pk_chpipe1a.png,textures_pk,16384,3,2,404,0.949852
SW_Snow01b.png,textures_pk,65536,12,10,1664,0.922742
pkw_trim01a.png,textures_pk,8192,1,1,218,0.879182
pkf_inroof1a.png,textures_pk,16384,3,2,387,0.990237
mod_labwall01a.png,textures_pk,16384,2,2,289,1.326
{pkf_planks1c.png,textures_pk,65536,9,6,1168,1.31467
pkf_box3b.png,textures_pk,6400,1,0,170,0.878925
pk_hlrroad1e.png,textures_pk,65536,12,9,1801,0.852652
pkw_wall03f.png,textures_pk,65536,12,10,1771,0.867188
pkf_infloor1b.png,textures_pk,16384,2,2,468,0.818847
pk_chinvebeam3a.png,textures_pk,2048,0,0,55,0.865642
pkw_wall02af.png,textures_pk,65536,11,10,1810,0.848485
pk_chinwall4b.png,textures_pk,65536,12,9,1743,0.881061
pkw_wall02bj.png,textures_pk,65536,12,10,1800,0.853274
pkf_wall1d.png,textures_pk,32768,5,4,836,0.917755
pk_chinpillow2a.png,textures_pk,16384,3,1,221,1.73023
pkf_wall2h.png,textures_pk,65536,12,9,1570,0.978283
mod_labwallc.png,textures_pk,16384,2,2,348,1.10148
{mod_window1.png,textures_pk,8192,0,0,108,1.76885
pkf_roof1c.png,textures_pk,16384,3,2,435,0.882521
pkf_shopwall1c.png,textures_pk,65536,12,9,1467,1.04661
pkf_tiles2b.png,textures_pk,65536,12,9,1700,0.903401
pkw_door01a.png,textures_pk,8192,1,1,226,0.848571
pkf_tiles2c.png,textures_pk,65536,12,10,1693,0.906872
pkf_planks1a.png,textures_pk,65536,12,10,1779,0.863199
mod_labfloor01b.png,textures_pk,16384,2,2,280,1.36669
mod_light3b.png,textures_pk,4096,0,0,69,1.38413
pkf_shopwall1b.png,textures_pk,65536,12,10,1566,0.980455
snowwall4.png,textures_pk,25600,4,3,660,0.908563
pkf_roof1b.png,textures_pk,16384,2,2,438,0.876554
mod_labwallb.png,textures_pk,16384,2,2,342,1.12038
pkw_wood01b.png,textures_pk,32768,6,4,910,0.843552
pkf_wall1e.png,textures_pk,65536,12,9,1662,0.924049
pkw_wall02bk.png,textures_pk,65536,12,9,1802,0.85202
pkw_wall02ag.png,textures_pk,65536,12,9,1805,0.850941
pk_chvertbeam1.png,textures_pk,8192,1,1,218,0.878864
hWall1a.png,textures_pk,25600,5,3,666,0.900254
pkf_brush1b.png,textures_pk,8192,1,1,231,0.828751
mod_celfloor2b.png,textures_pk,16384,3,2,444,0.862929
mod_vtrim01b.png,textures_pk,8192,1,1,200,0.956786
hr00f01.png,textures_pk,4096,0,0,110,0.868303
pk_chcobb2a.png,textures_pk,65536,12,10,1824,0.841835
pkw_wall03g.png,textures_pk,65536,12,10,1768,0.868405
pk_hlrroad1d.png,textures_pk,65536,12,9,1826,0.841031
{pkf_planks1b.png,textures_pk,65536,10,8,1459,1.05216
mod_walldetail1.png,textures_pk,16384,3,2,446,0.859064
SW_Wall05b.png,textures_pk,16384,3,2,421,0.911974
pkw_winlay04a.png,textures_pk,65536,2,1,74,20.4981
mod_labtiles2b.png,textures_pk,65536,12,10,1666,0.921561
SW_Snow01a.png,textures_pk,65536,12,9,1603,0.957696
hlogs.png,textures_pk,16384,3,2,464,0.826468
mod_labwall01b.png,textures_pk,16384,2,1,293,1.30776
pkf_inroof1b.png,textures_pk,16384,3,2,421,0.910203
pkw_trim01b.png,textures_pk,8192,1,1,209,0.916139
pkf_box3a.png,textures_pk,6400,1,0,171,0.872469
pkw_wall03e.png,textures_pk,65536,12,9,1780,0.862468
pkf_infloor1a.png,textures_pk,16384,2,2,471,0.814309
pk_chcobb2c.png,textures_pk,65536,12,9,1802,0.851977
pk_chinvebeam3b.png,textures_pk,2048,0,0,52,0.915052
mod_metdoor2.png,textures_pk,16384,3,2,417,0.919333
pk_chinwall4a.png,textures_pk,65536,12,10,1747,0.878945
pkw_wall02ae.png,textures_pk,65536,11,10,1797,0.854364
pkf_tilewall1g2.png,textures_pk,65536,11,9,1565,0.980963
pkw_wall02bi.png,textures_pk,65536,11,10,1792,0.856775
pk_chinpillow2b.png,textures_pk,16384,2,1,203,1.88524
pkf_wall1g.png,textures_pk,32768,6,5,771,0.994939
{mod_window2.png,textures_pk,8192,0,0,60,3.17427
mis_floor2.png,textures_pk,65536,11,10,1852,0.829312
pkw_door01b.png,textures_pk,8192,1,1,226,0.847178
pkf_tiles2a.png,textures_pk,65536,11,9,1779,0.863074
mod_labfloor01a.png,textures_pk,16384,3,2,289,1.32727
pkf_planks1b.png,textures_pk,65536,12,10,1779,0.863135
mod_light3a.png,textures_pk,4096,0,0,74,1.28658
pkf_shopwall1a.png,textures_pk,65536,12,10,1737,0.883849
mod_labwalla.png,textures_pk,16384,2,2,369,1.03814
pkf_roof1a.png,textures_pk,16384,2,2,441,0.869472
pkw_wood01a.png,textures_pk,4096,0,0,115,0.829108
mod_sign1.png,textures_pk,8192,1,1,182,1.05247
pkf_wall1f.png,textures_pk,65536,12,10,1618,0.949019
pk_chinpillow2c.png,textures_pk,16384,3,1,209,1.83061
pkw_wall02bh.png,textures_pk,65536,12,9,1787,0.85924
pkw_wall02ad.png,textures_pk,65536,12,10,1804,0.851092
pk_chinvebeam3c.png,textures_pk,2048,0,0,52,0.909212
mod_celfloor2a.png,textures_pk,16384,2,2,445,0.861285
pkf_brush1a.png,textures_pk,8192,1,1,231,0.828751
hWall1b.png,textures_pk,25600,5,3,644,0.930958
pkw_wall01l.png,textures_pk,65536,11,10,1824,0.841936
pk_chcobb2b.png,textures_pk,65536,12,10,1810,0.848262
pk_chinflc2d.png,textures_pk,32768,6,4,894,0.858659
hr00f02.png,textures_pk,4096,0,0,110,0.868303
mod_vtrim01a.png,textures_pk,4096,0,0,99,0.960206
{maz_leaves2.png,textures_pk,65536,4,3,346,4.43007
pkf_inwall1d.png,textures_pk,16384,2,2,433,0.886676
pkw_wall03d.png,textures_pk,65536,12,9,1774,0.865504
{pkf_planks1a.png,textures_pk,65536,11,9,1680,0.913941
mod_walldetail2.png,textures_pk,16384,3,2,453,0.846521
mod_labwall01c.png,textures_pk,16384,3,2,308,1.24573
SW_Wall05a.png,textures_pk,16384,2,2,442,0.868638
mod_labtiles2a.png,textures_pk,65536,12,9,1677,0.915843
pkw_winlay04b.png,textures_pk,65536,2,1,112,13.6638
SW_Wall02b.png,textures_pk,32768,6,4,841,0.912669
her_wall_1.png,textures_pk,65536,12,9,1812,0.847407
pkw_winlay03a.png,textures_pk,65536,3,2,319,4.80568
pkf_light1a.png,textures_pk,1024,0,0,22,1.04726
ts_tilez1b.png,textures_pk,65536,12,10,1725,0.889931
mod_lbmetal1b.png,textures_pk,65536,12,8,1195,1.28498
gow_wall1a.png,textures_pk,65536,12,10,1767,0.868903
pkw_tiles02d.png,textures_pk,65536,12,9,1809,0.848816
mod_screensa.png,textures_pk,16384,2,1,222,1.72673
mod_screen1c.png,textures_pk,4096,0,0,92,1.03623
pkw_wall07k.png,textures_pk,65536,12,9,1743,0.88106
gow_wallin1b.png,textures_pk,65536,12,9,1664,0.922659
pkf_concrete2.png,textures_pk,65536,11,10,1850,0.830007
pkw_wall05c.png,textures_pk,65536,11,10,1811,0.848106
pkw_wall04g.png,textures_pk,65536,11,10,1771,0.867148
mod_metfloor2c.png,textures_pk,16384,2,2,355,1.07907
mis_detlay1a.png,textures_pk,32768,1,0,2,307.922
pkw_wall11k.png,textures_pk,65536,12,9,1785,0.860213
mod_labpipe1a.png,textures_pk,32768,6,4,823,0.932651
mis_trim1c.png,textures_pk,4096,0,0,102,0.934973
pk_hlrmud3.png,textures_pk,65536,11,10,1833,0.837684
mis_vent1b.png,textures_pk,4096,0,0,97,0.982343
mod_labvent1a.png,textures_pk,2048,0,0,33,1.43518
pk_chinwall2g.png,textures_pk,65536,12,9,1642,0.935004
pk_chinwall3c.png,textures_pk,65536,12,9,1551,0.990109
pkf_wall4m.png,textures_pk,65536,12,9,1528,1.00493
pkf_wall5i.png,textures_pk,65536,11,9,1442,1.06499
pk_chcomwood1a.png,textures_pk,16384,3,2,455,0.842149
pkf_wall7a.png,textures_pk,65536,11,9,1662,0.923679
pkf_wall6e.png,textures_pk,65536,12,9,1465,1.04828
SW_Door01a.png,textures_pk,8192,1,1,211,0.905932
{maz_leaves1a.png,textures_pk,65536,5,3,494,3.10907
pkf_containr2b.png,textures_pk,16384,3,2,364,1.05444
pkw_food1c.png,textures_pk,2048,0,0,55,0.867108
pkf_tilewall1g.png,textures_pk,65536,12,9,1526,1.00641
her_door_1.png,textures_pk,8192,1,1,217,0.881785
pkf_facility2e.png,textures_pk,65536,12,9,1593,0.963838
hboxtop.png,textures_pk,16384,3,2,451,0.849754
pkf_facility2d.png,textures_pk,65536,12,9,1619,0.948209
pkw_ground02a.png,textures_pk,32768,6,4,916,0.838206
pkf_tilewall1f.png,textures_pk,65536,12,9,1579,0.972377
pkw_food1b.png,textures_pk,2048,0,0,56,0.842235
hTrain02.png,textures_pk,131072,24,20,3395,0.904726
pkf_containr2c.png,textures_pk,32768,6,4,805,0.953449
pk_chinflw1a.png,textures_pk,65536,13,10,1678,0.915178
pkf_wall6d.png,textures_pk,65536,13,10,1496,1.0264
pkw_crate01b.png,textures_pk,16384,3,2,439,0.873953
pkf_wall5h.png,textures_pk,65536,12,9,1439,1.0674
mod_screena.png,textures_pk,4096,3,0,90,1.06135
{pk_chbamboo1b.png,textures_pk,8192,1,0,172,1.11053
pkf_wall4l.png,textures_pk,65536,11,9,1505,1.02046
pk_hlrmudd.png,textures_pk,65536,12,17,1819,0.844344
pk_chinwall3b.png,textures_pk,65536,12,10,1583,0.969872
pk_chinwall2f.png,textures_pk,65536,21,10,1646,0.93291
mod_door4.png,textures_pk,16384,3,3,338,1.13375
pk_hlrmud2.png,textures_pk,65536,12,11,1861,0.825309
mis_trim1b.png,textures_pk,4096,0,0,101,0.943226
mazywall.png,textures_pk,65536,12,16,1569,0.978787
pkw_wall11j.png,textures_pk,65536,12,9,1790,0.857982
mod_metfloor2b.png,textures_pk,16384,3,2,352,1.08825
pkw_wall09a.png,textures_pk,65536,12,10,1861,0.825303
mod_electro2b.png,textures_pk,65536,3,7,296,5.17425
pkw_doorfr01b.png,textures_pk,8192,4,1,202,0.946382
mod_labframe1b.png,textures_pk,16384,4,1,247,1.55275
pkw_wall04f.png,textures_pk,65536,12,10,1773,0.865936
pkf_concrete3.png,textures_pk,65536,22,10,1815,0.846083
pkw_wall05b.png,textures_pk,65536,12,10,1812,0.847385
her_inwall_2b.png,textures_pk,16384,3,2,449,0.854552
pkw_wall07j.png,textures_pk,65536,13,10,1730,0.887497
pk_chinroof1e1.png,textures_pk,16384,15,3,450,0.85244
mod_screen1b.png,textures_pk,4096,0,0,104,0.920088
mod_plantg.png,textures_pk,65536,11,9,1857,0.826881
pkw_tiles02e.png,textures_pk,65536,12,9,1812,0.847443
mod_lbmetal1c.png,textures_pk,65536,12,9,1452,1.05736
mod_labcab2a.png,textures_pk,32768,1,1,89,8.55664
her_wall_2.png,textures_pk,65536,11,9,1843,0.833329
SW_Wall02a.png,textures_pk,32768,5,4,875,0.876993
{pk_chleaves1e.png,textures_pk,32768,4,3,509,1.50627
pkf_light1b.png,textures_pk,1024,0,0,24,0.971767
pkw_winlay03b.png,textures_pk,65536,3,2,213,7.19158
scroll_modwater.png,textures_pk,65536,12,9,1456,1.05439
mod_labcab2c.png,textures_pk,32768,2,1,147,5.22303
gow_wall1b.png,textures_pk,65536,12,10,1675,0.916908
mod_lbmetal1a.png,textures_pk,65536,12,9,1434,1.07079
mod_screensb.png,textures_pk,16384,2,1,277,1.38582
ts_tilez1a.png,textures_pk,65536,12,9,1725,0.889931
pkw_wall07h.png,textures_pk,65536,12,10,1764,0.870391
gow_wallin1a.png,textures_pk,65536,12,9,1716,0.8947
pkw_wall04d.png,textures_pk,65536,12,9,1762,0.871381
pkf_concrete1.png,textures_pk,65536,12,9,1845,0.8325
mod_lights2a.png,textures_pk,1024,0,0,22,1.06073
her_ceil_1.png,textures_pk,65536,11,10,1842,0.833839
mis_vent1a.png,textures_pk,4096,0,0,100,0.957037
mod_labpipe1b.png,textures_pk,32768,6,4,722,1.06335
pkw_wall10l.png,textures_pk,65536,12,10,1769,0.868218
pkw_wall11h.png,textures_pk,65536,12,10,1792,0.856726
mis_detlay1b.png,textures_pk,32768,1,0,26,28.8631
mod_labvent1b.png,textures_pk,4096,0,0,41,2.33174
pk_chinwall2d.png,textures_pk,65536,12,9,1696,0.905403
pk_chcomwood1b.png,textures_pk,16384,3,2,453,0.846806
mod_screenc.png,textures_pk,4096,0,0,87,1.09441
pkf_wall4n.png,textures_pk,65536,11,9,1607,0.955713
pkf_wall6f.png,textures_pk,65536,12,9,1448,1.06069
SW_Door01b.png,textures_pk,8192,1,1,208,0.920488
pkf_wall7b.png,textures_pk,65536,12,9,1588,0.966655
mod_pipe2d.png,textures_pk,16384,2,2,252,1.52367
{maz_leaves1b.png,textures_pk,32768,4,3,459,1.66972
pk_chcomcar2.png,textures_pk,65536,11,10,1917,0.801082
pkf_containr2a.png,textures_pk,32768,6,4,802,0.956824
pk_chinwall5.png,textures_pk,65536,12,9,1738,0.88345
pkf_facility2f.png,textures_pk,65536,12,9,1587,0.967595
pkf_tilewall1d.png,textures_pk,65536,12,9,1561,0.983847
her_door_2.png,textures_pk,8192,1,1,219,0.873732
pkf_tilewall1e.png,textures_pk,65536,12,9,1537,0.999218
pkw_ground02b.png,textures_pk,32768,6,4,916,0.837526
pkw_food1a.png,textures_pk,2048,0,0,55,0.857307
hTrain01.png,textures_pk,131072,24,19,3425,0.896826
pk_chinflw1b.png,textures_pk,65536,12,9,1705,0.900508
pkw_road01.png,textures_pk,65536,11,9,1880,0.816742
{maz_leaves1c.png,textures_pk,131072,11,8,1130,2.71821
pkf_wall7c.png,textures_pk,65536,12,9,1532,1.00259
pkw_crate01a.png,textures_pk,16384,2,2,437,0.877746
pkf_wall4o.png,textures_pk,65536,11,9,1661,0.924449
{pk_chbamboo1a.png,textures_pk,8192,1,1,173,1.10698
mod_screenb.png,textures_pk,4096,0,0,95,1.01014
pk_chinwall2e.png,textures_pk,65536,12,9,1698,0.904552
pk_chinwall3a.png,textures_pk,65536,12,9,1561,0.983773
pkw_wall11i.png,textures_pk,65536,11,9,1784,0.86079
pk_chintable1s.png,textures_pk,2048,0,0,53,0.892326
mis_trim1a.png,textures_pk,8192,1,1,203,0.941893
mod_labpipe1c.png,textures_pk,32768,6,4,693,1.1073
mod_metfloor2a.png,textures_pk,16384,2,2,372,1.03057
mod_labframe1a.png,textures_pk,8192,1,0,128,1.49444
pkw_doorfr01a.png,textures_pk,8192,1,1,206,0.928614
mod_electro2a.png,textures_pk,65536,3,2,294,5.22331
pkw_wall05a.png,textures_pk,65536,11,9,1828,0.840124
her_inwall_2a.png,textures_pk,16384,2,2,457,0.839382
pkw_wall04e.png,textures_pk,65536,11,9,1772,0.866441
mod_screen1a.png,textures_pk,4096,0,0,99,0.96368
pk_chinroof1e2.png,textures_pk,16384,3,2,452,0.849462
pkw_wall07i.png,textures_pk,65536,12,9,1732,0.886385
gow_wall1c.png,textures_pk,65536,12,9,1704,0.90123
pkw_arch02d.png,textures_pk,65536,10,8,1597,0.961404
mod_labcab2b.png,textures_pk,32768,2,1,148,5.17805
{pk_chleaves1d.png,textures_pk,65536,10,7,1177,1.30468
her_wall_3.png,textures_pk,65536,12,10,1765,0.870124
{mod_labgrate2.png,textures_pk,65536,7,5,826,1.85874
mod_lbmetal1d.png,textures_pk,65536,12,9,1562,0.982818
pkw_tiles02b.png,textures_pk,65536,11,9,1847,0.83124
mod_labcarpet1b.png,textures_pk,65536,11,9,1857,0.82704
pk_chwoodwall1b.png,textures_pk,65536,12,9,1727,0.889329
pkw_wall04a.png,textures_pk,65536,12,9,1779,0.863039
pkf_concrete4.png,textures_pk,65536,11,9,1845,0.832166
pkw_wall05e.png,textures_pk,65536,12,9,1805,0.850546
{pkf_tree2c.png,textures_pk,65536,4,3,485,3.16272
pk_chinroof1d2.png,textures_pk,16384,3,2,443,0.866414
pkw_wall06i.png,textures_pk,65536,12,9,1788,0.858752
mod_screen1e.png,textures_pk,4096,0,0,99,0.965118
mod_grate1.png,textures_pk,65536,12,9,1671,0.919178
pkw_wall08b.png,textures_pk,65536,12,9,1835,0.836916
pkf_window1a.png,textures_pk,2048,0,0,44,1.07274
SW_Logs01.png,textures_pk,16384,2,2,468,0.820271
mod_door3.png,textures_pk,16384,2,2,350,1.09675
pk_chinwall2a.png,textures_pk,65536,12,9,1729,0.888318
pkw_roof1.png,textures_pk,16384,3,2,458,0.837446
pkf_tilewall1a2.png,textures_pk,65536,11,10,1801,0.852563
pkw_wall10i.png,textures_pk,65536,12,9,1785,0.860472
mod_sigairb.png,textures_pk,2048,0,0,53,0.893982
pkf_wall6c.png,textures_pk,65536,12,9,1496,1.02631
mod_pipe2a.png,textures_pk,16384,2,2,282,1.35859
mod_screenf.png,textures_pk,4096,0,0,90,1.06446
{mazy_ofloor1.png,textures_pk,65536,9,7,1176,1.30543
pktrim1a.png,textures_pk,65536,11,9,1917,0.800974
pk_chgrass1.png,textures_pk,65536,12,10,1866,0.822946
pkf_wall4k.png,textures_pk,65536,12,9,1639,0.937012
pk_chconcrete1c.png,textures_pk,65536,11,10,1874,0.819497
pkf_facility2c.png,textures_pk,65536,12,9,1656,0.927533
hGround.png,textures_pk,65536,12,10,1849,0.830541
pkf_tilewall1a.png,textures_pk,65536,75,14,1738,0.883499
pkh_tiles02a.png,textures_pk,262144,46,42,7658,0.80227
{pkw_wheel01.png,textures_pk,4096,0,0,81,1.17617
pk_chinwall1.png,textures_pk,16384,3,2,372,1.0322
pkw_food1d.png,textures_pk,2048,0,0,56,0.855293
pkf_containr3a.png,textures_pk,32768,6,4,808,0.949491
{her_for_1.png,textures_pk,65536,10,8,1429,1.07447
pkf_facility2b.png,textures_pk,65536,12,9,1662,0.923675
pk_chconcrete1b.png,textures_pk,65536,12,9,1871,0.820558
+amod_button1.png,textures_pk,4096,0,0,74,1.29301
pkf_wall4j.png,textures_pk,65536,12,9,1681,0.913491
mod_screeng.png,textures_pk,4096,0,0,88,1.0799
pkf_wall7f.png,textures_pk,65536,11,9,1512,1.01583
pkf_wall6b.png,textures_pk,65536,12,9,1495,1.0274
mis_trim1d.png,textures_pk,4096,0,0,103,0.930645
pkw_wall10h.png,textures_pk,65536,12,9,1774,0.865482
pk_chinwall3d.png,textures_pk,65536,12,9,1583,0.96992
mod_lights3a.png,textures_pk,1024,0,0,26,0.893153
mis_det1b.png,textures_pk,32768,6,4,728,1.05464
gow_wallceiling1.png,textures_pk,65536,12,9,1705,0.900736
pkw_wall08c.png,textures_pk,65536,11,10,1851,0.829704
mod_screen1d.png,textures_pk,4096,0,0,100,0.957541
pkw_wall06h.png,textures_pk,65536,12,9,1774,0.86552
{pkf_tree2b.png,textures_pk,65536,5,3,488,3.14338
pkw_wall05d.png,textures_pk,65536,11,9,1812,0.847629
mod_wallvent1a.png,textures_pk,8192,1,1,163,1.17206
pkw_arch02a.png,textures_pk,65536,11,9,1813,0.847052
pkw_tiles02c.png,textures_pk,65536,12,9,1811,0.848011
mod_sigwarn.png,textures_pk,4096,0,0,100,0.956004
pk_chinhobeam2a.png,textures_pk,2048,0,0,54,0.877276
SW_Wall03a.png,textures_pk,32768,6,4,874,0.878284
{mod_labgrate3.png,textures_pk,65536,6,5,679,2.25969
{pk_chleaves1a.png,textures_pk,16384,1,0,67,5.71045
{pk_chleaves1c.png,textures_pk,65536,7,4,693,2.21524
{mod_labgrate1.png,textures_pk,65536,7,5,811,1.8936
gow_wall1d.png,textures_pk,65536,11,9,1737,0.884108
pkw_tiles02a.png,textures_pk,65536,12,9,1841,0.833985
pk_chwoodwall1a.png,textures_pk,65536,12,9,1727,0.889329
pkw_arch02c.png,textures_pk,8192,1,1,214,0.894372
mod_labcarpet1a.png,textures_pk,65536,12,10,1857,0.82704
pkw_wall05f.png,textures_pk,65536,12,10,1816,0.845496
mod_light4.png,textures_pk,4096,0,0,69,1.37392
SW_CrateTop.png,textures_pk,16384,3,2,429,0.894805
pkw_wall04b.png,textures_pk,65536,11,9,1772,0.866523
mod_screen1f.png,textures_pk,4096,0,0,90,1.05678
pk_chinroof1d1.png,textures_pk,16384,2,2,441,0.869028
mod_labcon1a.png,textures_pk,32768,6,4,681,1.12698
pkf_window1b.png,textures_pk,2048,0,0,52,0.917871
mod_grate2.png,textures_pk,65536,12,9,1706,0.900096
pkw_wall08a.png,textures_pk,65536,12,9,1817,0.845254
mazy_ofloor1.png,textures_pk,65536,12,9,1652,0.929486
hmountain.png,textures_pk,65536,12,9,1817,0.845235
pk_chinwall2b.png,textures_pk,65536,12,9,1647,0.932389
pk_chintable1t.png,textures_pk,32768,4,3,638,1.20298
pkw_wall10j.png,textures_pk,65536,11,10,1757,0.873889
mod_sigaira.png,textures_pk,2048,0,0,54,0.885239
pkf_wall7d.png,textures_pk,65536,12,9,1539,0.99778
mod_pipe2b.png,textures_pk,16384,2,2,287,1.33652
pkf_wall4h.png,textures_pk,65536,11,9,1505,1.01999
mod_screene.png,textures_pk,4096,0,0,92,1.03761
pktrim1b.png,textures_pk,65536,11,10,1909,0.804408
pkf_tilewall1b.png,textures_pk,65536,11,9,1663,0.923421
pkf_containr3c.png,textures_pk,32768,6,4,812,0.945771
pkh_tiles02b.png,textures_pk,262144,46,41,7674,0.800553
pkf_containr3b.png,textures_pk,16384,3,2,379,1.01265
pkh_tiles02c.png,textures_pk,262144,46,41,7652,0.802857
pkf_facility2a.png,textures_pk,65536,12,9,1694,0.906305
pkf_tilewall1c.png,textures_pk,65536,12,9,1620,0.948004
pk_chconcrete1a.png,textures_pk,65536,12,10,1874,0.819635
hlog.png,textures_pk,6400,1,0,147,1.01378
snowwall.png,textures_pk,25600,5,3,691,0.867727
mod_screend.png,textures_pk,4096,0,0,92,1.03447
pkf_wall4i.png,textures_pk,65536,11,9,1522,1.00892
pkf_wall6a.png,textures_pk,65536,12,9,1554,0.987954
pkf_wall7e.png,textures_pk,65536,11,9,1501,1.02269
mod_pipe2c.png,textures_pk,16384,3,1,250,1.53586
pkw_wall10k.png,textures_pk,65536,12,9,1782,0.861709
pk_chinwall2c.png,textures_pk,65536,12,9,1712,0.897173
mod_door1.png,textures_pk,16384,2,2,407,0.942015
mazfloor.png,textures_pk,65536,12,10,1741,0.881957
mis_det1a.png,textures_pk,32768,6,4,802,0.957158
{pkf_tree2a.png,textures_pk,65536,4,3,489,3.13663
mod_screen1g.png,textures_pk,4096,0,0,95,1.0071
mod_wallvent1b.png,textures_pk,8192,1,0,171,1.1196
pkw_wall04c.png,textures_pk,65536,12,9,1764,0.870695
pkw_wall05g.png,textures_pk,65536,11,9,1813,0.846926
htiles.png,textures_pk,65536,11,9,1862,0.824868
mod_labcab2d.png,textures_pk,32768,1,1,120,6.35121
pkw_arch02b.png,textures_pk,32768,5,3,678,1.13184
gow_wall1e.png,textures_pk,65536,11,9,1679,0.914424
SW_Wall03b.png,textures_pk,32768,6,4,826,0.928744
pk_chinhobeam2b.png,textures_pk,2048,0,0,54,0.884092
{pk_chleaves1b.png,textures_pk,65536,4,3,426,3.60305
SW_Rock01.png,textures_pk,65536,12,9,1719,0.893232
IMGP5511_seamless.png,textures_photo,1048576,190,177,29811,0.824384
IMGP5498_seamless.png,textures_photo,1048576,190,176,29980,0.819743
grass1.png,textures_photo,1048576,187,181,30637,0.802145
IMGP5505_seamless.png,textures_photo,1048576,194,173,29614,0.829866
clover.png,textures_photo,1048576,188,176,30593,0.803298
IMGP5487_seamless.png,textures_photo,1048576,195,172,27748,0.885672
IMGP5480_seamless.png,textures_photo,1048576,190,173,29571,0.831076
rock03.png,textures_photo,1048576,191,173,29959,0.820297
rock02.png,textures_photo,1048576,190,175,30238,0.812743
rock02_2.png,textures_photo,1048576,189,175,30261,0.812132
rock01.png,textures_photo,1048576,193,174,29780,0.825225
IMGP5493_seamless_1.png,textures_photo,1048576,196,164,23997,1.02413
IMGP5493_seamless_2.png,textures_photo,1048576,196,165,24169,1.01682
IMGP5482_seamless.png,textures_photo,1048576,191,174,29873,0.822664
IMGP5497_seamless.png,textures_photo,1048576,191,174,29483,0.833559
IMGP5514_seamless_2.png,textures_photo,1048576,193,173,28775,0.854051
IMGP5546_seamless.png,textures_photo,1048576,196,169,26325,0.933548
IMGP5539_almost_seamless.png,textures_photo,1048576,192,172,28633,0.858285
IMGP5525_seamless.png,textures_photo,1048576,190,174,29871,0.822729
IMGP5514_seamless_1.png,textures_photo,1048576,192,171,29119,0.843985
smartphone_PNG8547.png,pngimg,811500,71,56,7196,2.64289
pork_PNG65.png,pngimg,4557500,739,686,103970,1.02737
pistachio_PNG47.png,pngimg,490000,36,28,4046,2.83819
police_car_PNG12.png,pngimg,177408,17,14,1588,2.61799
lollipop_PNG98263.png,pngimg,75000,10,7,1101,1.59639
mechanical_ventilator_PNG13.png,pngimg,3842960,271,223,25636,3.51327
pizza_PNG7128.png,pngimg,3108900,475,439,68468,1.06421
cacao_PNG27.png,pngimg,202050,36,32,5815,0.814301
christmas_PNG17253.png,pngimg,2790090,282,231,27261,2.39872
cutlet_PNG51.png,pngimg,470900,52,39,4533,2.43439
pineapple_PNG2750.png,pngimg,6143800,887,827,127395,1.1303
thug_life_PNG15.png,pngimg,1000000,25,10,4,5398.11
arma_PNG36.png,pngimg,90000,12,9,1596,1.3215
bison_PNG92393.png,pngimg,409600,45,35,4893,1.96169
sticky_note_PNG18888.png,pngimg,1914066,56,31,301,148.703
multi_tool_PNG3.png,pngimg,1440000,101,79,9699,3.47943
scooter_PNG11292.png,pngimg,591600,43,35,4502,3.07976
skoda_PNG12334.png,pngimg,261120,24,20,2657,2.30261
skoda_PNG12336.png,pngimg,67760,9,7,1125,1.41105
hitman_PNG17.png,pngimg,291030,27,19,1976,3.45044
gym_equipment_PNG172.png,pngimg,1653780,142,113,15280,2.53663
trekking_pole_PNG19.png,pngimg,1440000,85,60,5348,6.31018
heater_PNG47.png,pngimg,1039071,100,81,10028,2.42849
skeleton_PNG42629.png,pngimg,138600,8,5,728,4.46183
hairbrush_PNG95.png,pngimg,960000,43,29,2006,11.2121
mitsubishi_PNG114.png,pngimg,190450,15,12,1534,2.90941
darth_vader_PNG6.png,pngimg,3321808,96,65,1189,65.4261
picture_frame_PNG49.png,pngimg,286800,30,26,4342,1.5481
superman_PNG60.png,pngimg,202540,20,18,2836,1.67339
rubber_duck_PNG17.png,pngimg,462960,36,25,2166,5.0095
soybean_PNG7.png,pngimg,360000,25,24,2893,2.91625
window_PNG17682.png,pngimg,102000,17,13,2163,1.10507
buddha_PNG53.png,pngimg,120576,13,10,1810,1.56117
gas_stove_PNG10.png,pngimg,960000,76,60,6767,3.32456
wedding_cake_PNG19470.png,pngimg,95328,13,10,1950,1.14524
ipod_PNG15.png,pngimg,262144,10,6,373,16.4573
football_player_PNG54.png,pngimg,953250,68,50,4147,5.38692
spinner_PNG17.png,pngimg,1048576,61,45,4311,5.70014
gloves_PNG8323.png,pngimg,758280,94,81,12037,1.47642
chevrolet_PNG46.png,pngimg,307200,24,19,2166,3.32389
spinach_PNG15.png,pngimg,151200,17,15,2448,1.44757
donate_PNG42.png,pngimg,114130,7,3,232,11.4889
chef_PNG71.png,pngimg,12154520,676,532,21401,13.3109
socks_PNG8220.png,pngimg,128700,6,4,213,14.1419
france_PNG16.png,pngimg,180000,14,10,1116,3.77723
chocolate_cake_PNG37.png,pngimg,242400,25,20,2930,1.93863
bun_PNG13761.png,pngimg,279600,34,29,5091,1.28702
helicopter_PNG80102.png,pngimg,1306200,70,55,5315,5.75886
praying_hands_PNG10.png,pngimg,538248,18,12,628,20.0565
iphone_12_PNG37.png,pngimg,2560000,264,203,21848,2.74623
machine_gun_PNG15.png,pngimg,234400,20,16,2413,2.27622
house_PNG49.png,pngimg,214176,26,22,3660,1.37119
radish_PNG50.png,pngimg,498960,33,22,1693,6.90443
bruce_lee_PNG27.png,pngimg,363814,36,29,4401,1.93715
libra_PNG23.png,pngimg,283800,23,17,1988,3.345
email_PNG28.png,pngimg,1048576,29,17,251,97.7849
gift_PNG100250.png,pngimg,350400,26,16,1281,6.41012
face_PNG5662.png,pngimg,162500,12,10,1494,2.54921
cursor_PNG68.png,pngimg,700416,19,11,140,116.825
floral_frame_PNG53.png,pngimg,1008000,112,94,14252,1.65757
phone_hand_PNG32.png,pngimg,1743248,122,83,5589,7.30957
rubber_stamp_PNG2.png,pngimg,304584,47,35,4084,1.7479
pyramid_PNG11.png,pngimg,41120,4,2,405,2.37474
fairy_PNG112.png,pngimg,2709210,229,191,26418,2.40349
deodorant_PNG38.png,pngimg,3686400,214,180,20560,4.20227
sofa_PNG6947.png,pngimg,2865960,440,403,63552,1.05694
peacock_PNG22.png,pngimg,62100,10,7,1205,1.20724
bell_PNG53465.png,pngimg,4905000,421,367,50297,2.28562
dog_PNG23603.png,pngimg,3420087,408,374,57071,1.40452
towel_PNG99.png,pngimg,2666000,337,270,28081,2.22513
bone_PNG30.png,pngimg,262144,6,2,28081,1
bellflower_PNG12.png,pngimg,332800,22,17,2380,3.27698
flags_PNG14682.png,pngimg,960000,24,20,4,4650.79
jam_PNG74.png,pngimg,5399220,809,643,70915,1.78444
lightning_PNG48.png,pngimg,409600,59,48,7070,1.35783
carpet_PNG57667.png,pngimg,86800,16,12,2347,0.866798
snapchat_PNG35.png,pngimg,262144,7,4,57,107.16
dreamcatcher_PNG28.png,pngimg,15810000,1419,1126,102981,3.59819
jam_PNG63.png,pngimg,115710,19,15,2724,0.995456
academy_awards_PNG9.png,pngimg,532824,152,193,5608,2.22656
towel_PNG64.png,pngimg,269360,29,24,4085,1.54542
hummer_PNG12197.png,pngimg,546816,65,53,7716,1.66092
canoe_PNG122.png,pngimg,4000000,275,233,29447,3.18361
milk_PNG12713.png,pngimg,320000,7,3,29447,1
wifi_PNG62328.png,pngimg,262144,6,2,14,424.84
dna_PNG5.png,pngimg,560950,18,12,591,22.2223
american_indian_PNG24.png,pngimg,1198000,97,85,11580,2.42461
pickup_truck_PNG16304.png,pngimg,2891976,337,272,31425,2.15689
christmas_garland_PNG19.png,pngimg,1110259,95,69,5982,4.3495
tequila_PNG96.png,pngimg,829040,59,45,5256,3.6966
face_PNG5655.png,pngimg,162500,14,11,1672,2.27743
solar_panel_PNG149.png,pngimg,1000000,81,67,9064,2.58564
treasure_chest_PNG69.png,pngimg,201500,28,24,4127,1.1441
confetti_PNG86980.png,pngimg,1905987,63,48,2306,19.3691
power_socket_PNG19332.png,pngimg,985054,147,112,12638,1.82679
chupa_chups_PNG17.png,pngimg,1048576,59,40,2969,8.27707
tshirt_PNG5454.png,pngimg,78000,13,8,1123,1.62756
bank_PNG6.png,pngimg,160000,14,9,1019,3.67811
rhino_PNG25.png,pngimg,592091,34,20,1451,9.55816
sushi_PNG9205.png,pngimg,5343012,737,653,93987,1.33237
chef_PNG37.png,pngimg,15388800,749,742,52574,6.86024
dagger_PNG8.png,pngimg,184800,6,4,306,14.1358
vitamins_PNG43.png,pngimg,40000,1,0,17,53.0006
leash_PNG136.png,pngimg,406424,18,14,1358,7.01429
spinner_PNG51.png,pngimg,563040,20,14,853,15.4563
beef_PNG59.png,pngimg,2457600,305,269,40094,1.4366
dachshund_PNG57.png,pngimg,838656,25,17,391,50.2308
gym_equipment_PNG131.png,pngimg,250000,24,19,2653,2.20827
phone_PNG48891.png,pngimg,5700955,772,654,84349,1.58409
leash_PNG10.png,pngimg,619269,66,52,7347,1.97535
pluto_disney_PNG10.png,pngimg,204216,16,13,1676,2.85444
viber_PNG2.png,pngimg,262144,10,6,488,12.5894
cabbage_PNG99102.png,pngimg,10934790,1529,1410,207201,1.23688
street_light_PNG11515.png,pngimg,3650400,152,117,9154,9.34558
Number 2 PNG images free download_PNG14940.png,pngimg,360000,12,7,210,40.1728
fire_truck_PNG41.png,pngimg,6172296,755,635,76744,1.88501
macaron_PNG35.png,pngimg,114000,11,8,1260,2.11987
palm_tree_PNG93358.png,pngimg,161792,9,6,592,6.39892
boots_PNG7802.png,pngimg,810000,84,73,10949,1.73376
dagger_PNG49.png,pngimg,668880,34,27,2492,6.289
cursor_PNG65.png,pngimg,262144,11,8,486,12.6201
land_rover_PNG51.png,pngimg,1030394,113,90,11689,2.066
pizza_PNG44037.png,pngimg,12823200,2045,1941,292900,1.02609
birds_PNG49.png,pngimg,9776000,945,740,66847,3.42758
lighter_PNG11167.png,pngimg,2771228,304,268,39174,1.658
mailbox_PNG63.png,pngimg,2108079,214,174,20123,2.4552
gamepad_PNG21.png,pngimg,1000000,88,71,10107,2.3189
surfing_PNG9717.png,pngimg,132308,18,13,2106,1.4721
floral_frame_PNG270.png,pngimg,18061716,1074,1015,90912,4.65634
jackal_PNG12.png,pngimg,163682,22,19,3111,1.23285
scanner_PNG11354.png,pngimg,1228800,124,93,12851,2.24099
klitschko_PNG16.png,pngimg,32400,3,2,507,1.49575
stewardess_PNG20.png,pngimg,250000,13,9,973,6.02004
cd_dvd_PNG102294.png,pngimg,1419093,35,14,17,1939.53
lamp_PNG3700.png,pngimg,4658199,577,489,66981,1.62995
bottle_opener_PNG19.png,pngimg,490000,29,20,1767,6.49784
happy_birthday_PNG56.png,pngimg,1440000,100,80,9521,3.54453
silver_PNG17125.png,pngimg,423720,34,27,3327,2.98491
brain_PNG13.png,pngimg,824320,37,27,1652,11.6915
leek_PNG54.png,pngimg,3197151,277,249,35471,2.1125
man_PNG6522.png,pngimg,3354850,252,218,28924,2.71846
keychain_PNG54.png,pngimg,640000,47,40,5640,2.65917
candle_PNG7268.png,pngimg,360000,35,28,4225,1.99669
wheelchair_PNG82760.png,pngimg,8154535,1009,885,116354,1.64258
superman_PNG43.png,pngimg,614400,41,33,4475,3.2174
land_rover_PNG21.png,pngimg,2785280,276,229,27188,2.40104
nails_PNG50.png,pngimg,270272,37,31,5096,1.24288
seashell_PNG29.png,pngimg,1020000,142,117,17292,1.38242
transformers_PNG74.png,pngimg,628800,31,23,2153,6.84345
jet_fighter_PNG116.png,pngimg,192800,8,6,616,7.33373
ice_cream_PNG98208.png,pngimg,10512256,1435,1357,198057,1.24399
tent_PNG10.png,pngimg,5322000,570,494,67064,1.8599
new_year_PNG37.png,pngimg,621120,36,25,1677,8.68033
honey_PNG86301.png,pngimg,281112,20,16,2173,3.03124
ice_skates_PNG64.png,pngimg,1429200,137,111,13618,2.45972
jet_fighter_PNG15.png,pngimg,640000,33,26,2920,5.13623
macaron_PNG9.png,pngimg,250000,25,20,2912,2.01207
rubik_cube_PNG1.png,pngimg,394060,27,22,2736,3.37496
sony_playstation_PNG17534.png,pngimg,384000,32,22,1943,4.63054
vaccine_PNG11.png,pngimg,129500,4,2,88,34.3558
suitcase_PNG10767.png,pngimg,14085760,927,702,41316,7.99046
crab_PNG40.png,pngimg,62500,5,4,608,2.40892
sausage_PNG5198.png,pngimg,169000,20,17,2999,1.32032
jeep_PNG105.png,pngimg,1953600,190,162,21480,2.13159
christmas_wreath_PNG1.png,pngimg,807801,83,70,10880,1.74012
aquarius_PNG27.png,pngimg,167608,16,11,1068,3.67574
american_football_PNG37.png,pngimg,1741680,204,159,19657,2.0766
anime_girl_PNG22.png,pngimg,251136,34,27,3774,1.55929
walkie_talkie_PNG18.png,pngimg,1506000,107,87,5788,6.09791
donut_PNG51.png,pngimg,4272048,256,184,10167,9.8475
megaphone_PNG112.png,pngimg,765000,19,7,10167,1
number8_PNG18700.png,pngimg,65536,5,3,264,5.80868
solar_panel_PNG110.png,pngimg,448900,53,45,7492,1.40415
picture_frame_PNG92.png,pngimg,359400,33,25,3218,2.61684
air_pump_PNG5.png,pngimg,771228,69,52,5892,3.06763
window_PNG17659.png,pngimg,4671304,359,288,30017,3.64738
goblin_PNG1.png,pngimg,591675,55,44,6407,2.1642
teddy_bear_PNG88.png,pngimg,1407600,182,158,24464,1.34849
measure_tape_PNG69.png,pngimg,647040,40,28,2578,5.88242
christmas_wreath_PNG57.png,pngimg,357000,43,34,5636,1.48439
wineglass_PNG2911.png,pngimg,13498198,380,255,2582,122.496
jam_PNG20.png,pngimg,557600,84,72,11963,1.0924
armour_PNG42.png,pngimg,776549,94,77,11571,1.57285
m_m_PNG65.png,pngimg,870397,86,71,9140,2.23189
checkers_PNG34.png,pngimg,1048576,86,70,8363,2.93845
gangster_PNG20.png,pngimg,541728,17,11,357,35.4776
razor_blade_PNG17804.png,pngimg,40000,1,0,357,1
apps-help-browser.png,icon_512,262144,18,13,936,6.56259
actions-document-properties.png,icon_512,262144,11,7,227,27.0594
mimetypes-x-office-spreadsheet-template.png,icon_512,262144,16,9,523,11.736
apps-preferences-system-windows.png,icon_512,262144,11,5,177,34.6662
mimetypes-x-office-presentation.png,icon_512,262144,14,9,641,9.57946
actions-format-text-strikethrough.png,icon_512,262144,11,7,358,17.1504
mimetypes-text-x-script.png,icon_512,262144,11,7,310,19.7611
actions-edit-select-all.png,icon_512,262144,10,5,116,52.9205
actions-view-refresh.png,icon_512,262144,12,8,626,9.80139
actions-go-first.png,icon_512,262144,12,7,355,17.2763
status-network-transmit-receive.png,icon_512,262144,18,11,908,6.76065
apps-preferences-system-network-proxy.png,icon_512,262144,19,13,1076,5.70657
status-dialog-warning.png,icon_512,262144,9,5,173,35.4592
actions-edit-undo.png,icon_512,262144,9,6,257,23.8918
devices-computer.png,icon_512,262144,18,11,776,7.91619
categories-applications-office.png,icon_512,262144,16,11,1035,5.93417
actions-go-top.png,icon_512,262144,12,7,357,17.1849
devices-drive-removable-media.png,icon_512,262144,10,6,212,28.9276
emotes-face-angel.png,icon_512,262144,17,13,869,7.06572
status-battery-caution.png,icon_512,262144,15,10,492,12.4669
actions-format-indent-less.png,icon_512,262144,11,6,180,33.9998
status-network-offline.png,icon_512,262144,18,11,845,7.26276
devices-input-mouse.png,icon_512,262144,12,7,339,18.0839
actions-appointment-new.png,icon_512,262144,19,13,1331,4.6158
status-folder-drag-accept.png,icon_512,262144,12,7,307,19.9652
actions-go-last.png,icon_512,262144,12,8,331,18.5583
apps-preferences-desktop-font.png,icon_512,262144,9,5,188,32.6347
actions-mail-send-receive.png,icon_512,262144,12,8,512,11.981
mimetypes-x-office-document-template.png,icon_512,262144,15,9,547,11.2153
actions-mail-reply-sender.png,icon_512,262144,12,8,538,11.4035
mimetypes-video-x-generic.png,icon_512,262144,11,8,540,11.3623
devices-video-display.png,icon_512,262144,15,9,575,10.6845
emblems-emblem-readonly.png,icon_512,262144,9,5,136,45.07
emotes-face-surprise.png,icon_512,262144,17,11,881,6.97302
actions-go-up.png,icon_512,262144,11,7,313,19.625
actions-edit-find.png,icon_512,262144,14,9,677,9.07387
mimetypes-application-x-executable.png,icon_512,262144,12,8,420,14.6246
places-user-desktop.png,icon_512,262144,10,6,238,25.7856
status-printer-error.png,icon_512,262144,13,8,395,15.5476
apps-system-file-manager.png,icon_512,262144,8,7,123,49.5492
places-user-home.png,icon_512,262144,12,7,329,18.6261
devices-input-keyboard.png,icon_512,262144,11,6,272,22.5117
apps-preferences-desktop-keyboard-shortcuts.png,icon_512,262144,14,9,514,11.9513
categories-preferences-system.png,icon_512,262144,13,9,764,8.03367
status-network-idle.png,icon_512,262144,20,12,983,6.24705
emblems-emblem-symbolic-link.png,icon_512,262144,10,5,147,41.5215
actions-contact-new.png,icon_512,262144,18,11,982,6.25542
status-weather-snow.png,icon_512,262144,21,14,1498,4.09936
actions-tab-new.png,icon_512,262144,12,9,710,8.6462
apps-preferences-desktop-wallpaper.png,icon_512,262144,15,10,682,9.00751
apps-system-users.png,icon_512,262144,17,13,1273,4.82418
actions-edit-find-replace.png,icon_512,262144,15,9,722,8.50481
devices-input-gaming.png,icon_512,262144,12,7,434,14.1502
emblems-emblem-photos.png,icon_512,262144,14,8,526,11.664
actions-media-seek-forward.png,icon_512,262144,10,6,293,20.9207
devices-media-floppy.png,icon_512,262144,12,7,285,21.5122
devices-media-flash.png,icon_512,262144,14,9,536,11.462
actions-edit-redo.png,icon_512,262144,10,6,309,19.8429
places-folder-remote.png,icon_512,262144,12,7,388,15.8317
emblems-emblem-important.png,icon_512,262144,8,5,198,30.9736
places-start-here.png,icon_512,262144,8,6,198,31.0165
actions-address-book-new.png,icon_512,262144,16,11,1036,5.92845
apps-preferences-desktop-locale.png,icon_512,262144,16,8,452,13.5736
actions-edit-paste.png,icon_512,262144,12,7,376,16.3199
mimetypes-audio-x-generic.png,icon_512,262144,9,6,339,18.1069
actions-mail-message-new.png,icon_512,262144,17,12,1270,4.83533
devices-camera-photo.png,icon_512,262144,14,10,674,9.10476
devices-battery.png,icon_512,262144,13,8,469,13.0881
status-weather-few-clouds-night.png,icon_512,262144,15,11,1109,5.53573
status-weather-clear.png,icon_512,262144,16,11,1154,5.32127
status-audio-volume-muted.png,icon_512,262144,16,12,1031,5.9569
actions-edit-copy.png,icon_512,262144,10,7,237,25.824
mimetypes-text-x-generic.png,icon_512,262144,9,5,141,43.4271
actions-media-playback-stop.png,icon_512,262144,9,6,135,45.1882
devices-drive-optical.png,icon_512,262144,10,6,273,22.4794
actions-system-search.png,icon_512,262144,17,12,1266,4.84956
actions-document-print-preview.png,icon_512,262144,15,11,852,7.21062
devices-multimedia-player.png,icon_512,262144,15,9,661,9.28789
devices-camera-video.png,icon_512,262144,14,9,578,10.6168
places-folder.png,icon_512,262144,11,6,253,24.2773
actions-list-add.png,icon_512,262144,8,5,90,67.8295
status-weather-clear-night.png,icon_512,262144,10,6,354,17.346
status-dialog-error.png,icon_512,262144,11,7,331,18.5242
status-audio-volume-low.png,icon_512,262144,17,12,1101,5.57695
actions-format-indent-more.png,icon_512,262144,10,6,181,33.9116
categories-applications-games.png,icon_512,262144,9,6,295,20.768
mimetypes-x-office-calendar.png,icon_512,262144,12,8,626,9.80793
actions-go-next.png,icon_512,262144,11,7,296,20.7132
status-audio-volume-high.png,icon_512,262144,18,13,1244,4.93857
apps-preferences-desktop-assistive-technology.png,icon_512,262144,18,11,772,7.95471
actions-format-text-bold.png,icon_512,262144,12,8,390,15.746
status-weather-showers.png,icon_512,262144,21,17,2216,2.77219
apps-internet-mail.png,icon_512,262144,12,7,316,19.391
emotes-face-sad.png,icon_512,262144,17,12,938,6.54327
actions-bookmark-new.png,icon_512,262144,15,10,903,6.80042
emblems-emblem-favorite.png,icon_512,262144,12,8,423,14.4908
status-dialog-information.png,icon_512,262144,19,13,1246,4.92765
apps-internet-group-chat.png,icon_512,262144,8,4,84,72.8203
mimetypes-package-x-generic.png,icon_512,262144,14,8,443,13.8391
actions-system-shutdown.png,icon_512,262144,11,6,289,21.2302
devices-media-optical.png,icon_512,262144,23,16,1418,4.33052
emotes-face-monkey.png,icon_512,262144,18,12,1053,5.83194
status-network-receive.png,icon_512,262144,19,12,949,6.47149
mimetypes-text-html.png,icon_512,262144,16,11,1045,5.87562
categories-applications-internet.png,icon_512,262144,25,17,2237,2.74572
actions-process-stop.png,icon_512,262144,11,7,340,18.0614
apps-preferences-system-session.png,icon_512,262144,12,7,331,18.5464
mimetypes-x-office-address-book.png,icon_512,262144,13,8,444,13.8294
devices-network-wired.png,icon_512,262144,9,5,341,17.9865
status-image-loading.png,icon_512,262144,13,8,437,14.0545
actions-media-seek-backward.png,icon_512,262144,10,7,301,20.4037
apps-preferences-desktop-theme.png,icon_512,262144,12,8,444,13.8301
emotes-face-grin.png,icon_512,262144,14,10,631,9.73266
actions-view-fullscreen.png,icon_512,262144,13,9,912,6.73551
actions-media-record.png,icon_512,262144,10,6,222,27.569
places-network-workgroup.png,icon_512,262144,11,6,303,20.2456
mimetypes-font-x-generic.png,icon_512,262144,11,15,268,22.8564
status-folder-open.png,icon_512,262144,11,6,248,24.7442
categories-applications-multimedia.png,icon_512,262144,11,6,340,18.0582
status-software-update-available.png,icon_512,262144,10,7,318,19.2949
status-network-wireless-encrypted.png,icon_512,262144,15,10,828,7.41586
actions-mail-mark-junk.png,icon_512,262144,16,10,708,8.66944
emotes-face-crying.png,icon_512,262144,18,12,1056,5.81372
status-image-missing.png,icon_512,262144,10,5,170,36.0389
emblems-emblem-system.png,icon_512,262144,13,7,368,16.6691
actions-folder-new.png,icon_512,262144,17,12,1242,4.94382
devices-printer.png,icon_512,262144,28,60,304,20.1709
places-user-trash.png,icon_512,262144,46,10,554,11.0861
categories-preferences-desktop-peripherals.png,icon_512,262144,15,10,638,9.61915
devices-audio-card.png,icon_512,262144,13,8,530,11.5919
emblems-emblem-unreadable.png,icon_512,262144,18,11,806,7.61385
devices-network-wireless.png,icon_512,262144,14,10,753,8.15434
mimetypes-x-office-spreadsheet.png,icon_512,262144,14,8,522,11.7688
actions-format-justify-center.png,icon_512,262144,9,5,114,53.6182
actions-document-print.png,icon_512,262144,12,7,302,20.3164
emotes-face-wink.png,icon_512,262144,17,12,971,6.32293
status-audio-volume-medium.png,icon_512,262144,17,12,1164,5.27625
places-network-server.png,icon_512,262144,9,5,170,36.0391
emotes-face-kiss.png,icon_512,262144,17,12,1004,6.11841
apps-preferences-desktop-accessibility.png,icon_512,262144,16,10,633,9.69585
emotes-face-smile.png,icon_512,262144,17,11,932,6.59108
apps-system-software-update.png,icon_512,262144,19,12,1260,4.87494
categories-preferences-desktop.png,icon_512,262144,10,6,181,33.8265
actions-system-lock-screen.png,icon_512,262144,16,10,681,9.02081
actions-go-bottom.png,icon_512,262144,13,7,375,16.3501
actions-format-text-underline.png,icon_512,262144,12,8,399,15.3964
status-weather-few-clouds.png,icon_512,262144,19,14,1621,3.78928
apps-internet-web-browser.png,icon_512,262144,20,13,1250,4.91152
actions-edit-cut.png,icon_512,262144,11,7,448,13.6898
status-weather-severe-alert.png,icon_512,262144,17,13,1412,4.34897
apps-office-calendar.png,icon_512,262144,9,5,207,29.6115
categories-applications-development.png,icon_512,262144,23,16,1532,4.00994
actions-go-jump.png,icon_512,262144,9,6,299,20.518
categories-applications-other.png,icon_512,262144,11,7,369,16.6267
apps-utilities-terminal.png,icon_512,262144,19,11,800,7.67961
actions-media-playback-start.png,icon_512,262144,9,6,198,31.0295
actions-go-home.png,icon_512,262144,11,7,325,18.865
devices-audio-input-microphone.png,icon_512,262144,13,9,642,9.56567
apps-internet-news-reader.png,icon_512,262144,11,6,269,22.8264
status-network-error.png,icon_512,262144,20,12,961,6.39161
emotes-face-plain.png,icon_512,262144,17,12,952,6.44821
mimetypes-x-office-document.png,icon_512,262144,11,6,221,27.7626
mimetypes-image-x-generic.png,icon_512,262144,16,9,687,8.94319
status-weather-showers-scattered.png,icon_512,262144,18,14,1655,3.71234
categories-applications-accessories.png,icon_512,262144,14,9,621,9.87865
emotes-face-glasses.png,icon_512,262144,20,14,1474,4.16801
apps-system-installer.png,icon_512,262144,14,9,614,9.9904
mimetypes-application-certificate.png,icon_512,262144,15,10,654,9.38579
actions-media-playback-pause.png,icon_512,262144,9,7,181,33.8289
actions-media-eject.png,icon_512,262144,9,5,197,31.179
actions-document-save.png,icon_512,262144,14,9,532,11.5279
apps-utilities-system-monitor.png,icon_512,262144,20,14,962,6.38262
actions-system-log-out.png,icon_512,262144,20,13,995,6.16895
actions-document-new.png,icon_512,262144,15,11,1134,5.41735
actions-media-skip-backward.png,icon_512,262144,11,7,350,17.5083
apps-accessories-calculator.png,icon_512,262144,12,6,307,19.9727
apps-preferences-desktop-multimedia.png,icon_512,262144,22,17,2436,2.52174
emotes-face-devilish.png,icon_512,262144,15,10,875,7.01586
categories-applications-graphics.png,icon_512,262144,12,8,664,9.24803
actions-edit-clear.png,icon_512,262144,13,9,784,7.83219
emotes-face-smile-big.png,icon_512,262144,16,11,879,6.98483
actions-list-remove.png,icon_512,262144,7,5,65,94.1792
actions-format-justify-fill.png,icon_512,262144,9,5,113,54.189
actions-format-justify-left.png,icon_512,262144,9,5,114,53.8606
mimetypes-x-office-drawing.png,icon_512,262144,10,6,251,24.4133
mimetypes-x-office-presentation-template.png,icon_512,262144,18,12,849,7.234
status-weather-overcast.png,icon_512,262144,16,12,1460,4.20758
actions-media-skip-forward.png,icon_512,262144,11,7,354,17.3325
actions-format-justify-right.png,icon_512,262144,9,5,114,53.4979
places-folder-saved-search.png,icon_512,262144,12,7,360,17.0433
devices-drive-harddisk.png,icon_512,262144,10,6,232,26.4546
actions-go-previous.png,icon_512,262144,11,7,307,19.9861
status-weather-storm.png,icon_512,262144,22,21,2072,2.96455
actions-document-open.png,icon_512,262144,45,7,336,18.2788
actions-window-new.png,icon_512,262144,16,10,897,6.8469
status-mail-attachment.png,icon_512,262144,14,6,235,26.1044
apps-accessories-text-editor.png,icon_512,262144,13,9,430,14.2831
apps-preferences-desktop-screensaver.png,icon_512,262144,26,12,662,9.27645
categories-applications-system.png,icon_512,262144,14,12,628,9.77326
actions-go-down.png,icon_512,262144,11,7,279,21.9433
actions-mail-reply-all.png,icon_512,262144,17,11,1043,5.88603
status-folder-visiting.png,icon_512,262144,9,5,129,47.5681
status-user-trash-full.png,icon_512,262144,18,12,925,6.64138
apps-accessories-character-map.png,icon_512,262144,11,6,260,23.5549
actions-format-text-italic.png,icon_512,262144,11,7,290,21.171
mimetypes-x-office-drawing-template.png,icon_512,262144,17,10,776,7.90952
apps-preferences-desktop-remote-desktop.png,icon_512,262144,17,11,880,6.97632
status-software-update-urgent.png,icon_512,262144,9,6,193,31.731
actions-mail-forward.png,icon_512,262144,12,8,496,12.376
status-network-transmit.png,icon_512,262144,19,12,929,6.60975
actions-document-save-as.png,icon_512,262144,13,8,488,12.5675
actions-edit-delete.png,icon_512,262144,16,9,648,9.46947
mimetypes-text-x-generic-template.png,icon_512,262144,11,7,231,26.5434
kodim11.png,photo_kodak,393216,74,69,9426,0.977698
kodim05.png,photo_kodak,393216,73,62,10467,0.880438
kodim04.png,photo_kodak,393216,75,61,9622,0.957716
kodim10.png,photo_kodak,393216,73,60,9619,0.958084
kodim06.png,photo_kodak,393216,72,60,9896,0.931222
kodim12.png,photo_kodak,393216,73,60,8983,1.0259
kodim13.png,photo_kodak,393216,72,63,10961,0.840795
kodim07.png,photo_kodak,393216,74,59,8511,1.08274
kodim03.png,photo_kodak,393216,73,57,7960,1.15769
kodim17.png,photo_kodak,393216,74,60,9554,0.964605
kodim16.png,photo_kodak,393216,72,59,9167,1.00532
kodim02.png,photo_kodak,393216,72,62,9663,0.953673
kodim14.png,photo_kodak,393216,72,61,10349,0.890475
kodim01.png,photo_kodak,393216,72,61,10316,0.893344
kodim15.png,photo_kodak,393216,72,59,8863,1.03977
kodim24.png,photo_kodak,393216,71,60,9268,0.994301
kodim18.png,photo_kodak,393216,72,63,10864,0.848245
kodim19.png,photo_kodak,393216,73,61,10240,0.899961
kodim22.png,photo_kodak,393216,72,62,10552,0.873374
kodim23.png,photo_kodak,393216,75,60,9021,1.02161
kodim09.png,photo_kodak,393216,73,60,9544,0.96559
kodim21.png,photo_kodak,393216,74,62,10207,0.90285
kodim20.png,photo_kodak,393216,66,55,8687,1.06086
kodim08.png,photo_kodak,393216,72,62,10573,0.8716
pk02_ceiling03_S.png,textures_pk02,262144,48,40,6539,0.939523
pk02_light02c_C.png,textures_pk02,65536,12,10,1711,0.897213
pk02_light03_C.png,textures_pk02,65536,12,10,1864,0.823892
pk02_pipes01_C.png,textures_pk02,262144,48,41,7145,0.859786
pk02_wall_big02a_C.png,textures_pk02,1048576,204,179,30248,0.812466
pk02_wall04b_N.png,textures_pk02,262144,48,40,6626,0.927131
pk02_wall05a_S.png,textures_pk02,262144,50,41,7087,0.86682
pk02_floor13_N.png,textures_pk02,65536,11,10,1914,0.802494
pk02_floor12b_C.png,textures_pk02,65536,11,10,1918,0.800828
pk02_computer01b_C.png,textures_pk02,131072,24,20,3686,0.833375
pk02_wall01_C.png,textures_pk02,262144,55,41,7553,0.813447
pk02_trim01_S.png,textures_pk02,65536,11,9,1902,0.807423
pk02_door01_C.png,textures_pk02,262144,47,42,7606,0.80773
pk02_floor08a_S.png,textures_pk02,262144,46,39,6521,0.942095
pk02_wall02c_N.png,textures_pk02,262144,49,41,6867,0.894666
pk02_sand01_C.png,textures_pk02,1048576,187,175,30602,0.803075
pk02_floor04_C.png,textures_pk02,262144,47,41,7601,0.808306
pk02_floor06a_C.png,textures_pk02,65536,10,7,1180,1.30157
pk02_wall02a_N.png,textures_pk02,262144,48,41,6861,0.895407
pk02_wall03b_S.png,textures_pk02,524288,96,84,14408,0.852855
pk02_switches01b_I.png,textures_pk02,32768,1,1,99,7.69119
pk02_dec_num09.png,textures_pk02,131072,24,22,3136,0.979462
pk02_door03_C.png,textures_pk02,131072,23,20,3772,0.814324
pk02_trim03_S.png,textures_pk02,262144,48,41,6968,0.881745
pk02_trim04a_S.png,textures_pk02,8192,1,1,188,1.02082
pk02_floor11_N.png,textures_pk02,65536,12,9,1525,1.00656
pk02_plates01b_C.png,textures_pk02,262144,48,42,7561,0.812574
pk02_floor02_S.png,textures_pk02,1048576,125,97,11649,2.10959
pk02_dec_num08.png,textures_pk02,131072,24,19,3459,0.888092
pk02_wall07a_C.png,textures_pk02,262144,47,42,7544,0.814396
pk02_wall_big01b_N.png,textures_pk02,1048576,189,154,20361,1.20696
pk02_light02a_C.png,textures_pk02,65536,12,10,1801,0.852736
pk02_wall05c_S.png,textures_pk02,262144,48,42,7153,0.858936
pk02_floor_cyl02_N.png,textures_pk02,1048576,195,172,28590,0.859591
pk02_generic01_S.png,textures_pk02,262144,46,34,3907,1.57225
pk02_sand01_S.png,textures_pk02,1048576,196,162,22211,1.10643
pk02_wall02c_I.png,textures_pk02,262144,15,8,46,132.714
pk02_floor08a_C.png,textures_pk02,262144,197,510,7324,0.838807
pk02_door01_S.png,textures_pk02,262144,248,347,7000,0.87765
pk02_trim01_C.png,textures_pk02,65536,39,67,1901,0.807861
pk02_panels01b_N.png,textures_pk02,262144,345,335,6680,0.919657
pk02_wall01_S.png,textures_pk02,262144,227,195,7200,0.853242
pk02_computer01b_S.png,textures_pk02,131072,147,103,3178,0.966595
pk02_wall05a_C.png,textures_pk02,262144,49,42,7632,0.804931
pk02_wall_big02a_S.png,textures_pk02,1048576,197,170,26654,0.922015
pk02_pipes01_S.png,textures_pk02,262144,47,37,5302,1.15861
pk02_light03_S.png,textures_pk02,65536,12,10,1773,0.866217
pk02_trim_set01b_C.png,textures_pk02,262144,47,42,7616,0.806686
pk02_ceiling03_C.png,textures_pk02,262144,47,42,7566,0.812017
pk02_wall05c_C.png,textures_pk02,262144,46,41,7647,0.803432
pk02_light01_S.png,textures_pk02,8192,1,1,186,1.02898
pk02_wall07a_S.png,textures_pk02,262144,53,43,6668,0.921354
pk02_wall06b_N.png,textures_pk02,262144,48,40,6248,0.983218
pk02_plates01b_S.png,textures_pk02,262144,48,40,6943,0.884832
pk02_floor02_C.png,textures_pk02,1048576,192,182,30441,0.807316
pk02_trim04a_C.png,textures_pk02,8192,1,1,233,0.821161
pk02_trim03_C.png,textures_pk02,262144,46,41,7531,0.815782
pk02_door03_S.png,textures_pk02,131072,24,19,3377,0.909601
pk02_switches01b_N.png,textures_pk02,32768,4,2,398,1.92954
pk02_trim_set01_N.png,textures_pk02,262144,48,39,6123,1.00331
pk02_wall02a_I.png,textures_pk02,262144,7,5,152,40.372
pk02_wall03b_C.png,textures_pk02,524288,95,85,15083,0.814685
pk02_floor06a_S.png,textures_pk02,65536,8,6,868,1.76793
pk02_floor04_S.png,textures_pk02,262144,48,41,7151,0.85918
pk02_door02_C.png,textures_pk02,131072,116,32,3786,0.811235
pk02_trim02_S.png,textures_pk02,32768,5,4,804,0.954711
pk02_switches01c_I.png,textures_pk02,32768,1,0,65,11.7126
pk02_floor09_N.png,textures_pk02,1048576,188,175,30570,0.80391
pk02_rock01_N.png,textures_pk02,1048576,188,175,30593,0.803301
pk02_floor05_C.png,textures_pk02,262144,48,40,6902,0.890142
pk02_floor08b_S.png,textures_pk02,262144,46,38,6451,0.952378
pk02_wall05b_S.png,textures_pk02,262144,47,39,6746,0.910663
pk02_wall04a_N.png,textures_pk02,262144,48,40,6505,0.94442
pk02_wall_big02b_C.png,textures_pk02,1048576,907,1282,29648,0.828908
pk02_computer01a_C.png,textures_pk02,131072,96,74,3586,0.856594
pk02_floor12a_C.png,textures_pk02,65536,46,99,1914,0.802163
pk02_floor10_N.png,textures_pk02,65536,99,235,1260,1.21826
pk02_floor03_S.png,textures_pk02,65536,59,46,1233,1.24518
pk02_wall_big01a_N.png,textures_pk02,1048576,1079,977,27031,0.909163
pk02_wall07b_C.png,textures_pk02,262144,197,233,7546,0.814205
pk02_computer01c_C.png,textures_pk02,131072,321,158,3678,0.835199
pk02_plates01a_C.png,textures_pk02,262144,365,275,7527,0.816173
pk02_floor01_S.png,textures_pk02,262144,281,286,6801,0.903302
pk02_floor12_N.png,textures_pk02,65536,85,44,1895,0.810446
pk02_trim04b_S.png,textures_pk02,8192,1,13,117,1.64086
pk02_floor_cyl01_N.png,textures_pk02,1048576,983,173,28708,0.856064
pk02_ceiling02_S.png,textures_pk02,131072,24,20,3471,0.884941
pk02_light02b_C.png,textures_pk02,65536,12,9,1815,0.846263
pk02_light02_C.png,textures_pk02,65536,12,10,1815,0.846263
pk02_wall03a_S.png,textures_pk02,524288,96,85,14480,0.848573
pk02_wall02b_N.png,textures_pk02,262144,48,40,6851,0.896743
pk02_floor06b_C.png,textures_pk02,65536,10,7,1284,1.19566
pk02_floor07_C.png,textures_pk02,262144,48,40,6837,0.898569
pk02_floor03_C.png,textures_pk02,65536,11,9,1761,0.872065
pk02_computer01a_S.png,textures_pk02,131072,21,16,2616,1.17394
pk02_trim_set01a_C.png,textures_pk02,262144,47,41,7353,0.835485
pk02_wall08_N.png,textures_pk02,524288,119,86,12721,0.965905
pk02_wall_big02b_S.png,textures_pk02,1048576,192,166,24446,1.00528
pk02_wall05b_C.png,textures_pk02,262144,46,42,7633,0.804889
pk02_floor08b_C.png,textures_pk02,262144,48,42,7504,0.818746
pk02_floor05_S.png,textures_pk02,262144,37,29,3794,1.61904
pk02_switches01c_N.png,textures_pk02,32768,3,2,254,3.01519
pk02_panels01a_N.png,textures_pk02,262144,48,40,6742,0.911177
pk02_trim02_C.png,textures_pk02,32768,6,4,903,0.849614
pk02_door02_S.png,textures_pk02,131072,25,19,3466,0.886322
pk02_panels01c_N.png,textures_pk02,262144,48,40,6704,0.916451
pk02_trim_set02_N.png,textures_pk02,262144,48,39,6123,1.00336
pk02_switches01a_N.png,textures_pk02,32768,4,2,338,2.27219
pk02_floor07_S.png,textures_pk02,262144,33,26,3973,1.54622
pk02_wall02b_I.png,textures_pk02,262144,8,4,107,57.2195
pk02_wall03a_C.png,textures_pk02,524288,94,86,15199,0.808463
pk02_light02_S.png,textures_pk02,65536,11,8,1371,1.11989
pk02_ceiling02_C.png,textures_pk02,131072,24,20,3657,0.839896
pk02_trim04b_C.png,textures_pk02,8192,1,0,181,1.06044
pk02_plates01a_S.png,textures_pk02,262144,48,40,6900,0.890377
pk02_floor01_C.png,textures_pk02,262144,48,41,7160,0.858011
pk02_wall06a_N.png,textures_pk02,262144,48,39,6408,0.958673
pk02_computer01c_S.png,textures_pk02,131072,24,19,3143,0.977116
pk02_wall07b_S.png,textures_pk02,262144,48,41,6695,0.917649
pk02_wall_big01a_S.png,textures_pk02,1048576,194,168,26774,0.917903
pk02_computer01c_I.png,textures_pk02,131072,4,3,222,13.8171
pk02_wall06a_C.png,textures_pk02,262144,48,41,7544,0.814355
pk02_floor01_N.png,textures_pk02,262144,48,41,7279,0.843988
pk02_floor12_S.png,textures_pk02,65536,11,10,1854,0.828319
pk02_trim_set02b_C.png,textures_pk02,262144,47,41,7523,0.816648
pk02_trim04b_N.png,textures_pk02,8192,1,1,192,0.997838
pk02_floor_cyl01_S.png,textures_pk02,1048576,169,136,16395,1.49892
pk02_ceiling02_N.png,textures_pk02,131072,24,20,3420,0.898097
pk02_light02_I.png,textures_pk02,65536,6,4,634,2.42183
pk02_wall03a_N.png,textures_pk02,524288,97,82,12771,0.962153
pk02_wall02b_S.png,textures_pk02,262144,48,41,7096,0.865776
pk02_switches01a_C.png,textures_pk02,32768,6,4,642,1.19513
pk02_panels01c_C.png,textures_pk02,262144,47,42,7600,0.808323
pk02_trim02_N.png,textures_pk02,32768,4,3,427,1.79568
pk02_panels01a_C.png,textures_pk02,262144,47,42,7592,0.809181
pk02_switches01c_C.png,textures_pk02,32768,5,4,866,0.886258
pk02_floor09_S.png,textures_pk02,1048576,196,168,26070,0.942677
pk02_rock01_S.png,textures_pk02,1048576,188,154,22194,1.1073
pk02_floor08b_N.png,textures_pk02,262144,49,39,6304,0.974608
pk02_wall05b_N.png,textures_pk02,262144,49,41,6841,0.898089
pk02_wall04a_S.png,textures_pk02,262144,48,40,7123,0.862496
pk02_floor13b_C.png,textures_pk02,65536,11,9,1876,0.818719
pk02_computer01a_I.png,textures_pk02,131072,6,5,458,6.70422
pk02_floor10_S.png,textures_pk02,65536,10,7,991,1.5496
pk02_floor03_N.png,textures_pk02,65536,11,8,1312,1.17068
pk02_panels01c_S.png,textures_pk02,262144,48,40,7077,0.868119
pk02_trim_set02_S.png,textures_pk02,262144,48,40,6589,0.932409
pk02_switches01a_S.png,textures_pk02,32768,6,4,751,1.02172
pk02_floor07_N.png,textures_pk02,262144,49,40,6680,0.919735
pk02_wall02b_C.png,textures_pk02,262144,47,41,7516,0.817374
pk02_light02_N.png,textures_pk02,65536,11,10,1674,0.917118
pk02_ceiling02_I.png,textures_pk02,131072,6,5,519,5.91673
pk02_dec_numA.png,textures_pk02,131072,24,20,3434,0.894351
pk02_generic01b_C.png,textures_pk02,262144,47,35,4223,1.45473
pk02_floor_cyl01_C.png,textures_pk02,1048576,192,174,29575,0.830959
pk02_plates01a_N.png,textures_pk02,262144,47,42,7470,0.822483
pk02_wall06a_S.png,textures_pk02,262144,47,40,6964,0.882245
pk02_computer01c_N.png,textures_pk02,131072,24,19,3168,0.969582
pk02_wall07b_N.png,textures_pk02,262144,48,40,6381,0.962825
pk02_wall_big01a_C.png,textures_pk02,1048576,194,174,27628,0.889512
pk02_floor10_C.png,textures_pk02,65536,11,8,1318,1.16458
pk02_light01a_C.png,textures_pk02,8192,1,1,214,0.897053
pk02_wall08a_C.png,textures_pk02,524288,91,82,13840,0.887851
pk02_computer01a_N.png,textures_pk02,131072,20,16,2611,1.1765
pk02_dec_numC.png,textures_pk02,131072,24,21,3423,0.897424
pk02_wall08_S.png,textures_pk02,524288,89,76,12363,0.99389
pk02_wall_big02b_N.png,textures_pk02,1048576,194,180,29057,0.845784
pk02_wall04a_C.png,textures_pk02,262144,60,56,7575,0.811029
pk02_floor09a_C.png,textures_pk02,1048576,225,190,29665,0.82843
pk02_floor05_N.png,textures_pk02,262144,49,40,7072,0.868665
pk02_rock01_C.png,textures_pk02,1048576,190,174,30198,0.813821
pk02_dec_numB.png,textures_pk02,131072,25,20,3379,0.909115
pk02_switches01c_S.png,textures_pk02,32768,6,4,685,1.11962
pk02_panels01a_S.png,textures_pk02,262144,48,41,6973,0.881103
pk02_door02_N.png,textures_pk02,131072,24,20,3160,0.971877
pk02_wall02a_S.png,textures_pk02,262144,48,41,7085,0.867082
pk02_wall03b_N.png,textures_pk02,524288,97,81,12745,0.964108
pk02_dec_num03.png,textures_pk02,131072,24,19,3359,0.914498
pk02_switches01b_C.png,textures_pk02,32768,5,4,820,0.936117
pk02_trim03_N.png,textures_pk02,262144,48,40,6689,0.91852
pk02_trim04a_N.png,textures_pk02,8192,1,1,170,1.12442
pk02_trim_set02a_C.png,textures_pk02,262144,50,41,6717,0.914647
pk02_floor11_S.png,textures_pk02,65536,12,10,1811,0.847697
pk02_floor02_N.png,textures_pk02,1048576,191,174,30257,0.812216
pk02_wall06b_C.png,textures_pk02,262144,47,41,7572,0.81135
pk02_dec_num02.png,textures_pk02,131072,24,20,3380,0.908641
pk02_wall_big01b_S.png,textures_pk02,1048576,195,170,27933,0.879801
pk02_wall05c_N.png,textures_pk02,262144,48,41,7006,0.876921
pk02_floor_cyl02_S.png,textures_pk02,1048576,192,167,27072,0.907784
pk02_generic01_N.png,textures_pk02,262144,49,40,6118,1.00419
pk02_ceiling03_N.png,textures_pk02,262144,49,40,6608,0.929753
pk02_light03_I.png,textures_pk02,65536,5,3,445,3.44538
pk02_pipes01_I.png,textures_pk02,262144,13,10,864,7.10814
pk02_wall04b_S.png,textures_pk02,262144,48,41,7165,0.857464
pk02_wall05a_N.png,textures_pk02,262144,50,40,6619,0.928128
pk02_floor13_S.png,textures_pk02,65536,10,7,1261,1.21713
pk02_dec_num00.png,textures_pk02,131072,25,19,3234,0.949873
pk02_computer01b_I.png,textures_pk02,131072,6,4,387,7.9179
pk02_floor13a_C.png,textures_pk02,65536,12,9,1834,0.837071
pk02_panels01b_C.png,textures_pk02,262144,47,42,7591,0.809295
pk02_trim01_N.png,textures_pk02,65536,12,9,1509,1.01728
pk02_dec_num01.png,textures_pk02,131072,24,20,3371,0.911237
pk02_floor08a_N.png,textures_pk02,262144,49,39,6253,0.982498
pk02_wall02c_S.png,textures_pk02,262144,48,41,7021,0.875076
pk02_floor_cyl02_C.png,textures_pk02,1048576,193,172,29468,0.833962
pk02_generic01a_C.png,textures_pk02,262144,49,39,6373,0.964047
pk02_light01_N.png,textures_pk02,8192,1,0,162,1.17827
pk02_wall_big01b_C.png,textures_pk02,1048576,193,170,28368,0.866322
pk02_wall07a_N.png,textures_pk02,262144,49,39,6379,0.963078
pk02_wall06b_S.png,textures_pk02,262144,48,40,6691,0.91817
pk02_dec_num05.png,textures_pk02,131072,24,20,3313,0.927188
pk02_plates01b_N.png,textures_pk02,262144,48,41,7504,0.818746
pk02_floor11_C.png,textures_pk02,65536,11,9,1913,0.802682
pk02_door03_N.png,textures_pk02,131072,24,20,3162,0.971261
pk02_switches01b_S.png,textures_pk02,32768,6,4,773,0.993464
pk02_dec_num04.png,textures_pk02,131072,24,20,3282,0.935891
pk02_trim_set01_S.png,textures_pk02,262144,48,40,6637,0.925701
pk02_wall02a_C.png,textures_pk02,262144,46,42,7523,0.816622
pk02_floor06a_N.png,textures_pk02,65536,12,10,1670,0.91951
pk02_floor04_N.png,textures_pk02,262144,48,40,6674,0.92057
pk02_wall02c_C.png,textures_pk02,262144,48,43,7487,0.820619
pk02_sand01_N.png,textures_pk02,1048576,188,175,30478,0.80635
pk02_floor09b_C.png,textures_pk02,1048576,187,175,30491,0.805984
pk02_door01_N.png,textures_pk02,262144,49,39,6313,0.9731
pk02_dec_num06.png,textures_pk02,131072,24,19,3284,0.93533
pk02_panels01b_S.png,textures_pk02,262144,48,41,6999,0.877739
pk02_wall01_N.png,textures_pk02,262144,48,40,6829,0.899626
pk02_computer01b_N.png,textures_pk02,131072,23,17,2951,1.0407
pk02_dec_num07.png,textures_pk02,131072,24,20,3409,0.900953
pk02_wall08b_C.png,textures_pk02,524288,92,83,14296,0.859497
pk02_light01b_C.png,textures_pk02,8192,1,1,197,0.969702
pk02_wall04b_C.png,textures_pk02,262144,46,41,7609,0.80745
pk02_wall_big02a_N.png,textures_pk02,1048576,193,174,28968,0.848374
pk02_pipes01_N.png,textures_pk02,262144,47,42,7469,0.822594
pk02_light03_N.png,textures_pk02,65536,11,10,1679,0.91436
microsoft.com.png,screenshot_web,4369664,257,204,19261,5.3171
stripe.com.png,screenshot_web,8669739,372,272,11776,17.2543
news.ycombinator.com.png,screenshot_web,1921250,72,50,2481,18.143
amazon.com.png,screenshot_web,8005361,621,524,58153,3.2264
creativecommons.org.png,screenshot_web,6753054,599,510,59993,2.63821
phoboslab.org.png,screenshot_web,27135771,1420,1215,51959,12.2401
apple.com.png,screenshot_web,6243315,335,273,22047,6.63684
reddit.com.png,screenshot_web,10514504,564,452,36427,6.76505
nytimes.com.png,screenshot_web,7589140,414,340,30494,5.8329
imdb.com.png,screenshot_web,8457033,409,329,27150,7.30038
duckduckgo.com.png,screenshot_web,3773562,124,88,2855,30.9751
sublime.png,screenshot_web,9589104,364,246,13027,17.2518
en.wikipedia.org.png,screenshot_web,3854968,217,161,13344,6.77047
cnn.com.png,screenshot_web,6881433,362,291,25257,6.38569
RGB_OR_1200x1200_001.png,photo_tecnick,1440000,250,205,28568,1.18137
RGB_OR_1200x1200_015.png,photo_tecnick,1440000,272,235,34986,0.964667
RGB_OR_1200x1200_029.png,photo_tecnick,1440000,269,238,38337,0.880346
RGB_OR_1200x1200_028.png,photo_tecnick,1440000,267,228,33199,1.01657
RGB_OR_1200x1200_014.png,photo_tecnick,1440000,266,223,30821,1.09502
RGB_OR_1200x1200_016.png,photo_tecnick,1440000,267,243,40099,0.841658
RGB_OR_1200x1200_002.png,photo_tecnick,1440000,269,228,32024,1.05387
RGB_OR_1200x1200_003.png,photo_tecnick,1440000,272,237,37330,0.904084
RGB_OR_1200x1200_017.png,photo_tecnick,1440000,267,239,38326,0.880599
RGB_OR_1200x1200_013.png,photo_tecnick,1440000,267,234,37044,0.911066
RGB_OR_1200x1200_007.png,photo_tecnick,1440000,267,235,36364,0.928097
RGB_OR_1200x1200_006.png,photo_tecnick,1440000,265,240,39458,0.855325
RGB_OR_1200x1200_012.png,photo_tecnick,1440000,270,237,37691,0.89542
RGB_OR_1200x1200_038.png,photo_tecnick,1440000,268,238,38083,0.886215
RGB_OR_1200x1200_004.png,photo_tecnick,1440000,285,240,38417,0.878502
RGB_OR_1200x1200_010.png,photo_tecnick,1440000,277,240,40351,0.836409
RGB_OR_1200x1200_011.png,photo_tecnick,1440000,340,291,34947,0.965723
RGB_OR_1200x1200_005.png,photo_tecnick,1440000,268,242,39279,0.859218
RGB_OR_1200x1200_039.png,photo_tecnick,1440000,267,238,38667,0.872817
RGB_OR_1200x1200_062.png,photo_tecnick,1440000,261,243,41851,0.806431
RGB_OR_1200x1200_076.png,photo_tecnick,1440000,267,239,40292,0.837616
RGB_OR_1200x1200_089.png,photo_tecnick,1440000,263,240,40542,0.832463
RGB_OR_1200x1200_088.png,photo_tecnick,1440000,265,230,36126,0.934225
RGB_OR_1200x1200_077.png,photo_tecnick,1440000,261,243,41724,0.80887
RGB_OR_1200x1200_063.png,photo_tecnick,1440000,268,236,38114,0.885485
RGB_OR_1200x1200_075.png,photo_tecnick,1440000,255,231,39102,0.863115
RGB_OR_1200x1200_061.png,photo_tecnick,1440000,262,245,41345,0.816297
RGB_OR_1200x1200_049.png,photo_tecnick,1440000,267,235,37664,0.896077
RGB_OR_1200x1200_048.png,photo_tecnick,1440000,266,241,40219,0.839142
RGB_OR_1200x1200_060.png,photo_tecnick,1440000,258,230,36774,0.917756
RGB_OR_1200x1200_074.png,photo_tecnick,1440000,264,242,40868,0.825809
RGB_OR_1200x1200_100.png,photo_tecnick,1440000,172,147,22452,1.50315
RGB_OR_1200x1200_058.png,photo_tecnick,1440000,259,235,40069,0.842294
RGB_OR_1200x1200_070.png,photo_tecnick,1440000,263,242,40792,0.827353
RGB_OR_1200x1200_064.png,photo_tecnick,1440000,268,241,40010,0.843536
RGB_OR_1200x1200_065.png,photo_tecnick,1440000,263,244,41514,0.812977
RGB_OR_1200x1200_071.png,photo_tecnick,1440000,266,227,33806,0.998339
RGB_OR_1200x1200_059.png,photo_tecnick,1440000,263,238,38729,0.871428
RGB_OR_1200x1200_067.png,photo_tecnick,1440000,264,240,40825,0.826696
RGB_OR_1200x1200_073.png,photo_tecnick,1440000,245,215,35255,0.957296
RGB_OR_1200x1200_098.png,photo_tecnick,1440000,261,244,41545,0.81236
RGB_OR_1200x1200_099.png,photo_tecnick,1440000,262,243,41267,0.817834
RGB_OR_1200x1200_072.png,photo_tecnick,1440000,270,235,36716,0.919197
RGB_OR_1200x1200_066.png,photo_tecnick,1440000,261,242,41461,0.814002
RGB_OR_1200x1200_043.png,photo_tecnick,1440000,265,243,41914,0.805209
RGB_OR_1200x1200_057.png,photo_tecnick,1440000,269,233,36660,0.920605
RGB_OR_1200x1200_080.png,photo_tecnick,1440000,259,234,38317,0.880793
RGB_OR_1200x1200_094.png,photo_tecnick,1440000,268,234,36407,0.927006
RGB_OR_1200x1200_095.png,photo_tecnick,1440000,262,243,41697,0.809404
RGB_OR_1200x1200_081.png,photo_tecnick,1440000,267,261,39136,0.862375
RGB_OR_1200x1200_056.png,photo_tecnick,1440000,339,259,39858,0.846739
RGB_OR_1200x1200_042.png,photo_tecnick,1440000,257,234,38910,0.867385
RGB_OR_1200x1200_054.png,photo_tecnick,1440000,241,216,35098,0.96157
RGB_OR_1200x1200_040.png,photo_tecnick,1440000,253,230,37946,0.889399
RGB_OR_1200x1200_068.png,photo_tecnick,1440000,159,141,21716,1.55412
RGB_OR_1200x1200_097.png,photo_tecnick,1440000,268,237,38837,0.868996
RGB_OR_1200x1200_083.png,photo_tecnick,1440000,260,235,36351,0.928427
RGB_OR_1200x1200_082.png,photo_tecnick,1440000,259,242,42047,0.802671
RGB_OR_1200x1200_096.png,photo_tecnick,1440000,263,239,40357,0.836267
RGB_OR_1200x1200_069.png,photo_tecnick,1440000,269,237,37959,0.889098
RGB_OR_1200x1200_041.png,photo_tecnick,1440000,250,226,38088,0.886103
RGB_OR_1200x1200_055.png,photo_tecnick,1440000,265,241,39662,0.850923
RGB_OR_1200x1200_079.png,photo_tecnick,1440000,266,220,30952,1.09038
RGB_OR_1200x1200_051.png,photo_tecnick,1440000,264,250,41173,0.819707
RGB_OR_1200x1200_045.png,photo_tecnick,1440000,264,240,40137,0.840861
RGB_OR_1200x1200_092.png,photo_tecnick,1440000,264,242,41141,0.820337
RGB_OR_1200x1200_086.png,photo_tecnick,1440000,259,245,42002,0.803527
RGB_OR_1200x1200_087.png,photo_tecnick,1440000,328,252,38802,0.869794
RGB_OR_1200x1200_093.png,photo_tecnick,1440000,225,189,27340,1.23442
RGB_OR_1200x1200_044.png,photo_tecnick,1440000,262,243,40396,0.835473
RGB_OR_1200x1200_050.png,photo_tecnick,1440000,263,242,41336,0.816469
RGB_OR_1200x1200_078.png,photo_tecnick,1440000,268,238,37946,0.889405
RGB_OR_1200x1200_046.png,photo_tecnick,1440000,262,240,40285,0.83777
RGB_OR_1200x1200_052.png,photo_tecnick,1440000,268,243,40403,0.835334
RGB_OR_1200x1200_085.png,photo_tecnick,1440000,262,242,41239,0.818386
RGB_OR_1200x1200_091.png,photo_tecnick,1440000,181,160,24557,1.37433
RGB_OR_1200x1200_090.png,photo_tecnick,1440000,261,244,41587,0.811544
RGB_OR_1200x1200_084.png,photo_tecnick,1440000,264,241,40278,0.83792
RGB_OR_1200x1200_053.png,photo_tecnick,1440000,271,233,34584,0.975876
RGB_OR_1200x1200_047.png,photo_tecnick,1440000,262,242,41516,0.812938
RGB_OR_1200x1200_020.png,photo_tecnick,1440000,259,240,40692,0.829399
RGB_OR_1200x1200_034.png,photo_tecnick,1440000,255,205,26426,1.27712
RGB_OR_1200x1200_008.png,photo_tecnick,1440000,266,243,41363,0.815933
RGB_OR_1200x1200_009.png,photo_tecnick,1440000,261,218,31828,1.06036
RGB_OR_1200x1200_035.png,photo_tecnick,1440000,269,238,38579,0.874823
RGB_OR_1200x1200_021.png,photo_tecnick,1440000,263,218,29888,1.12919
RGB_OR_1200x1200_037.png,photo_tecnick,1440000,269,239,38751,0.870928
RGB_OR_1200x1200_023.png,photo_tecnick,1440000,267,237,38286,0.881509
RGB_OR_1200x1200_022.png,photo_tecnick,1440000,267,243,40404,0.835293
RGB_OR_1200x1200_036.png,photo_tecnick,1440000,260,210,27371,1.23302
RGB_OR_1200x1200_032.png,photo_tecnick,1440000,266,241,41221,0.818747
RGB_OR_1200x1200_026.png,photo_tecnick,1440000,268,237,38159,0.884443
RGB_OR_1200x1200_027.png,photo_tecnick,1440000,270,239,38345,0.880161
RGB_OR_1200x1200_033.png,photo_tecnick,1440000,265,242,39425,0.856052
RGB_OR_1200x1200_019.png,photo_tecnick,1440000,264,240,39786,0.848267
RGB_OR_1200x1200_025.png,photo_tecnick,1440000,270,239,38359,0.879829
RGB_OR_1200x1200_031.png,photo_tecnick,1440000,229,199,30718,1.09868
RGB_OR_1200x1200_030.png,photo_tecnick,1440000,264,245,41727,0.808815
RGB_OR_1200x1200_024.png,photo_tecnick,1440000,270,236,37556,0.898645
RGB_OR_1200x1200_018.png,photo_tecnick,1440000,265,238,39202,0.860914
002.png,photo_wikipedia,1015560,187,168,29167,0.816059
016.png,photo_wikipedia,929248,168,151,20373,1.06899
017.png,photo_wikipedia,1136220,211,192,31726,0.839372
003.png,photo_wikipedia,1048280,211,171,27392,0.896911
029.png,photo_wikipedia,1119744,202,184,31102,0.843786
015.png,photo_wikipedia,990000,184,162,26488,0.875978
001.png,photo_wikipedia,1084600,201,174,26782,0.949149
014.png,photo_wikipedia,990592,177,167,28781,0.806663
028.png,photo_wikipedia,1005312,187,165,26585,0.886289
010.png,photo_wikipedia,924064,167,153,26589,0.814519
004.png,photo_wikipedia,1019592,184,171,29718,0.804112
038.png,photo_wikipedia,960000,182,158,25501,0.882301
039.png,photo_wikipedia,1119744,207,185,30938,0.848254
005.png,photo_wikipedia,1002048,180,166,28575,0.821864
011.png,photo_wikipedia,1176240,215,199,33547,0.821772
007.png,photo_wikipedia,994560,181,165,28600,0.815032
013.png,photo_wikipedia,1192672,212,195,32050,0.872157
012.png,photo_wikipedia,966408,175,162,28117,0.805542
006.png,photo_wikipedia,1314144,240,206,31477,0.978484
049.png,photo_wikipedia,1155600,206,196,33776,0.801868
048.png,photo_wikipedia,938400,168,153,26534,0.828877
040.png,photo_wikipedia,1119744,205,187,31626,0.829811
041.png,photo_wikipedia,1007216,176,154,24903,0.947936
043.png,photo_wikipedia,1314144,242,220,36671,0.839894
042.png,photo_wikipedia,1170000,216,194,32777,0.8366
046.png,photo_wikipedia,923520,165,153,26978,0.802304
047.png,photo_wikipedia,1088416,200,182,31087,0.82059
045.png,photo_wikipedia,1119744,207,182,29371,0.893507
044.png,photo_wikipedia,1268064,235,201,31647,0.939114
023.png,photo_wikipedia,1119744,207,188,31715,0.827477
037.png,photo_wikipedia,1119744,204,188,32199,0.815054
036.png,photo_wikipedia,931788,168,154,27185,0.803317
022.png,photo_wikipedia,943920,170,157,27037,0.818245
008.png,photo_wikipedia,988416,183,162,26838,0.863148
034.png,photo_wikipedia,974656,174,155,25573,0.893263
020.png,photo_wikipedia,1119744,206,187,31731,0.827065
021.png,photo_wikipedia,1264368,229,214,36802,0.805199
035.png,photo_wikipedia,1120264,210,188,31169,0.842366
009.png,photo_wikipedia,1005312,184,166,27917,0.843976
031.png,photo_wikipedia,1031940,193,171,28287,0.855003
025.png,photo_wikipedia,1285288,238,213,35227,0.855134
019.png,photo_wikipedia,1201200,217,204,34951,0.805488
018.png,photo_wikipedia,1309468,240,218,36234,0.847007
024.png,photo_wikipedia,1112736,205,180,29496,0.884161
030.png,photo_wikipedia,1284640,239,213,35520,0.847632
026.png,photo_wikipedia,1040000,189,173,29933,0.814295
032.png,photo_wikipedia,1119744,205,185,30894,0.84948
033.png,photo_wikipedia,956160,172,161,27645,0.810618
027.png,photo_wikipedia,1117440,204,186,32333,0.809998
plant_22.png,textures_plants,749568,98,85,13455,1.30562
plant_36.png,textures_plants,1501184,159,122,17422,2.01947
plant_37.png,textures_plants,1807360,145,116,15592,2.71662
plant_23.png,textures_plants,332514,35,29,4695,1.6597
plant_35.png,textures_plants,1510400,84,61,4956,7.14151
plant_21.png,textures_plants,323400,33,25,3166,2.39355
plant_09.png,textures_plants,987136,67,54,6776,3.41414
plant_08.png,textures_plants,740352,59,48,6705,2.58762
plant_20.png,textures_plants,423728,60,46,5563,1.78508
plant_34.png,textures_plants,1400832,147,123,17589,1.86652
plant_18.png,textures_plants,572880,106,94,16341,0.821663
plant_30.png,textures_plants,1241088,94,80,10516,2.76603
plant_24.png,textures_plants,860160,51,39,4895,4.11801
plant_25.png,textures_plants,264320,24,22,3068,2.01883
plant_31.png,textures_plants,1738752,199,179,27194,1.49856
plant_19.png,textures_plants,2481152,242,213,31951,1.81998
plant_27.png,textures_plants,248443,36,28,3771,1.5438
plant_33.png,textures_plants,100308,17,13,1833,1.28257
plant_32.png,textures_plants,291648,33,26,3963,1.72443
plant_26.png,textures_plants,92430,8,6,1025,2.11296
plant_41.png,textures_plants,1815552,90,70,6952,6.12072
plant_55.png,textures_plants,1594368,202,180,28398,1.31585
plant_54.png,textures_plants,1686528,105,81,8627,4.58153
plant_40.png,textures_plants,449952,81,72,12612,0.836166
plant_56.png,textures_plants,786432,92,82,12881,1.43091
plant_42.png,textures_plants,98280,18,15,2622,0.878372
plant_43.png,textures_plants,825600,150,138,23755,0.814552
plant_57.png,textures_plants,1842176,216,195,29785,1.44954
plant_53.png,textures_plants,1759104,324,270,37699,1.09362
plant_47.png,textures_plants,334152,33,25,3175,2.46593
plant_46.png,textures_plants,248724,45,39,6983,0.834751
plant_52.png,textures_plants,1278976,60,46,4903,6.11378
plant_44.png,textures_plants,622905,49,42,5698,2.56195
plant_50.png,textures_plants,940032,119,108,17217,1.27963
plant_51.png,textures_plants,1380352,98,81,10816,2.99085
plant_45.png,textures_plants,89661,17,13,2530,0.83028
plant_60.png,textures_plants,940032,115,101,16615,1.32601
plant_48.png,textures_plants,1130496,115,98,14866,1.78221
plant_49.png,textures_plants,225780,31,22,2423,2.18322
plant_59.png,textures_plants,948224,96,77,10436,2.12941
plant_58.png,textures_plants,1410048,168,150,23917,1.38174
plant_03.png,textures_plants,719940,52,39,4915,3.43242
plant_17.png,textures_plants,2220032,236,241,29165,1.784
plant_16.png,textures_plants,1619946,202,157,22623,1.67824
plant_02.png,textures_plants,1347584,109,80,10715,2.94757
plant_14.png,textures_plants,1131174,105,74,9949,2.66453
plant_28.png,textures_plants,1419264,113,96,13399,2.48256
plant_29.png,textures_plants,1021952,44,36,3147,7.61
plant_01.png,textures_plants,169652,8,6,602,6.60262
plant_15.png,textures_plants,1697985,164,142,19149,2.07815
plant_39.png,textures_plants,1714176,127,105,13565,2.96168
plant_11.png,textures_plants,924672,29,21,1000,21.6514
plant_05.png,textures_plants,823480,57,47,5391,3.57951
plant_04.png,textures_plants,1116720,164,133,16825,1.55559
plant_10.png,textures_plants,796672,66,56,7849,2.37869
plant_38.png,textures_plants,1553408,69,52,4487,8.1135
plant_06.png,textures_plants,2908160,144,112,10120,6.73515
plant_12.png,textures_plants,1495040,111,94,12514,2.79988
plant_13.png,textures_plants,1593344,89,69,7981,4.67858
plant_07.png,textures_plants,1484800,66,50,4521,7.69672
