filename,category,old_rate,tree_rate,rle_rate,straights_rate,straights_huffman_rate,reduced_edgebits_rate,paths_2bit_rate,tree_comp_time,tree_decomp_time,old_comp_time, old_decomp_time,rle_comp_time,rle_decomp_time,straights_comp_time,straights_decomp_time,huffman_comp_time,huffman_decomp_time,reduced_comp_time,reduced_decomp_time,paths_2bit_comp_time,paths_2bit_decomp_time
pk01_panel02_s.png,textures_pk01,1.60237,1.66568,1.46138,1.46943,1.51874,1.6382,1.40705,20,42,15,17,49,20,26,25,23,32,26,25,8,31
pk01_panel02_d.png,textures_pk01,0.941819,0.941827,0.981669,0.992435,0.99171,0.941835,0.860806,34,75,16,29,52,27,20,29,19,38,25,46,12,44
pk01_panel_small02_add.png,textures_pk01,8.8642,30.6201,30.7482,31.1366,31.1514,13.7272,27.5815,1,0,3,0,1,0,0,0,0,0,8,1,0,0
pk01_panel03_local.png,textures_pk01,3.47192,3.8223,3.38381,3.25814,3.49869,3.71493,2.99895,14,24,9,8,31,11,17,14,15,17,18,14,5,13
pk01_pan_wall02a_local.png,textures_pk01,4.55079,5.78335,4.54284,4.21223,4.71822,5.13774,4.23169,9,14,9,6,23,8,15,11,13,13,19,10,3,9
pk01_panel03b_d.png,textures_pk01,0.94926,0.949261,0.979639,0.992331,0.992635,0.949289,0.864083,34,78,16,29,53,27,21,26,20,39,25,46,12,45
pk01_pan_wall02b_s.png,textures_pk01,1.46582,1.49585,1.24775,1.25447,1.31119,1.4853,1.22588,24,49,12,20,63,23,34,31,29,39,21,31,10,32
pk01_wall02_local.png,textures_pk01,2.86515,3.14379,2.71864,2.52124,2.70011,3.05349,2.57139,16,26,11,11,38,13,24,17,20,23,20,17,6,15
pk01_pan_wall02b1_d.png,textures_pk01,1.0098,1.01124,1.0032,1.0202,1.02697,1.01091,0.904827,32,71,15,26,57,27,25,37,24,70,24,42,12,41
pk01_floor02a_d.png,textures_pk01,0.928281,0.928279,0.985691,0.991993,0.99022,0.928266,0.855308,17,37,13,13,24,12,9,11,8,17,18,21,6,21
pk01_thin_wall01b_d.png,textures_pk01,0.937353,0.937352,0.982154,0.989809,0.989308,0.937342,0.858103,17,37,8,13,25,12,10,11,10,17,13,22,7,21
pk01_wall03b_d.png,textures_pk01,0.940487,0.940489,0.983144,0.993537,0.993141,0.9405,0.860871,68,154,51,59,105,56,40,51,39,77,69,92,25,88
pk01_pan_floor01_local.png,textures_pk01,3.50435,4.0778,3.57923,3.53526,3.73473,3.82053,3.2452,6,10,5,4,12,4,6,6,5,7,10,6,2,5
pk01_panel01a_add.png,textures_pk01,5.68888,9.88725,9.89478,10.0207,10.0358,7.22032,8.8984,4,9,8,5,6,4,3,1,3,4,17,9,1,4
pk01_pan_floor02b_d.png,textures_pk01,0.947582,0.947603,0.979837,0.994023,0.991925,0.947644,0.864408,16,36,7,13,26,12,10,12,9,17,12,20,6,21
pk01_panel01b_d.png,textures_pk01,0.93426,0.934258,0.983557,0.992545,0.990811,0.934256,0.857902,35,79,27,28,51,26,20,26,19,38,37,47,13,45
pk01_floor02_s.png,textures_pk01,1.03264,1.03264,0.965315,1.00122,1.01073,1.0329,0.899662,15,33,7,12,32,13,13,15,12,19,11,17,6,20
pk01_gra_floor01_local.png,textures_pk01,1.29183,1.30862,1.31112,1.30277,1.32642,1.3063,1.15991,26,58,13,25,46,22,21,23,19,30,21,35,9,32
pk01_door01b_d.png,textures_pk01,0.943174,0.943189,0.980911,0.992264,0.991769,0.943187,0.861045,35,128,18,33,55,42,23,41,22,66,27,54,14,90
pk01_door01_local.png,textures_pk01,2.59872,2.7894,2.38938,2.28007,2.43236,2.72448,2.24939,150,30,14,12,47,15,24,18,21,24,24,19,7,18
pk01_tile_floor01b_d.png,textures_pk01,0.934326,0.934325,0.983959,0.992697,0.990829,0.934327,0.858157,35,77,28,29,52,28,20,25,20,38,36,48,13,43
pk01_trims01a_d.png,textures_pk01,0.952357,0.952471,0.991723,0.99944,1.00004,0.952549,0.871283,35,75,26,28,53,27,22,26,21,37,35,46,13,43
pk01_gra_floor02_d.png,textures_pk01,0.935396,0.935394,0.983337,0.99172,0.990485,0.935387,0.857602,17,37,8,13,25,12,9,11,8,16,12,20,6,21
pk01_gra_floor02_s.png,textures_pk01,1.05065,1.05081,0.978514,1.01074,1.02267,1.05138,0.914895,15,31,7,12,32,13,15,14,13,19,11,17,6,20
pk01_panel02_local.png,textures_pk01,3.05614,3.22876,2.59924,2.30909,2.56464,3.20862,2.50591,16,38,10,19,42,23,30,32,25,52,19,27,6,18
pk01_panel01_s.png,textures_pk01,1.30502,1.31657,1.11115,1.12688,1.1718,1.31353,1.08696,26,70,25,22,68,25,36,33,32,42,27,43,11,35
pk01_door01_add.png,textures_pk01,9.96515,51.8566,46.4259,46.2451,47.1411,16.7097,44.9095,1,2,9,3,2,2,1,0,1,2,16,6,0,0
pk01_trims01_s.png,textures_pk01,1.31223,1.32981,1.16226,1.18371,1.22095,1.32418,1.11942,25,55,16,21,60,24,31,28,27,38,26,32,10,34
pk01_wall04b_local.png,textures_pk01,3.04613,3.33386,2.87269,2.77899,2.97713,3.29247,2.61707,15,26,13,10,34,13,19,17,16,20,22,16,6,16
pk01_pan_trim01_local.png,textures_pk01,2.83472,2.8151,2.08172,1.5166,1.79088,2.93803,2.30984,10,16,5,5,31,9,27,19,22,22,10,9,3,9
pk01_thin_wall01a_d.png,textures_pk01,0.929918,0.929917,0.983523,0.989518,0.988229,0.929905,0.855222,18,39,9,14,25,13,10,11,10,18,13,24,7,22
pk01_panel_small01_add.png,textures_pk01,4.0516,5.58962,5.59794,5.6719,5.68611,4.69812,5.01418,3,5,6,2,5,1,2,1,2,2,9,4,1,2
pk01_floor02b_d.png,textures_pk01,0.928846,0.928845,0.985676,0.992029,0.990186,0.928834,0.855575,17,37,13,13,24,12,9,11,9,17,18,21,6,21
pk01_panel03_s.png,textures_pk01,1.56697,1.60286,1.32501,1.31888,1.38666,1.59163,1.29516,22,43,15,18,59,21,68,30,63,36,24,26,10,30
pk01_pan_wall02b2_d.png,textures_pk01,1.03136,1.03193,1.00404,1.01606,1.02761,1.0324,0.916137,32,71,15,27,59,27,28,28,26,40,25,43,12,41
pk01_trims01_local.png,textures_pk01,2.21724,2.30565,1.96782,1.89185,2.01867,2.27824,1.84427,20,36,11,13,47,16,27,22,23,29,20,23,8,21
pk01_panel03a_d.png,textures_pk01,0.940663,0.940665,0.982349,0.992671,0.991844,0.940669,0.86053,35,75,27,28,52,26,21,26,20,37,36,46,13,43
pk01_wall03_local.png,textures_pk01,3.55391,4.01418,3.04743,2.50644,2.84121,3.83347,3.10841,26,44,22,18,70,26,55,42,47,51,41,31,10,27
pk01_thin_wall01_local.png,textures_pk01,1.88268,1.8778,1.61695,1.39882,1.52821,1.91166,1.59342,12,22,8,8,28,11,21,16,18,20,12,13,4,13
pk01_pan_wall02a_s.png,textures_pk01,1.71347,1.7688,1.40561,1.38579,1.47033,1.74859,1.42347,21,42,14,17,60,21,35,30,30,37,23,25,9,26
pk01_floor01_s.png,textures_pk01,1.14969,1.15117,1.01327,1.02789,1.05741,1.15183,0.983949,58,128,35,51,140,58,71,68,63,90,54,74,22,78
pk01_roof01_local.png,textures_pk01,3.6773,4.09275,3.36314,3.18433,3.52603,4.08382,2.93478,27,48,23,19,64,25,39,31,33,40,39,30,11,29
pk01_wall03a_d.png,textures_pk01,0.934716,0.934715,0.985912,0.993883,0.992889,0.934715,0.858517,70,155,54,59,102,56,39,79,38,83,71,94,26,87
pk01_floor01_local.png,textures_pk01,1.41202,1.44141,1.3767,1.32691,1.36507,1.43225,1.2989,49,100,37,39,93,42,53,50,47,67,55,59,17,58
pk01_panel01a_d.png,textures_pk01,0.942367,0.942376,0.981544,0.992612,0.991856,0.942392,0.86143,34,77,16,27,53,27,20,27,20,40,25,45,13,43
pk01_pan_floor02a_d.png,textures_pk01,0.940078,0.940083,0.986106,0.995991,0.993859,0.940099,0.862207,17,37,8,13,25,12,10,13,10,17,13,22,6,21
pk01_panel01b_add.png,textures_pk01,5.66772,9.82352,9.90079,10.0177,10.0272,7.18623,8.87345,4,9,8,5,6,4,3,1,3,4,17,10,1,4
pk01_panel_small01_local.png,textures_pk01,3.46654,3.83477,3.24863,3.15692,3.39858,3.70049,2.92553,7,11,5,4,16,5,9,8,8,9,9,6,2,6
pk01_gra_floor01_s.png,textures_pk01,1.73307,1.79564,1.47748,1.45466,1.53895,1.77496,1.45597,20,40,10,16,54,19,31,28,28,34,20,24,9,26
pk01_gra_floor01_d.png,textures_pk01,0.931849,0.931847,0.986802,0.992937,0.991384,0.931846,0.857219,36,77,28,29,50,27,19,24,19,37,37,47,13,44
pk01_trims01b_d.png,textures_pk01,0.953785,0.953921,0.98775,0.997149,0.998317,0.953996,0.870965,35,74,27,28,55,26,22,25,21,37,35,44,13,43
pk01_tile_floor01a_d.png,textures_pk01,0.962243,0.962267,0.978801,0.993787,0.995696,0.96237,0.872119,33,110,25,28,55,27,23,26,21,38,33,44,12,43
pk01_vent_wall01_local.png,textures_pk01,3.75166,4.30224,4.0421,4.02156,4.21451,4.09993,3.55196,12,21,9,7,26,10,12,9,10,14,17,13,3,12
pk01_door01a_d.png,textures_pk01,0.950155,0.950158,0.977329,0.992108,0.992417,0.950187,0.864339,34,75,25,27,55,27,22,26,21,38,35,45,13,43
pk01_panel01_local.png,textures_pk01,3.21554,3.51144,2.8264,2.58697,2.84236,3.42604,2.70187,15,27,11,10,38,13,25,19,22,41,21,16,6,15
pk01_pan_floor02_s.png,textures_pk01,1.39911,1.41652,1.21272,1.21547,1.25702,1.41301,1.19295,12,24,5,9,31,11,19,16,15,19,10,13,5,16
pk01_pan_floor01b_d.png,textures_pk01,0.95308,0.953087,0.977784,0.994935,0.993389,0.953126,0.866734,17,36,12,13,27,13,11,13,11,17,17,22,6,21
pk01_pan_wall01_local.png,textures_pk01,3.26577,3.24367,2.25917,1.4833,1.77316,3.3997,2.65757,41,64,20,25,116,45,116,91,98,191,39,39,12,38
pk01_trims01_spec.png,textures_pk01,1.26583,1.28219,1.15897,1.17677,1.20636,1.27676,1.09697,25,57,28,21,58,23,28,29,25,36,26,34,10,35
pk01_panel_small01_d.png,textures_pk01,0.946049,0.946075,0.981533,0.994282,0.992291,0.946109,0.863844,17,39,8,14,26,12,11,13,10,17,13,21,6,21
pk01_vent_wall01a_d.png,textures_pk01,0.952551,0.95262,0.979768,0.993719,0.994383,0.95266,0.866285,33,74,17,28,54,27,21,26,20,37,25,44,13,42
pk01_panel_small01_s.png,textures_pk01,1.56465,1.60378,1.34646,1.36185,1.41233,1.59042,1.31657,11,20,7,8,28,11,16,13,14,17,11,12,4,14
pk01_tile_floor01_local.png,textures_pk01,4.26042,4.39178,2.92235,1.91706,2.3473,4.63585,3.63876,16,21,10,8,47,16,47,34,40,37,19,13,5,13
pk01_thin_wall01_s.png,textures_pk01,1.58154,1.61786,1.36451,1.34235,1.41002,1.60813,1.35087,11,21,5,8,28,11,16,15,14,17,10,13,4,14
pk01_thin_wall02_local.png,textures_pk01,3.36082,3.33249,2.36542,1.64604,1.98251,3.47799,2.69749,9,14,4,5,27,10,26,19,22,21,9,8,3,8
pk01_panel02a_add.png,textures_pk01,4.58133,6.76862,6.71881,6.78798,6.83537,5.46577,6.04892,6,11,10,6,8,4,4,4,3,6,19,11,2,5
pk01_panel03a_add.png,textures_pk01,4.3351,6.2088,6.31144,6.33667,6.35988,5.10762,5.62784,6,12,10,6,9,4,4,4,4,7,18,11,2,6
pk01_wall04a_local.png,textures_pk01,2.74066,3.02507,2.64044,2.58185,2.72829,2.9294,2.42761,15,27,11,11,33,13,20,16,17,22,19,18,6,16
pk01_wall02_s.png,textures_pk01,1.42493,1.45262,1.25387,1.25796,1.30553,1.44374,1.22051,24,47,25,19,60,23,32,29,28,37,21,28,9,30
pk01_floor02_local.png,textures_pk01,1.16365,1.16581,1.14458,1.1436,1.16264,1.16842,1.02486,15,32,10,11,27,12,12,13,11,17,15,19,5,18
pk01_wall04a_s.png,textures_pk01,1.12324,1.12429,0.987891,1.01538,1.04322,1.12479,0.951199,28,63,13,25,73,28,35,34,31,44,21,36,12,39
pk01_wall04a_d.png,textures_pk01,0.930162,0.930161,0.986243,0.992754,0.990749,0.930158,0.856474,35,77,17,28,50,27,20,24,19,36,26,47,14,43
pk01_floor01a_d.png,textures_pk01,0.941771,0.941778,0.987962,0.99712,0.996327,0.941812,0.863336,66,150,32,60,103,57,41,50,39,74,49,87,24,88
pk01_vent_wall02_local.png,textures_pk01,3.26447,3.59451,3.10921,3.04943,3.26165,3.45474,2.80471,14,24,11,9,32,13,17,15,15,19,19,14,5,13
pk01_pan_wall02a1_d.png,textures_pk01,0.994665,0.994865,0.981599,1.00164,1.00881,0.99499,0.887509,32,106,22,27,59,28,25,27,23,40,31,42,12,42
pk01_vent_wall02_s.png,textures_pk01,2.76949,3.15498,2.50605,2.43648,2.59687,2.97073,2.5333,12,23,11,10,34,12,20,16,18,20,20,15,5,15
pk01_thin_wall02b_d.png,textures_pk01,0.93416,0.934158,0.980607,0.989216,0.987745,0.93415,0.856595,17,41,8,14,25,12,10,13,10,18,13,23,6,22
pk01_vent_wall02_d.png,textures_pk01,0.935086,0.935085,0.982908,0.992488,0.99124,0.935078,0.858087,34,76,18,28,51,26,20,24,20,36,25,45,13,43
pk01_wall02b_d.png,textures_pk01,0.937407,0.937406,0.982935,0.99245,0.990799,0.937414,0.859236,35,75,17,28,51,26,21,26,20,38,26,46,13,43
pk01_panel_small02_local.png,textures_pk01,2.25408,2.25198,1.73752,1.51414,1.67981,2.28596,1.74224,11,19,7,6,30,10,23,17,20,19,11,11,4,11
pk01_panel03b_add.png,textures_pk01,4.33195,6.20025,6.24808,6.29744,6.32063,5.10235,5.60059,6,12,10,6,10,4,4,3,3,7,17,11,2,6
pk01_pan_floor01a_d.png,textures_pk01,0.951212,0.951221,0.977987,0.994784,0.993235,0.951248,0.865812,17,36,8,13,26,12,10,13,9,18,12,21,6,21
pk01_pan_wall02b_local.png,textures_pk01,3.83027,4.47864,3.6504,3.37573,3.73711,4.21359,3.38031,12,20,10,8,29,10,18,14,15,18,19,14,5,12
pk01_panel_small02_s.png,textures_pk01,1.54426,1.57935,1.33294,1.33515,1.38777,1.56864,1.29847,11,21,6,8,28,10,16,13,14,17,10,13,4,15
pk01_vent_wall01b_d.png,textures_pk01,0.974114,0.974179,0.976623,0.993224,0.997387,0.974294,0.876372,33,92,16,28,57,27,24,28,22,39,24,43,12,43
pk01_panel_small02_d.png,textures_pk01,0.944128,0.944127,0.97856,0.992566,0.990311,0.944119,0.861537,16,36,7,13,25,12,10,13,9,17,12,20,6,21
pk01_pan_floor01_s.png,textures_pk01,1.45228,1.47751,1.2299,1.2607,1.30405,1.46886,1.22418,12,22,6,9,33,11,16,50,14,24,10,13,5,15
pk01_wall01_local.png,textures_pk01,2.56697,2.621,2.03664,1.69513,1.90964,2.66366,2.10363,19,32,13,13,53,19,40,31,35,37,22,19,7,19
pk01_pan_trim01_s.png,textures_pk01,1.76761,1.83765,1.49309,1.48458,1.56801,1.81219,1.50682,10,19,4,7,27,8,16,14,13,15,9,11,4,12
pk01_pan_trim01_d.png,textures_pk01,0.936229,0.936255,0.983736,0.990092,0.988853,0.936253,0.858626,17,38,21,13,25,12,10,12,10,17,18,22,6,21
pk01_thin_wall02_s.png,textures_pk01,1.33322,1.35174,1.20267,1.20752,1.24784,1.34639,1.14864,12,26,6,9,29,10,15,14,13,18,10,15,5,16
pk01_panel02_add.png,textures_pk01,4.50187,6.58885,6.61952,6.70598,6.74324,5.35045,5.90958,6,11,9,6,9,4,4,3,3,6,17,11,2,5
pk01_wall04b_d.png,textures_pk01,0.930816,0.930816,0.986463,0.992779,0.991182,0.930814,0.856795,35,78,18,29,50,27,20,25,19,37,26,48,14,43
pk01_wall04b_s.png,textures_pk01,1.29422,1.30509,1.11232,1.12585,1.16971,1.30339,1.07704,29,56,12,22,71,25,34,33,30,41,21,33,15,34
pk01_trims01b_add.png,textures_pk01,9.53942,36.4781,29.0994,27.6996,30.0317,15.2466,27.4348,2,4,8,3,4,2,2,1,2,2,17,6,0,1
pk01_vent_wall03_s.png,textures_pk01,2.61391,2.85888,2.13736,1.98237,2.16772,2.76099,2.16536,28,53,21,22,89,30,58,47,49,56,39,34,13,36
pk01_vent_wall03_d.png,textures_pk01,0.928953,0.928952,0.988999,0.994647,0.993232,0.928952,0.856716,71,155,34,61,101,56,37,49,36,76,75,94,26,88
pk01_door01_s.png,textures_pk01,1.41903,1.44207,1.20861,1.21742,1.26994,1.43536,1.19081,24,48,15,19,65,25,35,32,30,40,25,27,10,31
pk01_wall01_s.png,textures_pk01,1.22103,1.23223,1.12618,1.14258,1.16887,1.22933,1.06328,26,60,12,22,60,25,29,28,26,37,22,34,10,34
pk01_wall01_d.png,textures_pk01,0.928679,0.928678,0.987014,0.992813,0.990915,0.928672,0.85602,36,79,30,30,50,26,20,25,20,39,39,50,15,44
pk01_pan_floor02_local.png,textures_pk01,1.45822,1.48272,1.34874,1.3547,1.39432,1.47721,1.28803,12,24,6,9,27,11,13,13,12,16,11,13,4,15
pk01_wall02a_d.png,textures_pk01,0.93398,0.933979,0.983959,0.992458,0.990474,0.933979,0.857874,36,78,18,30,51,27,21,24,20,38,26,49,14,45
pk01_roof01_d.png,textures_pk01,0.933003,0.933002,0.986082,0.993873,0.992549,0.933004,0.857845,69,152,35,58,102,56,39,49,38,76,52,93,25,88
pk01_roof01_s.png,textures_pk01,1.05095,1.05094,0.958334,0.989332,1.00735,1.05131,0.902481,61,139,29,55,137,59,62,65,57,88,45,96,24,84
pk01_vent_wall03_local.png,textures_pk01,4.38397,4.53179,4.16447,3.84027,4.3093,4.50622,3.35254,31,47,21,15,68,25,37,31,32,36,38,26,16,29
pk01_wall03_s.png,textures_pk01,1.3127,1.32434,1.08906,1.10607,1.15333,1.32092,1.08464,52,116,26,45,148,56,77,70,68,90,45,67,22,70
pk01_thin_wall02a_d.png,textures_pk01,0.931346,0.931345,0.981964,0.98927,0.987594,0.93133,0.855619,17,43,13,19,24,18,9,13,9,23,18,29,6,21
pk01_vent_wall01_s.png,textures_pk01,2.04013,2.12737,1.56836,1.49599,1.62585,2.10068,1.64629,19,37,15,48,62,20,39,31,34,37,23,22,8,32
pk01_pan_wall02a2_d.png,textures_pk01,1.08387,1.08418,1.0154,1.02331,1.04487,1.08531,0.947452,32,69,23,26,65,27,32,32,29,42,30,41,12,41
pk01_floor01b_d.png,textures_pk01,0.93003,0.930027,0.988244,0.994529,0.992975,0.930028,0.857164,70,153,56,58,103,55,38,52,37,77,73,94,26,87
pk01_pan_wall01_d.png,textures_pk01,0.937115,0.937201,0.989381,0.996172,0.995312,0.93721,0.860898,70,158,56,60,103,56,40,51,40,78,74,98,26,88
pk01_tile_floor01_s.png,textures_pk01,2.01361,2.12723,1.71686,1.65213,1.75818,2.0851,1.75332,18,36,13,16,49,19,30,26,26,33,22,23,7,23
pk01_gra_floor02_local.png,textures_pk01,0.94982,0.949818,0.990894,0.999589,1.00427,0.949919,0.866462,16,36,7,14,24,13,9,12,8,18,11,19,5,20
apps-help-browser.png,icon_64,1.7503,1.83811,1.70014,1.74728,1.74094,1.79623,1.62212,0,1,0,0,1,0,0,0,0,0,0,0,0,0
actions-document-properties.png,icon_64,3.16497,3.43336,2.81174,2.75964,2.87103,3.35325,2.7567,0,0,0,0,1,0,0,0,0,0,0,0,0,0
mimetypes-x-office-spreadsheet-template.png,icon_64,1.75105,1.79377,1.65662,1.71273,1.71452,1.79593,1.53057,0,0,0,0,1,0,0,0,0,0,0,0,0,0
apps-preferences-system-windows.png,icon_64,6.39833,7.73317,9.31438,9.93572,9.65468,7.09315,6.69646,0,0,0,0,0,0,0,0,0,0,0,0,0,0
mimetypes-x-office-presentation.png,icon_64,3.03145,3.27811,2.76663,2.81673,2.86751,3.17366,2.6807,0,0,0,0,1,0,0,0,0,0,0,0,0,0
actions-format-text-strikethrough.png,icon_64,2.89436,3.35898,3.02372,3.17478,3.16344,3.10862,2.89675,0,0,0,0,0,0,0,0,0,0,0,0,0,0
mimetypes-text-x-script.png,icon_64,3.10029,3.34004,2.61308,2.50195,2.63295,3.27746,2.67771,0,0,0,0,1,0,0,0,0,0,0,0,0,0
actions-edit-select-all.png,icon_64,4.40351,4.79158,3.51752,3.29327,3.56226,4.71572,3.50697,0,0,0,0,1,0,0,0,0,0,0,0,0,0
actions-view-refresh.png,icon_64,2.27661,2.5038,2.2161,2.30798,2.30414,2.38886,2.16276,0,0,0,0,0,0,0,0,0,0,0,0,0,0
actions-go-first.png,icon_64,2.63042,2.97738,2.84288,2.95811,2.9078,2.81415,2.61872,0,0,0,0,0,0,0,0,0,0,0,0,0,0
status-network-transmit-receive.png,icon_64,1.81547,1.877,1.70306,1.80338,1.79443,1.84608,1.60767,0,0,0,0,1,0,0,0,0,0,0,0,0,0
apps-preferences-system-network-proxy.png,icon_64,1.78152,1.89246,1.81012,1.86897,1.84456,1.8365,1.6862,0,0,0,0,0,0,0,0,0,0,0,0,0,0
status-dialog-warning.png,icon_64,3.95303,4.82024,3.50173,3.24596,3.49339,4.37432,3.89261,0,0,0,0,0,0,0,0,0,0,0,0,0,0
actions-edit-undo.png,icon_64,3.74007,4.79508,4.26926,4.3978,4.35996,4.21291,4.22958,0,0,0,0,0,0,0,0,0,0,0,0,0,0
devices-computer.png,icon_64,1.87274,1.93276,1.68113,1.76714,1.78016,1.9025,1.60198,0,0,0,0,1,0,0,0,0,0,0,0,0,0
categories-applications-office.png,icon_64,2.34035,2.5983,2.39357,2.47811,2.45282,2.47119,2.26664,0,0,0,0,0,0,0,0,0,0,0,0,0,0
actions-go-top.png,icon_64,2.47617,2.78513,2.6413,2.76593,2.71633,2.62459,2.45649,0,1,0,0,0,0,0,0,0,0,0,0,0,0
devices-drive-removable-media.png,icon_64,2.78798,3.0673,2.50169,2.55893,2.61663,2.93875,2.48449,0,0,0,0,1,0,0,0,0,0,0,0,0,0
emotes-face-angel.png,icon_64,1.85493,1.98062,1.87829,1.92526,1.90819,1.91723,1.74819,0,0,0,0,0,0,0,0,0,0,0,0,0,0
status-battery-caution.png,icon_64,2.89231,3.19865,2.72552,2.82735,2.85204,3.0999,2.72046,0,0,0,0,0,0,0,0,0,0,0,0,0,0
actions-format-indent-less.png,icon_64,3.98767,4.35938,3.15411,2.964,3.20261,4.27986,3.27364,0,0,0,0,1,0,0,0,0,0,0,0,0,0
status-network-offline.png,icon_64,1.82762,1.88369,1.64718,1.72575,1.73504,1.86058,1.57966,0,0,0,0,1,0,0,0,0,0,0,0,0,0
devices-input-mouse.png,icon_64,2.21505,2.42894,2.25045,2.33912,2.31592,2.31904,2.12899,0,0,0,0,0,0,0,0,0,0,0,0,0,0
actions-appointment-new.png,icon_64,1.59491,1.64429,1.55909,1.61075,1.59401,1.62295,1.4578,1,0,0,0,1,0,0,0,0,0,0,0,0,0
status-folder-drag-accept.png,icon_64,2.96346,3.29448,2.87817,3.00983,3.02111,3.12543,2.72907,0,0,0,0,0,0,0,0,0,0,0,0,0,0
actions-go-last.png,icon_64,2.76726,3.15856,2.98778,3.10225,3.05055,2.97539,2.76975,0,0,0,0,0,0,0,0,0,0,0,0,0,0
apps-preferences-desktop-font.png,icon_64,4.38466,4.85284,3.45241,3.02195,3.30334,4.77784,3.94668,0,0,0,0,1,0,0,0,0,0,0,0,0,0
actions-mail-send-receive.png,icon_64,2.31521,2.51636,2.22387,2.31718,2.3101,2.41474,2.18211,0,0,0,0,1,0,0,0,0,0,0,0,0,0
mimetypes-x-office-document-template.png,icon_64,1.96247,1.99866,1.70014,1.75772,1.79171,2.01773,1.65342,0,0,0,0,1,0,0,0,0,0,0,0,0,0
actions-mail-reply-sender.png,icon_64,3.0609,3.45205,2.93226,2.98307,3.01075,3.26494,2.92059,0,0,0,0,0,0,0,0,0,0,0,0,0,0
mimetypes-video-x-generic.png,icon_64,2.22468,2.4475,2.17877,2.26054,2.25019,2.33263,2.13005,0,0,0,0,0,0,0,0,0,0,0,0,0,0
devices-video-display.png,icon_64,2.09711,2.23383,1.94027,2.02639,2.04111,2.16276,1.85196,0,0,0,0,1,0,0,0,0,0,0,0,0,0
emblems-emblem-readonly.png,icon_64,5.89211,6.85762,4.4637,3.57015,4.05997,6.68962,5.4165,0,0,0,0,0,0,0,0,0,0,0,0,0,0
emotes-face-surprise.png,icon_64,2.00375,2.17892,2.10966,2.16191,2.1277,2.08775,1.95404,0,0,0,0,0,0,0,0,0,0,0,0,0,1
actions-go-up.png,icon_64,3.31347,4.05327,3.78369,3.93878,3.86051,3.6581,3.53815,0,0,0,0,0,0,0,0,0,0,0,0,0,0
actions-edit-find.png,icon_64,2.45686,2.60415,2.28205,2.28025,2.3292,2.55774,2.16281,0,0,0,0,1,0,0,0,0,0,0,0,0,0
mimetypes-application-x-executable.png,icon_64,2.44367,2.75469,2.49395,2.59425,2.5576,2.58708,2.40094,0,0,0,0,0,0,0,0,0,0,0,0,0,0
places-user-desktop.png,icon_64,2.92537,3.43073,3.01648,3.14382,3.15107,3.1535,2.87279,0,0,0,0,0,0,0,0,0,0,0,0,0,0
status-printer-error.png,icon_64,2.81673,3.05027,2.78166,2.91168,2.89078,2.95252,2.57516,0,0,0,0,0,0,0,0,0,0,0,0,0,0
apps-system-file-manager.png,icon_64,4.98196,6.5003,5.85108,6.11115,6.126,5.75416,5.32871,0,0,0,0,0,0,0,0,0,0,0,0,0,0
places-user-home.png,icon_64,3.17725,3.63577,3.2048,3.37606,3.36254,3.39623,3.04074,0,8,0,1,0,0,0,7,0,0,0,1,0,3
devices-input-keyboard.png,icon_64,2.40776,2.66024,2.39789,2.49832,2.48374,2.52872,2.28651,0,0,0,0,1,0,0,0,0,0,0,0,0,0
apps-preferences-desktop-keyboard-shortcuts.png,icon_64,2.08007,2.13306,2.00081,2.07165,2.06995,2.13153,1.84024,0,0,0,0,1,0,0,0,0,0,0,0,0,0
categories-preferences-system.png,icon_64,2.3895,2.68356,2.51978,2.58131,2.55607,2.52846,2.42104,0,0,0,0,0,0,0,0,0,0,0,0,0,0
status-network-idle.png,icon_64,1.70442,1.75797,1.54048,1.62004,1.62709,1.73052,1.47157,0,0,0,0,1,0,0,0,0,0,0,0,0,0
emblems-emblem-symbolic-link.png,icon_64,5.60968,6.38048,4.18939,3.39401,3.83655,6.28743,5.14923,0,0,0,0,1,0,0,0,0,0,0,0,0,0
actions-contact-new.png,icon_64,2.50494,2.67581,2.28348,2.29484,2.33291,2.60601,2.28433,0,0,0,0,1,0,0,0,0,0,0,0,0,0
status-weather-snow.png,icon_64,2.02255,2.17863,2.0092,2.06196,2.04915,2.10155,1.93082,0,0,0,0,1,0,0,0,0,0,0,0,0,0
actions-tab-new.png,icon_64,4.26149,5.16275,5.1829,5.37151,5.23228,4.68985,4.47406,0,0,0,0,0,0,0,0,0,0,0,0,0,0
apps-preferences-desktop-wallpaper.png,icon_64,2.29318,2.47368,2.22071,2.3313,2.31298,2.38186,2.09993,0,0,0,0,0,0,0,0,0,0,0,0,0,0
apps-system-users.png,icon_64,1.95125,2.10312,2.00228,2.06651,2.03959,2.02384,1.86274,0,0,0,0,0,0,0,0,0,0,0,0,0,0
actions-edit-find-replace.png,icon_64,2.08324,2.18711,1.99016,2.03802,2.03385,2.14713,1.89316,0,5,0,1,1,0,0,0,0,20,0,0,0,0
devices-input-gaming.png,icon_64,3.1383,3.54747,2.88256,2.84165,2.92345,3.36842,2.98896,6,0,0,0,0,0,0,0,0,0,0,0,0,0
emblems-emblem-photos.png,icon_64,2.65256,2.99817,2.70638,2.84807,2.80748,2.83902,2.56327,0,0,0,0,0,0,0,0,0,0,0,0,0,0
actions-media-seek-forward.png,icon_64,3.34322,4.13685,3.70944,3.89107,3.83865,3.69731,3.60855,0,0,0,0,0,0,0,0,0,0,0,0,0,0
devices-media-floppy.png,icon_64,2.3784,2.53734,2.4142,2.50737,2.5045,2.47592,2.19208,0,0,0,0,0,0,0,0,0,0,0,0,0,0
devices-media-flash.png,icon_64,2.67334,2.80853,2.78458,2.85618,2.82118,2.76562,2.43664,0,0,0,0,1,0,0,0,0,0,0,0,0,0
actions-edit-redo.png,icon_64,3.37073,4.17764,3.87833,3.95844,3.88707,3.73794,3.72787,0,0,0,0,0,0,0,0,0,0,0,0,0,0
places-folder-remote.png,icon_64,2.92955,3.24961,2.93629,3.07931,3.0673,3.0886,2.74738,0,0,0,0,0,0,0,0,0,0,0,0,0,0
emblems-emblem-important.png,icon_64,4.00326,5.20347,4.17657,4.28471,4.36907,4.54228,4.39996,0,0,0,0,0,0,0,0,0,0,0,0,0,0
places-start-here.png,icon_64,4.02292,5.32496,4.53327,4.69411,4.70827,4.58957,4.61825,0,0,0,0,0,0,0,0,0,0,0,0,0,0
actions-address-book-new.png,icon_64,2.3035,2.45013,2.10159,2.1592,2.18269,2.38758,2.04175,0,0,0,0,1,0,0,0,0,0,0,0,0,0
apps-preferences-desktop-locale.png,icon_64,4.10352,4.55491,4.84471,5.0977,4.98044,4.71211,3.95972,0,0,0,0,0,0,0,0,0,0,0,0,0,0
actions-edit-paste.png,icon_64,2.69267,2.83109,2.37151,2.41705,2.46803,2.80156,2.28752,0,0,0,0,1,0,0,0,0,0,0,0,0,0
mimetypes-audio-x-generic.png,icon_64,3.76413,4.78691,4.00554,4.19744,4.18208,4.2356,3.95367,0,0,0,0,0,0,0,0,0,0,0,0,0,0
actions-mail-message-new.png,icon_64,2.07165,2.18448,1.88716,1.93158,1.95451,2.1344,1.83215,0,0,0,0,1,0,0,0,0,0,0,0,0,0
devices-camera-photo.png,icon_64,2.52813,2.7819,2.47169,2.56689,2.56414,2.67305,2.38863,0,0,0,0,0,0,0,0,0,0,0,0,0,0
devices-battery.png,icon_64,3.56432,4.23688,3.92149,4.13025,4.06887,3.98347,3.64426,0,0,0,0,0,0,0,0,0,0,0,0,0,0
status-weather-few-clouds-night.png,icon_64,2.32441,2.5937,2.42331,2.50309,2.46896,2.45129,2.30495,0,0,0,0,0,0,0,0,0,0,0,0,0,0
status-weather-clear.png,icon_64,2.30869,2.57159,2.41729,2.46592,2.46061,2.43471,2.28184,0,0,0,0,0,0,0,0,0,0,0,0,0,0
status-audio-volume-muted.png,icon_64,2.28933,2.51083,2.35329,2.4358,2.40835,2.40411,2.23611,0,0,0,0,0,0,0,0,0,0,0,0,0,0
actions-edit-copy.png,icon_64,3.52749,3.85824,3.133,3.12463,3.2216,3.76875,3.08318,0,0,0,0,1,0,0,0,0,0,0,0,0,0
mimetypes-text-x-generic.png,icon_64,4.74532,5.38652,3.99756,3.68138,4.02407,5.21867,4.04893,0,0,0,0,0,0,0,0,0,0,0,0,0,0
actions-media-playback-stop.png,icon_64,4.98803,7.25063,6.38296,6.73361,6.65475,5.90556,6.02981,0,0,0,0,0,0,0,0,0,0,0,0,0,0
devices-drive-optical.png,icon_64,3.51236,3.94257,3.06033,2.94112,3.07066,3.78078,3.27287,0,0,0,0,0,0,0,0,0,0,0,0,0,0
actions-system-search.png,icon_64,1.99206,2.16276,2.07826,2.13148,2.10636,2.07406,1.93573,0,0,0,0,0,0,0,0,0,0,0,0,0,0
actions-document-print-preview.png,icon_64,2.20789,2.34644,2.23078,2.33745,2.3088,2.29302,2.04472,0,0,0,0,0,0,0,0,0,0,0,0,0,0
devices-multimedia-player.png,icon_64,2.48217,2.60511,2.42009,2.5393,2.52944,2.55481,2.23937,0,0,0,0,1,0,0,0,0,0,0,0,0,0
devices-camera-video.png,icon_64,2.21505,2.4077,2.13079,2.26043,2.24659,2.30831,2.05176,0,0,0,0,0,0,0,0,0,0,0,0,0,0
places-folder.png,icon_64,3.64035,4.36054,3.97766,4.11813,4.08663,3.97573,3.69508,0,0,0,0,0,0,0,0,0,0,0,0,0,0
actions-list-add.png,icon_64,5.73536,9.16758,7.27639,7.64001,7.66862,7.07834,7.36856,0,0,0,0,0,0,0,0,0,0,0,0,0,0
status-weather-clear-night.png,icon_64,3.29746,4.0593,3.58003,3.72448,3.6858,3.63591,3.53408,0,0,0,0,0,0,0,0,0,0,0,0,0,0
status-dialog-error.png,icon_64,2.49123,2.65185,2.19797,2.31396,2.34024,2.57259,2.19429,0,0,0,0,1,0,0,0,0,0,0,0,0,0
status-audio-volume-low.png,icon_64,2.25158,2.50814,2.37174,2.46376,2.42972,2.37237,2.22907,0,0,0,0,0,0,0,0,0,0,0,0,0,0
actions-format-indent-more.png,icon_64,4.05077,4.54228,3.2565,3.05178,3.30667,4.39034,3.38594,0,0,0,0,1,0,0,0,0,0,0,0,0,0
categories-applications-games.png,icon_64,2.58885,2.82329,2.28285,2.34152,2.40076,2.7231,2.38695,0,0,0,0,1,0,0,0,0,0,0,0,0,0
mimetypes-x-office-calendar.png,icon_64,2.96132,3.34288,2.90462,3.04479,3.03942,3.15067,2.80132,0,0,0,0,0,0,0,0,0,0,0,0,0,0
actions-go-next.png,icon_64,3.11207,3.76125,3.58865,3.70986,3.62585,3.40824,3.35612,0,0,0,0,0,0,0,0,0,0,0,0,0,0
status-audio-volume-high.png,icon_64,2.04476,2.2191,2.03942,2.12793,2.11479,2.13084,1.95156,0,0,0,0,0,0,0,0,0,0,0,0,0,0
apps-preferences-desktop-assistive-technology.png,icon_64,1.56625,1.61165,1.53114,1.58152,1.56905,1.59375,1.4189,0,0,0,0,1,0,0,0,0,0,0,0,0,0
actions-format-text-bold.png,icon_64,2.32309,2.58885,2.42768,2.5359,2.50157,2.44781,2.28656,0,0,0,0,0,0,0,0,0,0,0,0,0,0
status-weather-showers.png,icon_64,1.78229,1.88106,1.77172,1.81601,1.79912,1.83191,1.6832,0,0,0,0,0,0,0,0,0,0,0,0,0,0
apps-internet-mail.png,icon_64,2.47617,2.67734,2.18886,2.23246,2.28046,2.58334,2.17675,0,0,0,0,1,0,0,0,0,0,0,0,0,0
emotes-face-sad.png,icon_64,2.13315,2.3447,2.24623,2.30712,2.27413,2.23484,2.10231,0,0,0,0,0,0,0,0,0,0,0,0,0,0
actions-bookmark-new.png,icon_64,2.76539,2.92441,2.5592,2.5474,2.59754,2.88679,2.45019,0,0,0,0,1,0,0,0,0,0,0,0,0,0
emblems-emblem-favorite.png,icon_64,3.02028,3.58003,3.10509,3.24553,3.23007,3.27593,3.09346,0,0,0,0,0,0,0,0,0,0,0,0,0,0
status-dialog-information.png,icon_64,2.3035,2.59152,2.53361,2.60753,2.55315,2.43664,2.33097,0,0,0,0,0,0,0,0,0,0,0,0,0,0
apps-internet-group-chat.png,icon_64,6.61534,9.60375,6.18614,5.37709,6.0088,8.06432,6.91454,0,0,0,0,0,0,0,0,0,0,0,0,0,0
mimetypes-package-x-generic.png,icon_64,3.41856,3.98945,3.80433,3.97815,3.90405,3.68995,3.46984,0,0,0,0,0,0,0,0,0,0,0,0,0,0
actions-system-shutdown.png,icon_64,3.86719,4.19959,3.6417,3.4888,3.62011,4.12869,3.53879,0,0,0,0,1,0,0,0,0,0,0,0,0,0
devices-media-optical.png,icon_64,1.47808,1.53735,1.52886,1.56807,1.54486,1.50701,1.39482,0,1,0,0,1,0,0,0,0,0,0,0,0,0
emotes-face-monkey.png,icon_64,1.68965,1.78803,1.79109,1.8268,1.79866,1.73753,1.62025,0,0,0,0,0,0,0,0,0,0,0,0,0,0
status-network-receive.png,icon_64,1.73694,1.79236,1.58519,1.67232,1.67477,1.76412,1.51007,0,0,0,0,1,0,0,0,0,0,0,0,0,0
mimetypes-text-html.png,icon_64,2.24911,2.3698,2.10537,2.1079,2.13746,2.32898,1.99383,0,0,0,0,1,0,0,0,0,0,0,0,0,0
categories-applications-internet.png,icon_64,1.59119,1.66923,1.6494,1.68768,1.66498,1.62922,1.50886,0,0,0,0,0,0,0,0,0,0,0,0,0,0
actions-process-stop.png,icon_64,2.47917,2.60477,2.03456,1.86645,1.97874,2.55707,2.19993,0,0,0,0,1,0,0,0,0,0,0,0,0,0
apps-preferences-system-session.png,icon_64,3.24521,3.42523,3.3675,3.56717,3.51726,3.34823,2.92423,0,0,0,0,0,0,0,0,0,0,0,0,0,0
mimetypes-x-office-address-book.png,icon_64,2.74316,2.98044,2.43622,2.50042,2.55993,2.88197,2.40223,0,0,0,0,1,0,0,0,0,0,0,0,0,0
devices-network-wired.png,icon_64,3.75034,4.70557,3.89076,3.99626,4.03978,4.20678,4.11004,0,0,0,0,0,0,0,0,0,0,0,0,0,0
status-image-loading.png,icon_64,2.6909,2.88951,2.4975,2.49604,2.55183,2.82987,2.4064,0,0,0,0,1,0,0,0,0,0,0,0,0,0
actions-media-seek-backward.png,icon_64,3.34869,4.14592,3.70232,3.88968,3.84481,3.70469,3.60392,0,0,0,0,0,0,0,0,0,0,0,0,0,0
apps-preferences-desktop-theme.png,icon_64,2.70512,3.02056,2.73188,2.90059,2.87497,2.88612,2.59439,3,1,0,6,36,0,0,0,0,0,0,0,0,0
emotes-face-grin.png,icon_64,2.4007,2.66862,2.48336,2.58402,2.55202,2.54245,2.32419,0,0,0,0,0,0,0,0,0,0,0,0,0,0
actions-view-fullscreen.png,icon_64,3.90778,4.32676,4.39957,4.51433,4.44292,4.22558,3.90886,0,0,0,0,0,0,0,0,0,0,0,0,0,0
actions-media-record.png,icon_64,3.27899,4.01454,3.64359,3.79596,3.73609,3.6108,3.48942,0,0,0,0,0,0,0,0,0,0,0,0,0,0
places-network-workgroup.png,icon_64,3.25295,3.6615,3.19958,3.398,3.38617,3.48794,3.03155,0,0,0,0,1,0,0,0,0,0,0,0,0,0
mimetypes-font-x-generic.png,icon_64,3.30012,3.44093,2.48468,2.20269,2.40529,3.45484,2.85917,0,0,0,0,1,0,0,0,0,0,0,0,0,0
status-folder-open.png,icon_64,3.81319,4.36383,3.86127,3.93767,3.95271,4.08002,3.56432,0,0,0,0,0,0,0,0,0,0,0,0,0,0
categories-applications-multimedia.png,icon_64,2.66638,2.85162,2.34057,2.38921,2.43767,2.78632,2.37754,0,0,0,0,1,0,0,0,0,0,0,0,0,0
status-software-update-available.png,icon_64,3.39026,3.99382,3.52913,3.77874,3.74906,3.66833,3.45205,0,0,0,0,0,0,0,0,0,0,0,0,0,0
status-network-wireless-encrypted.png,icon_64,1.99789,2.15986,2.0022,2.08139,2.05984,2.07576,1.9015,0,0,0,0,0,0,0,0,0,0,0,0,0,0
actions-mail-mark-junk.png,icon_64,1.81627,1.92519,1.73912,1.82518,1.81182,1.87007,1.6815,0,0,0,0,1,0,0,0,0,0,0,0,0,0
emotes-face-crying.png,icon_64,2.04374,2.23018,2.15508,2.21042,2.18264,2.13324,2.00805,0,0,0,0,0,0,0,0,0,0,0,0,0,0
status-image-missing.png,icon_64,3.70623,3.93043,3.00101,2.87902,3.05539,3.91151,3.20334,0,0,0,0,1,0,0,0,0,0,0,0,0,0
emblems-emblem-system.png,icon_64,1.85746,1.98269,1.82592,1.90176,1.88694,1.91921,1.75049,0,0,0,0,1,0,0,0,0,0,0,0,0,0
actions-folder-new.png,icon_64,2.41059,2.64045,2.53518,2.60594,2.56809,2.52333,2.31986,0,0,0,0,0,0,0,0,0,0,0,0,0,0
devices-printer.png,icon_64,3.8418,4.33975,3.93909,4.13964,4.16119,4.14697,3.53637,0,0,0,0,0,0,0,0,0,0,0,0,0,0
places-user-trash.png,icon_64,2.00866,2.08527,1.90704,1.97636,1.97223,2.06378,1.77022,0,0,0,0,1,0,0,0,0,0,0,0,0,0
categories-preferences-desktop-peripherals.png,icon_64,1.94384,2.05373,1.81705,1.87883,1.88095,2.00114,1.76685,0,0,0,0,1,0,0,0,0,0,0,0,0,0
devices-audio-card.png,icon_64,2.01064,2.13333,1.93211,2.04069,2.01831,2.07725,1.83976,0,0,0,0,1,0,0,0,0,0,0,0,0,0
emblems-emblem-unreadable.png,icon_64,1.87789,1.95653,1.88473,1.91182,1.91603,1.92745,1.72578,0,0,0,0,1,0,0,0,0,0,0,0,0,0
devices-network-wireless.png,icon_64,2.864,3.02651,2.49686,2.32678,2.42918,2.99899,2.61955,0,0,0,0,1,0,0,0,0,0,0,0,0,0
mimetypes-x-office-spreadsheet.png,icon_64,2.32705,2.45981,2.25101,2.24223,2.27788,2.41355,2.06882,0,0,0,0,1,0,1,0,1,0,0,0,0,0
actions-format-justify-center.png,icon_64,4.32905,4.76741,3.22837,2.93594,3.25165,4.65212,3.39471,0,0,0,0,1,0,0,0,0,0,0,0,0,0
actions-document-print.png,icon_64,3.69286,4.16896,3.69453,3.89848,3.90157,3.98508,3.40352,0,0,0,0,0,0,0,0,0,0,0,0,0,0
emotes-face-wink.png,icon_64,2.06851,2.26257,2.19782,2.25112,2.21755,2.16167,2.03752,0,0,0,0,0,0,0,0,0,0,0,0,0,0
status-audio-volume-medium.png,icon_64,2.15674,2.37363,2.21301,2.3056,2.28158,2.26095,2.09984,0,0,0,0,0,0,0,0,0,0,0,0,0,0
places-network-server.png,icon_64,4.76187,6.1417,5.54044,5.88189,5.82439,5.46589,5.13686,0,0,0,0,0,0,0,0,0,0,0,0,0,0
emotes-face-kiss.png,icon_64,2.06643,2.25789,2.16562,2.22448,2.19581,2.15896,2.02355,0,0,0,0,0,0,0,0,0,0,0,0,0,0
apps-preferences-desktop-accessibility.png,icon_64,1.78074,1.8474,1.7273,1.77884,1.77794,1.82396,1.60405,0,0,0,0,1,0,0,0,0,0,0,0,0,0
emotes-face-smile.png,icon_64,2.11771,2.32518,2.23398,2.29313,2.26236,2.21745,2.08585,0,0,0,0,0,0,0,0,0,0,0,0,0,0
apps-system-software-update.png,icon_64,2.17853,2.34342,2.03781,2.08789,2.10002,2.2647,2.00612,0,0,0,0,1,0,0,0,0,0,0,0,0,0
categories-preferences-desktop.png,icon_64,4.35667,5.15815,4.60332,4.84137,4.77668,4.76233,4.22667,0,0,0,0,0,0,0,0,0,0,0,0,0,0
actions-system-lock-screen.png,icon_64,2.0706,2.20378,1.95673,2.04595,2.04625,2.14025,1.85378,0,0,0,0,1,0,0,0,0,0,0,0,0,0
actions-go-bottom.png,icon_64,2.73766,3.11453,2.89538,2.96328,2.93226,2.92711,2.67917,0,0,0,0,0,0,0,0,0,0,0,0,0,0
actions-format-text-underline.png,icon_64,2.6153,2.95785,2.69002,2.80973,2.7967,2.77632,2.55767,0,0,0,0,0,0,0,0,0,0,0,0,0,0
status-weather-few-clouds.png,icon_64,1.95965,2.11225,2.00485,2.05777,2.03439,2.03406,1.88662,0,0,0,0,0,0,0,0,0,0,0,0,0,0
apps-internet-web-browser.png,icon_64,1.83746,1.96239,1.89491,1.93932,1.91115,1.89904,1.76517,0,0,0,0,0,0,0,0,0,0,0,0,0,0
actions-edit-cut.png,icon_64,2.47318,2.77648,2.47324,2.5574,2.55893,2.62004,2.45656,0,0,0,0,0,0,0,0,0,0,0,0,0,0
status-weather-severe-alert.png,icon_64,2.02355,2.18356,2.05502,2.10411,2.08386,2.10191,1.93382,0,0,0,0,0,0,0,0,0,0,0,0,0,0
apps-office-calendar.png,icon_64,3.39307,3.93059,3.40612,3.57326,3.56639,3.65388,3.27255,0,0,0,0,0,0,0,0,0,0,0,0,0,0
categories-applications-development.png,icon_64,1.53686,1.60133,1.56525,1.61199,1.59027,1.56847,1.43579,0,0,0,0,1,0,0,0,0,0,0,0,0,0
actions-go-jump.png,icon_64,4.12418,5.5134,4.76394,4.92925,4.89367,4.71935,4.82734,0,0,0,0,0,0,0,0,0,0,0,0,0,0
categories-applications-other.png,icon_64,2.61197,2.9683,2.67196,2.73325,2.71716,2.77703,2.63479,0,0,0,0,0,0,0,0,0,0,0,0,0,0
apps-utilities-terminal.png,icon_64,1.9032,1.95575,1.83177,1.89615,1.89743,1.93466,1.67062,0,0,0,0,1,0,0,0,0,0,0,0,0,0
actions-media-playback-start.png,icon_64,4.2793,5.82508,5.22949,5.36623,5.25409,4.94114,5.07874,0,0,0,0,0,0,0,0,0,0,0,0,0,0
actions-go-home.png,icon_64,2.48519,2.66573,2.22836,2.29339,2.32254,2.57941,2.26403,0,0,0,0,1,0,0,0,0,0,0,0,0,0
devices-audio-input-microphone.png,icon_64,2.14207,2.3484,2.14549,2.23739,2.2174,2.24101,2.04685,0,0,0,0,0,0,0,0,0,0,0,0,0,0
apps-internet-news-reader.png,icon_64,4.15767,4.98272,4.6583,4.9486,4.84758,4.53223,4.21146,0,0,0,0,0,0,0,0,0,0,0,0,0,0
status-network-error.png,icon_64,1.57528,1.61273,1.43572,1.50775,1.50838,1.59414,1.36503,0,0,0,0,1,0,0,0,0,0,0,0,0,0
emotes-face-plain.png,icon_64,2.11552,2.32189,2.23089,2.29564,2.26121,2.21465,2.08046,0,0,0,0,0,0,0,0,0,0,0,0,0,0
mimetypes-x-office-document.png,icon_64,4.12834,4.61825,3.58826,3.40529,3.63282,4.48774,3.59903,0,0,0,0,1,0,0,0,0,0,0,0,0,0
mimetypes-image-x-generic.png,icon_64,2.57907,2.74439,2.6213,2.74301,2.71656,2.68004,2.37616,0,0,0,0,0,0,0,0,0,0,0,0,0,0
status-weather-showers-scattered.png,icon_64,1.93101,2.0713,1.93447,1.99343,1.97795,2.00065,1.84004,0,0,0,0,0,0,0,0,0,0,0,0,0,0
categories-applications-accessories.png,icon_64,2.02655,2.17429,1.94889,2.04327,2.03208,2.10307,1.89945,0,0,0,0,1,0,0,0,0,0,0,0,0,0
emotes-face-glasses.png,icon_64,1.72669,1.83317,1.80772,1.84615,1.81947,1.77829,1.6574,0,0,0,0,0,0,0,0,0,0,0,0,0,0
apps-system-installer.png,icon_64,2.65773,2.94244,2.7678,2.8306,2.8082,2.80564,2.57011,0,0,0,0,0,0,0,0,0,0,0,0,0,0
mimetypes-application-certificate.png,icon_64,2.06956,2.26111,2.14713,2.20908,2.18497,2.16105,2.01331,0,0,0,0,0,0,0,0,0,0,0,0,0,0
actions-media-playback-pause.png,icon_64,4.21327,5.66724,5.06983,5.28971,5.2583,4.84113,4.7732,0,0,0,0,0,0,0,0,0,0,0,0,0,0
actions-media-eject.png,icon_64,4.27037,5.6787,5.04667,5.3633,5.25802,4.86919,4.85812,0,0,0,0,0,0,0,0,0,0,0,0,0,0
actions-document-save.png,icon_64,2.10249,2.21241,1.89403,1.94511,1.96443,2.16887,1.87471,0,0,0,0,1,0,0,0,0,0,0,0,0,0
apps-utilities-system-monitor.png,icon_64,1.44014,1.45601,1.3485,1.40034,1.39797,1.45491,1.25021,0,0,0,0,1,0,0,0,0,0,0,0,0,0
actions-system-log-out.png,icon_64,1.92105,1.98518,1.83181,1.916,1.90541,1.9735,1.70471,0,0,0,0,1,0,0,0,0,0,0,0,0,0
actions-document-new.png,icon_64,3.24008,3.46947,2.8014,2.54002,2.71776,3.44491,2.88163,0,0,0,0,1,0,0,0,0,0,0,0,0,0
actions-media-skip-backward.png,icon_64,2.89846,3.3953,2.95296,3.1297,3.11938,3.1318,2.88485,0,0,0,0,0,0,0,0,0,0,0,0,0,0
apps-accessories-calculator.png,icon_64,3.17232,3.44938,3.13639,3.24168,3.24907,3.3568,2.88654,0,0,0,0,0,0,0,0,0,0,0,0,0,0
apps-preferences-desktop-multimedia.png,icon_64,1.74732,1.85626,1.80626,1.84706,1.82325,1.8007,1.68153,0,0,0,0,0,0,0,0,0,0,0,0,0,0
emotes-face-devilish.png,icon_64,2.1522,2.32777,2.12733,2.20719,2.19458,2.25039,2.02043,0,0,0,0,0,0,0,0,0,0,0,0,0,0
categories-applications-graphics.png,icon_64,2.83232,3.27418,2.95402,3.08918,3.063,3.05112,2.82645,0,0,0,0,0,0,0,0,0,0,0,0,0,0
actions-edit-clear.png,icon_64,2.71408,3.17427,3.06358,3.12543,3.06405,2.92354,2.87178,0,0,0,0,0,0,0,0,0,0,0,0,0,0
emotes-face-smile-big.png,icon_64,2.15447,2.36643,2.27582,2.33734,2.30377,2.25623,2.11543,0,0,0,0,0,0,0,0,0,0,0,0,0,0
actions-list-remove.png,icon_64,6.98777,13.7488,11.1862,11.5097,11.46,9.23129,11.0009,0,0,0,0,0,0,0,0,0,0,0,0,0,0
actions-format-justify-fill.png,icon_64,4.57568,5.06539,3.43985,3.1303,3.4893,4.94164,3.57378,0,0,0,0,1,0,0,0,0,0,0,0,0,0
actions-format-justify-left.png,icon_64,4.413,4.85644,3.26678,2.959,3.28853,4.74532,3.4608,0,0,0,0,1,0,0,0,0,0,0,0,0,0
mimetypes-x-office-drawing.png,icon_64,3.58617,3.97686,3.14885,2.99616,3.15168,3.84947,3.23699,0,0,0,0,0,0,0,0,0,0,0,0,0,0
mimetypes-x-office-presentation-template.png,icon_64,1.77457,1.82474,1.63619,1.71396,1.7113,1.81476,1.56602,0,0,0,0,1,0,0,0,0,0,0,0,0,0
status-weather-overcast.png,icon_64,2.32705,2.59384,2.43779,2.50131,2.47045,2.45343,2.30864,0,0,0,0,0,0,0,0,0,0,0,0,0,0
actions-media-skip-forward.png,icon_64,2.89641,3.39225,2.99543,3.1406,3.12741,3.1295,2.91004,0,0,0,0,0,0,0,0,0,0,0,0,0,0
actions-format-justify-right.png,icon_64,4.38936,4.84829,3.24972,2.96186,3.28589,4.72593,3.41132,0,0,0,0,1,0,0,0,0,0,0,0,0,0
places-folder-saved-search.png,icon_64,2.94006,3.24532,2.94297,3.09278,3.0886,3.08356,2.71176,0,0,0,0,0,0,0,0,0,0,0,0,0,0
devices-drive-harddisk.png,icon_64,3.11207,3.44805,2.64763,2.64024,2.74018,3.31101,2.77585,0,0,0,0,1,0,0,0,0,0,0,0,0,0
actions-go-previous.png,icon_64,3.01805,3.62064,3.44057,3.58447,3.50647,3.29382,3.21066,0,0,0,0,0,0,0,0,0,0,0,0,0,0
status-weather-storm.png,icon_64,1.80985,1.93056,1.84928,1.90648,1.88041,1.86872,1.72385,0,0,0,0,0,0,0,0,0,0,0,0,0,0
actions-document-open.png,icon_64,3.07469,3.30578,2.9391,3.01361,3.03482,3.19293,2.70549,0,0,0,0,0,0,0,0,0,0,0,0,0,0
actions-window-new.png,icon_64,4.52014,4.83328,5.9989,6.31165,6.2088,4.7483,4.42711,0,0,0,0,0,0,0,0,0,0,0,0,0,0
status-mail-attachment.png,icon_64,3.31079,4.07393,3.566,3.70134,3.6937,3.65239,3.5485,0,0,0,0,0,0,0,0,0,0,0,0,0,0
apps-accessories-text-editor.png,icon_64,2.73583,2.87792,2.48972,2.57502,2.5961,2.8177,2.41783,0,0,0,0,1,0,0,0,0,0,0,0,0,0
apps-preferences-desktop-screensaver.png,icon_64,2.02455,2.15277,1.88098,1.97425,1.98002,2.0866,1.80391,0,0,0,0,1,0,0,0,0,0,0,0,0,0
categories-applications-system.png,icon_64,1.78618,1.89641,1.73679,1.82647,1.81309,1.8398,1.66744,0,0,0,0,1,0,0,0,0,0,0,0,0,0
actions-go-down.png,icon_64,3.47659,4.29125,4.10884,4.19511,4.08884,3.86324,3.78675,0,0,0,0,0,0,0,0,0,0,0,0,0,0
actions-mail-reply-all.png,icon_64,2.05709,2.17074,1.99837,2.044,2.03452,2.11903,1.90948,0,0,0,0,1,0,0,0,0,0,0,0,0,0
status-folder-visiting.png,icon_64,6.88211,9.00962,10.9629,11.7885,11.0132,7.81431,8.0432,0,0,0,0,0,0,0,0,0,0,0,0,0,0
status-user-trash-full.png,icon_64,1.55201,1.59354,1.49845,1.55103,1.53978,1.57329,1.393,0,0,0,0,1,0,0,0,0,0,0,0,0,0
apps-accessories-character-map.png,icon_64,2.88214,3.11868,2.68994,2.79781,2.81972,3.04196,2.57159,0,0,0,0,1,0,0,0,0,0,0,0,0,0
actions-format-text-italic.png,icon_64,3.11207,3.73652,3.46434,3.61398,3.56419,3.39612,3.28271,0,0,0,0,0,0,0,0,0,0,0,0,0,0
mimetypes-x-office-drawing-template.png,icon_64,1.80427,1.83526,1.60172,1.65053,1.67303,1.84758,1.53215,0,0,0,0,1,0,0,0,0,0,0,0,0,0
apps-preferences-desktop-remote-desktop.png,icon_64,1.80031,1.87746,1.67966,1.74147,1.74156,1.84197,1.61218,0,0,0,0,1,0,0,0,0,0,0,0,0,0
status-software-update-urgent.png,icon_64,4.13668,5.22755,4.46127,4.66603,4.68248,4.62781,4.46979,0,0,0,0,0,0,0,0,0,0,0,0,0,0
actions-mail-forward.png,icon_64,2.90462,3.23071,2.8373,2.86267,2.88383,3.08163,2.78245,0,0,0,0,0,0,0,0,0,0,0,0,0,0
status-network-transmit.png,icon_64,1.77765,1.83639,1.65186,1.74227,1.73685,1.80676,1.56214,0,1,0,0,1,0,0,0,0,0,0,0,0,0
actions-document-save-as.png,icon_64,2.38532,2.55269,2.29586,2.39182,2.38498,2.47486,2.18745,0,0,0,0,0,0,0,0,0,0,0,0,0,0
actions-edit-delete.png,icon_64,2.29446,2.39859,2.23856,2.32738,2.31844,2.34857,2.05099,0,16,0,0,1,0,0,0,0,5,0,0,0,0
mimetypes-text-x-generic-template.png,icon_64,3.41571,3.74834,2.90875,2.79845,2.93875,3.68746,2.99543,0,0,0,0,1,0,0,0,0,0,0,0,0,0
Agar.io_gameplay1.png,screenshot_game,7.58696,12.8312,14.8073,13.8949,14.7145,10.2355,11.4781,29,44,44,23,51,28,23,18,21,31,83,41,6,22
Galaxy_Game_(1971)_-_Title_screen.png,screenshot_game,11.7806,259.26,220.181,103.854,135.268,22.885,270.763,2,3,18,5,3,3,3,0,3,3,33,12,0,0
Rain_World_screenshot_-_Sky_Islands_5.png,screenshot_game,1.52418,1.57637,1.47983,1.46671,1.50949,1.55518,1.37188,154,325,132,128,298,132,151,143,139,207,187,214,64,176
CompliKATEd_screenshot_4.png,screenshot_game,1.87829,1.93763,1.69517,1.57307,1.68172,1.926,1.61611,160,292,80,110,308,133,184,190,164,228,137,193,56,156
Galak-Z_screenshot_-_missile_porn.png,screenshot_game,1.07753,1.07814,0.978711,0.988935,1.01944,1.07849,0.924615,213,428,162,177,446,189,211,212,193,295,226,262,91,259
Flinthook_screenshot_-_Pax_start.png,screenshot_game,3.22003,3.59395,3.31898,3.26705,3.4321,3.46722,3.01222,89,168,66,64,186,80,92,82,82,142,120,117,31,154
Neverball_Titelbildschirm.png,screenshot_game,3.10601,3.63568,2.96006,2.71148,2.93901,3.38115,3.00649,77,157,82,67,190,79,122,99,106,133,135,118,30,83
Biniax2_screenshot.png,screenshot_game,2.45943,2.59907,2.37811,2.22734,2.34966,2.56859,2.2256,39,66,25,27,79,33,46,40,41,51,42,42,13,38
SpellTower_screenshot_-_PuzzleMode-Lose_2.png,screenshot_game,4.06682,5.05216,3.66285,2.79383,3.30067,4.58347,4.5194,137,257,140,126,355,173,340,280,287,336,268,228,38,138
Neverball_Gameplay_Screenshot_12.png,screenshot_game,1.81703,1.87167,1.63042,1.60236,1.68122,1.8489,1.53203,134,279,106,102,303,122,165,149,147,202,162,234,57,156
BFM-screenshot01.png,screenshot_game,3.63964,3.39872,2.33055,1.39276,1.72011,3.8587,2.80634,101,153,66,60,355,104,359,267,299,286,122,92,38,97
PekkaKana2_Scr01.png,screenshot_game,1.64693,1.66331,1.25113,1.21249,1.30577,1.66703,1.30368,12,23,8,8,40,12,24,20,20,22,13,13,5,15
Galak-Z_screenshot_-_lost_in_space.png,screenshot_game,1.05241,1.05295,0.969556,0.986901,1.01202,1.0531,0.909071,205,480,158,175,427,187,199,223,182,303,211,312,87,275
Score4Zugzwang.png,screenshot_game,8.01428,14.9209,9.2345,5.94278,7.1796,10.9318,13.4102,10,14,16,8,26,12,30,20,25,23,30,13,2,7
Minicraft_Title_Screen.png,screenshot_game,11.8645,132.022,151.629,110.675,137.107,22.7382,172.635,3,2,12,3,3,2,2,0,2,2,21,7,0,0
Alto%27s_Adventure_screenshot_-_B01_Roof.png,screenshot_game,4.61866,5.67373,4.08231,3.17331,3.70156,5.23968,4.5011,70,116,66,53,189,74,145,108,123,135,124,89,23,63
TowerFall_Mirage.png,screenshot_game,10.1232,26.6661,30.1646,28.4734,32.3063,16.1249,26.2734,21,30,49,20,37,21,20,14,18,24,91,37,3,12
Trini_Shii%22Mori.png,screenshot_game,1.1291,1.13155,1.03247,1.03536,1.06447,1.13216,0.975367,99,202,51,80,208,85,108,103,98,139,78,126,44,121
Dark_Scavenger_screenshot_1.png,screenshot_game,0.997523,0.997672,1.00679,1.01651,1.02417,0.997986,0.895018,134,291,109,108,219,105,116,103,112,154,166,189,55,162
Marty%27O.png,screenshot_game,1.10987,1.11274,1.03782,1.04008,1.06475,1.11301,0.96978,125,281,65,103,246,107,125,120,115,170,97,186,55,150
Sn%C3%ADmek_obrazovky_2021-09-12_v_16.57.06.png,screenshot_game,6.34007,9.40003,9.65245,9.47125,9.91919,7.75227,8.22715,29,45,45,21,56,26,26,20,23,32,75,38,7,24
Winners_Dont_Use_Drugs.png,screenshot_game,10.8441,36.7857,20.1202,9.94704,13.0309,17.9559,36.8661,2,2,4,1,4,1,6,3,5,3,9,3,0,0
Job_Simulator_screenshot_-_Office_01.png,screenshot_game,1.81703,1.88997,1.5924,1.46778,1.57748,1.86342,1.57684,141,296,117,114,324,134,205,175,180,233,172,203,59,199
Blek_-_Level_5_screenshot.png,screenshot_game,2.62218,2.6915,1.75948,1.31587,1.56278,2.72483,2.03804,123,218,82,94,432,146,359,287,302,323,142,141,54,148
Able_builders_intro2.png,screenshot_game,11.4438,90.4327,73.0993,44.5723,54.6668,21.0601,97.9176,1,0,4,0,1,0,2,0,2,0,9,2,0,0
ProgressQuest_Screenshot.png,screenshot_game,10.6855,30.7594,33.3815,20.6381,25.2491,17.26,31.96,7,8,15,5,12,6,10,6,9,8,29,10,0,3
Trainyard_game_-_screenshot_of_mixing_colors_-_2_of_3.png,screenshot_game,3.35991,3.48508,3.9848,3.96401,4.06774,3.58274,3.22122,72,124,48,48,120,63,47,46,44,71,91,75,17,66
Galak-Z_screenshot_-_gz_blue.png,screenshot_game,1.19484,1.19725,1.06021,1.03423,1.08222,1.19855,1.01862,195,400,144,168,433,182,235,355,210,309,198,243,81,235
X-pired.png,screenshot_game,0.979661,0.98018,1.00605,1.01291,1.01861,0.980212,0.885391,45,93,22,38,68,37,29,35,27,50,40,53,15,55
Stay_Frosty_(SpiceWare)_1.png,screenshot_game,5.66692,8.57457,7.41429,7.38641,7.77609,6.86158,6.87996,3,5,4,2,6,2,3,2,2,3,8,3,1,3
Trainyard_game_-_screenshot_of_mixing_colors_-_3_of_3.png,screenshot_game,3.36818,3.49488,3.99794,3.97676,4.08091,3.59348,3.23102,71,125,53,48,116,64,46,46,42,73,95,75,17,67
Flying_Tigers-_Shadows_Over_China_gameplay_screenshot_1.png,screenshot_game,1.40517,1.41632,1.22311,1.14853,1.22481,1.41645,1.18661,178,355,131,144,405,165,239,211,212,280,188,222,73,208
Broforce_four_players.png,screenshot_game,2.31917,2.48159,2.11474,2.05456,2.17948,2.42608,2.04414,112,215,98,90,261,105,144,122,127,168,152,144,46,122
Neverball_Gameplay_Screenshot_13.png,screenshot_game,1.66364,1.70538,1.51477,1.51233,1.57244,1.68793,1.41538,141,294,110,113,341,131,159,143,143,203,166,193,58,165
Rain_World_screenshot_-_Sky_Islands_4.png,screenshot_game,1.53086,1.58687,1.50473,1.4924,1.53243,1.56485,1.38631,152,327,132,126,284,129,143,137,131,202,187,219,63,175
Hedgeweap.png,screenshot_game,3.33508,3.91063,3.60387,3.53412,3.66933,3.67098,3.43389,7,12,6,5,16,5,8,6,7,9,11,8,2,7
Towdie_Screenshot.png,screenshot_game,11.3968,51.7582,57.2573,39.1175,49.9359,20.4069,63.6336,17,22,55,19,27,18,20,12,18,23,102,38,1,6
Ankh_Grim.png,screenshot_game,1.21443,1.21921,1.07501,1.06901,1.10948,1.22021,1.03317,92,187,47,74,210,83,111,99,100,135,74,117,41,112
Cree.png,screenshot_game,1.13493,1.13866,1.05366,1.05208,1.0798,1.1388,0.989319,123,277,65,102,244,106,129,121,119,193,96,185,53,147
Disim_tutorial_04.png,screenshot_game,1.55254,1.58134,1.50046,1.39653,1.46137,1.57358,1.40058,90,182,100,70,180,80,112,101,97,129,142,158,34,106
Solarus_Sample_quest_on_Windows.png,screenshot_game,9.85401,21.9963,17.732,13.7045,16.6717,15.1564,20.9962,11,16,22,9,26,12,20,13,17,18,42,18,2,6
Abyss_scratch_3.0.png,screenshot_game,11.7612,292.207,294.238,270.909,286.38,22.8219,256.19,1,1,11,2,2,1,1,0,1,1,22,5,0,0
Heartlight.png,screenshot_game,2.15075,2.16282,1.46954,1.27008,1.45201,2.18605,1.61069,10,17,5,6,35,9,26,20,21,21,10,10,4,11
Orwell_video_game_screenshot_10.png,screenshot_game,1.66992,1.70063,1.38404,1.29946,1.40101,1.69924,1.37841,156,316,83,127,467,152,239,204,209,268,141,206,67,181
Cuyo.png,screenshot_game,3.50317,4.43614,3.90001,3.80495,3.97139,3.92818,3.79877,14,29,15,14,32,15,17,17,16,24,28,22,4,27
Simple_Simon_Solitiare_PySolFC_100.png,screenshot_game,1.37779,1.39384,1.15376,1.1574,1.21369,1.38887,1.1379,152,306,102,123,462,147,202,185,179,240,151,178,62,189
Neverball_Gameplay_Screenshot_11.png,screenshot_game,2.75582,2.95169,2.24216,2.08816,2.28807,2.86667,2.23589,106,192,66,75,345,104,175,138,154,181,143,123,44,113
Dstroy.png,screenshot_game,10.7219,25.5106,33.9907,30.1662,35.5943,17.3515,28.3418,7,8,14,4,12,6,6,4,5,6,25,9,0,2
Xjump.png,screenshot_game,7.36086,8.52737,5.38316,4.2385,5.27731,8.55583,6.12736,31,40,27,14,86,29,67,50,56,56,68,26,10,23
SpellTower_screenshot_-_PuzzleMode-Lose_1.png,screenshot_game,5.53098,7.94507,5.73915,4.22906,5.02929,6.71755,6.67922,105,189,144,97,308,126,243,189,208,236,267,168,31,99
TMW_Screenshot_15.png,screenshot_game,1.24761,1.24791,1.10296,1.06891,1.11872,1.25147,1.05725,114,243,86,111,257,124,144,128,128,192,117,156,49,137
Minetest_LazyJ%27s_Forge_in_the_evening.png,screenshot_game,1.98424,2.11233,1.70727,1.6178,1.73987,2.05322,1.71965,114,225,90,97,307,121,180,151,158,200,144,142,47,137
Frotz_ifiction.png,screenshot_game,5.67107,8.36381,7.74093,7.69027,8.11547,6.98143,6.99331,16,28,22,13,31,15,16,11,14,18,41,23,5,13
Monaco_What%27s_Yours_Is_Mine_-_Screenshot_1_(Spotted).png,screenshot_game,1.57055,1.57282,1.22245,1.10869,1.21726,1.58095,1.26046,171,329,81,132,475,176,295,244,257,315,139,201,70,200
Prune_video_game_screenshot_4.png,screenshot_game,1.42428,1.43181,1.08969,1.04038,1.1264,1.43367,1.12369,392,819,189,354,1171,445,691,627,595,775,321,470,178,521
Hackmud_hacking.png,screenshot_game,1.20501,1.20518,1.03639,1.0379,1.08781,1.20593,0.990857,210,424,101,173,508,201,258,234,230,359,164,240,90,265
Dark_Scavenger_screenshot_3.png,screenshot_game,1.50908,1.52297,1.33767,1.27878,1.3474,1.52582,1.28764,100,199,54,77,235,91,133,112,119,154,87,126,43,115
Briquolo.png,screenshot_game,0.96799,0.968334,0.989718,1.00024,1.00453,0.968326,0.876179,219,515,117,185,348,174,150,166,144,255,171,347,92,263
Dark_Scavenger_screenshot_2.png,screenshot_game,1.19442,1.19868,1.14199,1.13304,1.16141,1.19984,1.04771,116,265,62,94,223,99,113,109,104,155,95,175,50,136
Blek_-_Level_2_screenshot.png,screenshot_game,2.30293,2.27412,1.45357,1.06739,1.27573,2.345,1.70923,152,249,73,108,534,179,496,343,375,390,136,149,65,166
Temporal_game_screenshot.png,screenshot_game,11.5269,72.3095,46.5711,21.8983,28.5135,20.9393,70.7799,15,19,55,20,30,19,32,21,28,30,102,38,1,5
Prune_video_game_screenshot_5.png,screenshot_game,1.15333,1.15795,1.07386,1.05541,1.09106,1.15808,1.00263,452,1053,230,404,928,432,477,460,431,701,360,664,185,567
Job_Simulator_screenshot_-_Office_02.png,screenshot_game,1.90671,1.97505,1.58496,1.46383,1.59049,1.95507,1.5981,137,285,109,110,392,136,223,184,195,240,168,195,60,157
Klondike_(solitare).png,screenshot_game,1.74126,1.81674,1.7418,1.73077,1.78511,1.78585,1.58189,39,81,30,33,77,35,39,38,35,53,49,49,14,48
Battalen-screen.png,screenshot_game,3.61174,4.63123,4.53632,4.60414,4.61788,4.07487,4.1203,3,5,3,2,4,1,3,1,2,2,7,4,1,2
Broforce_miniboss.png,screenshot_game,4.82527,6.66455,5.85325,5.64608,6.00334,5.68499,5.54658,49,95,68,44,106,47,59,46,54,70,119,81,17,48
SpellTower_screenshot_-_NightColors.png,screenshot_game,5.90877,8.96959,6.84314,5.10484,6.00293,7.33445,7.92836,94,166,143,92,228,117,202,153,175,204,267,156,24,83
Everything_screenshot_03.png,screenshot_game,2.1372,2.23145,1.80682,1.57385,1.74002,2.20895,1.82258,129,259,78,116,320,143,216,179,190,246,135,172,54,141
Jb_snapshot_3.png,screenshot_game,4.11817,5.34507,4.47459,4.35231,4.60813,4.70501,4.52031,4,9,4,4,11,4,6,5,6,6,9,7,1,4
CRITICAL_HIT!!.png,screenshot_game,10.9147,63.5244,56.9829,46.6054,52.5335,19.3776,56.3845,3,4,14,5,5,3,4,2,3,4,28,10,0,0
Neverball_Gameplay_Screenshot_10.png,screenshot_game,1.67444,1.72577,1.44978,1.39202,1.47286,1.70632,1.42033,144,302,82,114,341,134,200,173,177,230,137,201,63,167
DeSmuME_0.9.11_emulating_Diamond_Trust_of_London_on_macOS_High_Sierra.png,screenshot_game,3.73553,4.64292,3.96308,3.90668,4.12632,4.18083,3.86485,16,30,20,14,38,45,22,29,18,25,34,24,6,18
Sintel_The_Game_Docks.png,screenshot_game,1.12673,1.12772,1.05333,1.05828,1.0886,1.12796,0.970632,233,435,160,177,429,188,202,198,182,284,213,253,89,260
Crack_Attack!_ingame.png,screenshot_game,3.53394,4.33563,4.11125,3.95225,4.11495,3.91891,3.7638,39,79,40,33,73,36,40,35,36,51,70,60,14,39
Alto%27s_Adventure_screenshot_-_B08_Forest_Dawn.png,screenshot_game,5.34677,6.7421,4.60155,3.23269,3.90634,6.24754,5.28771,65,104,64,51,185,74,156,113,133,141,121,80,21,58
Epistory07.png,screenshot_game,1.10225,1.10609,1.04695,1.04343,1.07009,1.1055,0.969126,198,408,102,164,389,174,186,186,172,266,157,249,82,241
MEMPTR_Snake.png,screenshot_game,11.7395,137.133,162.354,107.783,127.24,22.2563,158.924,1,0,4,0,6,0,4,0,4,0,9,2,0,0
Hanlons_Razor_(Hanlon%27s_Razor)_HRAZOR_Menu_Screen.png,screenshot_game,8.05659,19.7795,15.4768,14.0368,15.4899,11.6003,15.2598,29,52,83,38,66,34,48,28,42,49,157,72,8,23
SpellTower_screenshot_-_VsPlayer2.png,screenshot_game,5.41214,7.10478,4.35258,3.019,3.66542,6.37403,5.60202,50,85,58,41,165,66,161,140,137,143,110,66,17,49
Blek_-_Level_3_screenshot.png,screenshot_game,2.61268,2.67035,1.73453,1.28882,1.53454,2.71056,2.01585,125,215,82,93,438,146,365,286,309,323,142,134,53,140
CompliKATEd_screenshot_2.png,screenshot_game,1.37341,1.37751,1.22615,1.15672,1.22478,1.3836,1.16172,178,366,93,143,392,163,226,201,201,274,175,230,76,210
Sn%C3%ADmek_obrazovky_2021-09-19_v_13.06.08.png,screenshot_game,4.83717,6.84699,4.73373,4.37883,4.87441,5.72391,5.35217,2,4,3,1,6,2,4,3,4,4,5,3,0,1
Celeste_screenshot_08.png,screenshot_game,3.32028,3.56972,2.92085,2.6277,2.9143,3.55467,2.84071,102,185,68,72,243,95,148,117,130,157,123,129,38,98
Darkelf_-_tituln%C3%AD_str%C3%A1nka.png,screenshot_game,2.07668,2.19388,1.83798,1.78103,1.88715,2.14321,1.77183,116,224,71,95,283,115,161,141,142,187,126,144,48,139
Alto%27s_Adventure_screenshot_-_B04_Quarter_Pipe.png,screenshot_game,3.9767,4.61247,3.19129,2.5452,2.96447,4.37942,3.53167,80,137,63,60,231,88,177,134,153,168,119,97,30,78
Trashmania_2.png,screenshot_game,11.9891,247.352,792.531,597.499,686.59,23.4541,350.532,4,3,18,5,3,3,1,0,1,3,34,12,0,0
Terracota_-_Mapa_inicial.png,screenshot_game,1.22308,1.23344,1.12603,1.12248,1.16121,1.22986,1.05174,193,392,102,156,422,169,196,186,179,264,157,262,83,226
Htdamg_affinity.png,screenshot_game,2.45385,2.65869,2.10679,1.96684,2.13422,2.5828,2.14242,30,55,27,24,81,31,53,42,46,53,41,37,13,33
Prune_video_game_screenshot_1.png,screenshot_game,1.06311,1.06972,1.0738,1.0769,1.08884,1.06727,0.962077,472,1160,247,517,802,431,350,406,330,628,375,747,184,690
Xlogical.png,screenshot_game,2.00955,2.15168,1.72605,1.75355,1.84895,2.08333,1.73415,66,137,47,59,172,68,92,87,80,112,76,85,26,85
Euchreshot1.png,screenshot_game,11.9397,145.546,217.652,130.665,157.623,22.6441,196.491,0,0,4,0,1,0,0,0,0,0,8,1,0,0
SvsL_01.png,screenshot_game,2.8783,2.92975,3.33684,3.38886,3.41934,2.92673,2.64667,24,43,12,14,39,19,14,16,13,21,25,25,6,22
Dark_Scavenger_screenshot_6.png,screenshot_game,1.18172,1.18417,1.09426,1.08981,1.12197,1.1857,1.02197,118,266,92,96,246,103,134,118,239,161,126,169,50,141
Minetest_LazyJ%27s_Forge_in_survival_mode.png,screenshot_game,1.46102,1.52383,1.55739,1.55774,1.57099,1.49308,1.38114,147,327,94,132,240,123,105,111,100,177,147,219,58,178
Monaco_What%27s_Yours_Is_Mine_-_Screenshot_6_(Character_Selection).png,screenshot_game,5.08761,6.91913,6.91462,6.59884,6.9525,5.91759,5.91496,52,96,67,45,97,53,48,41,44,66,119,79,15,49
Rain_World_screenshot_-_Shoreline_1.png,screenshot_game,2.26074,2.44619,2.12759,2.07106,2.18307,2.37203,2.04133,110,208,73,88,244,104,219,116,205,168,127,136,40,123
Job_Simulator_screenshot_-_Constore_02.png,screenshot_game,1.65986,1.70957,1.47745,1.41179,1.49682,1.69352,1.42482,166,318,89,122,352,141,202,175,179,236,146,214,68,175
Rain_World_screenshot_-_2016-05-31_16_46_49_progress.png,screenshot_game,1.50486,1.50699,1.20379,1.09628,1.1963,1.51585,1.21953,174,333,83,132,464,173,299,238,260,306,142,203,73,200
Mode_7_Test-0000.png,screenshot_game,11.2816,63.3847,85.4618,81.3994,92.3352,20.2084,66.9359,17,27,67,26,25,23,12,6,11,23,118,49,1,6
Trashmania_3.png,screenshot_game,11.9849,216.244,733.341,558.111,646.802,23.3633,306.034,3,2,21,4,3,2,1,0,1,2,35,10,0,0
Celeste_screenshot_09.png,screenshot_game,3.35056,3.57285,2.90456,2.60259,2.89798,3.60381,2.8337,103,171,66,72,243,99,187,120,168,162,121,113,37,99
20XX_Menu_picture.png,screenshot_game,2.63719,3.01992,2.77647,2.73279,2.82549,2.8289,2.62327,29,51,21,23,52,26,28,26,25,37,37,37,10,30
Interface-amour-sucre.png,screenshot_game,1.46412,1.49078,1.37709,1.33064,1.38089,1.48482,1.28927,143,312,81,115,286,125,158,143,143,203,128,205,61,164
CompliKATEd_screenshot_3.png,screenshot_game,1.38761,1.3955,1.2383,1.16698,1.23552,1.39828,1.1791,179,438,135,174,396,169,244,239,221,293,191,240,74,342
Blackwood_Crossing_August_reveal_screenshot_05_Island.png,screenshot_game,1.26496,1.28809,1.29328,1.2528,1.28389,1.27824,1.15824,184,380,134,153,302,149,156,155,147,232,163,250,78,215
Terracota_-_Jogo_menina.png,screenshot_game,1.87191,1.97229,1.70447,1.61945,1.71825,1.93019,1.65505,138,280,111,106,340,121,176,147,156,206,168,188,58,147
Tacoma_ConferenceRoom.png,screenshot_game,1.88467,1.94022,1.59991,1.42508,1.55804,1.92864,1.59621,140,295,82,112,338,139,231,194,202,251,139,205,60,161
SpellTower_screenshot_-_RushMode.png,screenshot_game,7.59862,13.1232,7.16697,4.63281,5.83468,10.0773,8.37018,28,43,44,23,99,34,90,132,76,77,85,42,12,26
OpenBVEStartScreen.png,screenshot_game,7.56645,15.3086,14.127,13.4557,14.4104,10.3379,12.5551,21,36,46,22,42,23,22,15,20,29,83,41,5,17
Alto%27s_Adventure_screenshot_-_B00_Kicker.png,screenshot_game,4.41837,5.26813,3.9232,3.21723,3.70014,4.91858,4.14652,71,122,68,52,193,75,134,157,136,133,124,89,25,68
Blek_-_Level_4_screenshot.png,screenshot_game,2.65025,2.7314,1.77064,1.32327,1.57321,2.7561,2.05772,121,215,69,93,441,146,362,284,315,319,132,134,53,140
Wurfel_Engine_screenshot.png,screenshot_game,0.96968,0.969772,0.973716,0.989387,0.997405,0.969818,0.87116,214,493,166,183,362,180,148,171,141,255,221,315,83,270
Screenshot_of_the_Ultima_Ratio_Regum_version_0.7.0._taken_in_2015.png,screenshot_game,11.2413,41.3482,47.0189,24.0826,31.1233,19.4906,47.3592,18,24,50,18,34,19,28,17,24,27,96,37,2,8
CompliKATEd_screenshot_1.png,screenshot_game,1.37033,1.37607,1.23368,1.17052,1.23493,1.38005,1.166,181,369,134,144,393,164,221,196,196,271,191,229,74,208
SpellTower_screenshot_-_VsPlayer1.png,screenshot_game,5.26172,6.78556,4.15173,2.93427,3.56945,6.15165,5.01333,53,87,59,42,179,67,166,125,141,144,113,68,22,54
Broforce_on_the_helicopter.png,screenshot_game,2.83238,3.2255,2.8597,2.79415,2.93334,3.04213,2.72707,85,172,88,72,184,79,100,87,90,124,142,125,33,94
Trek73_video_game_screenshot.png,screenshot_game,11.7683,118.361,75.0687,33.3438,44.7856,22.2575,140.063,4,4,17,5,7,3,8,3,6,6,32,11,0,0
Evacshelter_b.png,screenshot_game,10.6231,24.6787,14.464,8.61083,11.4307,17.0354,28.3997,0,0,1,0,0,0,0,0,0,0,1,0,0,0
Prune_video_game_screenshot_2.png,screenshot_game,0.990935,0.993287,1.00843,1.02035,1.02694,0.992363,0.897179,507,1165,257,447,821,432,342,386,323,603,385,735,196,623
Broforce_parachute_mooks.png,screenshot_game,2.87727,3.29627,2.83116,2.75004,2.90906,3.10269,2.74307,88,171,71,71,195,78,107,90,95,127,148,126,34,91
Speedway-Joyce_Weisbecker.png,screenshot_game,10.9333,54.1653,61.1957,48.1978,54.5891,19.0129,48.5741,5,5,15,5,8,4,4,3,3,4,29,11,0,2
Euchreshot2.png,screenshot_game,11.9206,126.554,200.872,121.62,146.605,22.4165,169.983,0,0,3,1,1,0,0,0,0,0,8,1,0,0
Letterpress_previous_games_screenshot.png,screenshot_game,8.2912,22.7582,20.749,19.432,20.6271,12.2927,19.5568,16,31,56,24,27,19,16,11,15,25,100,47,4,11
PioneerSpaceSim_screenshot.png,screenshot_game,2.49166,2.62296,1.98858,1.65281,1.85179,2.60977,2.11645,82,153,64,63,236,85,176,138,150,171,106,102,32,93
Dark_Scavenger_screenshot_5.png,screenshot_game,1.17796,1.18044,1.11875,1.10029,1.13169,1.18213,1.03202,119,265,65,95,232,101,122,112,112,160,98,178,52,137
Dark_Scavenger_screenshot_4.png,screenshot_game,1.48237,1.49237,1.31715,1.26951,1.33436,1.49822,1.25564,101,204,54,80,227,94,131,113,117,153,87,127,43,116
Rain_World_screenshot_-_Shoreline_2.png,screenshot_game,3.4249,4.26166,3.73069,3.65912,3.83594,3.81966,3.58606,61,122,76,59,135,62,73,63,65,95,131,96,23,69
Euchreshot3.png,screenshot_game,11.9376,144.219,199.975,116.658,142.398,22.6291,194.501,0,0,4,0,1,0,0,0,0,0,8,1,0,0
Meritous-automap.png,screenshot_game,9.40059,19.2457,17.3491,14.2546,16.448,13.8702,15.8408,14,17,22,9,28,13,16,12,14,16,39,16,2,9
Job_Simulator_screenshot_-_Constore_01.png,screenshot_game,1.68835,1.74045,1.50102,1.436,1.52303,1.72274,1.44605,147,303,121,117,334,136,196,168,175,230,177,207,64,173
Sn%C3%ADmek_obrazovky_2021-09-05_v_14.06.43.png,screenshot_game,8.1476,21.5611,16.4314,15.4677,16.7646,11.879,18.014,1,2,6,2,3,1,1,1,1,1,10,4,0,0
Rail_Route_%E2%80%94_Logo-black.png,screenshot_game,11.5286,179.393,143.78,120.87,136.105,21.8399,141.785,7,9,44,14,10,8,6,3,5,9,83,29,0,2
Minetest_LazyJ%27s_Forge_at_dusk.png,screenshot_game,1.7913,1.88335,1.57731,1.53031,1.6236,1.84018,1.5553,125,270,74,105,313,130,173,156,154,206,128,171,51,151
Prune_video_game_screenshot_3.png,screenshot_game,1.94849,2.04132,1.76221,1.58146,1.70265,2.01405,1.74004,294,606,179,247,681,294,440,378,397,504,311,401,111,336
Rail_Route_%E2%80%94_Editor.png,screenshot_game,1.81814,1.88949,1.63278,1.59069,1.67934,1.86196,1.57255,130,259,96,103,307,125,162,146,143,195,153,164,50,151
Bankai.png,screenshot_game,2.87356,2.93608,2.46254,2.24588,2.43973,3.03065,2.47461,78,131,53,55,182,76,112,114,97,119,90,78,23,75
Job_Simulator_screenshot_-_Hero_convenience.png,screenshot_game,1.98116,2.03888,1.6786,1.45728,1.60591,2.03027,1.67918,138,249,108,107,338,213,231,194,202,249,165,165,57,154
EmpireOriginal.png,screenshot_game,9.95351,23.4222,18.6704,11.8632,15.0539,15.8005,24.2485,9,10,17,6,18,7,16,12,14,14,32,13,1,3
Absolver_screenshot_Help.png,screenshot_game,1.05788,1.05793,0.971282,0.978916,1.00725,1.05839,0.91253,205,436,103,177,432,188,235,204,193,290,157,256,88,257
Rain_World_screenshot_-_Sky_Islands_1.png,screenshot_game,1.62693,1.6951,1.59513,1.57966,1.62599,1.6696,1.47147,145,311,129,122,277,124,143,134,130,194,183,212,61,167
Glenn_Wichman_Toxic_ravine.png,screenshot_game,2.05864,2.22445,1.92085,1.97603,2.02571,2.14475,1.86629,6,10,3,4,12,4,6,6,5,7,6,6,2,6
Smiler_in_Arrowe_Land.png,screenshot_game,11.7466,91.0087,71.3092,34.2736,44.7531,21.8811,107.638,1,0,4,0,2,0,1,0,1,0,9,2,0,0
Scourge_character_creation.png,screenshot_game,1.41283,1.41408,1.09256,1.10496,1.16872,1.41903,1.11511,44,88,19,36,131,46,71,61,62,76,34,50,20,56
Tacoma_CrewMeeting.png,screenshot_game,1.42971,1.44996,1.28699,1.22178,1.29025,1.4458,1.23227,171,351,136,139,368,156,215,192,193,261,192,227,73,263
Alto%27s_Adventure_screenshot_-_A06_Forest.png,screenshot_game,1.41679,1.41414,1.09032,1.00237,1.09636,1.42307,1.12849,178,361,86,144,517,187,322,268,280,341,141,219,81,220
Rca_studio2_bowling_ss.png,screenshot_game,12.0064,439.12,1282.19,1109.62,1145.07,23.7202,614.114,1,1,9,2,1,1,1,0,1,1,17,5,0,0
Prune_screenshot_wide.png,screenshot_game,1.21076,1.22344,1.18575,1.19697,1.21812,1.21829,1.08135,142,297,72,114,263,121,115,122,106,176,115,184,52,171
Alto%27s_Adventure_screenshot_-_A03_Sunrise.png,screenshot_game,6.31621,8.75928,5.49865,3.51634,4.37185,7.70702,6.94757,55,86,65,42,162,66,155,131,133,134,114,73,17,45
Fullscore5-1.png,screenshot_game,3.20678,3.73262,3.44828,3.50656,3.60779,3.49914,3.17078,8,15,8,6,17,6,8,7,7,10,14,10,3,8
This_Is_the_Police_-_Screenshot_02.png,screenshot_game,3.31706,3.8539,3.18594,2.85242,3.11814,3.61749,3.15843,77,150,77,63,187,78,119,98,104,129,131,113,29,79
Ambient_lights_cube_engine.png,screenshot_game,1.16287,1.17112,1.12593,1.1236,1.1479,1.17031,1.02294,495,1111,257,440,925,458,430,444,399,672,406,705,198,624
Push_Me_Pull_You_screenshot_07.png,screenshot_game,7.36354,16.5119,13.6217,12.3954,13.3978,10.2731,13.8608,21,40,61,30,45,26,29,22,25,38,105,53,6,18
Blackwood_Crossing_August_reveal_screenshot_04_Planetarium.png,screenshot_game,0.997986,0.998187,0.978185,0.989603,1.00325,0.998375,0.886978,214,512,173,182,385,184,172,183,161,271,228,329,89,265
Cibele_video_game_screenshot_3.png,screenshot_game,1.50728,1.56278,1.45734,1.44157,1.48765,1.53746,1.35148,140,298,145,118,277,126,142,137,130,195,173,199,58,169
Neverball_Gameplay_Screenshot_7.png,screenshot_game,1.86463,1.99194,1.81183,1.77469,1.84424,1.93184,1.71528,121,267,113,103,247,108,134,123,122,174,166,189,50,140
Alto%27s_Adventure_screenshot_-_B07_Island.png,screenshot_game,4.27568,5.08741,3.45942,2.6948,3.16953,4.76885,3.84985,74,133,63,61,217,84,174,131,149,163,117,97,29,73
WorldWar3Preview.png,screenshot_game,1.13016,1.13342,1.17539,1.17272,1.18033,1.13397,1.03198,86,222,46,65,129,63,57,61,55,93,71,113,33,96
Neverball_Kursauswahl.png,screenshot_game,3.17649,3.76578,3.18386,2.95414,3.15375,3.47804,3.1555,67,143,62,62,158,70,102,86,89,116,114,111,27,74
Hwscreen.png,screenshot_game,2.61181,2.80457,2.24283,2.04134,2.22344,2.73912,2.26697,57,106,38,44,152,56,99,79,86,100,68,69,23,64
KNetWalk.png,screenshot_game,3.70354,4.10591,3.25255,2.64596,3.01482,4.02452,3.36421,23,36,17,15,57,22,45,34,39,40,30,25,8,22
KAtomicScreenShot.png,screenshot_game,3.86943,4.58733,3.70169,3.17682,3.5364,4.30078,3.70929,28,50,26,21,68,28,50,38,43,49,45,35,10,29
Orwell_video_game_screenshot_6.png,screenshot_game,2.27287,2.42809,2.09894,1.9627,2.10162,2.3691,2.01491,109,214,97,89,256,104,151,127,135,175,151,143,45,123
Threes_development_process_art_mockup_16.png,screenshot_game,9.71217,36.036,24.0011,19.5849,22.9321,15.6974,27.3495,11,19,43,17,27,14,21,17,19,23,79,33,2,7
Threes_development_process_art_mockup_02.png,screenshot_game,11.198,101.464,79.306,65.1259,75.5042,20.524,80.2984,8,13,42,14,12,10,9,3,8,13,79,29,1,2
Samba_of_the_Wolves_Wiley.png,screenshot_game,1.19392,1.20512,1.08264,1.10532,1.13641,1.20056,1.02846,65,142,31,55,142,60,68,70,61,94,53,83,25,85
Rain_World_screenshot_-_Line_Farms_2.png,screenshot_game,1.89411,2.03264,1.90226,1.87903,1.9358,1.9679,1.77004,115,252,81,99,222,104,114,107,103,159,129,177,44,131
PerOxydScreenshot.png,screenshot_game,1.80495,1.81327,1.36445,1.19423,1.33011,1.82987,1.43511,44,83,23,33,132,46,95,78,81,90,39,47,18,55
EmpireOpenSource_windowless.png,screenshot_game,9.31906,25.5297,16.8363,13.2575,16.1422,14.4445,21.4279,5,6,14,5,12,5,12,7,11,9,26,10,1,3
Threes_development_process_art_mockup_03.png,screenshot_game,10.5253,57.9796,41.7202,33.2032,38.7239,18.1752,47.039,9,15,44,15,19,11,13,22,12,33,80,35,1,3
Threes_development_process_art_mockup_17.png,screenshot_game,10.2375,49.998,33.9188,28.8871,33.4769,17.2735,37.4888,10,16,42,16,19,13,14,8,12,18,82,31,2,4
Chasing_Aurora_screenshot_09_(Wii_U).png,screenshot_game,2.21337,2.32169,2.01577,1.83614,1.97918,2.28979,1.94026,118,224,96,91,268,112,168,141,148,188,150,144,46,129
Chasing_Aurora_screenshot_10_(Chase).png,screenshot_game,3.26924,3.93906,3.36457,3.13194,3.34931,3.60629,3.29228,67,142,64,61,154,66,95,78,104,109,116,110,26,73
Scourge_character_information.png,screenshot_game,1.38394,1.38589,1.14533,1.13737,1.20087,1.38995,1.11434,85,169,58,67,214,80,119,104,105,135,85,102,37,105
Orwell_video_game_screenshot_7.png,screenshot_game,1.87659,1.93914,1.66689,1.52694,1.64307,1.92395,1.62208,136,286,111,107,314,128,192,165,171,221,167,194,56,152
Rouge-game.png,screenshot_game,10.0227,15.1503,9.45946,4.42274,5.99203,14.5419,16.8323,12,13,16,6,31,12,41,29,35,29,29,12,2,6
SaoriFKiss002.png,screenshot_game,1.86416,1.97932,1.76673,1.75284,1.81869,1.9271,1.67906,75,154,66,61,165,67,86,77,77,107,97,104,31,86
Tooth_and_Tail_-_Development_4.png,screenshot_game,1.58,1.63216,1.47399,1.43741,1.49889,1.61073,1.39662,152,320,127,126,317,137,173,161,155,225,188,213,64,213
Alto%27s_Adventure_screenshot_-_A04_Ice.png,screenshot_game,4.11564,4.8664,3.48181,2.73843,3.17979,4.5638,3.83643,74,125,70,56,210,81,163,122,140,150,128,92,27,73
Neverball_Gameplay_Screenshot_6.png,screenshot_game,1.61374,1.67256,1.51177,1.42698,1.50133,1.64852,1.44648,142,306,125,118,296,130,175,158,157,221,178,206,59,165
Cibele_video_game_screenshot_2.png,screenshot_game,1.49855,1.51293,1.29147,1.14986,1.24594,1.51369,1.2769,161,340,118,128,388,157,265,218,230,282,173,203,65,192
Cw3.png,screenshot_game,5.68454,7.2196,5.64227,4.19898,4.86322,6.75767,6.00595,57,90,53,39,143,60,113,86,97,106,106,64,15,49
Push_Me_Pull_You_screenshot_06.png,screenshot_game,5.07089,7.69104,6.33378,5.89146,6.33711,6.15644,6.41218,37,77,64,40,86,42,56,44,48,65,115,74,13,38
Chasing_Aurora_screenshot_08_(Thorn).png,screenshot_game,2.32611,2.4643,2.17246,1.86814,2.04069,2.43162,2.12567,111,213,98,91,248,105,171,144,150,187,152,145,43,118
Kikinanobot.png,screenshot_game,8.57214,17.3412,10.7249,5.81384,7.34247,12.1023,15.0805,30,45,54,26,82,46,100,96,83,83,104,49,6,20
This_Is_the_Police_-_Screenshot_03.png,screenshot_game,4.63452,5.8858,4.90386,4.1871,4.6787,5.33421,4.78393,58,101,64,46,135,58,92,72,80,95,115,77,18,56
Core_War_PMars_Screenshot.png,screenshot_game,10.4663,25.9138,25.6681,12.6819,16.1902,16.6127,28.2097,2,2,4,1,4,1,4,3,3,3,9,3,0,0
Pang_Zero.png,screenshot_game,5.55319,6.91109,4.71472,2.9984,3.65889,6.52409,5.81312,38,55,34,25,108,40,105,78,90,90,66,43,11,31
This_Is_the_Police_-_Screenshot_01.png,screenshot_game,2.70543,3.06965,2.58144,2.43582,2.60154,2.89673,2.57201,83,167,86,71,200,82,122,105,108,137,138,121,33,95
KSpaceDuel1.1.png,screenshot_game,10.1004,51.7143,40.8665,32.2601,36.6426,17.0788,42.0889,8,14,42,14,15,9,11,6,10,13,76,29,1,4
Push_Me_Pull_You_screenshot_04.png,screenshot_game,7.69462,18.4345,14.9669,13.3881,14.5982,10.9561,15.3913,20,36,57,27,42,24,30,19,26,35,102,51,5,15
Push_Me_Pull_You_screenshot_10.png,screenshot_game,3.3635,4.10336,3.64419,3.47327,3.66055,3.7313,3.51302,64,124,65,60,139,63,80,68,72,99,116,98,25,70
HDX_Screenshot.png,screenshot_game,1.17478,1.19945,1.26479,1.27083,1.27262,1.18716,1.10101,245,567,222,222,357,200,147,173,143,278,296,380,99,307
Openciv-0.95.png,screenshot_game,2.68508,2.94592,2.28499,1.97648,2.18729,2.84535,2.41059,49,93,36,41,140,54,99,115,85,99,63,60,18,56
Chasing_Aurora_screenshot_11_(Freeze).png,screenshot_game,2.42054,2.52978,1.98299,1.72411,1.92002,2.50446,2.02774,117,231,70,88,353,119,211,169,184,216,128,138,47,128
Neverball_Gameplay_Screenshot_4.png,screenshot_game,1.21271,1.22427,1.19298,1.19943,1.22138,1.21952,1.07963,177,371,96,148,322,152,151,154,141,228,151,229,71,216
Rain_World_screenshot_-_subway.png,screenshot_game,7.01848,9.60174,5.64982,3.38901,4.32523,8.66201,7.27697,53,72,56,35,156,60,149,106,125,125,99,57,15,40
Kye.png,screenshot_game,5.13433,6.4483,5.33695,5.11849,5.5828,5.97326,5.19408,13,19,11,7,30,10,16,13,14,16,23,13,3,11
Flinthook_screenshot_-_Pax_tutorial.png,screenshot_game,2.65053,2.88235,2.55453,2.49798,2.63394,2.81103,2.40602,95,187,85,76,214,91,114,100,102,139,138,124,36,106
Project_Starfighter.png,screenshot_game,8.49811,17.28,11.1271,6.51721,8.11517,12.0025,15.0892,16,24,26,14,39,19,45,30,38,37,51,25,3,10
Hackmud_patching.png,screenshot_game,1.33509,1.33544,1.0604,1.0421,1.11595,1.33758,1.05878,190,385,119,160,547,205,293,262,259,337,179,218,86,251
Freedom_Planet_Cutscene.png,screenshot_game,9.31679,15.7603,12.1622,9.69481,12.0229,13.3742,15.0046,22,33,29,13,47,21,33,24,29,62,53,25,4,12
Moria-like-game.png,screenshot_game,11.3632,43.2827,26.4047,15.0599,19.3753,19.95,52.2517,0,0,2,0,1,0,1,0,1,0,4,0,0,0
Threes_development_process_art_mockup_01.png,screenshot_game,11.643,197.564,176.812,139.602,162.915,22.2862,170.961,8,10,43,14,8,9,6,2,5,9,80,30,0,0
Threes_development_process_art_mockup_15.png,screenshot_game,9.05436,28.3028,18.6521,16.0537,18.5,13.9712,20.8637,13,21,46,18,31,15,22,16,19,25,79,34,3,9
Blek_screenshot_collection_4.png,screenshot_game,6.36384,7.55035,5.05504,2.31,3.00656,7.64918,7.10655,84,118,86,56,254,95,308,227,261,254,151,90,20,64
Rain_World_screenshot_-_Shorelne_4.png,screenshot_game,4.03149,5.1033,4.36018,4.14343,4.43802,4.56029,4.2344,59,107,60,51,131,57,77,62,69,89,111,84,20,59
Absolver_screenshot_Forest.png,screenshot_game,1.16188,1.16116,1.01723,0.98677,1.03646,1.16378,0.984019,189,394,134,161,445,189,245,223,218,303,189,234,79,234
Dnd8won.png,screenshot_game,11.0586,65.1229,47.8503,29.2077,35.3322,19.6631,67.2042,4,5,18,5,9,4,7,5,6,7,33,11,0,0
Threes_development_process_art_mockup_14.png,screenshot_game,10.8479,73.7472,52.5315,41.3446,48.5436,19.2791,57.919,10,13,43,14,16,10,11,5,10,13,80,29,1,3
Minetest_LazyJ%27s_Forge_with_creative_inventory_opened.png,screenshot_game,1.90451,2.02213,1.83964,1.83001,1.8971,1.97137,1.73135,113,250,97,95,242,107,123,114,112,162,148,166,43,134
Trainyard_game_-_prototype_screenshot_dated_2009_May.png,screenshot_game,1.39036,1.4153,1.38662,1.39175,1.41682,1.40863,1.24798,28,61,21,23,52,24,23,25,21,34,29,36,9,35
Orwell_video_game_screenshot_4.png,screenshot_game,2.47115,2.63029,2.35666,2.21005,2.35997,2.57778,2.18518,109,243,72,83,234,99,135,115,121,157,125,138,43,118
Minetest_high-res_texture_pack_2.png,screenshot_game,1.17436,1.18101,1.07483,1.07577,1.10695,1.17915,1.01369,142,301,111,116,301,125,151,145,137,199,150,190,60,175
Antimage.png,screenshot_game,6.21492,7.42232,7.26993,6.87782,7.4895,7.46538,6.38664,42,63,40,25,90,39,45,34,39,49,72,42,10,34
Neverball_Gameplay_Screenshot_5.png,screenshot_game,3.10493,3.46642,2.61005,2.20632,2.49312,3.31561,2.73749,90,168,65,69,241,93,174,138,150,173,120,121,36,95
Cw0.png,screenshot_game,3.8713,4.35902,3.46648,3.01221,3.34638,4.26335,3.46964,76,127,63,54,196,78,128,100,111,128,114,82,25,75
Battle_for_Mandicor_0.0.5.png,screenshot_game,3.66219,3.5844,2.4723,1.57434,1.91497,3.92098,2.91854,97,148,66,61,321,103,304,229,258,257,122,93,35,92
Cibele_video_game_screenshot_1.png,screenshot_game,1.19199,1.19356,1.0293,1.01066,1.06133,1.19518,1.00202,188,388,90,156,450,183,240,222,215,294,145,249,78,233
Cyclops-cover.png,screenshot_game,2.00013,2.07752,1.75979,1.65082,1.77392,2.05264,1.70124,126,238,76,99,299,120,212,152,159,200,133,163,53,143
DRAGON32_Shock_Trooper_1Titles.png,screenshot_game,11.2992,42.0731,40.6423,28.5306,37.2782,20.1368,51.9548,7,8,22,6,12,7,10,6,8,9,40,13,0,2
Push_Me_Pull_You_screenshot_05.png,screenshot_game,8.74604,26.937,21.1776,19.4537,21.3283,13.3374,21.5158,16,30,58,25,32,20,21,13,19,28,106,49,4,11
Thrust_Title.png,screenshot_game,11.6157,45.5465,90.8364,69.5622,78.7308,19.3282,50.8129,1,1,4,0,2,0,1,0,1,0,8,1,0,0
Lbreakout2.png,screenshot_game,1.00356,1.00425,0.978012,0.99835,1.00943,1.00417,0.888598,75,164,52,75,138,67,57,68,53,95,73,106,28,100
Labyrinth_for_Sword_of_Fargoal_%22Sword_Level%22.png,screenshot_game,1.85903,2.0127,1.99382,2.01421,2.04002,1.93466,1.78859,102,235,97,96,178,92,78,86,74,130,148,161,37,128
Alto%27s_Adventure_screenshot_-_B02_Village.png,screenshot_game,4.76927,6.0713,4.35064,3.22738,3.79667,5.50329,4.93504,62,106,68,49,167,68,143,105,124,132,126,86,21,57
Nuclear_Throne_screenshot_09.png,screenshot_game,3.10842,3.65501,3.09461,3.00468,3.18707,3.39161,3.03156,73,150,65,64,169,72,96,82,86,115,117,112,28,80
LastBattleForceRates.png,screenshot_game,11.436,35.932,29.5887,19.9646,25.6437,19.6353,46.5689,6,6,19,3,10,4,9,6,8,7,25,8,0,2
Push_Me_Pull_You_screenshot_01.png,screenshot_game,8.00463,20.8027,16.3678,15.2113,16.6011,11.6461,17.0446,19,35,84,27,39,24,25,17,22,33,121,50,5,14
CityBattle_Virtual_Earth_Screenshot1.png,screenshot_game,1.07881,1.08069,1.00773,1.00468,1.03306,1.08059,0.939403,204,420,105,173,406,179,201,196,185,281,159,257,88,247
This_Is_the_Police_-_Screenshot_04.png,screenshot_game,4.42714,5.78037,4.69188,4.14892,4.57685,5.09459,4.68838,54,101,67,49,130,58,86,69,76,95,120,82,19,56
This_Is_the_Police_-_Screenshot_10.png,screenshot_game,3.39411,4.02764,3.36465,3.06508,3.32256,3.72763,3.32208,72,132,76,61,165,71,109,90,95,120,128,98,27,77
Absolver_screenshot_Fight02.png,screenshot_game,1.04159,1.04155,0.980184,0.983337,1.00787,1.04209,0.908738,205,481,105,176,403,185,194,194,178,282,158,336,87,254
Job_Simulator_screenshot_-_Auto_01.png,screenshot_game,1.90747,2.00697,1.76869,1.68258,1.77787,1.96623,1.6968,126,274,82,104,272,116,162,141,144,192,135,193,53,144
Evacshelter.png,screenshot_game,10.9698,32.2767,21.878,13.5749,17.4657,18.5451,38.1475,0,0,1,0,1,0,2,0,2,0,4,0,0,0
Neverball_Gameplay_Screenshot_1.png,screenshot_game,1.48161,1.50491,1.41149,1.39662,1.4441,1.49592,1.29825,157,329,129,124,318,135,163,152,147,212,182,208,65,218
FooBillard_3.0a_on_Linux_sshot20040807.png,screenshot_game,3.27211,3.64287,2.64443,2.13099,2.4349,3.49802,2.8743,52,92,44,38,155,55,121,90,103,110,76,64,20,54
Clonk-Endeavour-4.9.5.4-deutsch-screen.png,screenshot_game,2.21057,2.18238,1.49483,1.10417,1.30489,2.25517,1.70185,125,220,61,93,410,142,343,267,289,308,112,132,50,136
BananaDash2.png,screenshot_game,8.87544,26.2195,18.7084,15.8716,18.1511,13.4233,20.3889,5,7,15,5,11,5,7,5,6,7,27,11,1,3
Tooth_and_Tail_-_Development_3.png,screenshot_game,1.4292,1.44694,1.22048,1.17792,1.24899,1.44329,1.20322,165,343,87,137,406,161,231,200,205,272,143,217,71,199
Score4ForbiddenPost.png,screenshot_game,10.1524,38.3383,25.6779,16.7456,20.1335,16.678,35.3215,6,8,16,6,10,6,10,7,8,10,28,11,0,2
Noctis_Screenshot.png,screenshot_game,3.57571,3.8565,2.66427,2.26126,2.60331,3.80782,2.8914,21,33,13,14,66,24,45,35,38,40,25,20,8,20
Gang_Garrison_2.png,screenshot_game,11.7592,107.77,124.607,88.3307,105.327,22.2285,121.217,7,8,32,10,11,8,6,2,5,8,61,21,0,2
Jump_%27n_Bump.png,screenshot_game,9.22707,20.5115,12.876,8.19071,10.2169,13.6931,17.0058,16,21,29,12,41,17,39,27,33,33,52,23,3,9
Job_Simulator_screenshot_-_Fun_01.png,screenshot_game,1.77039,1.83938,1.5921,1.51993,1.6105,1.81357,1.53761,138,300,119,112,313,126,183,160,163,214,175,204,62,159
PySolFC-Bakers-Deal-No-2-Midst-of-Solving-by-fc-solve-with-gi-preset.png,screenshot_game,1.43126,1.44803,1.18911,1.20116,1.26288,1.44356,1.17631,81,164,53,66,216,81,111,104,97,131,81,95,34,105
Threes_development_process_art_mockup_04.png,screenshot_game,11.2825,120.065,89.2802,73.7284,85.5606,20.8981,93.6883,7,10,44,13,10,9,7,3,7,10,80,28,0,1
BioRust_Screenshot_02.png,screenshot_game,1.45741,1.47046,1.21803,1.12888,1.21676,1.46968,1.20911,164,335,82,134,414,166,257,222,226,283,137,203,69,199
Threes_development_process_art_mockup_10.png,screenshot_game,8.82621,24.1914,15.8025,12.8556,15.0597,13.318,18.0454,15,23,41,18,37,17,31,20,26,30,80,34,4,10
Konquest.png,screenshot_game,7.79406,15.1611,15.2591,14.8631,15.8304,10.7494,13.2903,16,23,30,13,28,14,15,11,13,18,55,25,3,11
Trainyard_game_-_Machine_Gun_level_screenshot.png,screenshot_game,3.05581,3.20377,3.12645,3.02835,3.17687,3.22514,2.77512,73,126,48,50,144,66,72,64,64,89,87,75,21,72
Star_Trek_text_game.png,screenshot_game,11.6227,152.658,113.533,71.6817,88.5059,22.0375,160.444,2,1,10,2,2,1,1,0,1,1,19,5,0,0
Tacoma_StationExterior.png,screenshot_game,1.55436,1.56676,1.29831,1.19892,1.29509,1.57139,1.2856,165,338,87,131,406,162,256,213,225,282,142,218,71,191
Threes_development_process_art_mockup_11.png,screenshot_game,8.9085,25.1274,16.833,13.5638,15.8138,13.5354,18.9078,14,23,43,17,34,16,27,20,23,29,82,33,4,10
BioRust_Screenshot_03.png,screenshot_game,2.04868,2.10174,1.63973,1.39785,1.56169,2.09933,1.70186,134,259,78,105,350,138,260,212,228,258,133,162,57,207
Threes_development_process_art_mockup_05.png,screenshot_game,10.8871,78.3474,55.6497,46.461,54.0494,19.4452,60.4841,9,13,44,15,14,11,10,5,9,13,79,30,1,3
Volcano.png,screenshot_game,10.7586,39.264,29.9413,22.8365,28.595,18.1531,39.2521,7,9,21,8,14,8,11,7,9,11,39,15,1,2
Orwell_video_game_screenshot_1.png,screenshot_game,2.23732,2.36422,2.17748,2.0746,2.18886,2.32099,1.99435,118,219,101,90,237,104,132,117,119,162,154,145,46,127
Mapperkmud.png,screenshot_game,9.8843,22.4168,20.8919,14.6003,17.5229,15.0298,19.3441,21,29,39,16,43,20,30,20,26,30,73,30,4,13
Tooth_and_Tail_-_Development_2.png,screenshot_game,2.35891,2.53548,1.89487,1.73145,1.91107,2.46193,1.99561,104,199,67,86,315,116,198,161,173,205,121,129,44,125
Behaviour_Tree.png,screenshot_game,2.99152,3.27587,2.98342,2.88994,3.06722,3.18647,2.68962,90,166,73,67,199,83,96,87,86,120,127,106,30,97
Rudo.png,screenshot_game,0.967863,0.967892,0.983062,0.992863,0.998312,0.968033,0.874588,131,295,71,110,214,104,94,103,90,153,101,190,57,161
Kiki_the_nano_bot_screenshot.png,screenshot_game,8.8201,16.382,9.99922,6.27832,7.87235,12.2042,12.6825,21,29,33,16,62,24,58,41,48,48,64,30,6,15
Absolver_screenshot_Fight03.png,screenshot_game,0.987478,0.987509,0.965967,0.983184,0.995515,0.9876,0.876738,215,532,175,217,385,181,168,182,158,269,227,331,89,266
This_Is_the_Police_-_Screenshot_11.png,screenshot_game,5.38953,8.42418,7.23664,6.87712,7.34598,6.6374,6.86532,35,66,56,40,77,40,44,36,40,58,107,65,12,35
This_Is_the_Police_-_Screenshot_05.png,screenshot_game,3.29793,3.80885,3.04961,2.72325,2.99997,3.58173,3.065,77,151,74,63,195,80,130,104,114,137,127,110,29,84
EmpireOpenSource.png,screenshot_game,8.35524,17.2587,12.6121,10.495,12.3682,11.8463,13.7954,8,12,19,7,21,8,15,11,13,14,32,13,2,5
Nuclear_Throne_screenshot_08.png,screenshot_game,4.29309,5.74851,4.70926,4.48292,4.81857,4.97077,4.73238,49,98,61,48,120,53,73,58,63,84,111,81,18,52
A_House_in_California.png,screenshot_game,9.60061,31.2728,28.9151,26.0749,28.8086,15.1236,25.1278,18,28,54,21,32,20,18,11,17,23,100,41,3,10
Jumper_platformer.png,screenshot_game,10.5015,36.5922,25.5053,13.2389,16.9002,17.2516,36.9407,6,8,18,6,14,7,16,11,14,13,34,14,0,2
ADR1FT_gameplay_screenshot.png,screenshot_game,1.21284,1.21673,1.13263,1.12309,1.16028,1.21859,1.0477,169,355,91,139,328,144,169,164,154,230,138,232,75,199
CityBattle_Virtual_Earth_Screenshot2.png,screenshot_game,1.30371,1.31073,1.16689,1.14858,1.19994,1.31208,1.10763,199,374,99,150,397,167,209,192,189,266,149,235,78,218
Push_Me_Pull_You_screenshot_02.png,screenshot_game,8.59541,25.8419,20.2021,18.5145,20.2867,13.0162,21.1428,16,30,56,42,34,20,23,15,20,27,105,70,4,11
Absolver_screenshot_Fight01.png,screenshot_game,1.04856,1.04857,0.967535,0.976322,1.00333,1.04893,0.905989,222,482,103,177,437,190,209,201,189,288,171,311,89,260
Contraption_8.png,screenshot_game,3.31158,3.90586,3.13045,2.83449,3.10485,3.61555,3.13938,73,148,63,62,183,76,120,97,105,129,118,111,29,78
This_Is_the_Police_-_Screenshot_07.png,screenshot_game,3.01235,3.40049,2.69506,2.40004,2.64491,3.23036,2.73385,84,158,76,67,214,86,142,119,124,151,130,111,31,92
Interstellar_Force_Lost_in_8-Bit_space_(5455466752).png,screenshot_game,1.01298,1.01298,0.992685,0.993459,1.01428,1.01298,0.883496,36,78,17,32,64,31,29,33,27,46,27,44,14,49
Job_Simulator_screenshot_-_Auto_02.png,screenshot_game,1.82879,1.91048,1.65567,1.57033,1.66578,1.87902,1.60425,130,296,81,109,301,124,173,152,154,210,136,193,55,151
Actsmudwintinnet.png,screenshot_game,9.98503,26.7834,26.6566,17.9104,21.3352,15.3961,25.0003,8,11,19,7,15,8,12,7,11,11,35,14,1,4
KGoldrunner_game_in_progress.png,screenshot_game,8.07786,14.7848,13.0249,12.0027,13.5687,11.0623,11.6049,36,52,56,27,73,32,41,30,35,44,107,49,9,25
Neverball_Gameplay_Screenshot_2.png,screenshot_game,1.39764,1.41952,1.35124,1.34894,1.38544,1.41052,1.23566,163,342,132,132,311,140,151,149,139,215,185,247,66,192
Monaco_What%27s_Yours_Is_Mine_-_Screenshot_5_(Hacking_the_Embassy).png,screenshot_game,1.52023,1.52276,1.19429,1.10925,1.20911,1.53083,1.22058,181,359,88,146,509,190,310,262,271,334,152,213,78,221
Rail_Route_%E2%80%94_Header-image.png,screenshot_game,1.02548,1.02664,1.00778,1.02395,1.03719,1.02671,0.913463,112,252,55,95,206,100,87,95,81,139,85,154,42,141
Job_Simulator_screenshot_-_Fun_02.png,screenshot_game,2.0575,2.14591,1.71264,1.51589,1.6656,2.11955,1.75354,128,237,79,101,327,128,223,183,197,234,135,156,54,144
Orwell_video_game_screenshot_3.png,screenshot_game,2.58078,2.8027,2.58939,2.46565,2.60403,2.72054,2.36142,99,191,91,77,204,89,110,98,99,137,144,129,38,109
Trainspotting.png,screenshot_game,8.84893,16.1234,10.6921,6.45525,7.89181,12.4967,16.4387,2,1,3,0,6,1,6,5,5,2,6,1,0,0
Blek_screenshot_collection_2.png,screenshot_game,7.3977,9.68666,6.45712,2.63932,3.49651,9.36428,9.46377,67,124,77,45,202,78,274,200,228,222,150,79,22,50
BioRust_Screenshot_01.png,screenshot_game,0.93543,0.935429,0.987132,0.994188,0.994695,0.935437,0.859164,212,505,167,187,314,178,121,153,118,242,221,320,79,305
Threes_development_process_art_mockup_13.png,screenshot_game,9.65099,34.9981,23.4075,18.1712,21.529,15.478,28.1645,12,19,43,17,26,15,22,14,19,24,78,32,3,6
Threes_development_process_art_mockup_07.png,screenshot_game,9.33996,30.9524,20.1076,16.4084,19.2204,14.6648,23.2785,12,20,43,17,28,15,24,15,20,24,78,32,3,7
Trainyard_game_-_Cooksville_Creek_level_screenshot.png,screenshot_game,3.10103,3.2562,3.08972,2.95445,3.12433,3.2764,2.78458,72,126,54,50,148,67,78,68,69,94,97,75,22,72
Broforce_boss_rocket.png,screenshot_game,3.02603,3.43721,2.97587,2.89294,3.06645,3.2604,2.85038,85,164,82,66,186,78,103,87,92,122,134,116,32,89
Threes_development_process_art_mockup_06.png,screenshot_game,9.51808,34.72,22.2531,19.1375,22.3392,15.2237,26.0013,15,19,43,16,26,14,19,13,16,21,79,32,2,7
Threes_development_process_art_mockup_12.png,screenshot_game,10.9018,79.2506,55.1277,42.6984,50.2841,19.4881,61.1333,9,13,42,15,14,11,11,5,9,14,78,29,1,3
Thrust_InGame.png,screenshot_game,11.1752,27.8007,58.052,47.4688,53.9867,16.9184,29.8645,2,1,4,0,4,0,1,0,1,0,8,1,0,0
Blek_screenshot_collection_3.png,screenshot_game,6.36918,7.77134,5.22998,2.43669,3.1568,7.69671,7.24534,80,128,82,57,242,94,289,220,242,243,146,93,20,61
DayZ.png,screenshot_game,6.50905,11.8372,9.30201,9.02371,9.78456,8.53545,9.5393,4,6,9,4,9,3,6,3,5,5,15,7,1,3
Town_of_Xenon.png,screenshot_game,6.97264,10.2393,7.35379,4.77487,5.70061,9.00062,9.65921,13,19,16,8,31,12,33,24,27,28,29,14,2,9
Orwell_video_game_screenshot_2.png,screenshot_game,2.9051,3.18385,2.91617,2.73796,2.92011,3.07993,2.65706,92,181,67,70,199,84,112,94,101,162,120,122,36,97
B.A.L.L.Z.png,screenshot_game,9.53952,16.5071,15.2569,11.7898,14.3554,13.5183,16.9093,16,20,23,9,32,15,23,16,20,20,43,19,2,9
Tooth_and_Tail_-_Development_1.png,screenshot_game,1.34825,1.3772,1.25172,1.26424,1.30344,1.36426,1.17628,159,349,118,144,348,155,168,167,148,234,172,207,63,202
Benkid77_GoldenEgg.png,screenshot_game,11.7001,180.582,134.993,85.2347,103.539,22.2816,188.505,0,1,4,1,1,1,1,0,1,1,9,3,0,0
Neverball_Gameplay_Screenshot_3.png,screenshot_game,1.3677,1.38896,1.32981,1.3336,1.36609,1.37982,1.20877,166,333,89,132,314,139,146,146,133,209,145,211,65,194
Contraption_9.png,screenshot_game,2.84949,3.19152,2.77693,2.44134,2.65693,3.04142,2.69505,89,185,86,86,196,97,134,111,118,162,139,159,34,96
This_Is_the_Police_-_Screenshot_06.png,screenshot_game,3.54243,4.32421,3.32938,2.99707,3.30218,3.93297,3.46721,65,157,74,59,176,72,117,94,103,123,172,95,28,72
This_Is_the_Police_-_Screenshot_12.png,screenshot_game,2.55318,2.81868,2.37184,2.19994,2.366,2.70071,2.32724,92,202,67,100,218,113,136,117,120,177,119,145,35,105
Push_Me_Pull_You_screenshot_03.png,screenshot_game,6.99679,14.6237,12.1219,11.1361,11.9987,9.53636,12.2752,23,47,65,30,49,27,31,22,27,40,107,58,7,19
Paku_Paku.png,screenshot_game,11.5064,47.5387,69.0857,53.5341,67.2144,20.7111,59.483,5,6,17,5,24,5,6,2,5,6,32,11,0,2
Hundreds_(video_game)_-_Level_61.png,screenshot_game,2.24711,2.25211,1.40063,1.10337,1.28232,2.28126,1.64663,139,244,84,105,497,172,398,305,336,354,136,145,60,158
Metamorphabet_screenshot_03.png,screenshot_game,2.22798,2.2634,1.5875,1.33546,1.50647,2.28869,1.76009,124,225,67,94,398,139,291,226,251,274,126,137,51,142
Neverputt_Gameplay_Screenshot_2.png,screenshot_game,3.99126,4.66495,3.85807,3.00974,3.43229,4.39009,4.02441,69,146,69,51,164,71,134,104,116,128,124,90,22,66
Pong.png,screenshot_game,11.8697,535.914,386.214,384.269,457.215,23.2244,373.589,4,5,33,9,5,5,3,0,3,5,60,20,0,0
Nuclear_Throne_screenshot_06.png,screenshot_game,2.15577,2.31371,2.0056,1.97398,2.07482,2.24587,1.93653,109,216,99,93,247,105,138,121,123,166,151,148,45,126
Crusader_Tetra.png,screenshot_game,5.05452,7.65468,7.01829,7.16459,7.23913,6.13522,6.64837,1,1,1,1,2,0,2,0,2,0,3,1,0,0
Muttsworldmine_Survival_spawn.png,screenshot_game,1.14643,1.15171,1.0334,1.04393,1.07477,1.15017,0.976764,145,312,107,123,318,136,158,154,143,213,150,191,61,184
Contraption_4.png,screenshot_game,3.96167,4.607,3.63737,2.87193,3.29367,4.35478,3.75152,72,126,61,55,186,74,144,114,123,141,116,91,27,72
Cave_Troll_Level_Of_Sintel_The_Game.png,screenshot_game,1.14641,1.14665,0.992449,0.994545,1.03825,1.14759,0.958784,158,336,75,134,383,156,190,181,170,244,121,199,66,205
Severed_screenshot_04.png,screenshot_game,1.61974,1.64469,1.38919,1.32072,1.41041,1.64394,1.35202,160,334,90,129,372,151,222,190,199,256,146,225,71,182
SpellTower_screenshot_-_Tutorial.png,screenshot_game,5.3441,7.25746,4.88433,3.08308,3.76656,6.32055,6.12913,115,240,142,101,332,146,372,279,315,319,276,167,34,108
Ai_dungeon_with_a_custom_setting.png,screenshot_game,9.77459,43.728,42.5917,41.0103,42.5552,16.0339,38.5167,13,24,60,24,17,18,10,6,9,20,105,46,2,7
Flinthook_screenshot_-_Pax_square_5.png,screenshot_game,11.3745,47.6217,61.5713,50.9206,61.2724,20.0825,53.05,15,20,45,16,24,15,14,7,12,17,81,31,1,6
Rain_World_screenshot_-_Underhang_1080.png,screenshot_game,2.0196,2.15705,1.88273,1.82705,1.92162,2.09737,1.81602,114,225,104,96,259,107,144,127,128,178,157,151,48,131
VideoOlympics.png,screenshot_game,11.927,315.658,1019.25,990.572,1019.34,23.2741,331.426,11,13,66,19,11,12,6,0,6,11,116,42,0,1
Threes_development_process_art_mockup_23.png,screenshot_game,10.8063,66.6028,52.3155,43.1065,49.7834,19.0399,53.1161,10,14,43,16,16,11,11,6,10,15,80,30,1,3
Bethewumpus_screenshot.png,screenshot_game,11.8762,151.663,532.496,480.608,517.08,22.3405,161.317,6,7,29,8,7,5,3,0,3,5,53,19,0,0
Monaco_What%27s_Yours_Is_Mine_-_Screenshot_4_(Casino_Heist).png,screenshot_game,1.34188,1.34295,1.09197,1.0536,1.12765,1.34697,1.08878,194,393,133,164,512,200,295,261,261,334,193,233,86,245
Sopwith-screenshot.png,screenshot_game,11.9033,282.926,371.804,288.8,340.762,23.1305,333.138,2,3,17,5,3,3,2,0,2,3,31,11,0,0
Mini_Metro_screenshot_0.png,screenshot_game,2.45666,2.51302,1.68344,1.40539,1.62713,2.54073,1.88713,123,213,69,91,402,138,288,225,248,270,125,135,53,138
Benkid77_SpaceWhale.png,screenshot_game,11.7412,189.201,154.644,72.7416,92.3354,22.5082,205.668,0,0,4,0,1,0,0,0,0,0,9,2,0,0
Fragments_of_Him_-_Work_In_Progress_screenshot_3.png,screenshot_game,1.32692,1.3334,1.10587,1.06847,1.13748,1.33434,1.08807,172,366,124,145,446,175,252,258,224,296,179,220,79,220
Mini_Metro_screenshot_1.png,screenshot_game,2.55242,2.61262,1.7155,1.4089,1.64327,2.6439,1.94521,122,206,67,87,409,136,301,228,259,270,126,132,54,133
American_Sammy_Corp.png,screenshot_game,4.89586,6.18271,6.24126,6.58199,6.74316,5.48075,5.31518,1,2,1,0,3,0,1,0,1,0,3,0,0,1
Neverputt_Titelbildschirm.png,screenshot_game,4.02048,5.13553,4.55464,4.24039,4.52315,4.55374,4.36398,57,104,60,50,118,55,73,58,64,84,112,83,19,56
Galak-Z_screenshot_-_floating_rhino.png,screenshot_game,1.03098,1.03157,0.990709,0.996314,1.01603,1.03184,0.909364,201,891,103,228,388,220,658,260,363,328,156,389,86,313
Threes_development_process_art_mockup_22.png,screenshot_game,10.5762,61.0175,43.1452,35.5974,41.1681,18.3629,46.501,50,16,62,22,35,12,17,9,17,18,90,44,2,5
Alchemistpic.png,screenshot_game,3.45373,3.67439,3.19701,3.07,3.30165,3.70323,2.97904,73,129,57,48,163,72,95,84,87,102,88,103,28,71
Flinthook_screenshot_-_Pax_square_4.png,screenshot_game,11.4674,52.6164,82.8899,74.4139,85.4606,20.5553,58.9896,19,28,63,21,33,18,13,6,11,17,99,37,1,9
Severed_screenshot_05.png,screenshot_game,1.57296,1.59269,1.3445,1.24232,1.33561,1.59334,1.32348,203,352,144,138,421,160,263,216,235,282,203,233,77,194
Fantastic_Contraption_VR_screenshot_06.png,screenshot_game,2.80617,3.23024,2.7909,2.62004,2.7926,3.01697,2.68469,83,172,72,74,266,79,112,96,100,133,126,127,34,94
Monaco_What%27s_Yours_Is_Mine_-_Screenshot_2_(Lobby).png,screenshot_game,2.22323,2.37156,2.13284,2.05231,2.16589,2.31048,1.98326,117,351,76,172,293,152,362,245,318,302,131,237,82,239
SpellTower_screenshot_-_RushMode(2).png,screenshot_game,5.82101,8.57297,6.01188,4.17535,4.99863,7.12849,7.07605,142,180,365,102,488,131,319,210,280,259,405,160,93,101
Contraption_5.png,screenshot_game,2.62521,2.90841,2.42063,2.12749,2.32345,2.78149,2.4382,98,194,125,83,299,100,165,134,142,175,173,140,48,106
Dr._Langeskov_The_Tiger_and_The_Terribly_Cursed_Emerald_Screenshot_6.png,screenshot_game,1.89828,1.97009,1.63763,1.50607,1.62887,1.953,1.61982,197,277,105,107,372,135,205,176,181,230,277,187,55,156
Lemonade_Stand_2.png,screenshot_game,11.608,96.1538,89.0957,63.4305,79.8453,21.7211,115.324,3,3,15,4,4,2,3,2,3,3,27,9,0,0
Job_Simulator_screenshot_-_Kitchen_01.png,screenshot_game,2.20941,2.38935,2.03627,1.87693,2.01011,2.31161,2.01642,114,223,109,96,260,108,167,138,147,189,164,157,49,125
Nuclear_Throne_screenshot_07.png,screenshot_game,3.3021,3.98236,3.38167,3.26107,3.4608,3.64311,3.31719,122,145,80,60,161,68,90,77,80,108,132,110,26,75
Neverputt_Gameplay_Screenshot_3.png,screenshot_game,2.93587,3.24811,2.8919,2.51009,2.73848,3.12374,2.81599,89,168,68,68,193,84,130,108,115,142,124,117,30,91
Metamorphabet_screenshot_02.png,screenshot_game,1.48641,1.48728,1.07593,1.0307,1.11964,1.49297,1.1425,163,330,75,139,566,190,320,266,277,334,132,193,75,216
Neverputt_Gameplay_Screenshot_1.png,screenshot_game,3.38729,3.64985,2.87504,2.29436,2.62942,3.58401,2.9994,92,149,63,61,237,90,179,141,155,172,121,99,32,91
Nuclear_Throne_screenshot_05.png,screenshot_game,2.6886,3.01714,2.50512,2.39856,2.56421,2.86986,2.49238,87,175,84,74,210,87,123,107,109,144,138,123,34,99
Dr._Langeskov_The_Tiger_and_The_Terribly_Cursed_Emerald_Screenshot_4.png,screenshot_game,1.30114,1.307,1.11464,1.07798,1.14042,1.30866,1.08567,183,375,93,150,436,175,247,217,221,294,152,238,81,219
This_Is_the_Police_-_Screenshot_08.png,screenshot_game,5.24111,7.6466,6.16757,5.66732,6.21617,6.3311,6.10726,44,77,57,42,104,46,65,51,57,74,110,68,16,43
Neverball_Sprachauswahl.png,screenshot_game,7.84159,12.1865,9.88228,7.07239,8.49205,9.95997,10.1555,43,61,65,29,104,44,77,58,66,72,115,54,11,32
Contraption_7.png,screenshot_game,2.17475,2.3072,2.01001,1.74543,1.90241,2.25587,1.96727,117,228,76,93,256,110,179,154,169,196,132,151,46,130
Monaco_What%27s_Yours_Is_Mine_-_Screenshot_3_(The_Lookout_in_Action).png,screenshot_game,1.33211,1.33309,1.08441,1.04845,1.12121,1.33691,1.08209,194,391,94,162,523,201,296,255,262,334,156,229,86,245
The_Bub%27s_Brothers.png,screenshot_game,7.91145,14.8007,9.97806,6.97814,8.43998,10.8099,12.3592,11,17,17,8,29,11,27,18,23,22,34,15,2,8
Frogatto.png,screenshot_game,8.69926,14.7454,10.7142,8.7111,10.637,12.1928,13.6696,42,33,32,18,57,26,41,28,35,39,63,31,4,15
Fantastic_Contraption_VR_screenshot_04.png,screenshot_game,2.27282,2.46274,2.16764,2.02439,2.15305,2.37772,2.08907,104,208,73,87,232,98,141,121,126,166,127,140,41,119
Triplane_Turmoil_screenshot.png,screenshot_game,7.54361,13.0525,8.56679,5.99298,7.25809,9.98992,10.7302,2,4,3,1,8,3,7,5,6,6,7,3,0,2
ReCaged_project_version_0.7.0_preview_thumbnail.png,screenshot_game,10.8993,46.3646,30.0977,15.5108,20.3827,18.457,38.5608,22,31,67,24,47,26,50,33,43,46,123,50,3,11
Royals_screenshot.png,screenshot_game,11.5537,57.8121,79.8884,56.5756,69.4127,20.9149,73.0084,9,9,25,8,13,7,7,4,7,8,48,18,1,2
Threes_development_process_art_mockup_20.png,screenshot_game,9.88801,35.0882,27.1641,22.8978,26.363,15.8101,26.9539,13,20,43,16,26,16,20,11,17,21,80,33,3,8
Broforce_landmine.png,screenshot_game,2.85236,3.24604,2.8139,2.72816,2.88347,3.06748,2.7123,84,170,87,70,187,77,141,92,129,126,139,124,34,92
Threes_development_process_art_mockup_08.png,screenshot_game,8.892,25.3791,16.3447,13.3061,15.6045,13.4903,19.0539,14,21,43,17,35,16,30,20,26,27,81,33,4,10
Job_Simulator_screenshot_-_Hero_kitchen.png,screenshot_game,3.22264,3.76747,3.26436,2.95833,3.19833,3.5043,3.12741,75,153,81,62,169,72,107,91,95,121,133,115,30,78
Mini_Metro_screenshot_3.png,screenshot_game,2.07351,2.10787,1.5267,1.31981,1.4919,2.12402,1.64301,133,238,71,102,401,144,285,223,247,275,130,147,57,153
Broforce_boss_destructing.png,screenshot_game,2.72187,3.01259,2.64116,2.57126,2.71489,2.89191,2.51935,93,223,87,111,206,126,112,136,101,183,141,166,36,106
Fragments_of_Him_-_Work_In_Progress_screenshot_1.png,screenshot_game,2.25305,2.37215,1.91676,1.65973,1.83951,2.34357,1.9256,122,261,97,119,301,145,206,173,180,249,152,172,48,132
Alto%27s_Adventure_screenshot_-_A05_Night.png,screenshot_game,5.45869,7.11971,5.26553,3.99754,4.71155,6.38854,5.6737,58,94,59,46,157,63,151,94,110,117,115,75,20,54
Mini_Metro_screenshot_2.png,screenshot_game,2.3901,2.44058,1.64343,1.3762,1.58898,2.46546,1.84188,129,232,70,96,743,143,768,236,566,276,131,140,69,144
Threes_development_process_art_mockup_09.png,screenshot_game,8.86633,25.0462,16.2101,13.2274,15.4979,13.4249,18.8315,15,23,43,19,37,17,28,20,24,30,82,34,4,9
Threes_development_process_art_mockup_21.png,screenshot_game,10.1653,46.2752,31.9616,26.3189,30.4488,17.0076,34.6993,11,19,44,19,26,18,17,12,15,23,80,70,3,10
PVEgen.png,screenshot_game,1.98337,2.1072,1.82768,1.73707,1.83922,2.0544,1.7702,105,200,71,95,203,85,111,112,99,160,133,129,35,110
Tutojob.png,screenshot_game,1.40667,1.40992,1.13952,1.12435,1.19432,1.41431,1.12269,89,151,42,58,205,71,113,96,100,122,67,91,33,92
Scourge_screenshot_r2315.png,screenshot_game,1.10048,1.10334,1.04025,1.04885,1.07049,1.10304,0.960419,194,466,104,175,386,186,190,189,175,269,153,290,84,274
FreeOrion-production.png,screenshot_game,5.11701,7.25772,6.2999,5.52334,5.99753,6.17028,6.18342,52,82,68,40,105,43,70,50,119,73,121,74,16,40
Fantastic_Contraption_VR_screenshot_05.png,screenshot_game,2.40613,2.66714,2.22631,2.09855,2.24435,2.54311,2.21043,97,198,93,86,233,99,144,124,126,166,154,134,40,112
Hundreds_(video_game)_-_Level_0.png,screenshot_game,2.26434,2.27521,1.38108,1.09755,1.27812,2.29799,1.63347,143,246,80,106,523,178,449,317,384,366,141,145,63,163
Dre.png,screenshot_game,6.71211,10.8723,9.54595,8.62204,9.37094,8.55625,9.43924,2,3,4,2,5,2,3,3,2,2,8,3,0,1
This_Is_the_Police_-_Screenshot_09.png,screenshot_game,2.8913,3.22201,2.45072,2.15285,2.39787,3.0839,2.56397,91,178,69,74,258,96,171,139,149,175,123,132,37,104
Contraption_6.png,screenshot_game,2.51804,2.70463,2.25289,1.88401,2.09338,2.638,2.27577,109,209,73,86,253,109,193,156,168,199,129,144,42,116
Chasing_Aurora_screenshot_12_(Freeze).png,screenshot_game,1.78271,1.82672,1.48623,1.34836,1.46641,1.81896,1.50227,151,306,114,117,380,170,243,201,213,261,173,204,63,171
Alto%27s_Adventure_screenshot_-_B11_Volcano.png,screenshot_game,5.99483,8.2673,6.19237,4.53988,5.40149,7.17639,6.70802,54,82,57,40,137,57,110,81,95,100,114,68,16,45
Dr._Langeskov_The_Tiger_and_The_Terribly_Cursed_Emerald_Screenshot_5.png,screenshot_game,1.37948,1.39305,1.19755,1.12508,1.1958,1.39139,1.18102,174,363,92,143,413,170,249,231,221,287,149,227,73,207
Opentyrian_torm.png,screenshot_game,1.95462,1.98078,1.49677,1.42777,1.5453,1.99167,1.56318,13,22,6,8,36,13,23,17,20,22,12,12,5,14
Nuclear_Throne_screenshot_04.png,screenshot_game,2.7872,3.10649,2.48118,2.36847,2.55717,2.97224,2.49686,92,180,67,75,234,93,139,118,124,153,122,122,37,102
Job_Simulator_screenshot_-_Kitchen_02.png,screenshot_game,2.07827,2.23671,1.97306,1.85969,1.96556,2.16459,1.90786,113,223,109,95,250,107,151,131,134,179,164,154,48,131
Lemonade_Stand_1.png,screenshot_game,11.5062,73.1408,70.9089,50.7544,63.7746,21.2587,88.7999,4,5,15,5,5,3,4,2,3,5,27,10,0,0
Nuclear_Throne_screenshot_10.png,screenshot_game,3.85651,4.86402,3.95986,3.78383,4.07025,4.35762,3.98025,62,117,73,55,147,64,87,72,77,102,126,91,23,65
Metamorphabet_screenshot_01.png,screenshot_game,2.54626,2.55396,1.61712,1.25435,1.46225,2.61148,1.90273,135,225,78,95,462,155,362,280,307,327,143,139,54,144
Yoda_Soccer_screenshot.png,screenshot_game,3.44071,3.41033,2.20699,1.48701,1.8093,3.6314,2.70346,42,62,27,24,141,44,132,94,109,104,48,37,15,40
Dcss.0.21.webtiles.Elven-Halls.png,screenshot_game,1.86501,2.0104,1.97291,1.99374,2.02334,1.93885,1.78316,95,200,67,86,172,87,74,80,69,121,119,128,34,117
Metamorphabet_screenshot_05.png,screenshot_game,3.20811,3.26344,2.13415,1.53046,1.81329,3.36178,2.53151,111,189,64,77,360,129,313,223,267,292,119,121,41,110
Neverputt_Gameplay_Screenshot_4.png,screenshot_game,4.76584,5.68428,4.64401,3.44547,4.01618,5.38104,4.96179,61,104,65,45,152,63,131,98,113,121,119,81,19,57
Blackwood_Crossing_August_reveal_screenshot_03_Treehouse.png,screenshot_game,1.06662,1.07095,1.03615,1.03994,1.05921,1.06943,0.947462,202,410,158,171,370,173,172,179,159,258,213,254,81,250
Contraption_2.png,screenshot_game,3.11342,3.63235,3.021,2.6699,2.912,3.38034,3.04145,76,158,67,67,182,77,136,102,111,138,121,123,31,85
BOSscreen.png,screenshot_game,1.83921,1.84391,1.32077,1.14042,1.27724,1.86008,1.43282,89,169,42,68,283,100,202,159,176,192,76,100,37,106
StationSnapshot2.png,screenshot_game,4.11714,5.18106,4.81793,4.74264,4.93618,4.66462,4.40557,45,88,55,37,91,42,48,38,43,59,94,68,15,45
Ten_tiles_on_weekly_no_tabs_full_res.png,screenshot_game,3.44097,4.18892,3.97819,3.85338,3.98539,3.82758,3.66822,44,85,52,38,81,40,43,39,40,59,89,65,15,45
Dr._Langeskov_The_Tiger_and_The_Terribly_Cursed_Emerald_Screenshot_1.png,screenshot_game,1.18566,1.19313,1.1238,1.10354,1.1384,1.19213,1.0421,194,408,104,161,375,171,193,185,176,266,159,271,82,233
TowerFall_Flight.png,screenshot_game,9.44204,18.5045,22.4502,21.2187,23.8328,14.0958,18.6541,28,42,50,25,50,30,24,16,22,33,92,43,5,17
Tile_World.png,screenshot_game,8.10872,14.3895,16.4655,15.7294,16.8529,11.1894,12.5295,15,22,22,10,28,13,12,8,11,13,43,19,3,11
Ayner.png,screenshot_game,1.18601,1.19072,1.07788,1.0715,1.10601,1.19136,1.024,117,268,62,96,248,103,134,122,122,169,94,176,51,142
Blocks_on_ice_gameplay_1.png,screenshot_game,1.13626,1.14173,1.04218,1.0678,1.08872,1.1396,0.977275,36,75,17,28,76,30,36,35,33,47,42,45,14,46
Neverball_Gameplay_Screenshot_8.png,screenshot_game,1.74807,1.79079,1.63087,1.63744,1.69163,1.77465,1.5203,135,280,77,102,294,120,145,132,130,183,133,180,54,155
Severed_screenshot_02.png,screenshot_game,1.63777,1.6566,1.31618,1.21598,1.3225,1.65773,1.33751,164,974,128,147,422,161,272,225,239,308,183,241,74,188
SolarWolf-splash.png,screenshot_game,3.75625,4.65799,3.55532,3.02337,3.36017,4.20774,3.76788,37,73,36,32,101,38,75,60,65,74,67,58,15,39
Fantastic_Contraption_VR_screenshot_01.png,screenshot_game,1.45967,1.49437,1.36967,1.35452,1.40387,1.48092,1.28465,153,328,107,130,321,139,162,156,147,220,143,210,63,189
Skrupel.png,screenshot_game,5.98971,9.31493,8.12202,7.4693,8.07279,7.46571,7.57022,38,66,59,36,86,39,48,38,43,57,112,62,12,35
GNU_bg_screenshot.png,screenshot_game,2.42864,2.60752,2.31062,2.22944,2.35405,2.53337,2.16612,136,252,91,107,298,130,159,140,143,193,163,163,51,160
Flinthook_screenshot_-_Pax_square_3.png,screenshot_game,11.3014,47.1663,62.5927,53.3966,63.2924,20.0224,51.545,16,19,45,16,25,15,14,7,12,17,108,31,1,6
Turbo_Rubber_Ducky_Shootout.png,screenshot_game,11.6912,148.036,121.263,66.5776,82.8442,22.0941,164.366,0,0,4,0,1,0,0,0,0,0,9,2,0,0
Orwell_video_game_screenshot_9.png,screenshot_game,2.11408,2.1775,1.6572,1.50796,1.66405,2.1795,1.71512,134,268,74,106,371,138,238,190,212,244,132,159,57,145
Broforce_explosion.png,screenshot_game,2.93301,3.33998,2.88894,2.80012,2.96462,3.1608,2.78596,83,166,68,70,188,80,104,91,94,126,121,121,32,91
Threes_development_process_art_mockup_19.png,screenshot_game,9.70297,35.2351,24.8757,20.7182,23.8893,15.5716,26.5764,12,20,44,17,27,16,20,12,17,22,80,33,3,6
Rowlands_Challenge.png,screenshot_game,9.20857,21.9423,23.4894,20.7143,22.7822,13.9321,20.0752,18,26,38,16,31,17,16,10,15,20,69,30,3,10
Threes_development_process_art_mockup_25.png,screenshot_game,10.0415,40.7408,30.1523,25.0167,28.8561,16.5883,31.385,11,18,43,16,23,16,17,10,15,20,79,31,2,6
Supertux-checkpoint.png,screenshot_game,1.67533,1.70914,1.73184,1.73507,1.76288,1.70222,1.52786,80,168,62,64,145,69,63,66,59,95,95,102,28,97
Maelstrom_screenshot.png,screenshot_game,11.5148,153.294,129.596,93.0624,109.774,21.6732,136.349,3,4,21,6,4,4,3,0,3,4,39,13,0,1
Fragments_of_Him_-_Work_In_Progress_screenshot_5.png,screenshot_game,1.62349,1.63203,1.23697,1.1379,1.25255,1.63877,1.27142,158,321,80,127,460,173,287,243,250,309,139,199,71,191
AssaultCube_screenshot.png,screenshot_game,1.08224,1.08555,1.02913,1.03867,1.06136,1.08482,0.950292,199,472,162,175,400,183,184,192,169,270,202,294,80,254
One_Hour_One_Life_Screenshot.png,screenshot_game,0.942514,0.942582,0.989516,0.995059,0.996877,0.942616,0.863742,227,542,124,196,339,204,145,165,142,264,177,361,97,277
Neverball_Pausenmen%C3%BC.png,screenshot_game,1.42643,1.4467,1.3253,1.31503,1.36511,1.43866,1.22548,167,338,91,134,339,146,172,166,157,230,148,218,71,197
Fragments_of_Him_-_Work_In_Progress_screenshot_4.png,screenshot_game,1.92121,1.95689,1.47153,1.28528,1.43572,1.95888,1.54001,140,284,73,110,405,152,278,222,241,297,133,182,59,163
Chasing_Aurora_screenshot_07_(Wii_U).png,screenshot_game,2.10222,2.19684,1.91764,1.80211,1.92503,2.16528,1.82295,121,230,75,96,273,114,159,137,142,187,132,148,50,137
Threes_development_process_art_mockup_24.png,screenshot_game,10.7858,67.3383,51.5238,42.5527,49.107,18.9936,52.8793,10,14,44,15,17,11,11,6,9,14,78,30,1,3
Threes_development_process_art_mockup_18.png,screenshot_game,9.90284,38.1779,27.6757,22.9409,26.4903,16.1011,29.2256,12,18,42,16,26,15,18,11,16,21,115,32,2,6
Blackwood_Crossing_August_reveal_screenshot_02_Train.png,screenshot_game,1.07454,1.0766,1.0455,1.03381,1.05775,1.07713,0.951861,208,424,110,176,380,176,186,188,173,272,165,269,88,252
Sn%C3%ADmek_obrazovky_2021-09-24_v_18.07.06.png,screenshot_game,9.81919,42.9919,27.4395,24.0361,28.1992,16.1023,34.9527,1,1,4,1,2,1,1,0,1,1,10,3,0,0
EnigmaScreenshot.png,screenshot_game,1.96956,1.99683,1.54991,1.406,1.54174,2.01581,1.5729,48,90,32,36,141,47,92,75,80,89,53,51,20,59
Flinthook_screenshot_-_Pax_square_2.png,screenshot_game,10.7519,30.459,34.1987,30.0042,35.4227,17.8451,31.2893,21,27,45,18,35,21,20,13,18,24,83,34,3,10
Severed_screenshot_03.png,screenshot_game,2.16314,2.22016,1.70563,1.50345,1.67374,2.21194,1.74265,135,248,106,103,365,134,246,195,215,246,165,161,59,147
Mari0_Online_Multiplayer_Co-op_screenshot.png,screenshot_game,2.20735,2.34052,2.13014,2.13343,2.2223,2.29165,1.94962,120,212,71,85,242,100,116,103,104,146,128,131,43,124
Neverball_Gameplay_Screenshot_9.png,screenshot_game,1.77148,1.80065,1.63816,1.62855,1.6922,1.79276,1.51172,139,286,77,104,313,122,155,137,138,188,134,185,78,158
Trainyard_game_-_Quaddy_prototype_screenshot.png,screenshot_game,1.68819,1.72032,1.41013,1.38222,1.48621,1.71208,1.4282,26,52,18,19,66,25,40,34,35,43,28,29,10,33
Flinthook_screenshot_-_Pax_worm.png,screenshot_game,2.75915,2.99361,2.77965,2.7466,2.87,2.9198,2.53503,97,184,86,73,200,87,99,89,89,126,139,125,34,102
Push_Me_Pull_You_screenshot_09.png,screenshot_game,7.20856,15.1934,12.5959,11.4964,12.467,9.88324,12.6533,29,45,60,29,49,27,38,25,34,39,105,57,7,20
Dungeon_crawl_stone_soup.png,screenshot_game,3.85673,5.12104,4.70527,4.74947,4.8701,4.41333,4.40818,21,45,28,23,44,22,22,20,20,33,51,37,7,25
Contraption_3.png,screenshot_game,1.93853,2.04839,1.84439,1.78947,1.87454,1.99991,1.74726,117,250,73,97,250,110,139,149,124,174,127,168,44,138
Metamorphabet_screenshot_04.png,screenshot_game,5.78387,6.67023,4.15901,2.6229,3.22072,6.72454,5.80713,67,104,59,48,215,84,207,150,175,175,113,76,19,55
Broforce_boss_fight.png,screenshot_game,2.53781,2.7967,2.44756,2.3957,2.52156,2.68653,2.33947,97,199,90,81,212,92,117,106,105,150,144,137,38,110
CRIM_%E6%AD%A6%E5%99%A8NPC%E5%9C%96.png,screenshot_game,3.15469,3.75804,2.87529,2.79205,3.02071,3.44621,2.95223,59,104,51,49,155,60,85,73,75,95,94,74,21,64
Nuclear_Throne_screenshot_01.png,screenshot_game,4.88607,6.86676,5.64985,5.34941,5.77423,5.80034,5.58217,45,88,58,43,109,66,64,51,57,73,109,78,16,46
Nuclear_Throne_screenshot_03.png,screenshot_game,4.62381,6.21425,5.44597,5.23756,5.57396,5.40854,5.16758,54,98,60,45,112,50,63,52,55,74,114,80,17,51
Contraption_1.png,screenshot_game,2.59494,2.88418,2.54057,2.32535,2.4945,2.75184,2.41327,106,186,90,79,200,88,127,108,113,148,144,131,37,105
Rain_World_screenshot_-_2016-05-31_16_15_34_climbing.png,screenshot_game,1.59231,1.59348,1.17528,1.04271,1.1624,1.60226,1.24228,165,323,105,131,501,182,334,273,290,337,161,195,74,199
KBattleship_Screenshot.png,screenshot_game,2.16682,2.3638,2.49735,2.50812,2.52708,2.26978,2.15309,59,125,54,52,92,53,35,42,33,64,86,83,18,69
Dr._Langeskov_The_Tiger_and_The_Terribly_Cursed_Emerald_Screenshot_2.png,screenshot_game,1.14357,1.14805,1.08633,1.07838,1.1083,1.14816,1.00001,195,395,102,163,377,170,187,184,172,262,158,282,82,235
3dcursedlabyrinth-mazegame.png,screenshot_game,7.70999,16.2939,14.0569,12.7776,13.6916,10.7765,13.5383,5,8,12,5,11,5,7,4,6,7,21,9,1,3
StationSnapshot1.png,screenshot_game,7.54613,17.8721,15.3435,14.4178,15.1891,10.6549,15.2517,16,27,47,20,28,16,18,12,16,23,80,39,4,11
ManifoldGarden_11.png,screenshot_game,1.75276,1.78903,1.54748,1.35921,1.47426,1.78492,1.53129,151,311,123,118,334,139,233,196,206,256,182,213,63,165
Tux_Racer_gameplay_pre-v0.60.png,screenshot_game,1.34954,1.33417,1.09585,0.945736,1.03552,1.3521,1.09549,102,216,46,85,281,101,200,171,174,207,80,112,42,129
Severed_screenshot_01.png,screenshot_game,1.97677,2.01201,1.53488,1.3685,1.52036,2.01122,1.57829,146,261,106,106,398,168,291,208,234,259,165,164,63,164
Sn%C3%ADmek_obrazovky_2021-09-12_v_16.46.05.png,screenshot_game,6.48901,10.3231,10.3943,10.3144,10.777,8.11653,8.9766,16,27,27,16,31,16,14,11,13,18,48,26,4,13
Fantastic_Contraption_VR_screenshot_02.png,screenshot_game,1.6079,1.66149,1.48461,1.45525,1.5206,1.63871,1.41098,140,626,113,154,307,295,163,773,147,342,165,253,58,224
Stella_Shii%27Mori.png,screenshot_game,0.961474,0.96151,0.985923,0.994051,0.998304,0.961643,0.872198,160,307,72,116,215,109,95,103,91,158,143,199,57,168
TerraMagnusGame.png,screenshot_game,6.20214,11.169,10.0299,9.93045,10.3228,8.02696,9.38492,13,25,29,15,26,13,14,11,13,19,49,27,4,12
Orbithopper.png,screenshot_game,2.6737,2.98088,2.37977,2.25359,2.44657,2.83996,2.36864,60,111,46,49,152,57,97,79,84,105,80,76,26,67
Threes_development_process_art_mockup_26.png,screenshot_game,10.3721,49.4111,37.0225,30.4226,35.1082,17.5798,38.5703,12,21,179,19,28,16,21,10,18,23,118,39,2,6
Fragments_of_Him_-_Work_In_Progress_screenshot_6.png,screenshot_game,1.25994,1.26393,1.08165,1.05746,1.11517,1.26528,1.04895,502,440,98,205,476,231,247,285,221,388,189,275,79,231
Air_Raid_(1979_game)_Screen.png,screenshot_game,11.6695,119.51,111.282,68.2747,85.2149,22.1619,138.045,3,3,15,5,5,3,3,0,3,4,27,10,0,0
Mini_Metro_screenshot_5.png,screenshot_game,4.77706,5.55812,3.94044,2.5543,3.12587,5.4545,4.72232,71,118,68,53,209,80,208,154,177,176,145,88,24,65
Gyg.png,screenshot_game,6.74356,10.4884,7.69387,4.35429,5.28714,8.58521,10.1171,3,3,4,1,7,2,8,5,6,6,7,3,0,1
Mini_Metro_screenshot_4.png,screenshot_game,2.60436,2.87866,2.49406,2.19393,2.38382,2.77168,2.46149,93,185,91,79,215,91,170,119,151,161,145,129,36,103
Roosevelt_Elk_Male_(4837677522).png,screenshot_game,0.930941,0.93094,0.989604,0.994609,0.994507,0.930947,0.857822,258,598,137,229,434,214,148,330,182,295,199,390,104,445
Alto%27s_Adventure_screenshot_-_B06_Camp.png,screenshot_game,6.09328,9.02687,6.51644,5.0286,5.89965,7.50265,7.169,47,77,71,40,127,53,124,72,109,94,117,69,15,40
Rail_Route_%E2%80%94_Build.png,screenshot_game,1.19738,1.20459,1.0856,1.08983,1.12779,1.20296,1.02532,180,376,123,156,403,173,192,188,174,258,179,218,70,234
Napoleonic_Empires.png,screenshot_game,1.00623,1.00727,0.994187,1.00197,1.01496,1.00711,0.8981,293,642,231,268,508,246,284,245,269,370,389,405,118,361
Moraffmahjongg.png,screenshot_game,1.27705,1.28497,1.25177,1.2531,1.27765,1.28517,1.13148,113,216,93,91,204,91,98,96,91,139,124,137,46,129
Trainyard_game_-_screenshot_of_mixing_colors_-_1_of_3.png,screenshot_game,3.29963,3.40088,3.8348,3.79338,3.90661,3.50529,3.13406,74,132,47,51,124,65,51,48,47,76,89,75,18,69
Flinthook_screenshot_-_Pax_square_1.png,screenshot_game,11.3913,51.8331,72.6351,65.3306,76.0245,20.4181,56.7221,15,19,46,16,23,16,12,6,11,14,85,31,1,5
Job_Simulator_screenshot_-_Hero_office.png,screenshot_game,3.45948,3.92254,3.10084,2.45142,2.80639,3.74904,3.19006,83,148,66,66,218,87,177,131,161,168,123,108,32,86
EB_battle.png,screenshot_game,0.986233,0.986248,0.983767,0.997767,1.00592,0.986412,0.882198,132,296,70,111,225,109,99,105,93,162,101,191,56,167
Fantastic_Contraption_VR_screenshot_03.png,screenshot_game,3.2074,3.67736,3.01045,2.70055,2.95991,3.46411,2.98274,80,156,83,65,199,79,130,107,115,142,138,118,33,88
Alto%27s_Adventure_screenshot_-_B10_Coins.png,screenshot_game,5.05163,6.38302,4.38254,3.15884,3.77738,5.83477,5.06818,65,113,66,52,184,76,157,118,137,148,124,139,22,60
ManifoldGarden_10.png,screenshot_game,1.55116,1.57002,1.40427,1.26624,1.35598,1.56814,1.35737,171,356,139,141,359,161,233,199,206,307,198,239,70,184
TowerFall_Backfire.png,screenshot_game,9.23219,17.9895,21.8609,20.8319,23.1625,13.6961,18.0527,28,42,52,24,48,43,27,16,23,32,92,43,5,17
Dr._Langeskov_The_Tiger_and_The_Terribly_Cursed_Emerald_Screenshot_3.png,screenshot_game,1.28001,1.2863,1.13726,1.10986,1.16428,1.28725,1.08288,186,390,97,154,410,177,229,210,206,341,152,242,82,223
Nuclear_Throne_screenshot_02.png,screenshot_game,2.47385,2.74045,2.37306,2.32922,2.45032,2.61845,2.29957,95,193,91,80,214,90,118,104,106,143,144,131,37,109
Blackwood_Crossing_announcement_screenshot_04.png,screenshot_game,0.998059,0.99808,0.972584,0.984385,0.998996,0.998323,0.884644,240,506,171,183,394,183,175,184,163,273,224,324,89,265
Terracota_-_Falas.png,screenshot_game,1.96913,2.09595,1.81818,1.73333,1.83531,2.04071,1.76474,117,235,77,100,272,113,157,137,138,204,131,158,49,175
Dre2.png,screenshot_game,11.3677,62.363,57.4291,41.0191,48.0165,20.2826,70.611,1,0,3,0,1,0,1,0,1,1,7,1,0,0
Terracota_-_Jogo_menino.png,screenshot_game,1.88078,1.97973,1.701,1.60879,1.71123,1.939,1.6579,127,272,78,104,296,121,171,147,152,202,133,187,53,144
YarsRevengeEasterEGG.png,screenshot_game,11.8923,742.906,735.144,720.625,750.391,23.4307,623.017,8,10,62,18,10,10,5,0,5,10,115,40,0,0
DOTGv0.31screenshot.png,screenshot_game,2.38966,2.47462,1.73651,1.52599,1.71547,2.46199,1.85302,46,83,24,32,145,50,99,78,84,94,46,50,19,53
PG_battlefield.png,screenshot_game,1.65969,1.69538,1.57466,1.60347,1.64726,1.69853,1.45634,83,169,46,64,168,75,80,77,73,109,78,104,31,96
Blackwood_Crossing_August_reveal_screenshot_06_Island.png,screenshot_game,1.21676,1.23951,1.27059,1.24665,1.26482,1.22931,1.12654,186,392,183,155,291,147,142,147,136,220,224,254,79,217
Freedom_Planet_Milla_screenshot.png,screenshot_game,1.02249,1.02318,1.01966,1.03147,1.0383,1.02322,0.913682,26,59,13,20,45,20,19,21,18,29,19,36,10,31
Minetest_high-res_texture_pack.png,screenshot_game,1.05346,1.05871,1.0409,1.05527,1.06639,1.05638,0.940652,155,335,128,129,272,127,123,127,116,191,171,214,66,188
Celeste_screenshot_07.png,screenshot_game,3.04494,3.21143,2.68375,2.43738,2.6895,3.24165,2.5573,108,230,83,78,254,101,152,129,134,165,139,130,40,102
Fragments_of_Him_-_Presskit_screenshot_5.png,screenshot_game,1.42617,1.43033,1.16391,1.08758,1.17456,1.43635,1.1554,175,363,87,143,451,177,296,239,261,306,144,223,78,211
Rymdkapsel_screenshot_3.png,screenshot_game,5.94668,10.2165,8.94962,8.20772,8.78184,7.55328,8.77603,30,59,61,34,61,33,37,32,33,49,112,62,9,28
OrionsbeltBattle.png,screenshot_game,1.53031,1.54333,1.23196,1.18454,1.26186,1.54537,1.23768,42,85,21,33,118,42,72,61,63,75,36,51,19,54
This_Is_the_Police_logo_horizontal.png,screenshot_game,9.49047,37.1961,30.1539,27.5275,30.1655,15.2994,31.1288,14,25,60,23,28,18,17,10,15,24,107,45,3,8
Amulets_%26_armor_-03.png,screenshot_game,6.78804,8.91335,8.54163,8.40351,9.34784,8.54536,8.12451,16,25,20,12,34,16,18,13,16,19,34,19,3,13
Dwarf_Fortress_-_mapa_%C5%9Bwiata_fragment.png,screenshot_game,10.2298,14.9297,8.44276,4.26781,5.71454,14.3181,17.3478,0,0,0,0,1,0,2,1,1,1,1,0,0,0
Galak-Z_screenshot_-_explosion_centipede.png,screenshot_game,1.03261,1.03344,1.00092,1.00259,1.02176,1.0337,0.915201,210,497,167,179,389,184,182,192,169,279,222,326,87,281
Rymdkapsel_screenshot_2.png,screenshot_game,9.15214,33.7559,27.634,25.2155,27.2644,14.441,28.6683,13,22,56,20,22,15,14,8,13,20,94,40,2,7
Fragments_of_Him_-_Presskit_screenshot_4.png,screenshot_game,1.95551,1.98831,1.53344,1.29107,1.45135,1.99434,1.59657,144,265,105,147,395,152,286,228,249,284,163,167,61,167
Credits.png,screenshot_game,2.52971,2.62657,1.90317,1.69127,1.90455,2.63713,1.97894,131,234,75,99,394,132,238,187,207,241,135,159,57,140
Terracota_-_Mapa_meio.png,screenshot_game,1.15922,1.16174,1.04211,1.04391,1.08255,1.16175,0.980661,198,407,150,161,427,177,214,201,195,281,205,246,86,240
Alto%27s_Adventure_screenshot_-_B13_Wingsuit.png,screenshot_game,4.16475,4.93244,3.64195,3.01008,3.44964,4.61539,3.87369,77,129,61,57,203,79,144,112,126,141,117,95,27,71
Celeste_screenshot_06.png,screenshot_game,5.84688,7.80604,6.51427,4.95015,5.74309,7.02163,6.51716,57,92,62,44,131,59,94,71,82,98,115,72,16,46
Tacoma_StationCentralHub.png,screenshot_game,2.44726,2.61925,2.08103,1.76475,1.96632,2.56357,2.14743,112,214,72,91,283,116,204,173,179,217,128,146,44,125
Atlantik.png,screenshot_game,8.34524,17.4487,15.9274,14.4053,15.9191,11.7194,14.1818,27,41,54,23,54,27,30,23,27,35,101,45,7,18
Ballerburg.png,screenshot_game,3.31152,3.71034,2.67077,2.24607,2.54759,3.58916,2.9154,9,16,7,6,28,9,23,18,19,20,14,11,3,10
Production_UI_Coffee_Noir.png,screenshot_game,1.0114,1.0114,0.952647,0.97492,0.993448,1.01153,0.881968,206,486,191,179,442,193,189,198,174,279,206,307,109,265
Rain_World_screenshot_-_Linear_Farms_1080.png,screenshot_game,2.2113,2.42442,2.17928,2.13473,2.22458,2.32694,2.0651,103,213,75,93,216,97,116,107,103,156,127,143,40,116
Letterpress_screenshot.png,screenshot_game,6.48974,12.0368,10.505,9.70928,10.4273,8.53377,10.0125,25,51,63,29,50,26,31,25,27,41,102,56,8,22
Trainyard_game_-_Magic_Carpet_level_screenshot.png,screenshot_game,2.86414,2.99329,2.90151,2.82178,2.95272,3.00698,2.58492,79,136,49,55,154,72,77,73,71,99,90,81,24,80
Blackwood_Crossing_announcement_screenshot_05.png,screenshot_game,1.05391,1.05397,0.980681,0.983944,1.01106,1.05452,0.91249,214,507,167,183,435,194,211,208,195,298,224,332,92,263
Robotfindskitten.png,screenshot_game,11.625,149.762,108.622,62.927,77.2314,22.0057,155.207,2,1,10,2,5,1,2,2,2,1,20,6,0,0
Close_Castles_screenshot.png,screenshot_game,3.79624,4.7281,3.98115,3.40634,3.75531,4.28164,3.9467,63,116,64,55,149,61,101,81,89,111,118,94,24,64
Hackmud_archaic.png,screenshot_game,1.67097,1.67554,1.46163,1.39599,1.49205,1.67799,1.35882,178,354,92,132,403,177,222,200,198,268,154,208,73,273
Battle_for_the_Galaxy_gameplay.png,screenshot_game,0.926818,0.926817,0.988885,0.993167,0.992021,0.92681,0.85547,34,78,19,29,49,25,20,24,20,37,47,52,15,43
Interton-cassette3-screenshot.png,screenshot_game,11.2357,84.5348,94.0102,82.6988,87.46,20.3284,73.0941,1,1,5,1,2,1,1,0,1,1,10,3,0,0
Rail_Route_%E2%80%94_Control.png,screenshot_game,1.19119,1.19813,1.09757,1.10488,1.13859,1.19613,1.02891,205,372,125,151,394,168,183,180,166,249,176,213,69,225
Medieval_Mayhem_(NTSC).png,screenshot_game,11.524,60.2916,60.3457,39.6743,49.3407,20.2346,64.5275,1,0,4,0,2,0,1,0,1,0,8,1,0,0
Invertika_-_Nex.png,screenshot_game,1.02171,1.02211,1.01313,1.01569,1.03102,1.02306,0.910394,114,265,77,102,201,102,89,104,83,152,108,152,40,154
TowerFall_Thornwood.png,screenshot_game,8.83746,14.5978,18.8326,17.8669,19.8774,12.4252,14.9997,34,48,50,27,58,33,28,18,26,35,93,44,6,27
Dwarf_Fortress_-_mapa_%C5%9Bwiata.png,screenshot_game,6.0796,7.06476,4.58913,2.45594,3.1132,7.06659,7.13798,9,12,8,4,28,9,37,24,32,24,14,7,1,5
PrinceofPersia1989-sdlpop-opensource.png,screenshot_game,1.67102,1.74371,1.6564,1.56655,1.64079,1.71807,1.51166,57,122,35,48,114,51,62,62,55,82,59,75,21,71
Celeste_screenshot_10.png,screenshot_game,4.08241,4.66087,3.88764,3.50645,3.88235,4.53374,3.72181,81,143,62,60,188,80,116,89,102,125,116,98,28,74
Darkelf_ligy.png,screenshot_game,2.41391,2.74321,2.65404,2.66614,2.7194,2.57042,2.39076,81,176,70,76,151,73,70,68,65,104,124,122,31,99
Celeste_screenshot_04.png,screenshot_game,2.77252,2.89701,2.30935,2.13727,2.34935,2.91987,2.29518,119,215,71,88,289,117,173,137,151,192,152,142,44,117
TowerFall_Twilight_Spire.png,screenshot_game,9.11074,17.6035,20.3176,19.2398,21.471,13.3988,17.4612,30,41,52,24,52,29,25,18,22,32,94,43,5,17
Fragments_of_Him_-_Presskit_screenshot_6.png,screenshot_game,1.38339,1.38885,1.14542,1.0886,1.16672,1.393,1.13318,178,492,83,157,452,225,270,331,235,361,141,232,73,310
Mtp_Target.png,screenshot_game,1.22459,1.2315,1.11928,1.11607,1.15212,1.23063,1.05478,87,164,63,63,221,63,102,77,107,104,85,103,34,92
Alto%27s_Adventure_screenshot_-_B09_Roof_Rain.png,screenshot_game,3.31366,3.72435,2.85739,2.45282,2.75503,3.56737,2.97815,85,173,82,71,243,119,168,138,146,171,133,141,35,109
Minetest_LazyJ%27s_Forge_in_the_afternoon.png,screenshot_game,1.43064,1.48816,1.52907,1.5346,1.54493,1.45988,1.35099,155,336,108,130,384,127,119,113,113,177,154,221,199,209
A7xpg-continue.png,screenshot_game,4.10088,4.65488,4.47568,4.291,4.55907,4.55762,3.8574,31,52,24,20,62,27,32,26,29,135,44,35,9,28
Hern%C3%AD_okno_Darkelfa.png,screenshot_game,1.02361,1.02561,1.06127,1.05615,1.06654,1.02569,0.931786,222,638,119,184,337,178,150,168,143,256,182,349,89,267
PAEE_C64.png,screenshot_game,11.3728,49.6741,33.3123,17.1001,22.3144,19.9969,57.8366,2,3,7,3,4,2,6,4,5,4,13,5,0,0
Rymdkapsel_screenshot_1.png,screenshot_game,8.91475,30.3004,24.4087,22.3518,24.2749,13.8225,25.5008,14,23,58,21,26,16,16,11,14,22,127,42,3,9
Chmatakovonline.png,screenshot_game,1.55875,1.56594,1.17624,1.10742,1.20392,1.57013,1.23517,94,183,60,72,287,103,175,147,152,181,93,106,41,141
Celeste_screenshot_05.png,screenshot_game,2.02094,2.06105,1.75678,1.70136,1.81732,2.08062,1.66727,147,270,82,110,330,131,181,155,162,215,140,174,63,153
Blackwood_Crossing_August_reveal_screenshot_01_Finn.png,screenshot_game,1.37401,1.38812,1.21815,1.16087,1.22709,1.38647,1.17141,174,385,92,146,389,165,225,202,201,276,149,232,75,207
Rain_World_screenshot_-_Shadow_Urban_1080.png,screenshot_game,3.94064,4.7031,3.60305,3.15782,3.53387,4.41766,3.75844,72,123,60,57,188,76,125,98,110,127,115,90,25,70
Galak-Z_screenshot_-_sentinel_showdown.png,screenshot_game,1.36155,1.37667,1.16822,1.13144,1.19703,1.37317,1.14906,170,396,130,143,418,168,255,207,210,278,185,223,75,208
TowerFall_Sacred_Ground.png,screenshot_game,9.82369,21.4563,26.5278,24.4007,27.6309,15.1068,22.0022,26,36,48,22,44,26,22,15,20,29,89,41,4,14
Moyangyang.png,screenshot_game,2.01973,2.17281,1.95004,1.95337,2.02278,2.10037,1.8473,22,50,14,18,49,20,24,23,22,30,25,29,9,27
Celeste_screenshot_11.png,screenshot_game,2.09804,2.15707,1.86757,1.81097,1.92725,2.16815,1.76777,141,256,82,105,306,124,169,143,151,202,139,167,57,147
Actsmudgnome.png,screenshot_game,8.0013,16.0783,13.3114,12.1656,13.59,11.1059,13.0085,19,31,39,18,44,20,25,18,22,28,75,33,5,15
Ten_tiles_on_weekly_no_tabs_564x548.png,screenshot_game,2.72704,3.07301,3.02286,2.98482,3.0523,2.9249,2.73052,34,69,33,26,58,27,31,28,29,39,54,49,11,36
Pysol-black-hole-solitaire-deal-1000-with-public-domain-tabletile.png,screenshot_game,1.46119,1.48627,1.33894,1.28091,1.3418,1.47838,1.26619,133,286,107,108,282,118,162,145,145,199,153,190,57,158
Konquest_catal%C3%A0.png,screenshot_game,1.99599,2.08359,1.58166,1.50708,1.63228,2.05159,1.64842,63,127,45,49,189,67,117,95,102,116,74,80,26,77
Blackwood_Crossing_announcement_screenshot_06.png,screenshot_game,1.07268,1.07321,1.01884,1.01948,1.04492,1.07401,0.932977,212,431,111,199,402,180,195,193,180,282,165,286,93,257
Agar.io_gameplay.png,screenshot_game,7.53979,12.6584,14.5038,13.5981,14.4134,10.1428,11.3006,28,44,79,23,49,30,23,17,21,32,81,41,6,41
Spionagebericht.png,screenshot_game,4.7117,5.22115,4.93445,4.79317,5.19069,5.09137,4.32167,40,60,30,22,87,35,42,35,37,45,58,38,11,38
Passage_3_by_Jason_Rohrer_screenshot.png,screenshot_game,10.9561,37.8512,57.5353,57.8096,65.7003,18.7216,40.7403,1,2,3,1,3,1,0,0,0,1,7,2,0,0
RosAsmGameSpace.png,screenshot_game,6.04236,10.3307,7.64933,6.73633,7.47978,7.69661,8.0304,18,33,38,19,49,21,34,26,30,35,64,34,6,18
Blackwood_Crossing_announcement_screenshot_02.png,screenshot_game,1.44732,1.46153,1.25733,1.19076,1.26736,1.46327,1.2171,171,358,132,137,393,159,240,202,221,271,188,226,74,201
Bradley_Trainer_screenshot.png,screenshot_game,10.1363,49.2084,35.4284,30.6507,34.6063,16.9993,39.0645,4,7,22,8,9,5,7,3,6,7,39,16,0,1
Nidhogg_video_game_screenshot_1.png,screenshot_game,7.75583,11.816,10.7669,10.0835,11.3113,10.2932,10.7522,22,32,27,15,46,21,28,19,24,28,54,26,4,15
Galak-Z_screenshot_-_whole_gang.png,screenshot_game,1.07359,1.07619,0.993433,1.01101,1.03622,1.07541,0.930741,204,420,160,170,414,182,193,194,178,278,215,272,88,250
Rain_World_screenshot_-_filtration_sys.png,screenshot_game,3.13367,3.34174,2.25228,1.81844,2.12133,3.31927,2.50343,85,146,53,65,265,97,197,150,170,185,103,97,34,90
Screenshot_from_Getting_Over_It_With_Bennett_Foddy.png,screenshot_game,1.01904,1.01927,0.986111,0.992756,1.01013,1.01977,0.900272,304,836,245,341,1037,273,289,272,252,403,318,445,632,376
Celeste_screenshot_01.png,screenshot_game,3.97983,4.3682,3.45912,2.99869,3.39128,4.37886,3.46197,95,151,62,64,231,89,144,120,126,150,127,102,31,84
Dungeon_Crawl_Stone_Soup_-_Musu.png,screenshot_game,4.48907,6.2693,4.88241,4.62627,5.01776,5.26368,4.98254,53,108,67,57,144,62,88,69,76,100,128,92,20,57
Rymdkapsel_screenshot_5.png,screenshot_game,9.69174,43.2964,33.2132,29.711,32.847,15.8905,35.802,10,22,51,22,19,16,13,7,11,21,92,40,2,5
Fragments_of_Him_-_Presskit_screenshot_3.png,screenshot_game,1.0527,1.05304,0.982335,0.99186,1.01656,1.05364,0.91364,208,494,106,179,422,186,198,204,182,286,161,323,89,284
OrionsbeltPresentation.png,screenshot_game,2.03093,2.1372,1.88337,1.86583,1.94824,2.09494,1.77924,44,86,37,34,99,40,52,46,46,62,56,56,17,51
PekkaKana2_LevelEditor.png,screenshot_game,1.75696,1.79112,1.37761,1.31345,1.41014,1.786,1.42235,36,70,18,27,101,35,63,53,55,65,31,42,14,41
Rain_World_screenshot_-_temple.png,screenshot_game,2.38079,2.52185,1.94095,1.74201,1.90906,2.47923,1.99212,86,166,54,70,237,92,154,125,134,163,97,114,36,95
Christopher_Strachey%27s_Draughts_Program.png,screenshot_game,1.96454,2.03821,1.7152,1.65234,1.74138,2.02674,1.70928,24,47,14,19,63,24,38,32,32,40,25,28,9,29
Robots_text_screenshot.png,screenshot_game,10.2327,33.5155,38.068,34.713,38.4997,16.2624,28.7435,10,11,21,8,14,8,6,4,6,8,40,15,1,5
Trainyard_game_-_prototype_screenshot_dated_2009_November.png,screenshot_game,3.62329,4.28337,3.97875,3.88455,4.06682,3.9944,3.63271,35,61,29,27,72,32,35,30,32,44,54,42,11,34
Sn%C3%ADmek_obrazovky_2021-09-18_v_13.12.59.png,screenshot_game,3.34433,4.10728,3.6984,3.63357,3.77343,3.71008,3.49017,27,54,28,24,56,25,31,27,28,37,49,40,10,30
CS-Menu-Snatch.png,screenshot_game,5.0723,7.105,6.1709,5.9652,6.28986,5.99729,5.95081,12,19,13,9,25,10,13,10,12,16,25,16,3,10
3dbrick2.png,screenshot_game,8.33691,15.3632,15.5853,15.5871,16.4541,11.8036,13.0857,3,5,4,1,6,2,2,2,2,2,9,3,0,2
Rain_World_screenshot_-_Garbage_Wastes_1080.png,screenshot_game,1.94955,2.08645,1.8887,1.85671,1.93084,2.02383,1.78511,113,231,105,99,241,108,130,120,119,168,158,153,46,136
Game_Cloud_Screenshot.png,screenshot_game,1.20232,1.20292,0.995532,0.97952,1.03236,1.20382,0.9946,106,222,49,94,304,109,154,142,135,181,80,130,46,142
Fragments_of_Him_-_Presskit_screenshot_2.png,screenshot_game,1.62505,1.65354,1.36191,1.24552,1.34843,1.65061,1.36705,151,311,110,123,378,153,239,242,211,268,163,197,60,180
Rymdkapsel_screenshot_4.png,screenshot_game,7.03117,14.4242,12.4475,11.1456,12.0612,9.50335,12.3065,25,45,59,29,48,28,32,24,29,39,105,55,6,21
Celeste_screenshot_00.png,screenshot_game,5.11715,6.85593,5.34296,4.45805,5.04219,6.0558,5.57703,55,99,58,45,132,58,94,73,82,99,111,82,18,50
Netrek-client-cow.png,screenshot_game,10.1906,30.6982,22.8234,12.1556,15.6542,16.5936,30.4635,20,30,53,23,46,26,49,33,42,46,102,44,3,9
Alto%27s_Adventure_screenshot_-_B05_Grind_Hop.png,screenshot_game,5.56409,7.21877,5.17596,3.63796,4.37069,6.53624,5.8717,58,92,62,44,158,65,134,101,116,126,118,72,18,52
Alto%27s_Adventure_screenshot_-_B03_Spine.png,screenshot_game,4.04334,4.72849,3.43326,2.85123,3.27147,4.45241,3.67097,74,130,60,57,212,82,148,117,129,146,116,93,28,76
Tacoma_ZeroG_Figures.png,screenshot_game,2.47676,2.63619,2.08747,1.70661,1.92369,2.58827,2.18536,114,214,96,90,283,116,222,174,192,222,151,143,44,119
Rain_World_screenshot_-_SB_F01.png,screenshot_game,3.18648,3.76051,2.90547,2.72203,2.96804,3.48762,3.00356,72,148,73,66,194,81,121,100,106,133,126,109,29,81
Virtual_portal_or_magic_lens.png,screenshot_game,4.19652,4.96306,3.91073,3.35138,3.7758,4.63368,3.79711,28,48,23,22,68,27,49,38,42,47,44,65,10,27
Eugen_Uskoff.png,screenshot_game,6.11312,7.84815,5.49521,4.27276,5.06207,7.14338,6.00453,13,18,13,8,38,13,27,21,23,25,23,13,4,10
Fkiss.png,screenshot_game,5.49192,7.77709,6.44365,4.59551,5.30905,6.67567,6.8366,15,24,24,12,35,15,32,23,27,29,37,22,4,13
Broforce_blade_vs_truck.png,screenshot_game,2.80571,3.19552,2.81473,2.73735,2.87959,3.01498,2.69865,84,173,69,74,183,80,125,90,114,129,123,128,34,95
DungeonmodeB.png,screenshot_game,1.49473,1.5104,1.21,1.1417,1.23453,1.50752,1.2043,27,52,13,21,78,28,46,39,40,48,23,30,12,35
Blackwood_Crossing_announcement_screenshot_03.png,screenshot_game,1.0373,1.03735,0.97498,0.983464,1.00675,1.0378,0.903126,210,493,107,179,419,189,196,221,181,286,162,321,91,270
Wc4source.png,screenshot_game,8.69984,24.1499,17.5496,16.1454,18.0838,13.0854,18.3185,9,12,22,9,17,7,11,7,10,11,44,17,2,5
Tacoma_Kitchen.png,screenshot_game,1.86124,1.91038,1.55102,1.3905,1.52281,1.90088,1.55168,143,293,111,110,353,140,238,194,209,249,169,199,62,163
Benkid77_CNPD.png,screenshot_game,7.46933,17.0547,16.5269,13.594,14.685,10.4494,16.0259,1,2,5,2,2,1,1,1,1,1,9,4,0,1
Blackwood_Crossing_announcement_screenshot_01.png,screenshot_game,1.64824,1.66767,1.38044,1.28367,1.38838,1.67793,1.33848,165,337,127,132,403,160,242,203,214,308,182,226,76,189
Senat.Grepolisfr.png,screenshot_game,1.07599,1.07603,1.07452,1.08481,1.09691,1.07736,0.95606,22,46,19,19,39,16,17,20,15,26,26,28,9,26
C4_Solids_Demo.png,screenshot_game,10.6846,53.6531,36.4571,26.4614,30.8737,18.286,55.5704,1,0,3,0,1,0,2,0,2,0,7,1,0,0
Sega-Mega-Drive-regional-lockout-error.png,screenshot_game,11.9366,264.909,168.974,85.1012,109.213,23.1824,313.927,0,0,4,0,1,0,0,0,0,0,8,2,0,0
Blobby_volley_2_alpha_6.png,screenshot_game,1.99673,1.96792,1.35393,1.08673,1.24964,2.02238,1.51979,87,157,51,62,293,96,234,180,201,205,84,94,37,102
Terracota_-_Falando.png,screenshot_game,1.55763,1.60009,1.37696,1.35785,1.43001,1.58128,1.31095,151,318,84,123,346,142,186,168,167,231,142,208,66,189
Nidhogg_video_game_screenshot_2.png,screenshot_game,6.67316,8.62863,7.96038,7.26921,8.09959,8.36521,7.9783,28,40,29,18,59,27,33,25,29,36,52,31,5,20
Finances_UI_Coffee_Noir.png,screenshot_game,1.1083,1.10901,1.06856,1.06046,1.08792,1.11049,0.970454,206,420,106,171,381,175,184,184,171,266,161,263,88,246
Rail_Route_%E2%80%94_Automate.png,screenshot_game,1.18446,1.19086,1.10051,1.11081,1.14192,1.1891,1.02587,199,374,126,150,382,168,177,175,163,244,180,217,69,225
Neverball_Game-Over-Bildschirm.png,screenshot_game,3.36448,3.91147,3.13323,3.00657,3.28252,3.62562,2.93354,75,145,62,63,189,77,107,102,95,126,115,99,32,90
Synth_video_game_screenshot_D.png,screenshot_game,1.21594,1.22251,1.11091,1.09152,1.13429,1.22164,1.0505,202,407,102,203,434,191,223,211,202,293,164,241,80,245
Plunderland2.png,screenshot_game,3.84581,4.59555,4.00368,3.7742,4.00505,4.25198,3.90491,12,24,12,9,28,13,17,13,15,17,23,17,4,12
Celeste_screenshot_02.png,screenshot_game,4.86895,6.23502,5.01952,4.48909,4.98615,5.68639,5.01773,62,107,67,47,143,61,92,70,80,96,120,85,20,55
OXO_emulated_portion.png,screenshot_game,10.6386,34.3604,25.8076,11.6304,15.1917,17.8385,38.272,1,0,3,0,2,0,3,2,2,2,6,1,0,0
BeamWars--.png,screenshot_game,1.16747,1.17421,1.16838,1.18641,1.19505,1.17299,1.04772,13,27,5,11,24,10,10,11,9,16,10,15,4,16
Job_Simulator_screenshot_-_Hero_auto.png,screenshot_game,2.06808,2.18219,1.89845,1.73068,1.86107,2.13631,1.83018,122,232,78,98,266,114,172,145,152,196,132,155,50,136
Mouse_in_the_Maze_portion.png,screenshot_game,4.18142,5.51756,4.39008,4.13414,4.4355,4.80732,4.42774,12,24,16,12,34,13,20,17,17,22,28,19,5,14
Slingshot.png,screenshot_game,2.71651,2.76906,2.0221,1.5608,1.7995,2.8117,2.27845,79,144,44,56,219,87,184,179,159,168,80,87,27,81
Pahom_Grim.png,screenshot_game,1.18186,1.1854,1.0551,1.05208,1.08892,1.18645,1.00919,97,197,51,78,211,87,112,121,123,141,75,122,42,116
Fragments_of_Him_-_Presskit_screenshot_1.png,screenshot_game,1.13755,1.13844,0.992343,0.993685,1.03583,1.13939,0.954582,212,399,92,164,459,186,229,215,205,292,147,235,82,244
Mode_7_on_GBA.png,screenshot_game,11.6938,73.6054,91.6012,63.0771,80.2137,21.4665,92.4895,12,15,43,14,17,13,12,6,11,14,80,29,1,3
Celeste_screenshot_03.png,screenshot_game,5.7181,7.61897,6.76447,5.58865,6.31879,6.87981,6.36408,57,89,63,41,118,55,80,63,70,85,116,72,16,47
TowerFall_Kings_Court.png,screenshot_game,9.36693,18.5215,23.0009,21.9728,24.4104,14.009,18.6846,27,42,52,25,50,30,23,15,20,32,112,43,5,17
Invertika_-_Desert.png,screenshot_game,1.67652,1.68018,1.20389,1.08418,1.20189,1.69045,1.30797,89,179,44,70,296,101,202,161,174,193,77,102,39,113
Broforce_mooks_in_air.png,screenshot_game,3.17449,3.63136,3.25094,3.17942,3.34853,3.43134,3.05739,82,161,83,65,174,75,92,79,82,113,136,116,30,83
Testootebfjosa.png,screenshot_game,1.49396,1.51866,1.33933,1.28367,1.35343,1.51244,1.28789,133,287,72,108,299,129,185,148,174,199,118,184,61,182
Everything_screnshot_06.png,screenshot_game,1.29422,1.30158,1.14005,1.095,1.1543,1.3022,1.10328,187,385,144,153,416,174,238,212,213,289,199,241,80,237
Nidhogg_video_game_screenshot_3.png,screenshot_game,4.9027,5.41219,6.26146,6.29512,6.53868,5.64334,5.19787,37,58,29,24,61,33,25,22,23,37,54,38,7,28
Alto%27s_Adventure_screenshot_-_A07_Ruins.png,screenshot_game,4.29061,5.13833,3.82743,3.12805,3.59458,4.78491,4.05033,71,119,68,53,191,75,136,108,118,135,125,91,25,68
Open_Ski_Jumping_020.png,screenshot_game,11.4555,102.561,52.5514,25.362,33.8149,21.013,83.4386,4,5,21,6,9,5,10,6,8,8,39,13,0,0
{blaztree7.png,textures_pk,2.21209,2.44172,2.09313,2.13065,2.19134,2.32429,2.07687,7,15,7,7,17,7,9,8,8,11,11,10,3,8
pktilesang1e.png,textures_pk,1.0173,1.0173,0.959124,0.997401,1.00501,1.01745,0.892465,15,52,11,31,32,32,13,15,12,40,17,39,6,20
{pk_chleaves2c.png,textures_pk,1.72394,1.795,1.49266,1.50051,1.55905,1.76656,1.5143,10,20,7,8,27,9,15,13,13,16,12,12,4,12
SW_Gate03.png,textures_pk,1.02751,1.02752,0.978491,1.00686,1.01458,1.028,0.900537,15,33,10,12,31,14,13,15,13,19,15,19,5,20
{pkf_fence1.png,textures_pk,1.6001,1.65364,1.38155,1.44238,1.49696,1.63326,1.36346,0,1,0,0,1,0,0,0,0,0,0,0,0,0
pkw_tiles01a.png,textures_pk,0.964895,0.964893,0.967048,0.992194,0.993723,0.964913,0.868869,16,37,7,13,26,12,11,14,10,18,12,20,6,21
mod_labcon2a.png,textures_pk,8.38709,21.9815,15.3465,14.2736,15.8824,12.3362,17.1673,0,0,1,0,1,0,0,0,0,0,4,0,0,0
pk_chwallr1b.png,textures_pk,1.05108,1.05109,0.964802,1.00037,1.01291,1.05133,0.913611,15,33,10,12,35,13,15,17,13,19,14,18,6,20
pkw_wall04n.png,textures_pk,1.01415,1.01446,0.987466,1.01371,1.01731,1.01457,0.900744,7,16,4,5,14,6,6,12,6,7,7,8,3,41
pk_chrooft1c.png,textures_pk,1.02762,1.02764,0.970726,1.00045,1.00925,1.02798,0.898593,15,35,6,13,32,14,14,14,12,21,11,20,6,21
pkw_wall07b.png,textures_pk,1.00648,1.00648,0.96636,0.999092,1.00475,1.00659,0.888502,15,33,10,12,30,13,13,16,12,19,15,19,5,20
pkw_wall06f.png,textures_pk,1.01046,1.01049,0.972553,1.00082,1.00682,1.0107,0.892509,16,34,7,12,32,13,14,14,13,19,12,21,6,22
mod_screen1j.png,textures_pk,1.07474,1.0748,0.998101,1.04709,1.04244,1.07514,0.934724,1,1,0,0,2,0,0,0,0,0,0,0,0,0
mod_labwallta.png,textures_pk,1.31215,1.31289,1.08412,1.1406,1.17029,1.31377,1.08994,0,0,0,0,0,0,0,0,0,0,0,0,0,0
pkf_outdoor1a.png,textures_pk,1.15182,1.1518,1.0123,1.05998,1.07186,1.15264,0.981369,1,2,0,0,3,0,1,1,1,0,0,1,0,1
pkf_metaltrim1b.png,textures_pk,1.03293,1.033,0.972392,0.998776,1.00636,1.03345,0.902037,2,3,1,1,3,0,1,1,1,0,1,1,0,1
pkf_window2b.png,textures_pk,1.082,1.08217,0.973558,1.02577,1.0234,1.08186,0.930275,0,0,0,0,1,0,0,0,0,0,0,0,0,0
pk_chinvebeam4.png,textures_pk,1.04994,1.05,0.98501,0.999858,1.01853,1.05057,0.908162,0,1,0,0,1,0,0,0,0,0,0,0,0,0
mazy_owall1d.png,textures_pk,1.16628,1.1662,1.00363,1.03092,1.05902,1.16739,0.976582,14,30,5,12,36,13,19,17,17,22,11,17,6,19
pkw_wall10f.png,textures_pk,0.995363,0.995368,0.972336,0.999966,1.00355,0.995516,0.885301,17,36,8,13,30,13,13,15,12,18,12,21,6,20
pkw_wall11b.png,textures_pk,0.977459,0.977457,0.967423,0.995524,0.997006,0.977486,0.875356,16,37,11,15,31,13,11,14,10,19,16,21,6,20
mod_screeni.png,textures_pk,1.1139,1.11413,1.06909,1.1134,1.10437,1.11515,0.982765,0,1,0,0,2,0,0,0,0,0,0,0,0,0
pkf_wall4d.png,textures_pk,1.11531,1.11505,1.02979,1.04267,1.06211,1.11711,0.959964,14,31,6,12,33,13,16,16,14,20,11,18,6,19
pk_chinflw3a.png,textures_pk,1.01719,1.01719,0.977798,1.00375,1.01192,1.01718,0.890823,16,33,9,12,32,15,13,15,12,19,15,18,6,20
mazy_trim1a.png,textures_pk,1.35609,1.35691,1.10457,1.12939,1.18367,1.35798,1.10122,1,2,0,0,4,0,2,1,1,0,1,0,0,1
mod_spot1.png,textures_pk,1.26609,1.27754,1.1276,1.18216,1.18513,1.27383,1.10473,0,1,0,0,1,0,0,0,0,0,0,0,0,0
pkh_tiles01b.png,textures_pk,0.928492,0.928491,0.989078,0.994563,0.993002,0.928489,0.856568,73,158,58,63,103,56,73,50,71,79,75,124,28,90
SW_Log01.png,textures_pk,1.10442,1.11517,1.10666,1.13818,1.12854,1.10968,1.00761,1,3,0,0,2,0,0,0,0,0,0,1,0,1
pkf_facility1a.png,textures_pk,0.979914,0.979913,0.968907,0.994773,0.996705,0.979944,0.877063,15,35,9,13,28,14,10,13,10,18,14,18,5,21
pkf_wall4e.png,textures_pk,1.13615,1.1362,1.03072,1.04445,1.06732,1.13801,0.969702,15,31,10,11,33,13,16,16,15,21,14,19,6,20
pkf_sign8a.png,textures_pk,5.98507,9.2673,6.5781,5.60548,6.33458,7.47786,7.1124,1,2,2,0,3,0,3,2,2,1,3,0,0,1
mod_screenh.png,textures_pk,1.1756,1.17601,1.12188,1.16159,1.15405,1.17889,1.03089,1,1,0,0,1,0,0,0,0,0,0,0,0,0
pkf_wall5a.png,textures_pk,1.05133,1.05135,0.971918,1.00873,1.02051,1.05156,0.91384,15,32,6,13,32,13,15,15,13,20,11,18,5,20
pkf_wall4r.png,textures_pk,1.13896,1.13869,1.01982,1.04333,1.06549,1.14065,0.972251,14,31,9,12,36,13,16,17,15,21,13,18,6,20
pk_chcomwood3a.png,textures_pk,1.01092,1.01091,0.982625,1.00682,1.01216,1.0115,0.892105,17,34,11,13,29,12,13,14,12,19,15,20,6,21
pkw_wall11c.png,textures_pk,0.981984,0.981983,0.96576,0.995944,0.997991,0.982009,0.877353,16,37,11,14,29,13,13,14,11,21,16,22,6,21
pkf_trimpavemen.png,textures_pk,0.97673,0.976866,0.92929,0.965962,0.959963,0.976129,0.865504,0,0,0,0,0,0,0,0,0,0,0,0,0,0
pkw_rock01b.png,textures_pk,0.977605,0.977606,0.963856,0.99291,0.994831,0.97764,0.875559,16,37,11,14,28,13,13,13,11,20,15,21,5,20
{SW_Tree01.png,textures_pk,2.25385,2.51334,2.2783,2.32842,2.36726,2.37945,2.18141,7,15,7,6,14,6,7,6,6,9,11,10,2,8
pkw_wall10g.png,textures_pk,0.997499,0.997504,0.971892,0.999448,1.00344,0.997661,0.8857,16,36,18,13,30,12,13,15,12,18,16,20,6,20
mazy_owall1e.png,textures_pk,1.25149,1.25139,1.02244,1.04536,1.086,1.25337,1.02412,14,30,5,11,38,14,21,18,19,24,10,17,6,18
pkw_doors01a.png,textures_pk,1.01087,1.01085,0.972178,0.999293,1.00534,1.01111,0.889909,16,34,10,12,30,37,13,26,12,19,15,19,6,21
pkw_wall06g.png,textures_pk,0.983473,0.983472,0.968792,0.996495,0.998725,0.983495,0.878359,16,35,12,12,29,13,12,13,11,19,16,21,6,20
pk_concrete03.png,textures_pk,0.96437,0.964368,0.965499,0.991936,0.992062,0.96438,0.868696,15,36,10,12,29,13,12,13,11,19,15,19,6,20
pkw_wall07c.png,textures_pk,1.01284,1.01284,0.964782,0.998943,1.00551,1.01297,0.890563,16,33,6,13,31,13,13,14,12,20,11,20,6,22
{pkf_tree1a.png,textures_pk,2.27861,2.55741,2.35888,2.43083,2.45871,2.41171,2.23675,6,14,4,6,14,5,6,6,6,8,9,9,2,8
pk_chrooft1b.png,textures_pk,1.02774,1.02774,0.96779,0.999141,1.0081,1.02808,0.896634,16,35,11,12,32,14,14,15,13,20,16,20,6,21
pkf_woodfloor1.png,textures_pk,0.962359,0.962357,0.966714,0.991556,0.991406,0.962366,0.867988,16,36,6,13,27,12,11,13,10,18,12,20,5,21
SW_Gate02.png,textures_pk,1.06101,1.06104,0.987425,1.01522,1.02737,1.0617,0.921422,15,32,10,12,32,13,16,15,14,19,15,18,6,21
mod_labcab1d.png,textures_pk,1.37606,1.37598,1.11072,1.12282,1.179,1.3786,1.10068,6,12,4,4,19,5,11,9,9,10,6,6,3,8
pkw_winlay01a.png,textures_pk,5.98484,10.8735,10.7579,10.9449,10.9924,7.71787,9.72603,2,2,3,2,2,1,1,1,1,1,8,3,0,1
{pkw_wood01a.png,textures_pk,1.4293,1.45988,1.30174,1.29591,1.34259,1.44938,1.29035,5,11,3,4,12,4,7,7,6,7,5,6,2,6
{pk_chleaves2b.png,textures_pk,3.93957,5.16018,4.22487,4.15389,4.35048,4.49607,4.36502,4,7,3,2,10,3,6,4,5,5,8,6,1,4
pktilesang1d.png,textures_pk,1.01245,1.01245,0.961491,0.997613,1.00431,1.01256,0.890923,15,34,10,12,32,13,13,14,12,19,15,19,6,21
pk_chinhobeam1b.png,textures_pk,1.0185,1.01869,0.94262,0.982333,0.984517,1.01787,0.887348,0,1,0,0,1,0,0,0,0,0,0,0,0,0
{blaztree6.png,textures_pk,1.71335,1.82362,1.72473,1.77963,1.79055,1.76782,1.60749,5,11,3,4,10,4,5,5,4,5,6,7,2,6
pktilesang1f.png,textures_pk,1.01268,1.01268,0.958328,0.995961,1.0031,1.0128,0.889898,15,33,7,12,32,14,13,14,12,20,11,19,6,21
{blaztree4.png,textures_pk,1.51136,1.57872,1.51074,1.54475,1.55488,1.54511,1.40033,7,16,5,6,14,6,7,7,6,8,9,9,2,9
pkf_metaltrim1.png,textures_pk,1.03567,1.03574,0.975369,1.00145,1.00878,1.0363,0.904294,1,4,1,0,3,0,1,1,1,1,1,1,0,2
pkw_tiles01b.png,textures_pk,0.962458,0.962456,0.967238,0.992098,0.993414,0.962474,0.867853,16,35,10,13,26,12,10,13,10,17,15,19,5,21
pkw_wall04m.png,textures_pk,1.00264,1.00276,0.973916,1.00242,1.00685,1.00289,0.890248,16,34,7,12,30,13,12,14,11,17,11,20,6,21
pk_chwallr1a.png,textures_pk,0.975741,0.975741,0.965624,0.994167,0.995584,0.975776,0.874808,15,34,11,13,28,12,11,14,10,17,15,19,5,21
mod_labwalltb.png,textures_pk,1.36723,1.36731,1.11079,1.15546,1.19304,1.36866,1.11964,1,1,0,0,2,0,0,0,0,0,0,0,0,0
pkw_wall06e.png,textures_pk,1.00711,1.00713,0.972047,1.00075,1.0061,1.0073,0.891123,16,35,8,12,31,13,13,14,11,18,12,21,6,21
mod_screen1i.png,textures_pk,1.06523,1.06529,1.00046,1.04668,1.03976,1.06551,0.930433,0,1,0,1,2,0,0,0,0,0,0,0,0,0
pkw_wall07a.png,textures_pk,0.995015,0.995013,0.962571,0.996276,1.00049,0.995046,0.88236,15,34,6,12,31,12,12,14,11,20,12,19,6,20
pkf_outdoor1b.png,textures_pk,1.15946,1.15946,1.01073,1.06079,1.07411,1.16029,0.984615,1,2,0,0,3,0,1,1,1,0,0,1,0,1
pkf_door5.png,textures_pk,1.0375,1.03752,0.979748,1.01211,1.01411,1.03759,0.906186,2,3,0,0,3,0,1,2,1,0,1,1,0,1
{her_bar_1.png,textures_pk,2.31732,2.57646,2.25082,2.35252,2.37007,2.43006,2.16898,0,0,0,0,0,0,0,0,0,0,0,0,0,0
pkf_window2a.png,textures_pk,1.11136,1.11161,0.98981,1.04648,1.0459,1.11166,0.951231,0,0,0,0,1,0,0,0,0,0,0,0,0,0
mazywalldirty.png,textures_pk,1.13753,1.13756,0.999193,1.03315,1.05592,1.13827,0.95754,14,31,9,11,36,13,18,16,16,21,14,19,6,20
pk_chintable1l.png,textures_pk,1.05219,1.05225,0.960178,1.00777,1.00988,1.05225,0.915657,0,1,0,1,1,0,0,0,0,0,0,0,0,2
pkw_wall11a.png,textures_pk,0.97432,0.974318,0.966728,0.994951,0.995976,0.974333,0.873887,16,36,11,14,29,12,11,15,10,18,16,20,6,20
pkw_wall10e.png,textures_pk,0.987757,0.987762,0.972423,0.998875,1.00157,0.987891,0.881377,16,36,11,12,29,13,12,14,12,19,16,20,6,21
{SW_Tree03.png,textures_pk,1.77844,1.8976,1.76669,1.79774,1.81935,1.83763,1.66794,6,14,3,6,13,5,6,7,6,8,7,9,2,8
pkf_roofside1.png,textures_pk,0.999126,0.999268,0.945504,0.979631,0.979124,0.998517,0.878687,0,1,0,0,1,0,0,0,0,0,0,0,0,0
pk_chcomwood3c.png,textures_pk,1.01304,1.01304,0.984492,1.00827,1.01361,1.01365,0.893926,16,38,12,32,31,14,13,14,13,22,17,22,6,29
pkf_wall4p.png,textures_pk,1.09612,1.09585,1.02076,1.03703,1.05386,1.09748,0.949469,15,33,10,14,32,14,15,15,13,20,14,20,5,21
her_metal_1.png,textures_pk,0.992313,0.992336,0.965476,0.997539,0.995834,0.992363,0.886023,3,8,2,4,7,9,2,7,2,5,3,4,1,27
pkf_sign8c.png,textures_pk,1.0107,1.01067,0.966838,0.999948,1.00547,1.01082,0.891381,7,15,4,6,15,5,6,7,6,9,7,8,2,11
pkf_wall4g.png,textures_pk,1.18272,1.18273,1.05963,1.06603,1.09403,1.18564,1.00545,14,31,6,12,32,13,17,17,15,21,11,17,5,18
pkf_wall5c.png,textures_pk,1.13914,1.13903,1.01032,1.03664,1.05972,1.14085,0.965784,14,31,5,11,36,13,17,16,16,21,11,17,6,19
mod_screenj.png,textures_pk,1.16094,1.16112,1.10153,1.15238,1.14276,1.16248,1.01866,1,1,0,0,1,0,0,0,0,0,0,0,0,0
pk_chinflw3b.png,textures_pk,1.02304,1.02303,0.977287,1.00573,1.01418,1.02315,0.893834,15,33,10,12,31,12,13,15,12,19,15,18,6,21
mazfloor2.png,textures_pk,1.00419,1.00419,0.964524,0.996716,1.00205,1.0043,0.887269,15,33,7,12,31,14,13,16,12,19,11,18,5,21
pkw_metal01.png,textures_pk,1.00399,1.00399,0.956756,0.997843,0.998296,1.00401,0.887731,3,7,3,2,7,2,3,4,3,4,4,5,1,5
mazy_trim1b.png,textures_pk,1.22655,1.22672,1.07133,1.09547,1.13076,1.22771,1.02946,1,2,0,0,3,0,1,1,1,2,1,1,0,1
pkh_tiles01a.png,textures_pk,0.925444,0.925443,0.991767,0.995074,0.993743,0.925439,0.855704,70,157,58,63,101,56,39,50,39,77,75,98,27,90
pkf_facility1c.png,textures_pk,1.00481,1.00481,0.970363,0.999208,1.00461,1.00494,0.888334,16,33,6,12,30,14,13,15,12,19,11,18,5,20
pkf_facility1b.png,textures_pk,1.00252,1.00253,0.971545,0.999461,1.00452,1.00267,0.887833,15,33,6,12,30,13,13,14,12,18,11,18,5,22
pk_chinflw3c.png,textures_pk,1.0066,1.0066,0.971719,0.998389,1.00631,1.00659,0.884579,16,34,10,12,31,13,12,15,11,19,15,19,6,20
pk_chmud1.png,textures_pk,0.962656,0.962654,0.966882,0.99198,0.991824,0.962671,0.867797,15,35,7,13,27,12,11,13,10,18,11,19,5,21
pkf_wall5b.png,textures_pk,1.08778,1.08779,0.981287,1.01763,1.03427,1.08854,0.930641,14,31,8,12,33,13,16,17,15,20,13,18,6,20
pkf_wall4f.png,textures_pk,1.1794,1.17949,1.04722,1.05766,1.08624,1.18197,0.99639,14,30,10,11,35,14,19,16,17,20,14,17,6,19
pkf_sign8b.png,textures_pk,5.84417,8.92537,6.47189,5.56077,6.24182,7.25611,6.93894,1,1,2,0,3,0,3,2,2,1,4,0,0,1
pk_chcomwood3b.png,textures_pk,0.986018,0.986016,0.97116,0.995661,0.998747,0.986162,0.877328,16,35,6,13,28,12,12,14,11,18,11,19,5,21
pkf_wall4q.png,textures_pk,1.11194,1.11186,1.00413,1.03134,1.05023,1.11308,0.95324,15,32,9,12,34,13,16,16,15,21,14,17,5,20
pkw_wall10d.png,textures_pk,0.986983,0.986988,0.972119,0.998464,1.00095,0.987101,0.881232,16,37,8,13,30,12,12,13,12,18,12,20,6,21
mazy_owall1f.png,textures_pk,1.30731,1.30708,1.05085,1.06921,1.11642,1.30958,1.05277,13,29,8,10,42,14,22,18,19,22,12,18,6,18
{SW_Tree02.png,textures_pk,1.67908,1.78625,1.74056,1.78323,1.78699,1.73159,1.59433,5,12,3,4,10,4,4,4,3,5,6,7,2,7
pkw_rock01a.png,textures_pk,0.96666,0.96666,0.965677,0.992242,0.992631,0.966677,0.870153,16,37,11,14,28,13,11,13,10,19,15,20,5,21
mis_trim2d.png,textures_pk,1.04008,1.04013,0.952374,0.986107,0.997342,1.04023,0.899907,0,1,0,0,1,0,1,0,1,0,0,0,0,0
mod_glass1.png,textures_pk,1.79712,1.79917,1.22853,1.15902,1.269,1.81023,1.37493,12,24,5,9,43,14,29,23,25,27,9,13,5,15
pk_chinwall2l.png,textures_pk,1.08063,1.08061,0.97025,1.01004,1.02637,1.08094,0.920682,15,32,7,12,35,14,16,16,14,21,11,17,6,20
hWall4b.png,textures_pk,1.11623,1.11675,1.03309,1.05625,1.07129,1.11767,0.969168,6,11,2,3,11,4,5,5,4,6,4,5,2,7
pkw_doors01b.png,textures_pk,1.00998,1.00999,0.973182,0.999012,1.00502,1.01024,0.889329,17,34,6,12,31,13,13,14,12,18,11,19,6,21
mod_screen1h.png,textures_pk,1.12153,1.12163,1.03417,1.07871,1.07671,1.12338,0.966969,0,1,0,0,1,0,0,0,0,0,0,1,0,0
pkw_wall06d.png,textures_pk,1.00553,1.00556,0.972279,1.00089,1.00585,1.00571,0.890438,15,34,12,12,30,13,12,14,11,19,16,21,6,21
pk_chrooft1a.png,textures_pk,1.02774,1.02774,0.96779,0.999141,1.0081,1.02808,0.896634,16,34,11,12,32,13,14,14,13,20,16,20,6,20
pkw_wall04l.png,textures_pk,1.00256,1.00258,0.970504,1.00019,1.005,1.00272,0.88881,16,34,8,12,31,13,13,15,12,19,41,20,6,21
{pkf_tree1b.png,textures_pk,2.27861,2.55741,2.35888,2.43083,2.45871,2.41171,2.23675,6,14,4,5,13,5,6,6,6,8,9,9,3,8
pkw_wall05h.png,textures_pk,0.982264,0.982264,0.969606,0.995932,0.997925,0.982332,0.879112,16,37,12,12,29,12,12,13,11,18,16,20,6,21
SW_Gate01.png,textures_pk,1.06465,1.06474,0.990183,1.01739,1.03013,1.06543,0.922314,15,32,10,12,32,13,15,14,13,19,14,19,6,19
{pk_chleaves2a.png,textures_pk,4.59075,6.48475,5.22595,5.25999,5.44945,5.40644,5.49768,0,0,0,0,1,0,0,0,0,0,2,0,0,0
{pkw_wood01b.png,textures_pk,1.20982,1.21727,1.09096,1.10835,1.13364,1.21605,1.05838,7,14,4,5,16,5,8,7,7,10,7,8,3,9
pkw_winlay01b.png,textures_pk,7.99967,21.7791,21.5526,21.9395,21.8426,11.6856,19.4534,1,1,3,0,1,0,0,0,0,0,8,2,0,0
{blaztree5.png,textures_pk,1.77005,1.88294,1.71894,1.75928,1.78564,1.82709,1.641,6,14,4,5,14,14,6,7,6,8,7,14,2,10
pk_chinhobeam1a.png,textures_pk,1.03445,1.0346,0.949338,0.988397,0.992769,1.03376,0.895496,0,0,0,0,1,0,0,0,0,0,0,0,0,0
mod_siggen.png,textures_pk,1.02359,1.02374,0.96507,1.00984,0.998233,1.0231,0.90343,0,0,0,0,0,0,0,0,0,0,0,0,0,0
pkf_light2b.png,textures_pk,1.58035,1.58078,1.26384,1.29719,1.35577,1.58154,1.24311,0,0,0,0,1,0,0,0,0,0,0,0,0,0
pktilesang1c.png,textures_pk,1.0003,1.0003,0.96085,0.994953,1.00009,1.00039,0.884867,15,35,11,12,32,13,12,14,11,20,15,19,6,20
SW_Wall01a.png,textures_pk,0.992348,0.992353,0.962464,0.995473,0.999339,0.992438,0.882251,16,35,6,12,31,13,12,15,11,19,11,20,6,21
{pkw_wooden01.png,textures_pk,1.18033,1.18416,1.0713,1.11559,1.13298,1.18426,1.00692,3,7,1,3,7,2,3,4,3,4,2,4,1,4
{blaztree1.png,textures_pk,2.28028,2.55132,2.29925,2.36248,2.40161,2.41062,2.20908,7,13,7,5,16,5,7,6,6,8,11,9,2,8
pkf_vent1a.png,textures_pk,1.00639,1.00647,0.96538,1.00637,0.999837,1.00595,0.889683,0,1,0,0,1,0,0,0,0,0,0,0,0,0
mod_labcab1c.png,textures_pk,1.43745,1.43749,1.13421,1.13605,1.20119,1.44137,1.13907,6,11,2,4,19,6,11,10,10,10,5,6,3,8
pk_concrete04.png,textures_pk,0.960948,0.960946,0.966668,0.991602,0.991243,0.960951,0.867401,16,36,10,14,28,14,11,12,10,19,16,21,5,22
pkw_wall07d.png,textures_pk,1.01565,1.01565,0.969148,1.00172,1.00837,1.01584,0.893484,15,32,6,12,31,14,13,14,12,19,11,19,6,20
her_wood_1.png,textures_pk,0.945999,0.946002,0.96691,0.984761,0.980437,0.945933,0.859282,3,7,3,2,7,2,2,3,2,4,4,4,1,5
pkw_wall04h.png,textures_pk,1.001,1.00103,0.972455,1.00038,1.00487,1.00117,0.889111,16,34,7,12,66,13,13,13,11,18,11,19,6,20
pkf_door4b.png,textures_pk,1.06033,1.06036,0.963798,1.01543,1.0198,1.06049,0.920553,1,3,0,0,3,0,1,1,1,0,1,1,0,1
hwall5b.png,textures_pk,1.04051,1.04042,0.981936,1.0144,1.02177,1.04072,0.911703,5,13,2,4,11,5,5,5,4,6,4,7,2,7
mis_com1a.png,textures_pk,1.07864,1.07863,0.997776,1.02187,1.037,1.07936,0.932751,7,16,2,5,15,6,7,7,6,8,5,8,3,9
pk_chinwpaper1a.png,textures_pk,1.00956,1.00956,0.980342,1.00901,1.01055,1.01005,0.89194,3,7,2,3,7,2,2,3,2,3,3,4,1,4
SW_Crate02.png,textures_pk,1.04597,1.04603,0.986159,1.02248,1.02499,1.04645,0.914843,3,7,1,2,7,2,3,3,3,3,3,4,1,4
mod_lights1a.png,textures_pk,1.282,1.30647,1.18177,1.25311,1.23132,1.29313,1.13625,0,0,0,0,0,0,0,0,0,0,0,0,0,0
mod_dotfloor1.png,textures_pk,0.935164,0.935166,0.978032,0.987414,0.9854,0.935106,0.855727,3,8,1,3,6,2,2,3,2,3,4,4,1,4
pkw_wall11d.png,textures_pk,0.984004,0.984002,0.966251,0.996141,0.998485,0.984067,0.878152,16,35,7,13,30,12,12,14,11,19,12,20,6,21
mod_labvent2b.png,textures_pk,1.81295,1.81509,1.42274,1.44224,1.51836,1.82064,1.41604,2,2,0,0,5,0,3,2,2,1,1,1,1,1
{SW_Tree06.png,textures_pk,4.76787,6.64508,4.86121,4.42514,4.83022,5.63197,5.37912,3,5,3,2,10,3,8,6,6,5,8,5,1,3
mazy_owall1b.png,textures_pk,1.22323,1.22314,1.02512,1.05368,1.08821,1.22452,1.00806,13,30,6,11,39,13,19,18,17,22,11,17,6,18
pk_chinwall2h.png,textures_pk,1.081,1.08096,0.97307,1.01147,1.02785,1.08136,0.921219,15,31,6,12,36,13,16,16,14,20,11,17,6,20
pkf_wall4b.png,textures_pk,1.0539,1.05386,0.991906,1.01611,1.02778,1.05451,0.914241,15,33,7,12,31,13,15,15,13,19,12,18,6,21
her_asphalt_1.png,textures_pk,0.951516,0.951515,0.969568,0.9914,0.989729,0.951504,0.863367,15,34,6,13,26,12,9,13,8,18,11,18,5,21
pkf_wall5f.png,textures_pk,1.21057,1.21066,1.02665,1.0501,1.0837,1.21289,1.00106,14,31,6,11,37,13,19,18,17,22,11,18,6,19
mod_metcrate1a.png,textures_pk,1.12575,1.12577,0.999898,1.04409,1.05704,1.12622,0.956453,3,6,2,2,8,2,3,3,3,3,3,3,1,4
{pk_chvines1a.png,textures_pk,2.51328,2.81307,2.2961,2.30166,2.40642,2.6682,2.35943,3,6,1,3,8,2,5,3,4,4,4,4,1,3
pk_chcomwood2b.png,textures_pk,0.966308,0.966311,0.962842,0.986854,0.984647,0.966242,0.867416,4,11,2,3,6,7,2,8,2,4,2,5,1,24
mod_mettrim1a.png,textures_pk,1.02302,1.02308,0.959344,1.00075,0.999471,1.02275,0.898032,0,1,0,0,1,0,0,0,0,0,0,0,0,0
pk_chinflw2c.png,textures_pk,0.968045,0.968043,0.978512,0.995383,0.996169,0.968158,0.870667,16,35,8,13,25,14,11,13,10,18,11,19,6,21
mod_labshelf1a.png,textures_pk,1.22469,1.22477,1.04573,1.08233,1.114,1.22588,1.01763,2,3,1,1,6,0,3,3,2,2,2,1,1,2
pkf_facility1f.png,textures_pk,1.07716,1.07717,0.98616,1.01658,1.03208,1.07748,0.92372,15,31,7,12,33,13,15,15,14,22,11,17,6,21
mazy_plate1b.png,textures_pk,1.44479,1.44518,1.13212,1.13831,1.19969,1.45264,1.14882,13,25,5,11,40,13,22,18,19,23,10,14,6,17
pkf_containr1a.png,textures_pk,1.08889,1.0889,0.996422,1.0179,1.03748,1.09,0.926125,7,16,4,5,15,5,7,8,6,9,7,8,3,9
lamp1.png,textures_pk,4.96686,6.13633,4.97389,5.36477,5.50004,5.69021,5.03228,0,0,0,0,0,0,0,0,0,0,0,0,0,0
pk_chinroof1b.png,textures_pk,0.990813,0.990815,0.964393,0.997914,0.997899,0.990733,0.879753,3,8,2,4,7,3,2,3,2,5,3,5,1,4
pkw_ground01b.png,textures_pk,0.957788,0.957786,0.969513,0.991743,0.990851,0.957789,0.866237,16,36,8,13,27,13,11,14,11,18,12,21,6,21
pk_chinflw2b.png,textures_pk,0.96068,0.960678,0.975126,0.992443,0.992343,0.960722,0.866754,16,36,11,13,27,12,11,13,10,18,16,20,6,21
pk_hlrmud1a.png,textures_pk,0.952664,0.952663,0.970129,0.991582,0.98998,0.952661,0.864206,16,36,8,14,26,12,9,12,9,18,12,19,5,21
mis_generic1a.png,textures_pk,1.06219,1.06225,0.955363,1.01807,1.01497,1.06211,0.92254,1,1,0,0,2,0,0,0,0,0,0,0,0,0
pkf_wall5g.png,textures_pk,1.22453,1.22488,1.03414,1.05587,1.09114,1.22709,1.01028,14,30,9,11,38,13,19,18,17,22,13,18,6,18
pkf_wall4c.png,textures_pk,1.08894,1.0886,1.01121,1.02773,1.04449,1.09003,0.939516,15,32,9,12,33,13,15,15,14,20,14,19,6,20
pkw_wood02.png,textures_pk,1.01876,1.01877,0.975657,0.998728,1.00543,1.01906,0.892377,4,7,3,2,7,2,3,3,3,4,4,4,1,4
mis_trim2a.png,textures_pk,1.03869,1.0387,0.967116,0.997438,1.00727,1.03903,0.902385,1,3,0,0,3,0,1,1,1,0,0,1,0,1
pk_chinwall2i.png,textures_pk,1.07494,1.07493,0.97229,1.01,1.02562,1.07524,0.918169,15,51,9,12,34,13,15,15,13,21,14,18,6,21
{SW_Tree07.png,textures_pk,3.89786,5.12679,4.33715,4.25449,4.4172,4.44604,4.39731,4,7,4,2,9,2,5,3,4,4,9,5,1,4
pkw_wall10a.png,textures_pk,0.975959,0.975959,0.971533,0.996156,0.997261,0.976035,0.875483,35,44,8,13,30,23,12,13,20,18,12,27,6,22
mazy_owall1c.png,textures_pk,1.1273,1.12734,1.00157,1.03005,1.05149,1.12831,0.957444,15,32,10,11,35,13,17,17,15,21,14,17,6,19
snowdoor2.png,textures_pk,1.11246,1.1125,0.986701,1.03413,1.04486,1.11298,0.946259,1,2,0,0,4,0,2,2,2,1,0,1,0,1
mod_labtrim2b.png,textures_pk,1.13061,1.13067,1.01257,1.05041,1.0678,1.13024,0.957522,0,1,0,0,1,0,0,0,0,0,0,0,0,0
pkw_wall11e.png,textures_pk,0.980853,0.980851,0.965267,0.995709,0.997634,0.980877,0.87663,16,36,12,13,30,12,12,12,11,18,17,21,6,21
mod_electro1a.png,textures_pk,1.61636,1.61555,1.22867,1.19313,1.27857,1.62404,1.25002,13,24,5,10,40,12,23,19,20,23,10,14,6,15
mod_metfloor1a.png,textures_pk,0.949064,0.949062,0.974355,0.991902,0.990119,0.949058,0.863427,16,35,10,13,25,13,10,13,10,18,15,19,5,21
pkw_wall04i.png,textures_pk,0.99969,0.999722,0.970155,0.999992,1.00424,0.999836,0.887654,16,35,10,13,31,13,14,15,12,18,16,19,6,21
pkw_wall07e.png,textures_pk,1.01771,1.01771,0.964695,0.999953,1.00697,1.01785,0.892861,15,34,7,12,31,14,13,15,12,19,11,19,6,20
her_inwall_1a.png,textures_pk,0.982024,0.982026,0.965025,0.996387,0.993456,0.981999,0.877297,4,7,1,3,7,2,2,3,2,3,3,4,1,4
pkw_wall06a.png,textures_pk,0.973987,0.973985,0.970735,0.995501,0.996396,0.973999,0.87423,16,36,7,13,30,13,12,13,11,19,12,21,6,21
pk_concrete05.png,textures_pk,0.94406,0.944058,0.974107,0.991552,0.989068,0.944046,0.860782,16,35,7,13,25,12,9,13,9,17,12,20,5,21
mod_labcab1b.png,textures_pk,1.48426,1.48879,1.17476,1.17449,1.24182,1.49111,1.17642,6,11,4,4,19,5,11,9,9,10,6,6,2,8
pkf_trim1a.png,textures_pk,0.970654,0.970702,0.957709,0.98428,0.980403,0.970348,0.869101,1,1,0,0,1,0,0,0,0,0,0,0,0,0
pk_chogroset1a.png,textures_pk,0.952554,0.952552,0.970161,0.991541,0.98991,0.952545,0.863825,16,37,8,14,26,13,11,14,10,19,12,22,6,21
pktilesang1b.png,textures_pk,1.00266,1.00266,0.960396,0.99514,1.00068,1.00275,0.886019,15,34,10,12,31,12,12,15,11,18,15,19,6,21
{pkf_shopgrate1.png,textures_pk,2.38004,2.50561,1.92527,1.86895,2.06276,2.47091,1.81383,2,2,0,1,4,0,3,2,2,1,2,1,1,1
!pkf_water1.png,textures_pk,1.02657,1.02658,0.952787,1.00309,1.00597,1.0266,0.899057,6,7,3,2,7,2,3,3,3,3,3,4,1,4
{pk_chleaves2d.png,textures_pk,2.408,2.6708,2.22655,2.21859,2.31262,2.54642,2.27054,3,6,3,3,8,2,5,4,4,4,5,3,1,4
SW_Window01a.png,textures_pk,1.20344,1.2037,1.0955,1.1554,1.15407,1.20305,1.03548,0,0,0,0,0,0,0,0,0,0,0,0,0,0
pkf_light2a.png,textures_pk,2.0492,2.14044,1.779,1.80407,1.87886,2.10042,1.70288,0,0,0,0,1,0,0,0,0,0,0,0,0,0
{blaztree2.png,textures_pk,1.67567,1.7776,1.70694,1.74559,1.75689,1.72637,1.58055,9,20,6,8,18,8,8,8,7,12,10,13,3,11
pk_chogroset1c.png,textures_pk,1.04276,1.04277,0.971433,1.00438,1.01529,1.04325,0.903493,15,32,7,12,33,13,15,14,13,19,11,18,6,20
pkf_vent1b.png,textures_pk,1.01537,1.01545,0.959063,1.00484,1.00028,1.01492,0.892062,0,1,0,0,1,0,0,0,0,0,0,0,0,1
SW_Wall01b.png,textures_pk,0.977998,0.977998,0.964029,0.993739,0.995694,0.978042,0.875266,16,34,11,12,28,13,11,13,10,18,15,19,5,21
pkw_wall07g.png,textures_pk,1.0072,1.00721,0.966589,0.999094,1.00496,1.00731,0.888885,15,33,7,12,31,13,13,14,12,18,12,19,6,21
pkw_wall06c.png,textures_pk,1.00038,1.00038,0.973161,1.00028,1.00468,1.00054,0.887761,16,36,12,13,31,14,12,13,12,20,16,21,6,22
pkf_door4a.png,textures_pk,1.04545,1.04547,0.95926,1.01031,1.01273,1.04561,0.911404,1,3,0,0,3,0,1,1,1,0,1,1,0,1
pkw_wall04k.png,textures_pk,1.00326,1.00338,0.973624,1.00233,1.00691,1.00349,0.89017,15,35,7,12,31,13,12,16,11,17,11,20,6,21
hwall5a.png,textures_pk,1.01201,1.01194,0.979448,1.00773,1.0117,1.01206,0.897068,6,13,2,5,10,5,5,5,4,6,4,7,2,8
mis_com1b.png,textures_pk,1.13009,1.13007,1.01459,1.04175,1.06297,1.13108,0.960267,7,15,2,6,16,6,8,8,7,9,5,7,3,10
mod_metfloor1c.png,textures_pk,0.945572,0.94557,0.97517,0.991514,0.989343,0.945564,0.861435,15,36,11,13,25,12,9,13,9,16,15,19,5,20
mod_lights1b.png,textures_pk,1.39367,1.39573,1.14954,1.21832,1.22165,1.39732,1.17386,0,0,0,0,0,0,0,0,0,0,0,0,0,0
mod_dotfloor2.png,textures_pk,0.96867,0.968682,0.988854,1.00187,0.999771,0.968734,0.87589,3,7,1,3,6,2,2,3,2,4,3,4,1,4
SW_Crate01.png,textures_pk,1.00565,1.00566,0.97382,1.00505,1.00457,1.00576,0.890413,3,7,1,2,7,2,3,3,3,3,2,4,1,4
pk_chinwpaper1b.png,textures_pk,0.985983,0.985986,0.975715,1.00046,0.999301,0.986181,0.879475,3,8,0,2,6,2,2,3,2,4,2,4,1,5
mazy_owall1a.png,textures_pk,1.36458,1.36486,1.07947,1.08344,1.1382,1.36858,1.10005,13,26,8,11,39,14,23,20,20,24,12,14,6,17
pkw_wall10c.png,textures_pk,0.987682,0.987682,0.971368,0.998308,1.0011,0.987794,0.88126,16,36,7,12,30,35,12,13,12,19,12,29,6,26
pkw_light01.png,textures_pk,1.04623,1.04708,0.973345,1.02417,1.00631,1.04561,0.920312,0,0,0,0,0,0,0,0,0,0,0,0,0,0
{SW_Tree05.png,textures_pk,1.69137,1.79679,1.72654,1.7618,1.77338,1.74367,1.59893,9,20,5,9,17,8,7,8,6,12,10,12,3,12
mod_labvent2a.png,textures_pk,1.38473,1.38482,1.19482,1.2465,1.27658,1.3855,1.13423,2,3,0,1,6,0,3,2,2,3,1,1,1,2
pkw_wall11g.png,textures_pk,0.987325,0.987323,0.965327,0.996457,0.999232,0.987383,0.879481,16,35,7,13,31,13,12,13,12,18,12,20,6,20
mis_trim2c.png,textures_pk,1.03221,1.03227,0.9594,0.983975,0.995544,1.03256,0.894006,0,1,0,0,1,0,0,0,0,0,0,0,0,0
pk_chinwall2k.png,textures_pk,1.07961,1.07958,0.968843,1.00879,1.02505,1.07992,0.92095,15,33,10,13,36,13,16,16,14,21,13,17,6,20
pkf_wall5e.png,textures_pk,1.17808,1.17805,1.01706,1.04375,1.07259,1.17991,0.983768,14,31,9,12,36,14,19,17,17,21,13,17,6,19
mod_metcrate1b.png,textures_pk,1.03808,1.03809,0.972224,1.01132,1.01451,1.03831,0.910022,3,7,2,2,7,2,3,3,3,3,3,3,1,4
pkf_wall4a.png,textures_pk,1.02621,1.02624,0.97961,1.00675,1.01539,1.02635,0.898477,15,42,6,12,31,13,13,14,12,19,11,24,6,20
{pk_chvines1b.png,textures_pk,2.43095,2.63765,2.04391,2.01916,2.13151,2.55024,2.21775,1,0,0,0,2,0,1,0,1,0,1,0,0,1
pk_chcomwood2a.png,textures_pk,0.969166,0.969169,0.962455,0.987206,0.986552,0.9691,0.868782,3,7,1,3,6,2,2,3,2,4,2,4,1,5
mis_generic1c.png,textures_pk,0.990568,0.990928,0.936264,0.988894,0.969085,0.989452,0.877714,0,0,0,0,0,0,0,0,0,0,0,0,0,0
pk_hlrmud1c.png,textures_pk,0.976978,0.976978,0.96209,0.992467,0.994398,0.977006,0.874453,16,36,7,12,30,13,12,15,11,18,11,20,6,21
pk_chinflw3d.png,textures_pk,1.01076,1.01076,0.971481,1.00003,1.00815,1.01083,0.887055,16,34,7,12,31,12,13,14,12,19,11,19,6,21
pkw_wooden01.png,textures_pk,0.975335,0.97547,0.938822,0.962802,0.9649,0.974774,0.862134,0,0,0,0,0,0,0,0,0,0,0,0,0,0
mazy_plate1a.png,textures_pk,1.44323,1.44364,1.11115,1.11588,1.17887,1.45034,1.14356,13,24,5,9,42,13,23,20,20,23,10,13,6,17
pkf_facility1e.png,textures_pk,1.07121,1.07123,0.986649,1.01634,1.03088,1.07156,0.921398,15,33,6,12,33,13,15,16,14,19,11,18,6,20
mod_labshelf1b.png,textures_pk,1.22848,1.22861,1.04877,1.08447,1.11666,1.22974,1.02042,2,4,1,1,8,1,3,2,2,2,2,1,1,3
pkf_containr1b.png,textures_pk,1.15961,1.15965,0.993303,1.0434,1.06131,1.16044,0.9719,3,6,1,2,10,3,4,4,4,4,2,3,1,4
mod_gratfloor1.png,textures_pk,0.945745,0.945747,0.974479,0.988934,0.985158,0.945697,0.860071,4,7,1,2,6,2,2,3,2,4,2,4,1,4
lamp2.png,textures_pk,5.20237,6.49987,5.2863,5.73223,5.87193,6.00489,5.38593,0,0,0,0,0,0,0,0,0,0,0,0,0,0
pkf_containr1c.png,textures_pk,1.08399,1.084,0.993675,1.01519,1.03425,1.08497,0.922713,7,16,5,6,16,6,8,11,7,14,7,8,3,43
pkw_ground01a.png,textures_pk,0.945544,0.945543,0.974146,0.991531,0.989093,0.945533,0.861419,17,38,8,15,26,13,10,13,10,19,12,23,6,21
pk_chinroof1a.png,textures_pk,0.985212,0.985215,0.971854,1.00163,1.00084,0.985136,0.879818,3,8,1,2,7,2,3,3,3,3,2,4,1,5
pkf_facility1d.png,textures_pk,1.04907,1.04903,0.985761,1.01268,1.02434,1.04924,0.911181,15,32,6,12,30,13,13,15,13,19,11,17,5,20
pk_chinflw2a.png,textures_pk,0.97146,0.971458,0.972604,0.992784,0.994143,0.971527,0.87075,16,36,12,13,28,13,11,13,10,18,16,21,6,22
pk_hlrmud1b.png,textures_pk,0.975509,0.975507,0.961976,0.992217,0.994094,0.975533,0.873618,15,35,11,12,29,13,11,12,10,18,15,19,5,21
mis_generic1b.png,textures_pk,1.12091,1.121,0.971441,1.03667,1.04004,1.12113,0.961653,0,1,0,0,2,0,0,0,0,0,0,0,0,0
pkf_wall5d.png,textures_pk,1.15828,1.15823,1.01622,1.0406,1.06672,1.16006,0.975192,14,31,9,11,35,13,18,17,15,20,13,17,6,19
pk_chinwall2j.png,textures_pk,1.08245,1.08241,0.970436,1.00981,1.02658,1.08275,0.922464,15,32,7,12,34,13,16,16,14,21,11,17,6,21
mis_trim2b.png,textures_pk,1.00876,1.00877,0.960638,0.990663,0.994859,1.00892,0.887669,1,3,1,0,3,0,1,1,1,1,2,1,0,1
mod_labtrim2a.png,textures_pk,1.13154,1.13161,1.00752,1.04519,1.06493,1.13119,0.953519,0,1,0,0,1,0,0,0,0,0,0,0,0,0
pkw_wall11f.png,textures_pk,0.979855,0.979854,0.966684,0.995326,0.997038,0.97989,0.876174,16,35,8,13,29,12,13,13,11,18,12,20,6,21
pkw_wall10b.png,textures_pk,0.98868,0.988684,0.970066,0.99806,1.00083,0.988807,0.881394,16,36,7,13,31,13,12,14,12,19,12,20,6,20
snowdoor1.png,textures_pk,1.0412,1.04117,0.992524,1.02496,1.02522,1.04139,0.915001,1,3,0,0,3,0,1,1,1,0,1,1,0,2
{SW_Tree04.png,textures_pk,1.63493,1.72219,1.61473,1.6461,1.66352,1.67906,1.51815,7,15,5,5,14,6,7,6,6,9,9,9,2,9
mod_electro1b.png,textures_pk,1.57477,1.57443,1.20729,1.18132,1.26203,1.58051,1.21649,12,23,6,8,39,11,23,18,19,21,10,13,6,16
mod_dotfloor3.png,textures_pk,0.937358,0.93736,0.978349,0.987945,0.986166,0.937315,0.856736,3,7,3,3,6,2,2,2,2,3,3,5,1,5
mod_metfloor1b.png,textures_pk,0.945722,0.94572,0.974952,0.991773,0.989513,0.94572,0.861848,16,35,6,13,25,13,9,13,9,17,11,19,5,21
pkw_wall04j.png,textures_pk,1.00626,1.00629,0.969918,1.0005,1.00588,1.00643,0.890781,16,35,6,12,30,13,13,15,12,18,11,19,6,20
pk_concrete06.png,textures_pk,0.951489,0.951487,0.970089,0.991776,0.990097,0.951482,0.863809,16,35,27,13,27,12,10,12,10,17,21,19,5,20
her_inwall_1b.png,textures_pk,0.968613,0.968615,0.963392,0.991798,0.987893,0.968572,0.870617,3,7,0,3,7,2,2,3,2,4,2,4,1,4
pkw_wall06b.png,textures_pk,0.989845,0.98986,0.972151,0.998676,1.00154,0.989964,0.882699,16,34,7,13,30,13,12,13,12,19,12,20,6,21
pkw_wall07f.png,textures_pk,1.00564,1.00564,0.964652,0.998951,1.00445,1.00573,0.887929,15,34,6,12,32,13,12,15,11,18,11,19,6,21
mod_labcab1a.png,textures_pk,1.37352,1.37351,1.10557,1.12086,1.17777,1.37554,1.09227,6,12,3,5,19,5,11,8,9,11,5,7,3,8
SW_Wall01c.png,textures_pk,0.993356,0.99336,0.964858,0.996014,0.99992,0.993458,0.883358,16,35,6,12,31,13,12,13,11,20,12,19,6,21
pktilesang1a.png,textures_pk,0.988546,0.988545,0.962264,0.994201,0.997799,0.988611,0.879414,15,35,11,12,30,13,13,14,11,18,15,20,6,21
{pkf_shopgrate2.png,textures_pk,1.6488,1.66365,1.32082,1.40704,1.47258,1.66635,1.30888,2,5,1,2,8,2,3,3,3,3,2,2,1,3
pk_chogroset1b.png,textures_pk,1.01011,1.0101,0.974045,1.00136,1.00775,1.0104,0.889379,15,34,7,12,30,12,12,14,12,19,11,19,6,20
{blaztree3.png,textures_pk,1.63753,1.73169,1.65166,1.70171,1.7125,1.68395,1.53418,9,21,8,8,18,7,8,9,7,11,12,32,3,12
pkf_trim1b.png,textures_pk,0.970654,0.970702,0.957709,0.98428,0.980403,0.970348,0.869101,1,1,0,0,1,0,0,0,0,0,0,0,0,1
SW_Window01b.png,textures_pk,1.26985,1.27034,1.10913,1.1656,1.17045,1.27034,1.06834,0,0,0,0,0,0,0,0,0,0,0,0,0,0
mod_labwall02b.png,textures_pk,1.45456,1.45488,1.1984,1.21766,1.26537,1.45756,1.16637,3,5,2,2,9,2,4,4,4,4,3,2,1,4
pkw_wall03i.png,textures_pk,1.00298,1.00296,0.96549,0.997762,1.00294,1.00312,0.887747,15,34,11,12,31,13,13,15,12,18,15,19,6,20
pkf_sign6.png,textures_pk,1.07115,1.0712,0.992574,1.0302,1.03397,1.07129,0.932242,1,3,1,1,3,0,1,1,1,0,2,1,0,1
pke_tuwall01d.png,textures_pk,1.0265,1.0265,0.961625,0.99946,1.00813,1.02667,0.896895,16,33,11,12,33,13,14,15,12,19,15,18,6,20
mod_sigb.png,textures_pk,1.05377,1.05418,0.953519,1.02451,1.0047,1.05246,0.91681,0,0,0,0,0,0,0,0,0,0,0,0,0,0
pkw_wall01a.png,textures_pk,0.968889,0.968888,0.968197,0.993978,0.994502,0.968888,0.871074,35,36,8,13,29,12,11,13,11,18,12,21,6,21
pkf_inwall3a.png,textures_pk,1.07394,1.07395,0.972479,1.02178,1.0294,1.07418,0.927234,3,9,2,2,8,3,4,35,4,5,3,4,1,5
pk_chwall3.png,textures_pk,1.05233,1.05233,0.96711,1.00375,1.0163,1.05254,0.90798,15,33,9,12,34,13,15,15,13,19,14,18,6,21
SW_Roof02.png,textures_pk,1.13019,1.13574,1.05603,1.10247,1.0974,1.13388,1.00033,0,1,0,0,1,0,0,0,0,0,0,0,0,0
hWall2c.png,textures_pk,1.08507,1.0852,1.01299,1.0303,1.04967,1.08579,0.944557,11,24,7,9,24,10,11,12,10,15,10,13,4,14
pk_metalpipe01b.png,textures_pk,1.06373,1.06374,0.960186,1.00179,1.0164,1.06407,0.916917,16,34,7,12,35,14,16,16,15,20,11,21,6,21
mod_screens1b.png,textures_pk,1.31469,1.31454,1.11885,1.14054,1.18151,1.31852,1.08242,3,6,0,2,8,2,4,3,4,4,2,4,2,4
pkw_wall02be.png,textures_pk,0.984019,0.983999,0.96635,0.994912,0.997399,0.984054,0.877952,15,34,7,12,29,13,12,13,11,17,11,19,5,21
pkf_tilewall1d2.png,textures_pk,1.11649,1.11644,0.999937,1.03003,1.05033,1.11718,0.950253,14,31,9,12,35,13,18,17,16,21,14,19,6,21
pkf_mud2.png,textures_pk,0.974189,0.974188,0.961368,0.991961,0.993512,0.974211,0.872517,16,38,6,15,52,14,11,13,10,20,12,22,6,21
pkf_wall1k.png,textures_pk,1.05933,1.05941,0.984281,1.01551,1.02784,1.0598,0.920968,15,32,7,12,31,13,15,15,13,19,11,18,5,20
pkf_wall3c.png,textures_pk,1.05773,1.05774,0.973521,1.0105,1.02284,1.05811,0.91481,15,33,9,12,34,13,15,16,13,20,14,18,6,20
her_rock_1b.png,textures_pk,0.976396,0.976396,0.961555,0.992507,0.994304,0.976424,0.874066,15,35,6,12,29,12,12,13,11,17,11,18,5,21
pk_chinpillow1b.png,textures_pk,1.04699,1.04709,0.987176,1.03111,1.02353,1.04706,0.921943,0,1,0,0,2,0,0,0,0,0,0,0,0,0
mod_labwall01ta.png,textures_pk,1.47719,1.4777,1.15432,1.20079,1.25529,1.48017,1.18259,0,0,0,0,2,0,0,0,0,0,0,0,0,0
pkf_wall2g.png,textures_pk,1.12236,1.12232,1.00004,1.02911,1.05076,1.12318,0.951149,14,31,10,11,36,13,17,16,14,21,14,17,6,19
mod_metal1b.png,textures_pk,1.00464,1.00464,0.954189,0.993738,0.999863,1.00472,0.885578,15,32,6,12,30,13,13,15,12,19,11,17,5,21
mod_door2b.png,textures_pk,1.18357,1.18375,1.02648,1.06796,1.08612,1.18552,0.99874,3,6,1,2,9,3,3,3,3,4,2,3,1,4
pkw_door02b.png,textures_pk,0.984039,0.984054,0.963042,0.993918,0.987935,0.98395,0.878522,2,3,1,0,3,0,1,1,1,1,1,1,0,1
pkf_tiles1a.png,textures_pk,0.988367,0.988366,0.967807,0.995688,0.999709,0.988447,0.878928,15,33,6,13,29,12,12,13,11,18,44,18,5,21
pk_conbuild01d.png,textures_pk,1.04946,1.04947,0.965576,1.00215,1.01433,1.0497,0.90989,15,32,9,13,34,14,15,15,13,19,14,17,6,20
pk_chcomcar1a.png,textures_pk,0.946965,0.946964,0.972886,0.991435,0.98922,0.946955,0.861806,16,37,7,14,27,13,9,13,9,18,12,21,6,22
pkw_door02c.png,textures_pk,0.998431,0.998446,0.960173,0.996897,0.992779,0.9984,0.88461,2,3,0,0,3,0,1,1,1,0,0,1,0,2
mod_labtrim3.png,textures_pk,1.10596,1.10613,1.00825,1.04496,1.05771,1.10523,0.948917,0,0,0,0,0,0,0,0,0,0,0,0,0,0
pkf_roof2a.png,textures_pk,1.0338,1.03374,0.972821,1.00746,1.0164,1.03407,0.90433,15,33,7,12,31,14,13,14,12,19,11,19,5,20
pkw_winlay11b.png,textures_pk,3.93815,5.35113,5.32903,5.39915,5.42679,4.5393,4.80914,3,6,3,3,4,1,2,2,1,2,8,5,1,3
pkw_gwall03a.png,textures_pk,0.959106,0.959095,0.96678,0.991591,0.990804,0.9591,0.866524,16,36,11,13,28,13,11,14,10,18,16,20,6,20
pk_chouttil1b.png,textures_pk,0.988233,0.988241,0.972638,1.00092,1.00391,0.988354,0.882813,15,34,11,13,28,13,11,14,10,17,15,18,5,21
mod_labwall01bM.png,textures_pk,9.66703,43.3571,36.7414,37.8511,38.5326,15.8047,35.7949,0,0,4,0,1,0,0,0,0,0,8,1,0,0
mod_labroof2.png,textures_pk,1.11373,1.11371,1.00548,1.05176,1.06475,1.11388,0.950523,3,6,1,2,8,2,4,3,4,3,3,4,1,4
pkf_wall2f.png,textures_pk,1.06941,1.06941,0.980325,1.01444,1.02892,1.06965,0.919957,15,33,9,12,33,13,15,16,13,19,14,18,6,20
pkf_wall3b.png,textures_pk,1.04803,1.04805,0.97427,1.00941,1.02019,1.04837,0.91195,15,34,16,12,31,13,15,14,13,19,14,19,5,20
pkf_wall1j.png,textures_pk,1.12519,1.12521,0.998149,1.0291,1.05075,1.12628,0.95345,14,32,9,11,36,14,16,16,15,21,14,17,6,20
mod_comwall1a.png,textures_pk,1.13667,1.13667,1.0042,1.0341,1.06174,1.13668,0.944942,14,31,7,11,35,13,16,17,14,21,11,18,6,20
pk_chindoor1.png,textures_pk,0.970976,0.97099,0.962811,0.988462,0.983738,0.970837,0.869601,1,3,0,0,2,0,0,1,0,0,2,1,0,1
pkw_wall02bd.png,textures_pk,0.990114,0.990093,0.964522,0.994732,0.998156,0.990162,0.880092,15,35,6,12,29,12,12,13,11,18,12,19,5,21
pktilesang1ta.png,textures_pk,0.989746,0.98976,0.948715,0.982043,0.984236,0.989706,0.877143,2,3,0,0,3,0,1,1,1,1,0,1,0,1
hGround02.png,textures_pk,0.932361,0.93236,0.981781,0.991738,0.988539,0.932346,0.856675,15,35,10,13,24,12,8,11,7,15,15,19,5,21
pkh_wall01a.png,textures_pk,0.924083,0.924082,0.993101,0.995292,0.995014,0.924079,0.855331,72,162,38,63,98,55,39,50,39,80,57,103,29,91
hRails01.png,textures_pk,1.00045,1.00046,0.964677,0.996712,1.00158,1.00054,0.886141,16,33,10,12,29,13,12,15,11,19,14,18,5,21
her_floor_2.png,textures_pk,0.95573,0.955732,0.966285,0.991427,0.986517,0.955695,0.864977,4,7,2,3,7,2,2,3,2,4,4,5,1,5
hWall2b.png,textures_pk,1.06768,1.06781,1.01189,1.03448,1.04456,1.06824,0.93742,6,13,2,5,11,5,5,6,4,7,4,8,2,7
mod_celfloor1a.png,textures_pk,0.977862,0.977865,0.966812,0.9987,0.994897,0.977994,0.877174,3,7,0,6,7,4,2,3,2,3,2,4,1,15
mod_gratfloor2a.png,textures_pk,1.01896,1.01896,0.984508,1.00157,1.01272,1.01945,0.88992,15,34,10,13,28,13,13,14,12,20,15,19,5,21
pk_chwall2.png,textures_pk,1.00824,1.00824,0.967626,1.00077,1.00637,1.00833,0.889401,15,35,6,14,30,14,12,15,11,19,11,19,5,21
pkw_metal.png,textures_pk,1.00399,1.00399,0.956756,0.997843,0.998296,1.00401,0.887731,3,7,1,2,7,2,3,3,3,3,3,4,1,4
pke_tuwall01e.png,textures_pk,1.06254,1.06256,0.973034,1.00949,1.02278,1.06311,0.91706,15,33,6,12,34,14,16,16,15,21,11,19,6,20
pk_chrock1.png,textures_pk,0.965805,0.965803,0.964625,0.991951,0.992187,0.965817,0.869289,16,35,7,13,29,12,11,13,10,18,12,20,6,22
pkf_sign7.png,textures_pk,1.10903,1.10911,1.00792,1.04334,1.05859,1.11028,0.952697,3,7,1,2,8,3,3,3,3,4,3,4,1,4
pkw_trim06.png,textures_pk,1.00468,1.00469,0.965895,0.989785,0.996281,1.00464,0.884793,2,3,0,0,3,0,1,1,1,1,0,1,0,1
pkf_roadsign1.png,textures_pk,0.999919,1.00028,0.953704,0.991128,0.979631,0.998781,0.886548,0,0,0,0,0,0,0,0,0,0,0,0,0,0
pkf_door3b.png,textures_pk,1.08333,1.08335,0.986226,1.03536,1.04257,1.08338,0.934218,1,2,0,0,3,0,1,2,1,0,1,1,0,1
pkw_wall03h.png,textures_pk,1.00975,1.00973,0.966545,0.998292,1.00442,1.00991,0.890786,15,34,10,12,31,13,13,15,12,18,15,19,6,21
mod_labroof1b.png,textures_pk,1.09122,1.09122,0.98466,1.01848,1.03963,1.09128,0.923387,14,32,6,12,34,13,16,15,14,22,11,18,6,20
pk_chcobb1b.png,textures_pk,0.981014,0.981013,0.960837,0.992889,0.995509,0.981053,0.875571,16,35,11,12,30,13,12,13,11,18,15,19,6,20
pk_chcrowall1a.png,textures_pk,0.953122,0.95312,0.969773,0.991359,0.989915,0.953111,0.864177,16,35,12,13,27,12,9,12,9,18,16,20,6,20
mod_labwall02c.png,textures_pk,1.47485,1.47528,1.21486,1.23075,1.28053,1.47883,1.17856,3,5,1,2,8,2,4,4,4,4,3,2,1,4
pkw_barrel03b.png,textures_pk,0.98462,0.984623,0.958185,0.995942,0.993331,0.984591,0.878846,4,7,2,2,7,2,2,3,2,4,4,4,1,4
pkev_ciwall_1a.png,textures_pk,0.925071,0.92507,0.991989,0.995114,0.99399,0.925067,0.855598,71,162,37,60,99,55,37,49,37,77,55,99,28,87
pkf_concrete5b.png,textures_pk,0.957634,0.957635,0.972802,0.994116,0.993076,0.957642,0.867196,16,35,6,12,26,12,9,13,9,17,11,19,5,21
pkwall1b.png,textures_pk,0.924624,0.924624,0.992911,0.995254,0.994402,0.924622,0.855637,76,182,64,63,102,55,41,51,40,82,82,105,31,90
pkw_winlay07b.png,textures_pk,4.15433,5.74195,5.41484,5.49985,5.58468,4.83001,4.95457,3,6,5,2,6,2,2,2,2,3,9,4,1,2
mis_beam1a.png,textures_pk,1.89564,2.05602,1.95982,2.01207,2.02279,1.97384,1.80616,4,7,1,2,7,2,3,4,3,3,5,4,1,4
mod_labwall02a.png,textures_pk,1.56651,1.56713,1.23832,1.25513,1.3166,1.57181,1.23401,3,6,1,2,8,2,5,4,4,5,2,2,1,4
mod_labsideligh.png,textures_pk,1.25728,1.25905,1.08806,1.12985,1.14758,1.26368,1.06455,0,1,0,0,1,0,0,1,0,0,0,0,0,0
pk_chcrowall1c.png,textures_pk,0.957089,0.957087,0.970529,0.992165,0.991622,0.95709,0.866811,16,37,14,14,27,13,11,13,10,18,16,21,6,21
pkf_roadsign3.png,textures_pk,1.027,1.02738,0.960338,1.00012,0.993652,1.02592,0.900847,0,0,0,0,0,0,0,0,0,0,0,0,0,0
pkw_wall03j.png,textures_pk,1.00447,1.00446,0.966222,0.997621,1.00303,1.00461,0.888009,15,34,10,12,31,13,13,15,12,18,15,19,6,21
pkw_trim04.png,textures_pk,0.996877,0.996927,0.956004,0.990868,0.988079,0.996664,0.881255,1,1,0,0,2,0,0,0,0,0,0,0,0,0
pkf_sign5.png,textures_pk,0.97723,0.977245,0.951982,0.97757,0.979494,0.977114,0.869708,1,3,0,0,3,0,1,1,1,0,0,1,0,2
pkf_inwall3b.png,textures_pk,1.11358,1.11361,0.98073,1.03016,1.04286,1.11403,0.950697,3,7,0,2,9,2,3,4,3,3,2,3,1,4
pkw_wall01b.png,textures_pk,0.972354,0.972354,0.967766,0.994125,0.995035,0.972365,0.872674,16,39,11,14,29,13,11,14,11,19,17,22,6,21
mod_siga.png,textures_pk,1.01713,1.01751,0.947782,1.00474,0.984458,1.01587,0.897753,0,0,0,0,0,0,0,0,0,0,0,0,0,0
pk_metalpipe01a.png,textures_pk,1.06198,1.06199,0.953623,0.999312,1.01397,1.06221,0.913383,15,73,10,14,37,13,16,18,14,22,14,23,6,22
hWall4.png,textures_pk,1.01101,1.01098,0.973009,1.00464,1.00847,1.0111,0.893967,6,13,2,4,10,5,5,5,4,8,4,7,2,8
SW_Roof01.png,textures_pk,1.02293,1.02304,0.971124,1.01429,1.00652,1.02293,0.904943,1,1,0,0,1,0,0,0,0,0,0,0,0,0
mod_celfloor1c.png,textures_pk,1.00711,1.00711,0.975875,1.00653,1.01165,1.00749,0.894213,15,33,6,13,29,13,13,14,12,18,11,19,5,23
pkh_wall01c.png,textures_pk,0.923719,0.923718,0.993494,0.995358,0.995676,0.923714,0.855238,76,167,41,63,101,56,41,54,41,85,58,106,30,96
mod_screens1a.png,textures_pk,1.56481,1.56544,1.25558,1.25,1.32139,1.57467,1.25403,3,6,1,2,12,3,5,3,4,4,2,3,1,4
pkw_wall02bf.png,textures_pk,0.978217,0.978197,0.967581,0.994751,0.99645,0.978242,0.875169,17,35,7,13,30,13,11,13,10,18,11,19,5,21
pkf_wall1h.png,textures_pk,1.17651,1.17665,1.02941,1.05548,1.08305,1.17819,0.989805,7,14,3,5,19,5,8,9,7,10,5,7,3,9
pkf_mud1.png,textures_pk,0.974189,0.974188,0.961368,0.991961,0.993512,0.974211,0.872517,16,37,7,13,29,14,11,13,10,19,11,21,6,22
pkf_wall2d.png,textures_pk,1.07846,1.07846,0.973422,1.00997,1.0267,1.0788,0.921317,15,33,7,13,35,15,16,15,14,22,11,19,6,19
mod_labwall01tb.png,textures_pk,1.27538,1.27571,1.04354,1.09807,1.12791,1.27581,1.05427,0,0,0,0,1,0,0,0,0,0,0,0,0,0
pk_chinpillow1a.png,textures_pk,1.03404,1.03414,0.98303,1.02541,1.01721,1.03403,0.914235,0,1,0,0,1,0,0,0,0,0,0,0,0,0
mod_metal1a.png,textures_pk,0.958643,0.958641,0.967417,0.991814,0.991143,0.958643,0.86653,15,35,6,13,26,12,10,13,9,17,12,18,5,21
her_rock_1a.png,textures_pk,0.954774,0.954772,0.969771,0.991784,0.990493,0.954773,0.865295,16,36,7,13,26,12,11,14,10,18,12,19,5,21
pkf_roof2c.png,textures_pk,1.01949,1.01949,0.973114,1.00673,1.01351,1.01975,0.897366,15,33,7,12,30,25,13,16,12,19,11,18,5,23
pkf_tiles1b.png,textures_pk,0.977036,0.977034,0.967516,0.993954,0.996055,0.977073,0.874208,15,35,10,13,29,12,10,13,10,17,15,18,5,21
mod_labelev1b.png,textures_pk,1.21041,1.21053,1.02412,1.06395,1.08794,1.21213,1.01589,3,6,2,2,9,2,4,4,4,4,3,3,1,4
pkw_door02a.png,textures_pk,0.995882,0.995766,0.96091,0.997428,0.99295,0.995872,0.884379,1,3,1,0,3,0,1,15,1,20,2,1,0,1
mod_labtrim1.png,textures_pk,1.08433,1.08435,1.00411,1.01433,1.03728,1.08464,0.922878,2,3,1,0,3,0,1,1,1,0,1,1,0,2
mod_door2a.png,textures_pk,1.19749,1.19768,1.02898,1.07178,1.09141,1.1997,1.00697,3,6,1,2,9,2,4,4,4,4,3,3,1,4
pk_chcomcar1b.png,textures_pk,0.945013,0.945011,0.974062,0.991556,0.989013,0.945,0.860997,16,36,11,14,26,12,9,13,9,17,16,20,5,21
{pk_chcomwood1.png,textures_pk,1.79005,1.90006,1.77632,1.74048,1.79966,1.84881,1.7346,9,18,6,8,17,8,10,9,9,11,10,11,3,10
pk_chcomcar1c.png,textures_pk,0.948418,0.948416,0.971808,0.991462,0.989442,0.948411,0.862247,16,36,12,13,26,12,9,13,9,17,16,20,5,21
pkw_winlay11a.png,textures_pk,5.06643,7.99902,8.00379,8.0972,8.11407,6.20405,7.20268,2,4,5,2,3,1,1,1,1,2,8,4,0,2
pkf_roof2b.png,textures_pk,1.05652,1.0565,0.97268,1.01113,1.02327,1.05691,0.914023,15,32,7,12,33,13,15,15,13,19,11,17,5,19
pk_chouttil1a.png,textures_pk,0.989516,0.989523,0.974082,1.00133,1.00429,0.989645,0.884273,16,34,6,12,28,13,12,13,11,19,11,19,5,21
pkw_gwall03b.png,textures_pk,0.975233,0.975213,0.969123,0.995006,0.996131,0.975245,0.874273,16,36,8,12,30,12,12,13,11,20,12,20,6,21
pkf_wall3a.png,textures_pk,1.009,1.00901,0.970456,1.00286,1.00813,1.0091,0.892589,15,36,10,14,30,14,13,14,12,19,15,21,5,21
pkf_grass1.png,textures_pk,0.949187,0.949186,0.972993,0.991646,0.989669,0.949186,0.862711,17,37,12,13,27,13,10,13,9,18,16,22,6,21
pkf_wall2e.png,textures_pk,1.09845,1.09845,0.974273,1.01169,1.03157,1.09888,0.929701,15,32,7,12,37,13,17,17,16,21,11,18,6,20
SW_Cobble01.png,textures_pk,0.971624,0.971939,0.975961,0.998132,0.995015,0.971829,0.87889,4,7,0,2,6,2,2,3,2,3,2,4,1,4
pkf_wall1i.png,textures_pk,1.09418,1.09415,0.989249,1.02118,1.03865,1.09502,0.93596,15,32,9,11,36,15,16,17,14,21,14,18,6,39
mod_comwall1b.png,textures_pk,1.14313,1.14302,0.990521,1.02664,1.05301,1.1433,0.951852,14,30,9,11,37,14,18,18,16,22,13,17,6,21
pktilesang1tb.png,textures_pk,0.975369,0.975388,0.951466,0.979343,0.979577,0.975301,0.869824,2,3,0,0,2,0,1,1,1,1,1,1,0,1
pkw_wall02bg.png,textures_pk,0.984522,0.984522,0.966612,0.99541,0.998051,0.984562,0.878467,15,35,7,13,62,13,12,13,11,19,11,19,5,21
her_floor_1.png,textures_pk,0.939539,0.939538,0.976524,0.991355,0.988432,0.939524,0.859127,16,35,7,13,24,12,9,12,9,18,11,18,5,22
hGround01.png,textures_pk,0.958278,0.958276,0.968248,0.991799,0.99091,0.958273,0.866525,15,36,11,14,27,13,11,13,10,18,15,20,5,23
pkh_wall01b.png,textures_pk,0.923956,0.923955,0.993249,0.995317,0.99527,0.923952,0.855299,74,162,63,63,99,55,40,50,40,80,80,106,30,90
mod_gratfloor2b.png,textures_pk,0.995136,0.995134,0.982291,0.99774,1.0048,0.995434,0.8804,16,36,8,13,27,13,12,13,11,19,11,19,5,20
mod_celfloor1b.png,textures_pk,1.01739,1.01739,0.967592,1.00931,1.01001,1.01773,0.897743,3,7,2,2,7,2,3,4,3,3,3,4,1,4
pke_tuwall01f.png,textures_pk,1.06595,1.06596,0.970369,1.00821,1.02225,1.06649,0.916291,15,33,6,12,34,13,16,16,14,20,11,20,6,20
pkw_wall01c.png,textures_pk,0.972325,0.972333,0.968257,0.994378,0.995353,0.972356,0.873562,16,37,7,15,30,13,12,13,12,19,12,22,6,21
pkf_inwall3c.png,textures_pk,1.12947,1.12944,0.980792,1.03379,1.04875,1.12999,0.958171,3,7,2,2,8,2,3,3,3,4,3,3,1,5
pk_chcobb1a.png,textures_pk,0.969836,0.969834,0.963566,0.991774,0.992767,0.969845,0.870885,16,40,7,13,29,13,12,12,11,18,12,20,6,20
mod_labroof1a.png,textures_pk,1.05012,1.05011,0.974843,1.01087,1.02367,1.05016,0.906882,16,32,7,12,33,13,15,14,13,19,11,18,6,20
pkf_sign4.png,textures_pk,1.07357,1.07357,0.990227,1.02512,1.03741,1.07371,0.929296,3,7,1,3,8,2,3,3,3,3,4,4,1,4
pkw_trim05.png,textures_pk,0.978461,0.97851,0.947472,0.965478,0.974948,0.978286,0.865543,1,1,0,0,1,0,0,0,0,0,0,1,0,0
pkw_wall03k.png,textures_pk,1.0057,1.00571,0.965875,0.998188,1.00373,1.00584,0.889184,15,35,10,12,32,12,13,14,12,19,15,19,6,22
pkf_roadsign2.png,textures_pk,1.0168,1.01718,0.956674,0.995907,0.987384,1.01571,0.895431,0,0,0,0,0,0,0,0,0,0,0,0,0,0
pkf_door3a.png,textures_pk,1.05596,1.05598,0.975446,1.02247,1.02789,1.05582,0.91529,1,3,0,0,3,0,1,1,1,0,1,1,0,1
pkw_barrel03a.png,textures_pk,1.00393,1.00393,0.958879,1.00035,1.00004,1.00397,0.889096,3,7,2,3,7,2,3,3,3,4,4,4,1,4
pk_chcrowall1b.png,textures_pk,0.966574,0.966573,0.96585,0.99223,0.992623,0.966586,0.87053,16,36,12,13,28,13,11,45,11,21,16,20,6,21
pkf_concrete5a.png,textures_pk,0.950412,0.950413,0.972079,0.991747,0.989948,0.950411,0.863469,15,35,7,12,26,12,10,12,10,17,11,19,5,21
pkw_winlay07a.png,textures_pk,5.24568,8.42839,7.94243,8.10796,8.20807,6.47312,7.27474,2,4,5,2,3,1,1,1,1,2,8,4,0,1
pkwall1a.png,textures_pk,0.923787,0.923786,0.993407,0.995349,0.995351,0.923783,0.855266,72,161,40,62,100,55,40,51,40,79,56,103,30,89
pkf_inwall2.png,textures_pk,1.07359,1.0736,0.973948,1.0231,1.03046,1.07377,0.928408,4,7,1,2,8,2,4,3,4,4,3,3,1,4
pkw_barrel02a.png,textures_pk,0.991653,0.9916,0.959698,0.998375,0.996445,0.991642,0.883,3,7,2,2,8,2,3,3,3,3,2,4,1,4
mis_wall1a.png,textures_pk,0.990204,0.990197,0.974502,0.998676,1.00227,0.99027,0.881592,15,35,6,13,29,13,12,13,11,17,11,19,5,21
pkw_wall01g.png,textures_pk,0.973538,0.973537,0.967341,0.994058,0.995147,0.973552,0.87315,16,37,12,13,29,12,11,14,10,18,16,21,6,38
pke_tuwall01b.png,textures_pk,1.03778,1.03778,0.96554,1.00249,1.01273,1.03808,0.903061,16,32,7,12,33,13,15,16,14,19,11,19,6,20
hwoods2.png,textures_pk,1.02944,1.02947,0.967416,1.00211,1.00734,1.02958,0.903949,2,7,0,2,6,2,2,4,1,3,1,3,1,3
pkf_door2a.png,textures_pk,1.05297,1.05304,0.966323,1.01657,1.0196,1.05304,0.91541,1,3,0,0,3,0,2,1,1,0,0,1,0,1
pkw_wall011.png,textures_pk,0.973914,0.973894,0.968645,0.994985,0.996033,0.973916,0.873576,16,36,8,13,30,13,11,13,10,18,12,20,6,22
pkf_woodtrim1b.png,textures_pk,0.984512,0.984527,0.955256,0.979782,0.981328,0.984472,0.872286,1,3,1,0,3,0,1,1,1,1,1,1,0,1
pkw_arch03.png,textures_pk,1.05076,1.05076,0.962288,1.00026,1.01277,1.05103,0.91192,15,34,10,12,36,13,15,15,14,19,14,19,6,21
pkh_window01b.png,textures_pk,0.929247,0.929246,0.98369,0.989919,0.987967,0.929215,0.854998,9,18,7,6,13,5,5,5,5,8,9,11,3,10
mod_celfloor1f.png,textures_pk,1.01161,1.01162,0.969642,1.0098,1.0092,1.01193,0.897002,4,7,2,3,7,2,3,3,3,4,3,4,1,5
hWall1.png,textures_pk,1.17435,1.17473,1.04372,1.0623,1.08832,1.17563,0.999541,14,30,5,11,33,13,17,16,15,20,10,17,5,19
mod_striptrim1b.png,textures_pk,1.05653,1.05659,0.99291,1.02697,1.02707,1.05705,0.923832,1,1,0,0,1,0,0,0,0,0,0,0,0,0
pkw_pave01a.png,textures_pk,0.972445,0.97245,0.963045,0.988832,0.987727,0.972424,0.872148,4,7,0,3,7,2,2,4,4,4,3,4,1,4
pkw_wall02bc.png,textures_pk,0.987905,0.987904,0.965213,0.99514,0.99826,0.987951,0.879165,15,34,10,13,29,14,12,14,11,18,15,20,5,21
pkf_road2a.png,textures_pk,0.970424,0.970415,0.968554,0.993974,0.994509,0.970471,0.872769,15,35,11,13,28,13,10,13,10,17,14,18,5,21
her_trim_3.png,textures_pk,0.962986,0.963,0.959845,0.981837,0.980696,0.962844,0.865276,1,4,1,1,2,0,0,1,0,1,1,1,0,1
pkf_wall2a.png,textures_pk,1.02131,1.02131,0.972434,1.00356,1.01146,1.02136,0.895313,15,33,6,12,31,14,13,15,12,19,11,18,5,20
pkf_wall3e.png,textures_pk,1.00698,1.00683,0.975172,1.00365,1.0077,1.00706,0.893762,7,15,5,6,14,5,5,7,5,7,7,8,3,10
mod_celwall1a.png,textures_pk,1.23025,1.23035,1.01851,1.05674,1.09234,1.23126,1.00801,14,30,5,12,38,13,19,19,17,22,11,17,6,18
pkf_wall1m.png,textures_pk,1.10398,1.10403,0.996847,1.02725,1.04544,1.10494,0.94541,14,31,6,12,35,13,16,15,14,20,11,17,6,21
pkw_winlay10a.png,textures_pk,6.47504,12.6257,11.494,11.7851,11.9367,8.56876,10.7821,1,2,4,2,3,1,1,0,1,1,8,3,0,1
pkf_roof3b.png,textures_pk,1.17047,1.17054,0.989977,1.03092,1.05957,1.17179,0.974003,14,30,9,12,39,13,19,18,17,21,13,17,6,20
pkground1a.png,textures_pk,0.923715,0.923714,0.993479,0.995368,0.99552,0.923711,0.855241,73,165,40,63,99,55,41,51,41,80,57,109,31,90
pkw_gwall02b.png,textures_pk,0.961949,0.961939,0.966766,0.992043,0.99168,0.961956,0.868004,16,37,8,13,29,12,11,12,10,19,12,20,6,20
pk_conbuild01b.png,textures_pk,1.02741,1.02742,0.964779,0.998979,1.00799,1.02758,0.898559,15,33,7,12,32,13,14,15,13,19,11,18,5,20
pk_chmarb1b.png,textures_pk,0.970908,0.970911,0.959787,0.99299,0.988854,0.970887,0.871822,3,7,1,2,7,2,3,3,3,4,3,5,1,5
mod_light1b.png,textures_pk,1.1029,1.10298,1.01267,1.0408,1.05084,1.10408,0.943091,0,1,0,0,1,0,0,0,0,0,0,0,0,0
mod_labtrim4.png,textures_pk,1.14876,1.14895,1.01359,1.04757,1.07272,1.14796,0.964408,0,0,0,0,0,0,0,0,0,0,0,0,0,0
mod_labtrim5.png,textures_pk,1.34171,1.34164,1.08227,1.1035,1.15671,1.34373,1.09285,30,5,1,2,18,2,5,3,4,4,2,2,1,4
SW_Door02.png,textures_pk,1.04893,1.04889,0.98544,1.02041,1.02372,1.04917,0.914277,1,3,0,0,3,0,1,1,1,0,0,1,0,1
{pkw_fence.png,textures_pk,2.84333,3.31166,2.73226,2.79561,2.93412,3.07572,2.66156,1,1,0,0,2,0,1,1,1,0,2,1,0,1
pk_conbuild01c.png,textures_pk,1.02603,1.02604,0.961454,0.99878,1.00766,1.02615,0.897594,15,33,7,12,33,13,13,16,12,19,11,18,5,20
mod_thinlightb.png,textures_pk,2.6331,2.82418,2.36683,2.42451,2.54199,2.73143,2.25489,0,0,0,0,0,0,0,0,0,0,0,0,0,0
pk_concrete02b.png,textures_pk,0.970611,0.97061,0.96484,0.992366,0.993141,0.970621,0.87179,15,34,7,14,28,13,11,13,10,17,11,18,5,20
pk_chmetal1b.png,textures_pk,0.986217,0.98618,0.959716,0.992678,0.99505,0.986256,0.879041,8,16,5,5,14,5,5,6,5,7,7,8,2,9
pkf_wall1l.png,textures_pk,1.08903,1.08911,0.994024,1.02416,1.04034,1.08973,0.938387,15,32,10,12,33,13,16,16,14,20,14,17,6,20
pkf_wall3d.png,textures_pk,1.07901,1.07902,0.9768,1.0139,1.0293,1.07949,0.925022,15,32,7,12,34,14,15,16,13,21,11,17,6,20
her_trim_2.png,textures_pk,0.958703,0.958717,0.956725,0.979743,0.977303,0.958568,0.862747,1,3,1,1,2,0,0,1,0,1,2,1,0,1
mod_labtrim8b.png,textures_pk,1.12022,1.12025,1.00873,1.04103,1.06147,1.1202,0.953713,1,3,0,0,3,0,1,1,1,0,1,1,0,1
pkw_wall02bb.png,textures_pk,0.982647,0.982646,0.965666,0.994687,0.996972,0.982675,0.877047,15,35,10,13,28,13,12,13,11,18,15,19,5,21
pk_chinvebeam1a.png,textures_pk,0.958895,0.959026,0.937657,0.960488,0.962142,0.95839,0.854936,0,0,0,0,0,0,0,0,0,0,0,0,0,0
mod_celfloor1g.png,textures_pk,1.07008,1.07005,0.975819,1.01702,1.03042,1.07078,0.927433,8,16,2,5,17,6,7,8,6,8,6,8,3,9
pk_chroofs1a.png,textures_pk,1.03371,1.03372,0.966289,0.997944,1.0068,1.03364,0.900814,2,3,0,0,3,0,1,1,1,1,0,1,0,1
pk_chinflc1b.png,textures_pk,0.990061,0.990051,0.977175,1.00445,1.00733,0.990127,0.884045,7,16,3,6,14,5,6,7,5,7,5,8,2,10
pkf_sign1.png,textures_pk,1.03903,1.03904,0.979038,1.0109,1.01965,1.0393,0.909818,7,16,3,5,15,6,7,6,6,8,5,10,3,10
pke_tuwall01c.png,textures_pk,1.05187,1.05188,0.969727,1.00603,1.0181,1.05233,0.909906,15,33,7,12,35,13,15,15,14,20,11,19,6,19
pkw_wall01f.png,textures_pk,0.981823,0.981821,0.964459,0.994219,0.996408,0.981859,0.876489,16,37,12,13,30,12,13,14,12,18,16,20,6,21
pkf_inwall2b.png,textures_pk,1.00676,1.00677,0.975896,1.01151,1.01013,1.00675,0.894956,4,7,1,3,7,2,3,3,3,3,3,4,1,4
pkf_box1b.png,textures_pk,1.01396,1.01399,0.967785,1.00538,1.00192,1.01401,0.893959,1,2,0,0,2,0,0,2,0,0,0,1,0,1
pkw_plank01b.png,textures_pk,0.985578,0.985598,0.956688,0.980515,0.98074,0.985568,0.873596,1,3,0,0,3,0,1,2,1,1,0,1,0,1
pk_chcrowall1g.png,textures_pk,0.993672,0.993671,0.962963,0.994914,0.998855,0.993717,0.882731,16,36,6,13,30,13,12,15,11,18,11,19,6,22
pkw_trim03a.png,textures_pk,1.03475,1.03479,0.965663,0.998025,1.00703,1.03474,0.901111,1,3,0,1,3,0,1,1,1,0,1,1,0,1
pkf_trashcan1a.png,textures_pk,0.973018,0.973153,0.960375,0.986255,0.975819,0.97246,0.870101,0,0,0,0,0,0,0,0,0,0,0,0,0,0
hWall07c.png,textures_pk,1.09046,1.09285,1.0205,1.04466,1.05701,1.09273,0.954573,11,21,6,8,24,8,10,11,9,13,10,12,4,13
pkw_trim03c.png,textures_pk,1.02478,1.0248,0.963075,0.994471,1.0014,1.02475,0.894657,1,3,0,0,4,0,1,1,1,0,0,1,0,1
pk_chcrowall1e.png,textures_pk,0.964242,0.96424,0.969533,0.99299,0.993074,0.964251,0.869606,16,35,7,13,26,13,11,13,10,18,11,21,5,21
pkw_barrel02b.png,textures_pk,0.974605,0.97461,0.961498,0.993697,0.989955,0.974573,0.874142,3,8,1,2,7,2,2,3,2,4,2,4,1,4
mis_wall1b.png,textures_pk,1.11272,1.11274,0.979852,1.0143,1.03556,1.11334,0.941752,14,31,6,11,36,13,16,16,15,21,12,17,6,20
pke_tuwall01a.png,textures_pk,1.01127,1.01127,0.959302,0.997028,1.00363,1.01137,0.889383,15,34,11,12,32,13,13,14,12,19,15,19,6,21
pkw_wall01d.png,textures_pk,0.976468,0.976467,0.965954,0.994135,0.995698,0.976485,0.874557,16,37,7,13,29,13,12,13,11,18,12,21,6,21
pkf_inwall3d.png,textures_pk,1.17812,1.17816,0.997818,1.04506,1.06639,1.179,0.989803,3,7,0,2,9,4,4,3,4,4,2,3,1,4
pk_chroofs1c.png,textures_pk,1.06474,1.06479,0.978247,1.01264,1.02494,1.06476,0.920553,1,3,0,0,4,0,1,2,1,1,1,1,0,1
pkf_door2b.png,textures_pk,1.05719,1.05725,0.968565,1.01816,1.02151,1.05728,0.917588,1,3,0,0,3,0,1,1,1,0,1,1,0,1
pkw_wall03l.png,textures_pk,1.02435,1.02436,0.965204,0.999879,1.00811,1.02459,0.897849,15,33,10,13,32,13,14,15,13,19,15,19,6,22
pkf_sign3.png,textures_pk,1.05027,1.0503,0.982519,1.02336,1.02481,1.05049,0.917391,1,3,0,0,3,0,1,1,1,0,1,1,0,2
pkw_trim02.png,textures_pk,1.03737,1.03741,0.961136,0.995005,1.00515,1.03726,0.90102,1,3,0,1,3,1,1,1,1,0,2,1,0,2
hWall2.png,textures_pk,1.00846,1.00853,0.995988,1.01548,1.01773,1.00872,0.903577,6,14,2,5,10,5,5,5,4,6,4,7,2,7
mod_striptrim1a.png,textures_pk,1.05653,1.05659,0.99291,1.02697,1.02707,1.05705,0.923832,0,1,0,0,1,0,0,0,0,0,0,0,0,1
hWall3b.png,textures_pk,1.09889,1.09896,1.01635,1.04087,1.05579,1.09959,0.952993,6,10,2,3,11,5,6,5,5,6,4,5,2,7
pkh_window01a.png,textures_pk,0.930117,0.930116,0.982947,0.989889,0.987538,0.930086,0.85526,8,18,3,6,13,5,6,5,5,7,6,10,3,10
mod_celfloor1e.png,textures_pk,1.01161,1.01162,0.968131,1.00929,1.00878,1.01191,0.896787,3,8,20,3,20,3,4,3,5,4,2,5,14,4
pkf_woodtrim1a.png,textures_pk,0.967764,0.967778,0.953885,0.976454,0.975567,0.967683,0.864424,1,3,1,0,2,0,0,1,0,1,2,1,0,2
{pk_chincarpet1.png,textures_pk,1.53438,1.61058,1.59142,1.64214,1.63159,1.57141,1.44993,2,4,0,1,4,0,1,1,1,1,2,2,0,2
pkw_pave01b.png,textures_pk,0.966047,0.96605,0.965228,0.991706,0.991991,0.966056,0.869562,16,35,11,13,27,12,10,14,10,18,15,20,5,21
pkw_pave01a2.png,textures_pk,0.977026,0.977034,0.963078,0.990117,0.989686,0.977012,0.874686,3,7,0,3,7,2,2,3,2,4,3,4,1,4
pkf_road2b.png,textures_pk,0.970137,0.970129,0.968842,0.993829,0.994312,0.970176,0.872722,15,34,7,12,27,12,11,14,9,17,11,18,5,21
{mod_labfloor1.png,textures_pk,0.996195,0.996425,0.975721,1.00322,1.0074,0.99663,0.890904,15,34,10,13,28,12,12,13,11,17,14,18,5,21
mod_celwall1b.png,textures_pk,1.31,1.31014,1.04471,1.07619,1.12271,1.3116,1.05607,14,30,5,10,41,14,21,18,18,23,10,16,6,18
pkf_wall3f.png,textures_pk,1.03408,1.03409,0.974509,1.00634,1.01464,1.03435,0.905075,8,15,4,5,15,5,7,7,6,8,7,8,3,10
pkf_wall2b.png,textures_pk,1.06045,1.06043,0.982063,1.01189,1.02555,1.06084,0.916891,15,33,7,12,31,13,15,15,14,19,11,18,5,21
pkf_wall1n.png,textures_pk,1.13965,1.13971,1.00789,1.03578,1.05901,1.14091,0.965855,15,31,8,11,36,13,19,16,15,21,12,18,6,20
pkf_roof3a.png,textures_pk,1.2079,1.20798,0.999573,1.03664,1.07091,1.20956,0.996896,14,29,5,11,39,14,19,19,17,22,10,16,6,19
pkw_winlay10b.png,textures_pk,5.2562,8.41261,7.68146,7.87062,7.9961,6.48184,7.19329,2,4,5,2,4,1,1,1,1,1,8,3,0,1
pkground1b.png,textures_pk,0.923855,0.923854,0.993331,0.995345,0.995239,0.923851,0.855281,73,163,41,62,101,55,41,51,41,79,57,106,31,89
pkw_gwall02a.png,textures_pk,0.967873,0.967872,0.964845,0.992423,0.992878,0.967882,0.870476,16,36,11,13,29,13,11,13,11,18,16,21,6,20
+0mod_button1.png,textures_pk,1.47808,1.49126,1.28247,1.35317,1.3644,1.48709,1.23619,0,0,0,0,2,0,0,0,0,0,0,0,0,0
mod_labwall01cM.png,textures_pk,7.65131,18.8029,16.4665,17.0513,17.3057,10.8828,15.7054,1,2,4,2,2,1,1,0,1,1,7,3,0,0
mod_light1a.png,textures_pk,1.46451,1.49683,1.32441,1.35401,1.38363,1.48686,1.25222,0,0,0,0,1,0,0,0,0,0,0,0,0,0
SW_Bark01.png,textures_pk,0.941699,0.941826,0.945576,0.970367,0.961446,0.941122,0.851176,0,0,0,0,0,0,0,0,0,0,0,0,0,0
pk_chmarb1a.png,textures_pk,0.976988,0.976992,0.962159,0.994069,0.990541,0.976951,0.875633,4,7,4,2,7,2,2,3,2,3,3,4,1,4
pk_conbuild01a.png,textures_pk,0.986582,0.986581,0.96705,0.995921,0.998641,0.98662,0.87964,15,34,6,13,29,13,12,13,11,17,11,18,5,21
pk_chcomcar1d.png,textures_pk,0.948651,0.94865,0.972259,0.991546,0.98946,0.948642,0.862424,16,36,8,14,26,14,10,12,10,17,12,20,5,21
pkf_shopwall1h.png,textures_pk,1.14369,1.14333,0.992278,1.02867,1.05319,1.1444,0.958702,15,31,7,11,36,13,18,18,16,21,11,17,6,19
mod_labtrim6.png,textures_pk,1.21074,1.21088,1.03002,1.06504,1.09829,1.2117,1.01016,3,6,1,2,8,2,5,4,4,4,3,3,1,4
mod_thinlighta.png,textures_pk,1.97723,2.01022,1.72276,1.77688,1.84042,1.99691,1.64311,0,0,0,0,1,0,0,0,0,0,0,0,0,0
pk_concrete02a.png,textures_pk,0.957075,0.957073,0.967913,0.991744,0.990723,0.95707,0.865879,15,34,7,13,27,13,10,12,10,17,11,18,5,21
pkw_doortrim01.png,textures_pk,0.960244,0.960375,0.932835,0.960769,0.958185,0.9597,0.855561,0,0,0,0,0,0,0,0,0,0,0,0,0,0
pk_chmetal1a.png,textures_pk,0.973472,0.973474,0.96213,0.991686,0.992018,0.973483,0.873126,8,17,4,5,15,6,5,6,5,7,8,8,3,10
mod_labtrim8a.png,textures_pk,1.11625,1.11627,1.00207,1.03688,1.05695,1.11619,0.949889,1,3,0,0,3,0,1,1,1,0,1,1,0,1
pkf_wall2c.png,textures_pk,1.07404,1.07403,0.984201,1.01414,1.02968,1.07457,0.923464,15,31,9,12,35,13,15,15,13,19,14,18,6,20
her_trim_1.png,textures_pk,0.958895,0.959026,0.929062,0.957289,0.954315,0.958297,0.853867,0,2,0,0,0,0,0,0,0,0,0,0,0,0
pkf_wall3g.png,textures_pk,1.05066,1.05067,0.977685,1.01071,1.02139,1.05107,0.913171,7,16,3,5,15,5,7,6,6,8,5,8,3,10
pkw_wall02ba.png,textures_pk,0.975233,0.975213,0.966667,0.994409,0.995654,0.975236,0.873631,16,34,7,13,45,13,11,13,10,18,11,20,5,22
pkf_tilewall1e2.png,textures_pk,1.13152,1.13151,0.996834,1.03204,1.05439,1.13232,0.95489,15,32,7,12,37,13,17,17,15,21,11,19,6,20
pk_chinvebeam1b.png,textures_pk,0.958446,0.958577,0.941104,0.96218,0.963821,0.957942,0.85583,0,1,0,0,0,0,0,0,0,0,0,0,0,0
pkw_arch01.png,textures_pk,0.974022,0.974021,0.963967,0.991896,0.99188,0.974018,0.873053,8,16,6,6,14,5,5,7,5,8,8,9,3,11
hWall3.png,textures_pk,1.02145,1.02146,0.996345,1.01815,1.02251,1.02167,0.9076,6,14,2,4,10,5,5,5,4,6,4,7,2,8
mod_celfloor1d.png,textures_pk,1.0144,1.0144,0.972557,1.00702,1.01217,1.01475,0.897538,7,16,4,5,16,5,7,6,6,8,7,8,2,9
pkf_sign2.png,textures_pk,1.18757,1.18761,1.02602,1.06475,1.09278,1.18897,0.995219,3,7,2,2,8,3,4,3,4,3,3,3,1,4
pkf_roadsign4.png,textures_pk,1.01579,1.01617,0.94338,0.995625,0.985998,1.01449,0.893153,0,0,0,0,0,0,0,0,0,0,0,0,0,0
pk_chroofs1b.png,textures_pk,1.02389,1.02395,0.97335,0.999294,1.00634,1.02394,0.90003,2,3,0,1,19,0,1,1,2,0,14,1,0,1
pk_chinflc1a.png,textures_pk,0.985627,0.985652,0.979106,1.00765,1.00547,0.985632,0.88356,4,7,1,2,7,2,2,3,2,3,3,4,1,4
pkf_creds.png,textures_pk,1.27708,1.27726,1.06164,1.09377,1.13434,1.27895,1.05338,3,6,1,2,8,2,5,3,4,4,3,4,1,4
pkw_wall01e.png,textures_pk,0.972989,0.972989,0.967219,0.99405,0.995109,0.973005,0.87292,16,37,8,13,30,13,11,14,11,18,12,21,6,20
pkw_plank01a.png,textures_pk,0.962194,0.962208,0.955637,0.975446,0.974146,0.96209,0.862565,1,3,0,1,2,0,1,1,1,1,1,1,0,2
pkf_box1a.png,textures_pk,1.00663,1.00666,0.971777,1.00572,1.00131,1.00655,0.892484,1,3,0,1,2,0,0,0,0,0,0,1,0,1
pkw_trim03b.png,textures_pk,1.03227,1.03229,0.963467,0.996387,1.00447,1.03224,0.898837,1,3,0,0,3,0,1,1,1,0,0,1,0,2
pk_chcrowall1d.png,textures_pk,0.980809,0.980807,0.964284,0.993384,0.995582,0.980846,0.876894,16,35,11,13,28,14,12,13,11,18,15,20,6,22
pkf_trashcan1b.png,textures_pk,0.980139,0.980491,0.939234,0.984142,0.964597,0.979006,0.872913,0,0,0,0,0,0,0,0,0,0,0,0,0,0
hWall07b.png,textures_pk,1.02124,1.02215,0.991233,1.01552,1.02069,1.02218,0.90743,12,27,8,9,21,9,10,9,8,14,11,16,4,15
{pkw_fence01.png,textures_pk,2.65382,3.0213,2.44629,2.50096,2.65113,2.8391,2.42822,0,1,0,0,2,0,0,0,0,0,0,0,0,0
SW_Wall04a.png,textures_pk,0.981671,0.981813,0.984132,1.00827,1.00413,0.981761,0.886344,4,7,2,3,6,2,2,3,2,4,4,4,1,4
pk_hlrroad1c.png,textures_pk,0.982352,0.982351,0.961023,0.992597,0.995271,0.982395,0.876633,15,35,7,12,30,13,12,13,11,17,11,18,5,21
pkw_barrel01b.png,textures_pk,1.00245,1.00243,0.962074,1.00135,1.00035,1.00251,0.889973,4,7,3,3,7,2,3,3,3,4,4,4,1,4
mis_wall2b.png,textures_pk,1.00606,1.00603,0.997023,1.01599,1.02128,1.00605,0.894409,15,34,10,12,29,13,13,13,12,18,14,19,5,21
mod_labroof3b.png,textures_pk,1.08972,1.08973,0.976253,1.01526,1.0329,1.09042,0.930848,20,31,10,12,45,13,16,16,14,21,14,17,6,19
pk_chcobb3b.png,textures_pk,0.96562,0.965618,0.965545,0.992037,0.992289,0.96564,0.868912,16,36,11,13,28,15,11,13,10,19,15,20,5,21
pkw_wall01h.png,textures_pk,0.976687,0.976665,0.966153,0.993765,0.995429,0.976712,0.874258,16,35,12,13,29,13,12,13,11,18,16,20,6,21
pkf_door1b.png,textures_pk,1.30941,1.30942,1.07234,1.11937,1.14985,1.31315,1.07571,1,2,0,0,3,0,1,1,1,0,0,1,0,1
pkw_pave01b2.png,textures_pk,0.983798,0.983796,0.961699,0.992661,0.995526,0.983833,0.877633,16,35,11,12,29,13,12,14,11,18,15,20,5,21
mod_lights4a.png,textures_pk,1.31493,1.34068,1.19191,1.26864,1.24891,1.32678,1.15701,0,0,0,0,0,0,0,0,0,0,0,0,0,0
mis_floor1b.png,textures_pk,1.05513,1.05513,0.9958,1.01787,1.03049,1.056,0.913266,8,15,4,5,15,5,7,30,6,8,7,8,3,16
{pkf_fence2a.png,textures_pk,2.64671,2.92205,2.23623,2.02357,2.23365,2.8044,2.70658,6,12,4,4,16,6,14,12,12,13,9,7,1,7
mod_vents1b.png,textures_pk,1.00758,1.00764,0.972219,1.01428,1.00407,1.00737,0.896975,0,1,0,0,1,0,0,0,0,0,0,0,0,0
pkf_road1b.png,textures_pk,0.981029,0.981035,0.964698,0.993829,0.996087,0.981088,0.876204,15,35,6,13,28,13,11,14,11,17,11,18,5,22
mod_labtrim7c.png,textures_pk,1.09947,1.09949,0.997479,1.03434,1.04937,1.09934,0.943942,1,3,0,0,3,0,1,1,1,0,1,1,0,1
pkf_wall3j.png,textures_pk,1.09779,1.09784,0.990804,1.02303,1.04054,1.09862,0.939668,15,31,10,11,35,13,16,16,14,21,14,19,6,20
pkf_wall1b.png,textures_pk,1.04548,1.04549,0.976762,1.01,1.02054,1.04568,0.910291,15,32,9,12,32,13,15,15,13,19,14,18,6,20
hWoods.png,textures_pk,1.0104,1.01033,0.957345,0.996493,0.993341,1.01011,0.889548,1,1,0,0,2,0,0,0,0,0,0,0,0,0
pkw_gwall01a.png,textures_pk,0.977371,0.97737,0.961546,0.992575,0.994585,0.977406,0.874296,16,37,12,13,31,12,12,13,11,18,16,20,6,21
snowwall3.png,textures_pk,0.988673,0.988633,0.971106,0.997595,0.998419,0.988748,0.882921,6,12,4,5,11,4,4,4,3,5,5,7,2,8
{pkf_auttrees1a.png,textures_pk,1.37619,1.40961,1.27309,1.30127,1.32534,1.39485,1.22026,12,23,8,9,26,10,13,12,12,15,13,13,4,15
hTiles2.png,textures_pk,0.947938,0.947943,0.968057,0.987665,0.982568,0.947863,0.8616,3,7,0,2,6,2,2,2,2,2,1,4,1,4
pkf_metall1b.png,textures_pk,0.974895,0.974897,0.960138,0.993005,0.98976,0.974846,0.873604,3,7,1,2,7,2,2,3,2,5,2,4,1,5
pkw_winlay06.png,textures_pk,5.80821,10.0731,8.93125,9.15387,9.33196,7.37814,8.47079,2,4,4,2,3,1,1,1,1,2,8,3,0,1
pkf_shopwall1e.png,textures_pk,1.17191,1.17158,1.0147,1.03906,1.06724,1.17341,0.982857,14,31,9,11,36,13,19,18,17,21,13,17,6,20
pkw_datrim01a.png,textures_pk,0.96154,0.961587,0.947435,0.975877,0.97075,0.961267,0.861968,1,1,0,0,1,0,0,0,0,0,0,0,0,1
mod_light2a.png,textures_pk,1.51209,1.5453,1.32987,1.35648,1.39646,1.53566,1.27019,0,0,0,0,1,0,0,0,0,0,0,0,0,0
pkf_shopwall1d.png,textures_pk,1.19394,1.19362,1.01579,1.03954,1.07126,1.19535,0.994235,14,30,9,11,38,13,19,18,17,21,13,17,6,19
pkf_grassmud1b.png,textures_pk,0.986597,0.986595,0.96012,0.992887,0.996246,0.986658,0.878098,16,35,11,12,30,13,13,16,12,19,15,19,6,21
pk_concrete01a.png,textures_pk,0.960047,0.960046,0.969977,0.993271,0.99254,0.960057,0.86777,16,35,10,13,26,12,11,13,11,20,15,19,5,22
mod_labwalld.png,textures_pk,1.38896,1.39002,1.16649,1.18785,1.22813,1.39308,1.136,3,5,3,2,13,2,4,3,4,4,15,2,1,4
snowwall2.png,textures_pk,1.06161,1.06163,0.999182,1.01989,1.03126,1.06209,0.928203,6,13,3,4,12,5,5,5,4,7,5,8,2,7
pk_chinshad1a.png,textures_pk,1.33029,1.33029,1.05698,1.05617,1.10901,1.33329,1.08187,13,28,5,10,41,14,23,21,20,23,11,16,6,17
pkf_wall1c.png,textures_pk,1.04334,1.04334,0.975455,1.01093,1.02083,1.04341,0.908376,7,15,5,6,16,5,7,7,6,8,7,8,2,9
pkw_bomb2.png,textures_pk,0.977605,0.977614,0.965496,0.993239,0.995128,0.977665,0.875832,15,35,11,12,29,12,12,14,11,17,15,19,5,21
pkf_bark1.png,textures_pk,0.946081,0.946095,0.964654,0.984127,0.976988,0.945954,0.858745,2,3,0,0,3,0,0,1,0,1,0,1,0,2
SW_Boards01a.png,textures_pk,0.985416,0.985416,0.97062,0.996118,0.998086,0.985527,0.878687,7,16,5,6,14,5,5,7,5,7,7,8,3,9
pkf_tilewall1f2.png,textures_pk,1.10385,1.10378,0.992813,1.02618,1.04474,1.1044,0.941892,17,32,9,12,35,13,16,16,15,21,14,18,6,19
mod_labtrim7b.png,textures_pk,1.14816,1.1482,1.02429,1.0612,1.08184,1.14817,0.976323,1,2,0,0,3,0,1,1,1,0,1,1,0,1
pkw_wall02aa.png,textures_pk,0.977852,0.977851,0.96865,0.996958,0.99821,0.977865,0.875685,16,36,11,13,30,12,11,13,10,18,16,20,6,20
mod_metdoor1b.png,textures_pk,1.16221,1.16222,1.00771,1.03955,1.0696,1.16232,0.958881,14,30,8,12,37,13,18,17,16,21,13,18,6,19
pk_chinvebeam2b.png,textures_pk,0.992348,0.992488,0.943,0.972017,0.975877,0.991988,0.873782,0,1,0,0,0,0,0,0,0,0,0,0,0,0
hGround01end.png,textures_pk,0.972426,0.972425,0.962956,0.992381,0.993408,0.972437,0.872291,16,35,11,13,29,12,10,13,10,17,15,19,5,21
hbox01.png,textures_pk,1.12013,1.12031,1.00281,1.04418,1.0556,1.12136,0.953256,3,7,0,3,8,2,3,3,3,3,2,4,1,4
pkf_inwall1a.png,textures_pk,0.990933,0.99087,0.964808,0.998872,0.996995,0.990958,0.88207,4,8,0,2,7,2,2,3,2,4,3,4,1,5
pkf_shopwin1b.png,textures_pk,1.08569,1.08568,0.987518,1.02913,1.0379,1.08621,0.938703,3,7,1,2,8,2,3,3,3,3,2,4,1,4
pkw_wall03a.png,textures_pk,0.989711,0.989709,0.964323,0.995726,0.999034,0.989769,0.881387,16,34,6,14,29,14,12,13,11,19,11,20,5,20
pk_chinroof1c2.png,textures_pk,1.00086,1.00086,0.964656,0.999426,1.00088,1.00078,0.883778,3,7,1,2,8,2,3,4,3,3,3,4,2,4
pk_chinflc2a.png,textures_pk,0.991529,0.991451,0.975027,1.00025,1.00352,0.991705,0.88451,7,17,4,5,14,5,5,6,5,8,7,8,2,10
pkw_wall01i.png,textures_pk,0.979284,0.979286,0.965717,0.994218,0.99611,0.979319,0.875505,16,36,30,13,30,12,12,14,12,19,34,20,6,21
mis_comlay1b.png,textures_pk,7.61169,18.0548,15.0413,15.4369,15.8402,10.733,14.9171,0,0,1,1,1,0,0,0,0,0,4,0,0,0
pk_chcobb3c.png,textures_pk,0.969563,0.969561,0.964832,0.992443,0.993226,0.969586,0.870787,15,35,6,13,27,12,11,13,10,18,12,20,5,21
pkf_box2a.png,textures_pk,1.08994,1.09003,0.995709,1.04188,1.045,1.0901,0.944545,1,2,0,0,3,0,1,2,1,0,0,1,0,1
mod_conpan1b.png,textures_pk,1.73579,1.76099,1.39715,1.38719,1.45469,1.75938,1.41292,2,5,0,2,9,2,4,3,4,4,2,2,1,3
pk_hlrroad1b.png,textures_pk,0.988621,0.988621,0.958323,0.992802,0.996493,0.988668,0.879096,15,35,10,15,31,14,12,14,11,19,14,19,6,21
pk_chcrowall1h.png,textures_pk,0.978758,0.978756,0.96805,0.994005,0.995942,0.978784,0.876602,16,36,7,13,29,12,13,13,11,18,11,20,6,22
pk_chpipe1b.png,textures_pk,1.07491,1.07487,0.977294,1.01254,1.02639,1.0754,0.927604,3,7,1,2,8,2,3,4,3,3,3,4,1,4
SW_Wall04b.png,textures_pk,0.99672,0.99675,0.979136,1.00781,1.00527,0.996788,0.891309,4,7,2,3,7,2,3,3,3,4,2,4,1,4
pkw_barrel01a.png,textures_pk,1.04112,1.04113,0.961681,1.00734,1.0119,1.04122,0.908408,3,7,0,3,8,2,3,3,3,4,2,4,1,4
mis_wall2a.png,textures_pk,1.00577,1.00574,0.99666,1.016,1.02111,1.00576,0.89426,15,32,6,12,28,12,11,13,10,17,11,18,5,22
pkf_door1a.png,textures_pk,1.29218,1.29217,1.06649,1.11231,1.14117,1.29562,1.06511,1,2,0,0,3,0,1,1,1,0,0,1,0,1
pkw_wall01k.png,textures_pk,0.969994,0.969992,0.967894,0.993804,0.994631,0.969994,0.871336,16,36,8,13,30,12,11,14,10,18,12,21,6,21
pk_chtrim1.png,textures_pk,1.02264,1.02264,0.972635,1.00463,1.01032,1.02265,0.897518,4,7,1,3,7,2,3,4,3,3,3,4,1,4
pk_chinflc2c.png,textures_pk,0.988836,0.98882,0.970563,0.998364,1.00133,0.988935,0.881512,7,16,4,6,14,5,6,6,5,7,7,9,2,9
pk_chcobb3a.png,textures_pk,0.977167,0.977165,0.961444,0.992271,0.994164,0.977205,0.873747,15,35,7,12,29,12,12,12,11,19,11,19,5,20
mod_labroof3a.png,textures_pk,1.01332,1.01332,0.970228,1.00394,1.01095,1.01342,0.891413,15,33,10,12,31,13,13,15,13,19,14,18,5,22
pkf_inwall1c.png,textures_pk,1.00166,1.0016,0.977775,1.00817,1.00612,1.00168,0.891788,3,7,3,2,7,3,3,3,3,4,4,4,1,4
pkw_wall03c.png,textures_pk,0.996604,0.996606,0.964769,0.996651,1.00096,0.996679,0.884994,15,35,10,12,29,13,12,14,16,19,15,19,5,21
mis_floor1a.png,textures_pk,1.08438,1.08438,0.99416,1.01508,1.03486,1.08561,0.918967,15,32,9,11,33,13,15,15,14,21,14,18,6,19
her_gravel_1.png,textures_pk,0.961469,0.961468,0.966992,0.992095,0.991659,0.961486,0.867898,16,36,11,14,26,13,10,12,10,19,15,20,5,20
hWall07.png,textures_pk,0.996762,0.996866,0.976236,1.00099,1.00408,0.996947,0.889058,11,26,7,10,22,9,8,11,8,13,11,15,4,15
hbox03.png,textures_pk,1.08561,1.08565,0.984453,1.02806,1.03368,1.08571,0.931748,2,3,0,0,3,0,1,2,1,1,1,1,0,2
pkf_road1a.png,textures_pk,0.979797,0.979799,0.964478,0.993411,0.99551,0.979851,0.875499,15,34,9,12,29,13,11,13,11,17,14,18,5,21
mod_vents1a.png,textures_pk,0.981274,0.981323,0.956665,0.997909,0.987038,0.98097,0.877785,1,1,0,0,2,0,0,0,0,0,0,0,0,0
{pkf_fence2b.png,textures_pk,2.50125,2.73257,2.0985,1.92351,2.10694,2.63569,2.48206,7,11,5,5,17,7,14,12,12,13,9,8,2,7
mod_fan1.png,textures_pk,1.09452,1.09452,0.987884,1.01869,1.03813,1.0948,0.927886,14,30,8,12,35,14,17,15,15,20,13,18,6,21
{maz_leaves.png,textures_pk,3.90754,4.97452,3.82008,3.75041,3.95387,4.41766,4.14317,1,1,0,0,2,0,1,1,1,0,2,0,0,0
pkw_wall02ac.png,textures_pk,0.989307,0.989305,0.967817,0.997875,1.00079,0.989366,0.88124,16,34,11,13,31,12,13,14,12,19,16,20,6,21
pkf_wall3i.png,textures_pk,1.08785,1.08787,0.997465,1.02631,1.04161,1.08875,0.940154,15,33,7,12,32,13,15,15,13,19,11,18,5,20
SW_Boards01c.png,textures_pk,1.0084,1.00847,0.97827,1.00479,1.00901,1.00869,0.89339,7,16,5,6,15,6,7,6,6,8,7,8,3,11
pkf_wall1a.png,textures_pk,1.01841,1.01841,0.969864,1.00355,1.01044,1.01848,0.894876,15,33,9,12,31,13,13,15,12,19,14,18,5,20
pk_chinshad1c.png,textures_pk,1.27628,1.27622,1.02892,1.04171,1.08717,1.27844,1.04243,14,28,8,11,40,14,23,19,20,23,12,17,6,18
pkw_gwall01b.png,textures_pk,0.969764,0.969762,0.964304,0.992623,0.993444,0.969788,0.871325,16,35,7,12,29,13,11,13,10,18,12,20,6,22
pkf_metall1a.png,textures_pk,0.950242,0.950245,0.96734,0.989397,0.983839,0.950185,0.862452,3,7,1,2,6,2,2,5,2,14,3,4,1,9
{pkf_auttrees1b.png,textures_pk,2.58899,2.8947,2.29734,2.22307,2.35117,2.75286,2.39356,6,12,4,4,19,5,12,10,11,10,9,7,2,7
pkf_shopwall1f.png,textures_pk,1.09408,1.09375,0.995845,1.02351,1.04076,1.09488,0.941302,15,31,9,12,34,13,16,16,14,20,14,17,5,20
pkw_datrim01b.png,textures_pk,0.949119,0.949247,0.927974,0.953482,0.952521,0.948551,0.847916,0,1,0,0,0,0,0,0,0,0,0,0,0,0
mod_labvertrim1.png,textures_pk,1.93741,1.93802,1.57279,1.51811,1.65738,1.98662,1.47717,0,0,0,0,2,0,0,0,0,0,0,0,0,0
pkf_shopwall1g.png,textures_pk,1.09687,1.09656,0.975233,1.01381,1.03247,1.09718,0.931562,15,30,9,12,41,13,19,18,18,21,14,17,6,19
her_grass_1.png,textures_pk,0.942675,0.942673,0.975374,0.991476,0.988841,0.94266,0.86018,17,36,7,13,26,12,10,13,9,18,12,20,6,21
pkf_grassmud1a.png,textures_pk,0.98874,0.988739,0.958783,0.992891,0.996513,0.988792,0.878602,17,35,11,12,31,13,13,14,12,18,15,20,6,20
{pkf_auttrees1c.png,textures_pk,1.72589,1.80277,1.52596,1.5253,1.58048,1.77042,1.52002,10,20,7,7,24,8,14,12,12,14,12,11,4,12
pk_concrete01b.png,textures_pk,0.971518,0.971517,0.966554,0.993094,0.993979,0.971536,0.872046,16,35,6,12,27,13,12,13,11,17,12,19,5,21
pk_chinshad1b.png,textures_pk,1.30188,1.30148,1.04814,1.05024,1.09928,1.30457,1.064,14,28,5,11,40,14,23,21,20,23,10,17,6,19
SW_Boards01b.png,textures_pk,0.99249,0.99249,0.969983,0.997482,1.0004,0.992618,0.882564,7,16,5,6,14,5,5,6,5,7,7,8,3,9
pkf_bark2.png,textures_pk,0.953505,0.953507,0.966964,0.989855,0.984389,0.953454,0.863514,4,8,2,3,6,2,2,3,2,4,4,4,1,5
pkf_wall3h.png,textures_pk,1.03375,1.03375,0.970161,1.00494,1.01402,1.03394,0.903837,16,35,10,13,34,14,18,15,16,20,14,20,6,21
pkw_bomb1.png,textures_pk,0.984596,0.984594,0.962943,0.993364,0.997028,0.984655,0.877568,16,36,7,13,30,12,12,13,11,18,11,20,6,21
mod_metdoor1a.png,textures_pk,1.13598,1.13598,0.998486,1.02937,1.05619,1.13604,0.944153,14,31,6,11,36,13,18,16,16,22,10,18,6,21
mod_labtrim7a.png,textures_pk,1.10854,1.10857,1.01667,1.05132,1.0653,1.1084,0.954426,1,3,0,0,3,0,1,1,1,0,1,1,0,1
pkw_wall02ab.png,textures_pk,0.983133,0.983132,0.968384,0.997505,0.999546,0.983176,0.878405,16,36,11,13,30,13,12,13,29,19,16,20,6,21
pkw_grass01.png,textures_pk,0.96763,0.967629,0.96402,0.991746,0.992401,0.967635,0.869815,16,35,8,13,30,13,12,12,11,18,12,21,6,21
{pkf_fence2c.png,textures_pk,2.44461,2.65916,2.05072,1.88723,2.06152,2.57011,2.40204,7,13,4,5,18,6,15,12,12,13,9,7,2,7
pk_chinvebeam2a.png,textures_pk,0.9758,0.975935,0.942313,0.965412,0.969946,0.975257,0.863619,0,0,0,0,0,0,0,0,0,0,0,0,0,0
pk_chlightswitch1.png,textures_pk,1.05631,1.05731,0.977488,1.02768,1.00598,1.05413,0.922384,0,0,0,0,0,0,0,0,0,0,0,0,0,0
pkf_shopwin1a.png,textures_pk,1.04838,1.04835,0.9749,1.01569,1.02029,1.04856,0.914048,3,7,1,3,8,2,3,3,3,3,2,4,1,4
pkw_wall03b.png,textures_pk,0.996058,0.996061,0.966007,0.997243,1.00139,0.996149,0.885145,16,35,6,13,31,13,13,13,11,17,11,20,6,20
SW_Wood01.png,textures_pk,1.04255,1.04258,0.970051,1.01084,1.01073,1.04236,0.909801,1,1,0,0,1,0,0,0,0,0,0,0,0,0
pkf_inwall1b.png,textures_pk,1.01506,1.01507,0.974796,1.00867,1.00861,1.01515,0.898432,3,7,3,3,7,2,3,3,3,3,4,4,1,4
pkw_wall01j.png,textures_pk,0.969477,0.969475,0.968138,0.993968,0.994449,0.96948,0.871333,16,37,11,14,28,14,11,14,11,19,17,22,6,21
pk_chcobb2d.png,textures_pk,0.981411,0.98141,0.962247,0.993719,0.996112,0.981446,0.876238,15,35,7,13,30,14,12,13,11,20,11,20,6,20
pk_chinroof1c1.png,textures_pk,1.01368,1.01368,0.971194,1.00878,1.01058,1.01361,0.892685,3,7,0,2,7,2,3,3,3,3,2,4,1,5
pk_chinflc2b.png,textures_pk,0.99018,0.990153,0.972124,0.999673,1.00248,0.99029,0.882483,7,16,4,5,14,5,5,7,5,7,7,8,2,9
pk_hlrroad1a.png,textures_pk,0.989277,0.989276,0.959249,0.992711,0.99658,0.989315,0.879701,15,34,7,12,30,13,12,14,11,19,11,19,5,20
mod_conpan1a.png,textures_pk,1.7661,1.78443,1.39385,1.36983,1.44382,1.78772,1.42366,2,5,0,2,9,3,5,4,4,4,2,2,1,3
pkf_box2b.png,textures_pk,1.64403,1.64362,1.20176,1.17923,1.26027,1.6533,1.3128,1,1,0,1,3,0,2,1,1,1,0,0,0,1
mod_labposter1.png,textures_pk,1.2158,1.21599,1.03259,1.07765,1.09992,1.21784,1.02248,3,7,0,2,8,3,4,3,4,4,2,3,1,4
SW_Wall04c.png,textures_pk,1.00101,1.00105,0.975683,1.0055,1.00815,1.00116,0.89162,8,16,5,6,14,5,6,7,5,9,8,9,3,9
pk_chpipe1a.png,textures_pk,1.09921,1.09927,0.977289,1.01722,1.03461,1.09993,0.939272,3,7,0,2,8,2,3,3,3,3,1,4,1,4
SW_Snow01b.png,textures_pk,1.06633,1.06697,0.989129,1.01954,1.03177,1.06755,0.930803,15,33,7,12,34,14,15,14,13,20,11,18,6,19
pkw_trim01a.png,textures_pk,1.01425,1.01427,0.953972,0.992313,0.996826,1.01418,0.889726,1,3,0,1,4,0,1,1,1,0,1,1,0,1
pkf_inroof1a.png,textures_pk,1.14735,1.14737,0.973121,1.02658,1.04568,1.14793,0.969568,3,6,2,3,8,2,4,3,4,5,3,3,1,4
mod_labwall01a.png,textures_pk,1.54845,1.54892,1.18097,1.20211,1.26675,1.55208,1.21978,3,5,0,2,9,3,6,5,5,5,3,2,1,3
{pkf_planks1c.png,textures_pk,1.46255,1.51855,1.43313,1.47351,1.48824,1.49197,1.31964,11,22,6,9,22,9,10,9,9,13,10,13,4,13
pkf_box3b.png,textures_pk,1.0146,1.01463,0.967669,1.00546,1.00208,1.01465,0.894209,1,3,0,0,2,0,0,0,0,0,0,1,0,1
pk_hlrroad1e.png,textures_pk,0.984921,0.984919,0.960271,0.992597,0.995621,0.98496,0.877583,16,55,7,12,30,13,12,15,11,19,12,19,5,21
pkw_wall03f.png,textures_pk,1.00209,1.00209,0.966676,0.99783,1.00295,1.0022,0.888331,15,35,13,13,33,14,13,15,12,18,15,19,8,21
pkf_infloor1b.png,textures_pk,0.944327,0.94433,0.968987,0.988367,0.982514,0.944257,0.859622,4,8,1,3,6,2,2,3,2,4,3,4,1,4
pk_chinvebeam3a.png,textures_pk,0.995242,0.995403,0.935391,0.971134,0.968074,0.994758,0.873938,0,0,0,0,0,0,0,0,0,0,0,0,0,0
pkw_wall02af.png,textures_pk,0.979987,0.979986,0.96833,0.996929,0.99864,0.980009,0.876835,16,36,12,13,30,13,12,13,11,18,16,20,6,21
pk_chinwall4b.png,textures_pk,1.01877,1.01872,0.976525,1.00219,1.01007,1.01904,0.892696,15,34,7,13,30,12,13,14,12,19,11,18,5,21
pkw_wall02bj.png,textures_pk,0.985632,0.985633,0.966951,0.995662,0.998324,0.98569,0.879153,15,35,6,13,29,13,12,14,11,18,11,29,5,21
pkf_wall1d.png,textures_pk,1.06183,1.06184,0.980897,1.01516,1.02767,1.06199,0.91878,7,21,2,6,16,6,7,11,6,20,5,9,3,9
pk_chinpillow2a.png,textures_pk,2.05187,2.04686,1.44228,1.32157,1.44182,2.07835,1.64077,3,5,1,2,10,3,6,5,5,5,2,2,1,3
pkf_wall2h.png,textures_pk,1.13417,1.13409,1.00345,1.03147,1.05488,1.13518,0.957757,14,31,9,11,36,16,17,17,15,21,14,18,6,20
mod_labwallc.png,textures_pk,1.27991,1.28017,1.10627,1.14038,1.16862,1.28173,1.05837,3,6,1,2,8,2,4,4,4,3,2,3,1,4
{mod_window1.png,textures_pk,1.99131,2.03076,1.55903,1.58764,1.73866,2.02969,1.52213,1,1,0,0,2,0,1,1,1,0,1,0,0,1
pkf_roof1c.png,textures_pk,1.01967,1.01967,0.968818,1.00575,1.00697,1.01994,0.896536,3,7,0,3,7,2,3,3,3,4,2,4,1,4
pkf_shopwall1c.png,textures_pk,1.21596,1.21566,1.02293,1.04448,1.07947,1.21777,1.0073,14,30,5,11,39,13,19,18,17,22,10,17,6,19
pkf_tiles2b.png,textures_pk,1.04511,1.0451,0.960066,0.999325,1.01126,1.04536,0.90528,15,32,6,12,34,13,15,15,13,19,11,19,5,20
pkw_door01a.png,textures_pk,0.978865,0.97888,0.966536,0.992834,0.987811,0.978865,0.874887,2,3,0,0,3,0,1,1,1,1,1,1,0,1
pkf_tiles2c.png,textures_pk,1.04921,1.04922,0.959944,0.999916,1.01238,1.04948,0.907376,15,33,7,12,34,13,44,16,24,19,11,17,6,21
pkf_planks1a.png,textures_pk,0.997438,0.997436,0.975015,0.999133,1.00336,0.997648,0.883371,15,35,6,14,29,13,12,15,11,17,11,19,5,21
mod_labfloor01b.png,textures_pk,1.59425,1.59559,1.22321,1.23608,1.30257,1.60504,1.27042,3,5,1,2,9,3,6,4,5,5,3,2,1,3
mod_light3b.png,textures_pk,1.55103,1.59595,1.39119,1.4235,1.45556,1.57893,1.33003,0,1,0,0,1,0,0,0,0,0,0,0,0,0
pkf_shopwall1b.png,textures_pk,1.137,1.13675,1.00254,1.02878,1.05244,1.13803,0.965655,15,32,9,11,34,14,17,17,15,22,14,17,5,19
snowwall4.png,textures_pk,1.05063,1.05067,0.98924,1.01714,1.02592,1.05102,0.919422,6,14,2,4,12,5,6,5,5,8,4,7,2,7
pkf_roof1b.png,textures_pk,1.01255,1.01257,0.966028,1.00263,1.00317,1.01274,0.891927,3,7,1,3,7,2,3,3,3,3,4,4,1,4
mod_labwallb.png,textures_pk,1.30239,1.30266,1.10481,1.14068,1.17207,1.30448,1.07,3,6,1,2,8,2,4,4,4,4,2,3,1,4
pkw_wood01b.png,textures_pk,0.973848,0.973848,0.961485,0.991836,0.992072,0.973848,0.872948,8,16,5,5,14,5,5,8,5,8,7,9,3,9
pkf_wall1e.png,textures_pk,1.06936,1.06941,0.98783,1.01917,1.0326,1.07005,0.925902,14,33,10,12,31,14,15,16,14,19,14,17,5,19
pkw_wall02bk.png,textures_pk,0.984167,0.984161,0.966466,0.995645,0.998124,0.984208,0.878148,16,34,7,12,30,13,12,14,11,17,11,19,5,20
pkw_wall02ag.png,textures_pk,0.982897,0.982896,0.968308,0.997294,0.999427,0.982938,0.878275,16,35,12,13,30,13,11,14,10,18,16,20,6,20
pk_chvertbeam1.png,textures_pk,1.01388,1.01389,0.956497,0.990523,0.997236,1.01391,0.889919,2,3,0,0,3,0,1,1,1,1,1,1,0,1
hWall1a.png,textures_pk,1.04076,1.04084,0.989383,1.01997,1.02674,1.04092,0.914498,6,13,3,4,11,5,5,5,4,6,5,7,2,8
pkf_brush1b.png,textures_pk,0.955461,0.955475,0.961216,0.986112,0.978622,0.955331,0.863323,2,4,0,1,2,0,1,1,1,1,0,1,0,2
mod_celfloor2b.png,textures_pk,0.996417,0.996419,0.964008,1.00141,0.999888,0.996513,0.886422,3,7,1,2,7,2,3,3,3,3,2,4,1,4
mod_vtrim01b.png,textures_pk,1.10585,1.10591,0.984763,1.01865,1.0387,1.1069,0.939548,1,3,0,0,3,0,1,1,1,0,0,1,0,1
hr00f01.png,textures_pk,1.00143,1.00149,0.961286,1.00199,0.993351,1.0012,0.889082,1,1,0,0,1,0,0,0,0,0,0,0,0,0
pk_chcobb2a.png,textures_pk,0.972094,0.972095,0.964272,0.992866,0.993908,0.972112,0.872052,16,36,6,13,29,13,12,13,11,17,12,19,6,21
pkw_wall03g.png,textures_pk,1.00353,1.00354,0.965968,0.997897,1.00306,1.00364,0.888437,15,35,7,12,31,13,12,15,11,18,11,19,6,20
pk_hlrroad1d.png,textures_pk,0.971158,0.971156,0.962698,0.991967,0.993099,0.971174,0.871472,15,34,10,43,29,13,10,14,10,17,15,18,5,24
{pkf_planks1b.png,textures_pk,1.20053,1.21603,1.14618,1.17862,1.19177,1.20993,1.0548,13,30,9,11,27,11,12,13,10,17,13,18,5,16
mod_walldetail1.png,textures_pk,0.991773,0.991778,0.997377,1.01161,1.01313,0.991915,0.892112,3,7,2,3,6,2,2,3,2,3,3,4,1,4
SW_Wall05b.png,textures_pk,1.05479,1.05468,0.977663,1.01985,1.02401,1.05514,0.919847,3,7,3,2,7,2,3,3,3,3,3,4,1,4
pkw_winlay04a.png,textures_pk,8.21631,23.6258,23.2435,23.7388,23.6379,12.1745,21.0617,1,0,3,0,1,0,0,0,0,0,7,1,0,0
mod_labtiles2b.png,textures_pk,1.06656,1.06659,0.998639,1.03009,1.04182,1.06744,0.927592,15,32,6,12,32,13,14,14,13,19,11,18,6,20
SW_Snow01a.png,textures_pk,1.10596,1.10729,1.00978,1.03491,1.05174,1.1081,0.964362,15,33,6,12,32,14,15,16,13,20,11,18,5,20
hlogs.png,textures_pk,0.953339,0.953341,0.966353,0.99006,0.984781,0.953281,0.863879,4,8,3,2,7,2,2,3,2,4,4,4,1,5
mod_labwall01b.png,textures_pk,1.52609,1.5272,1.24373,1.25432,1.30877,1.53227,1.21514,3,5,2,2,9,2,7,3,6,5,3,2,1,4
pkf_inroof1b.png,textures_pk,1.05256,1.05256,0.954003,1.00788,1.01423,1.05265,0.913023,4,8,1,3,9,3,3,3,3,3,2,4,1,5
pkw_trim01b.png,textures_pk,1.058,1.05802,0.972037,1.01213,1.02307,1.05795,0.915623,1,3,0,0,4,0,1,1,1,0,1,2,0,2
pkf_box3a.png,textures_pk,1.00694,1.00698,0.972121,1.00576,1.00136,1.00687,0.892681,1,3,0,0,2,0,0,0,0,0,1,1,0,1
pkw_wall03e.png,textures_pk,0.996513,0.996514,0.965644,0.996939,1.0011,0.996595,0.884991,16,36,11,15,30,15,12,14,11,21,15,23,5,21
pkf_infloor1a.png,textures_pk,0.938969,0.938972,0.971328,0.987712,0.982029,0.938902,0.857212,7,8,2,3,6,2,3,3,3,4,3,4,1,5
pk_chcobb2c.png,textures_pk,0.984063,0.984077,0.963188,0.99469,0.997369,0.984135,0.878166,16,36,11,13,31,12,12,13,12,18,15,20,6,22
pk_chinvebeam3b.png,textures_pk,1.05307,1.05329,0.976983,1.00265,1.008,1.05352,0.912216,0,0,0,0,0,0,0,0,0,0,0,0,0,0
mod_metdoor2.png,textures_pk,1.06225,1.06276,0.989088,1.02912,1.03325,1.06295,0.927935,3,7,1,2,8,2,4,3,4,4,3,3,1,4
pk_chinwall4a.png,textures_pk,1.01614,1.01613,0.978096,1.00186,1.00863,1.0165,0.891303,15,33,10,13,31,12,13,14,12,20,14,18,5,21
pkw_wall02ae.png,textures_pk,0.986953,0.986951,0.967388,0.997136,0.999906,0.986996,0.879723,16,37,12,13,31,13,12,14,11,18,16,20,6,20
pkf_tilewall1g2.png,textures_pk,1.13746,1.13734,0.998374,1.03105,1.05457,1.13825,0.959008,15,31,6,12,37,13,18,16,16,21,11,18,6,19
pkw_wall02bi.png,textures_pk,0.9898,0.989798,0.963715,0.994588,0.998105,0.989857,0.879916,16,35,6,12,29,13,12,15,11,17,11,19,5,20
pk_chinpillow2b.png,textures_pk,2.25027,2.24168,1.59996,1.39099,1.53271,2.28731,1.8545,2,3,1,0,7,2,6,5,5,4,2,1,1,3
pkf_wall1g.png,textures_pk,1.15307,1.15321,1.02291,1.0499,1.07427,1.15458,0.977031,7,15,3,5,17,5,9,8,8,10,7,9,3,9
{mod_window2.png,textures_pk,3.30472,3.67471,2.88896,2.83325,3.12831,3.51582,2.69112,0,0,0,0,2,0,0,0,0,0,1,0,0,0
mis_floor2.png,textures_pk,0.95727,0.957269,0.970883,0.992095,0.991191,0.957273,0.86616,15,37,10,14,26,14,11,13,10,19,15,21,5,21
pkw_door01b.png,textures_pk,0.97723,0.97725,0.966917,0.993045,0.988263,0.977216,0.875206,2,3,1,0,2,0,1,1,1,1,2,1,0,1
pkf_tiles2a.png,textures_pk,0.997286,0.997285,0.958696,0.993711,0.998482,0.997355,0.881813,15,33,9,13,29,13,13,15,12,18,14,18,5,20
mod_labfloor01a.png,textures_pk,1.54772,1.54875,1.20157,1.21954,1.27979,1.55713,1.23982,3,5,2,2,9,3,5,3,4,4,3,2,1,4
pkf_planks1b.png,textures_pk,0.997362,0.997361,0.972747,0.997647,1.00224,0.997565,0.882549,15,34,11,12,28,12,12,13,11,17,15,19,5,20
mod_light3a.png,textures_pk,1.4536,1.48305,1.30673,1.33265,1.36242,1.47387,1.24239,0,1,0,0,1,0,0,0,0,0,0,0,0,0
pkf_shopwall1a.png,textures_pk,1.02241,1.0222,0.965522,0.999527,1.0078,1.02251,0.895273,15,33,7,12,31,13,13,15,12,19,11,18,5,21
mod_labwalla.png,textures_pk,1.20462,1.20479,1.08721,1.11632,1.13643,1.20584,1.01573,3,6,1,2,7,2,3,3,3,3,2,3,1,4
pkf_roof1a.png,textures_pk,1.00423,1.00424,0.964969,1.00032,1.00018,1.00437,0.887463,4,7,1,2,7,2,3,3,3,3,2,4,1,4
pkw_wood01a.png,textures_pk,0.955187,0.955233,0.955113,0.984054,0.97461,0.954899,0.862187,1,1,0,0,1,0,0,0,0,0,0,0,0,1
mod_sign1.png,textures_pk,1.22107,1.22113,1.06645,1.1138,1.13091,1.22275,1.02839,1,3,0,0,3,0,1,1,1,0,1,1,0,1
pkf_wall1f.png,textures_pk,1.099,1.09906,0.995836,1.026,1.04349,1.09987,0.942341,15,31,6,11,33,13,16,16,14,20,11,18,5,19
pk_chinpillow2c.png,textures_pk,2.17817,2.1722,1.49493,1.34565,1.47926,2.20946,1.73275,2,4,1,1,9,3,6,5,5,5,2,2,1,3
pkw_wall02bh.png,textures_pk,0.992769,0.992748,0.962202,0.994464,0.9984,0.992828,0.881154,15,34,10,13,30,13,13,14,12,17,15,18,5,20
pkw_wall02ad.png,textures_pk,0.983074,0.983073,0.967916,0.996907,0.998989,0.9831,0.877838,16,35,7,13,30,13,12,13,11,18,12,20,6,20
pk_chinvebeam3c.png,textures_pk,1.04608,1.04623,0.993532,1.01707,1.03185,1.04574,0.915921,0,0,0,0,0,0,0,0,0,0,0,0,0,0
mod_celfloor2a.png,textures_pk,0.994482,0.994484,0.963104,1.00035,0.999017,0.994567,0.885024,4,7,1,2,7,2,3,3,3,3,2,4,1,5
pkf_brush1a.png,textures_pk,0.955461,0.955475,0.961216,0.986112,0.978622,0.955331,0.863323,2,3,0,1,2,0,0,1,0,1,1,2,0,2
hWall1b.png,textures_pk,1.07734,1.07738,0.988571,1.02545,1.03794,1.07761,0.931974,6,15,3,4,12,5,6,20,5,24,5,6,2,7
pkw_wall01l.png,textures_pk,0.972224,0.972222,0.96794,0.994162,0.994972,0.972225,0.872562,16,35,7,13,30,12,12,13,11,19,12,20,6,21
pk_chcobb2b.png,textures_pk,0.979709,0.979708,0.962745,0.993525,0.995647,0.979742,0.875648,16,34,11,12,30,13,12,13,11,17,15,19,6,21
pk_chinflc2d.png,textures_pk,0.991829,0.991798,0.971347,0.999399,1.0026,0.991911,0.883123,7,17,3,5,14,6,5,6,5,7,5,8,3,9
hr00f02.png,textures_pk,1.00143,1.00149,0.961286,1.00199,0.993351,1.0012,0.889082,1,1,0,0,2,0,0,0,0,0,0,0,0,0
mod_vtrim01a.png,textures_pk,1.10698,1.10715,0.986206,1.01453,1.03401,1.1082,0.941086,0,1,0,0,2,0,0,0,0,0,0,0,0,0
{maz_leaves2.png,textures_pk,3.89462,5.11595,4.2737,4.23889,4.40695,4.44141,4.34663,4,7,5,2,9,3,5,4,4,5,8,5,1,4
pkf_inwall1d.png,textures_pk,1.02458,1.02459,0.97417,1.01075,1.01185,1.02471,0.903266,3,7,1,2,7,2,3,3,3,4,3,4,1,4
pkw_wall03d.png,textures_pk,1.00019,1.00016,0.965854,0.997039,1.00183,1.00029,0.886977,15,34,6,12,29,13,12,14,11,18,11,19,5,20
{pkf_planks1a.png,textures_pk,1.05814,1.05796,0.986099,1.01472,1.02991,1.0591,0.910767,15,32,9,12,32,13,15,14,13,19,14,18,6,20
mod_walldetail2.png,textures_pk,0.976929,0.976958,0.994529,1.00814,1.00868,0.976988,0.884076,3,7,1,2,7,2,2,3,2,3,2,4,1,4
mod_labwall01c.png,textures_pk,1.45275,1.45326,1.19387,1.21499,1.26171,1.45655,1.16829,3,5,0,2,8,2,4,3,4,4,2,3,1,4
SW_Wall05a.png,textures_pk,1.00331,1.00327,0.970228,1.00384,1.00273,1.0034,0.890969,3,7,2,3,7,2,2,3,2,3,2,4,1,4
mod_labtiles2a.png,textures_pk,1.05978,1.05981,0.996583,1.02562,1.03694,1.06051,0.923059,15,33,9,12,30,13,13,14,12,19,14,18,5,20
pkw_winlay04b.png,textures_pk,7.09008,15.7538,15.5012,15.8292,15.8499,9.77062,14.0447,1,2,3,2,1,1,0,0,0,1,7,3,0,1
SW_Wall02b.png,textures_pk,1.05537,1.05548,0.996539,1.02459,1.03428,1.05577,0.92338,7,15,3,6,15,5,7,6,6,8,5,8,2,9
her_wall_1.png,textures_pk,0.978699,0.978698,0.965419,0.993756,0.996002,0.978711,0.87435,15,35,10,14,28,13,12,13,11,19,15,20,5,21
pkw_winlay03a.png,textures_pk,4.03166,5.54507,5.50193,5.61631,5.66257,4.66989,4.9433,3,5,4,2,4,1,2,1,1,2,8,4,1,2
pkf_light1a.png,textures_pk,1.19104,1.20476,1.14981,1.19417,1.16912,1.19719,1.07965,0,0,0,0,0,0,0,0,0,0,0,0,0,0
ts_tilez1b.png,textures_pk,1.02908,1.02908,0.966122,1.00001,1.00928,1.02922,0.898714,15,32,10,12,33,13,13,15,12,19,14,19,6,20
mod_lbmetal1b.png,textures_pk,1.49847,1.49873,1.10433,1.08285,1.1578,1.50474,1.18828,13,23,8,9,42,14,26,21,22,25,12,13,5,16
gow_wall1a.png,textures_pk,1.00418,1.00418,0.96826,0.999456,1.00457,1.00431,0.88862,20,33,10,12,31,13,13,15,12,18,15,19,6,20
pkw_tiles02d.png,textures_pk,0.980368,0.980368,0.961288,0.992525,0.994783,0.980406,0.875545,16,34,7,13,29,13,12,13,11,18,11,19,5,38
mod_screensa.png,textures_pk,1.94532,2.0179,1.64429,1.64323,1.72792,1.99118,1.63831,2,3,0,0,6,0,3,3,2,2,2,1,1,2
mod_screen1c.png,textures_pk,1.20111,1.20103,1.05251,1.11035,1.11565,1.20217,1.01572,0,1,0,0,1,0,0,0,0,0,0,0,0,0
pkw_wall07k.png,textures_pk,1.01857,1.01857,0.968374,1.00086,1.00816,1.01876,0.89437,15,32,11,12,32,13,13,14,12,19,15,20,6,20
gow_wallin1b.png,textures_pk,1.06788,1.06788,0.98005,1.01464,1.02835,1.06848,0.924037,15,32,10,12,32,13,15,15,13,20,14,18,6,20
pkf_concrete2.png,textures_pk,0.958096,0.958094,0.967428,0.991511,0.990804,0.95809,0.866055,16,35,10,13,27,12,10,13,10,17,15,19,5,21
pkw_wall05c.png,textures_pk,0.979489,0.979491,0.967751,0.994964,0.996664,0.979535,0.876665,16,36,11,13,30,12,11,13,10,19,16,21,6,21
pkw_wall04g.png,textures_pk,1.00195,1.00198,0.97008,0.999993,1.0047,1.00211,0.888638,16,34,7,12,30,12,12,13,11,17,12,20,6,21
mod_metfloor2c.png,textures_pk,1.25443,1.25443,1.07338,1.11133,1.15562,1.26012,1.01847,3,6,1,2,8,2,3,4,3,4,3,3,1,4
mis_detlay1a.png,textures_pk,11.7366,355.048,256.752,256.585,264.792,22.6168,280.468,0,0,2,0,0,0,0,0,0,0,3,0,0,0
pkw_wall11k.png,textures_pk,0.993883,0.993881,0.965383,0.996923,1.00067,0.993958,0.882583,15,35,8,12,30,12,12,14,12,18,12,20,6,20
mod_labpipe1a.png,textures_pk,1.07953,1.07954,0.964462,1.00906,1.02491,1.07973,0.925549,7,15,3,6,18,5,8,8,7,9,6,7,3,9
mis_trim1c.png,textures_pk,1.07965,1.07973,0.977449,1.02603,1.03253,1.07969,0.932906,0,1,0,0,1,0,0,0,0,0,0,0,0,0
pk_hlrmud3.png,textures_pk,0.967188,0.967186,0.964423,0.992234,0.992757,0.967205,0.870059,16,35,11,12,29,12,11,12,10,18,16,20,6,21
mis_vent1b.png,textures_pk,1.13678,1.13684,1.01337,1.06999,1.07529,1.13662,0.964578,0,1,0,0,2,0,1,0,1,0,0,0,0,0
mod_labvent1a.png,textures_pk,1.67898,1.67938,1.59891,1.69006,1.68733,1.67749,1.45351,0,0,0,0,0,0,0,0,0,0,0,0,0,0
pk_chinwall2g.png,textures_pk,1.08282,1.08281,0.973378,1.01179,1.02837,1.0832,0.922277,15,32,6,12,35,13,16,16,14,20,11,17,6,19
pk_chinwall3c.png,textures_pk,1.14844,1.14839,0.992749,1.02945,1.0548,1.14926,0.962775,14,29,5,11,36,13,18,17,15,21,10,16,6,19
pkf_wall4m.png,textures_pk,1.16634,1.16608,1.03297,1.05221,1.07808,1.16862,0.986691,14,31,9,11,34,13,16,17,14,20,13,17,6,19
pkf_wall5i.png,textures_pk,1.23729,1.23738,1.04728,1.0663,1.10242,1.23998,1.02492,14,29,8,11,36,13,19,18,17,21,13,18,5,19
pk_chcomwood1a.png,textures_pk,0.971888,0.97189,0.961427,0.993682,0.990364,0.971828,0.871914,4,7,2,3,7,2,2,3,2,4,4,4,1,4
pkf_wall7a.png,textures_pk,1.06938,1.06926,0.991137,1.02099,1.03468,1.0697,0.926107,15,33,10,12,33,13,15,15,13,19,14,18,6,19
pkf_wall6e.png,textures_pk,1.21734,1.21745,1.01223,1.04295,1.07819,1.21901,1.00017,14,31,5,11,38,14,19,18,17,22,10,17,6,18
SW_Door01a.png,textures_pk,1.04558,1.04649,0.998989,1.03012,1.02956,1.04616,0.920217,2,3,0,1,3,0,1,2,1,1,1,1,0,1
{maz_leaves1a.png,textures_pk,3.0266,3.59562,2.95469,2.95496,3.07684,3.29949,3.01736,5,10,5,4,13,4,8,6,7,7,10,9,2,5
pkf_containr2b.png,textures_pk,1.22379,1.22391,1.01583,1.06221,1.08846,1.22517,1.01028,3,6,0,2,9,2,4,3,4,4,2,3,1,4
pkw_food1c.png,textures_pk,0.998639,0.998781,0.963727,1.00218,0.989491,0.99803,0.887829,0,0,0,0,0,0,0,0,0,0,0,0,0,0
pkf_tilewall1g.png,textures_pk,1.16763,1.16759,1.00491,1.03723,1.06482,1.16866,0.974593,14,31,9,11,37,14,19,16,17,22,14,18,6,19
her_door_1.png,textures_pk,1.01816,1.0182,0.970865,1.00694,1.00466,1.0182,0.896623,1,3,0,0,3,0,1,1,1,1,1,1,0,2
pkf_facility2e.png,textures_pk,1.11696,1.11699,0.986634,1.02198,1.04351,1.11741,0.940222,14,31,7,11,36,13,17,17,15,21,11,18,6,19
hboxtop.png,textures_pk,0.980848,0.980862,0.96662,0.997732,0.994195,0.980848,0.878779,3,9,3,3,7,2,3,3,3,4,4,4,1,5
pkf_facility2d.png,textures_pk,1.09854,1.0985,0.983274,1.01869,1.03761,1.09879,0.93139,16,57,6,14,39,14,16,20,15,21,12,24,6,20
pkw_ground02a.png,textures_pk,0.967494,0.967492,0.966198,0.991206,0.990329,0.967503,0.870918,8,17,6,6,14,5,6,6,5,8,9,10,3,10
pkf_tilewall1f.png,textures_pk,1.12713,1.12708,0.995927,1.02883,1.05072,1.12783,0.953635,15,32,6,11,37,13,18,17,16,21,11,18,6,19
pkw_food1b.png,textures_pk,0.969334,0.969467,0.957457,0.987087,0.976536,0.96878,0.869485,0,0,0,0,0,0,0,0,0,0,0,0,0,0
hTrain02.png,textures_pk,1.04682,1.0468,0.991886,1.00544,1.02201,1.04729,0.908004,30,68,21,26,64,27,30,63,27,40,29,40,12,41
pkf_containr2c.png,textures_pk,1.10438,1.10438,1.00113,1.02283,1.04475,1.1056,0.933989,7,15,5,5,16,5,8,8,7,9,7,8,3,9
pk_chinflw1a.png,textures_pk,1.0592,1.05919,1.01032,1.02608,1.03896,1.06038,0.919127,15,33,6,12,29,13,13,14,12,19,11,18,5,21
pkf_wall6d.png,textures_pk,1.19121,1.19131,0.999688,1.03312,1.06527,1.19252,0.985199,14,30,5,11,38,14,19,17,17,22,10,17,6,19
pkw_crate01b.png,textures_pk,1.00956,1.00956,0.968455,1.00566,1.00495,1.00967,0.893175,4,7,3,2,7,2,3,3,3,4,4,4,1,4
pkf_wall5h.png,textures_pk,1.23977,1.24005,1.04896,1.06796,1.10447,1.24253,1.02704,14,29,8,11,37,13,19,16,17,22,13,17,6,18
mod_screena.png,textures_pk,1.22044,1.22822,1.14539,1.20198,1.19571,1.22563,1.07267,0,1,0,0,1,0,0,0,0,0,0,0,0,0
{pk_chbamboo1b.png,textures_pk,1.27346,1.28016,1.14377,1.19124,1.22694,1.28213,1.08205,1,3,0,0,3,0,1,2,1,0,1,1,0,1
pkf_wall4l.png,textures_pk,1.18402,1.18409,1.03501,1.05136,1.08069,1.18634,0.993982,14,31,5,11,37,13,18,16,16,21,10,17,6,18
pk_hlrmudd.png,textures_pk,0.975059,0.975057,0.963045,0.992722,0.994511,0.975091,0.873767,15,36,10,13,29,14,12,13,11,18,15,20,5,20
pk_chinwall3b.png,textures_pk,1.12409,1.12412,1.0007,1.03023,1.05156,1.12504,0.951985,14,30,9,22,35,13,16,16,14,21,13,17,6,26
pk_chinwall2f.png,textures_pk,1.08036,1.08032,0.971682,1.00911,1.02553,1.08076,0.921259,15,31,8,12,35,14,16,16,15,21,13,17,6,19
mod_door4.png,textures_pk,1.31811,1.31848,1.0684,1.11392,1.15031,1.32041,1.06777,3,7,0,2,10,2,4,3,4,4,2,3,1,4
pk_hlrmud2.png,textures_pk,0.952526,0.952524,0.970392,0.991839,0.990243,0.952524,0.864289,15,36,10,13,26,13,10,13,10,17,15,19,5,21
mis_trim1b.png,textures_pk,1.0897,1.08965,0.979895,1.02861,1.0337,1.09001,0.939252,0,1,0,0,1,0,0,0,0,0,0,0,0,0
mazywall.png,textures_pk,1.13405,1.13422,1.00006,1.0297,1.05232,1.1351,0.961432,14,30,11,12,37,13,17,16,16,21,13,17,7,19
pkw_wall11j.png,textures_pk,0.991238,0.991237,0.965199,0.99686,1.00036,0.991299,0.881975,16,36,6,14,30,13,12,14,12,19,11,22,6,21
mod_metfloor2b.png,textures_pk,1.26548,1.26548,1.07164,1.11163,1.15798,1.27124,1.02158,3,7,0,2,8,2,4,3,4,3,2,3,1,4
pkw_wall09a.png,textures_pk,0.952526,0.952524,0.970751,0.991901,0.990306,0.952516,0.864075,16,37,11,13,27,12,10,13,9,17,16,21,6,21
mod_electro2b.png,textures_pk,4.34406,6.02095,5.01083,5.06115,5.24664,5.0639,4.96508,3,5,4,2,8,2,4,3,4,4,8,4,1,3
pkw_doorfr01b.png,textures_pk,1.09477,1.0948,1.00649,1.04417,1.05071,1.09561,0.944024,1,3,0,0,3,0,1,1,1,0,0,1,0,2
mod_labframe1b.png,textures_pk,1.80145,1.80981,1.32295,1.28731,1.37738,1.82149,1.43448,2,5,0,2,9,3,6,4,5,5,2,2,1,3
pkw_wall04f.png,textures_pk,1.00048,1.00052,0.97122,0.999704,1.00419,1.00064,0.887898,16,34,6,12,31,13,12,14,11,19,11,19,6,20
pkf_concrete3.png,textures_pk,0.977124,0.977122,0.962221,0.991975,0.99395,0.977142,0.874419,15,34,7,12,29,12,11,14,11,17,11,18,5,21
pkw_wall05b.png,textures_pk,0.978641,0.978625,0.970944,0.995599,0.997134,0.978703,0.877438,16,35,7,13,29,12,12,13,11,18,12,20,6,21
her_inwall_2b.png,textures_pk,0.986577,0.986579,0.965687,0.998558,0.995771,0.986567,0.879818,3,7,1,2,7,2,2,3,2,3,4,4,1,4
pkw_wall07j.png,textures_pk,1.02624,1.02624,0.966974,1.00132,1.00975,1.02646,0.896877,15,32,10,12,32,13,14,15,13,19,15,19,6,20
pk_chinroof1e1.png,textures_pk,0.984088,0.984091,0.969649,1.00086,0.9989,0.984014,0.879108,4,7,1,2,7,2,2,3,2,3,3,4,1,4
mod_screen1b.png,textures_pk,1.06275,1.0628,0.992509,1.03633,1.0312,1.06303,0.924518,1,1,0,0,1,0,0,0,0,0,0,0,0,0
mod_plantg.png,textures_pk,0.954385,0.954384,0.971109,0.991943,0.990533,0.954386,0.865098,16,36,12,13,26,12,10,13,9,18,16,20,6,21
pkw_tiles02e.png,textures_pk,0.978758,0.978746,0.96467,0.992938,0.994907,0.978793,0.875837,16,36,6,13,28,13,12,13,11,20,11,20,5,20
mod_lbmetal1c.png,textures_pk,1.22788,1.22784,0.999826,1.02858,1.06711,1.22964,1.01374,14,29,8,11,40,14,21,19,18,22,12,17,6,19
mod_labcab2a.png,textures_pk,6.04023,10.1476,8.1765,7.4191,7.98846,7.68135,8.50693,1,1,1,0,2,0,1,1,1,0,4,0,0,0
her_wall_2.png,textures_pk,0.962034,0.962032,0.969617,0.992117,0.992664,0.962022,0.867386,15,35,11,13,28,12,10,13,10,17,15,19,6,21
SW_Wall02a.png,textures_pk,1.01311,1.01321,0.988398,1.01497,1.01872,1.01329,0.90037,7,15,4,6,14,5,6,7,5,7,7,8,2,9
{pk_chleaves1e.png,textures_pk,1.67269,1.74019,1.47045,1.48193,1.53499,1.71087,1.47799,5,10,2,4,13,6,7,21,6,7,5,6,2,18
pkf_light1b.png,textures_pk,1.11577,1.11948,1.04712,1.0946,1.07511,1.11643,0.991447,0,0,0,0,0,0,0,0,0,0,0,0,0,0
pkw_winlay03b.png,textures_pk,5.1724,8.29662,8.25308,8.4172,8.46987,6.37097,7.40621,2,4,3,2,3,1,1,1,1,1,7,4,0,1
scroll_modwater.png,textures_pk,1.22238,1.22348,1.03701,1.06945,1.10075,1.22547,1.02651,14,33,8,11,37,13,19,16,17,21,13,17,5,18
mod_labcab2c.png,textures_pk,4.43833,6.10262,4.82779,4.82258,5.07411,5.17196,4.9311,1,2,1,0,4,0,5,1,3,0,3,1,0,2
gow_wall1b.png,textures_pk,1.06082,1.0609,0.987922,1.01788,1.03021,1.06152,0.922645,15,33,11,12,33,13,15,15,13,19,15,19,6,22
mod_lbmetal1a.png,textures_pk,1.24358,1.24349,1.02878,1.0432,1.08248,1.24604,1.03489,26,29,6,11,40,14,22,18,19,22,10,16,6,18
mod_screensb.png,textures_pk,1.56332,1.60886,1.44901,1.49698,1.52475,1.58963,1.36893,2,4,0,2,5,1,2,2,1,4,2,2,1,2
ts_tilez1a.png,textures_pk,1.02908,1.02908,0.966122,1.00001,1.00928,1.02922,0.898714,15,33,9,12,31,13,13,14,12,19,14,18,5,20
pkw_wall07h.png,textures_pk,1.00595,1.00595,0.965088,0.998035,1.00377,1.00605,0.887405,15,34,10,12,30,13,13,14,12,19,15,20,5,20
gow_wallin1a.png,textures_pk,1.03478,1.03478,0.962852,1.00149,1.01124,1.03501,0.902084,15,32,10,12,33,13,14,15,13,19,14,18,5,20
pkw_wall04d.png,textures_pk,1.00668,1.00682,0.974389,1.00337,1.00836,1.00696,0.892574,15,33,10,12,31,14,12,14,11,18,15,19,6,21
pkf_concrete1.png,textures_pk,0.961046,0.961045,0.966452,0.991786,0.991487,0.961055,0.86726,15,34,7,12,27,13,10,12,10,17,11,19,5,20
mod_lights2a.png,textures_pk,1.20364,1.21881,1.11628,1.18268,1.1581,1.21094,1.06279,0,0,0,0,0,0,0,0,0,0,0,0,0,0
her_ceil_1.png,textures_pk,0.962627,0.962626,0.967198,0.992545,0.992371,0.962623,0.868185,16,35,7,13,28,13,11,13,10,18,11,19,5,21
mis_vent1a.png,textures_pk,1.10668,1.10674,1.00092,1.05584,1.06076,1.10638,0.947655,0,1,0,0,2,0,0,0,0,0,0,0,0,0
mod_labpipe1b.png,textures_pk,1.23541,1.2353,1.00863,1.04681,1.08536,1.23651,1.01374,7,14,3,5,20,6,10,9,8,11,5,7,3,8
pkw_wall10l.png,textures_pk,1.00327,1.00328,0.971972,1.0014,1.00613,1.0035,0.889331,16,35,12,12,30,13,12,15,12,19,16,20,6,20
pkw_wall11h.png,textures_pk,0.989741,0.98974,0.96559,0.996544,0.999748,0.9898,0.881265,16,36,11,14,30,14,12,44,11,22,15,21,6,20
mis_detlay1b.png,textures_pk,9.12514,33.3899,29.6219,30.7188,30.5577,14.3032,28.0608,0,0,2,0,0,0,0,0,0,0,4,0,0,0
mod_labvent1b.png,textures_pk,2.80901,2.80941,2.93454,3.10372,3.12007,2.80692,2.4364,0,0,0,0,0,0,0,0,0,0,0,0,0,0
pk_chinwall2d.png,textures_pk,1.04756,1.04757,0.984551,1.01482,1.0256,1.04788,0.909191,15,49,6,12,31,13,14,14,12,19,11,19,5,19
pk_chcomwood1b.png,textures_pk,0.977396,0.977398,0.961122,0.994658,0.99169,0.977347,0.874614,3,8,2,2,8,2,3,3,3,4,3,4,2,4
mod_screenc.png,textures_pk,1.27041,1.27046,1.13755,1.20191,1.20192,1.27325,1.0862,1,1,0,0,1,0,0,0,0,0,0,0,0,0
pkf_wall4n.png,textures_pk,1.10689,1.10695,1.01705,1.03502,1.05396,1.1082,0.953234,15,32,10,12,31,13,15,15,13,19,14,18,5,19
pkf_wall6f.png,textures_pk,1.2322,1.23227,1.02017,1.04772,1.08493,1.23403,1.01033,14,30,8,11,38,13,19,18,17,23,13,17,6,18
SW_Door01b.png,textures_pk,1.06447,1.06454,0.999111,1.0318,1.03435,1.0649,0.930601,1,3,1,0,3,0,1,1,1,1,2,1,0,1
pkf_wall7b.png,textures_pk,1.12061,1.12039,1.01241,1.03806,1.05824,1.12155,0.957666,14,31,10,11,34,13,16,17,14,20,14,19,6,20
mod_pipe2d.png,textures_pk,1.77587,1.78029,1.32131,1.29403,1.37953,1.79811,1.40923,3,5,1,2,9,2,6,5,5,5,2,2,1,3
{maz_leaves1b.png,textures_pk,1.82766,1.92994,1.62159,1.64171,1.70061,1.88311,1.63344,4,8,3,3,11,3,6,5,5,6,5,4,1,5
pk_chcomcar2.png,textures_pk,0.923871,0.923869,0.988534,0.991876,0.992761,0.923853,0.853726,16,36,7,14,23,13,7,11,7,16,11,20,5,21
pkf_containr2a.png,textures_pk,1.10834,1.10835,1.00397,1.02552,1.04746,1.10969,0.93686,7,15,5,5,17,5,8,8,7,9,7,8,3,9
pk_chinwall5.png,textures_pk,1.02147,1.02146,0.975187,1.00006,1.00884,1.02191,0.893645,16,34,6,12,31,12,14,15,12,19,11,19,6,21
pkf_facility2f.png,textures_pk,1.12149,1.1215,0.988049,1.02305,1.04537,1.12193,0.942458,14,31,10,12,36,13,18,17,16,21,14,18,6,20
pkf_tilewall1d.png,textures_pk,1.14074,1.14071,1.00135,1.03253,1.05652,1.14162,0.961084,14,31,9,11,37,13,18,17,16,21,14,19,6,20
her_door_2.png,textures_pk,1.00863,1.00865,0.97158,1.00545,1.00178,1.00868,0.893356,1,3,0,0,3,0,1,1,1,0,2,1,0,1
pkf_tilewall1e.png,textures_pk,1.15914,1.1591,1.00066,1.03625,1.06242,1.16008,0.968723,14,31,10,11,37,14,18,17,16,21,14,19,6,19
pkw_ground02b.png,textures_pk,0.966694,0.966693,0.96619,0.991566,0.990668,0.966702,0.870675,8,16,4,6,14,12,5,29,5,13,6,9,3,11
pkw_food1a.png,textures_pk,0.987087,0.987226,0.955948,0.994517,0.982411,0.986493,0.879253,0,1,0,0,0,0,0,0,0,0,0,0,0,0
hTrain01.png,textures_pk,1.0375,1.03746,0.990285,1.00486,1.01958,1.03793,0.904023,30,68,21,26,62,28,29,29,26,41,30,41,12,40
pk_chinflw1b.png,textures_pk,1.04175,1.04174,1.00536,1.0202,1.03042,1.04287,0.909044,15,32,10,12,28,12,13,14,12,19,14,18,5,20
pkw_road01.png,textures_pk,0.94239,0.942389,0.976977,0.991973,0.989131,0.942379,0.86043,16,35,7,13,25,12,9,13,9,18,12,19,5,20
{maz_leaves1c.png,textures_pk,2.72165,3.14352,2.59556,2.57495,2.70059,2.92737,2.62383,12,23,12,10,31,12,16,15,14,18,20,16,4,15
pkf_wall7c.png,textures_pk,1.16367,1.16332,1.03125,1.05332,1.0789,1.16518,0.98463,14,31,6,11,36,13,17,16,14,21,11,18,6,19
pkw_crate01a.png,textures_pk,1.01405,1.01406,0.969458,1.00473,1.00522,1.0142,0.8939,4,7,2,2,7,2,3,3,3,4,4,4,1,4
pkf_wall4o.png,textures_pk,1.06997,1.06999,1.00354,1.02475,1.03835,1.07078,0.929994,15,32,9,12,32,13,15,15,13,19,14,18,6,20
{pk_chbamboo1a.png,textures_pk,1.26931,1.27597,1.13834,1.18791,1.22326,1.2778,1.07905,1,3,0,0,3,0,1,1,1,0,0,1,0,1
mod_screenb.png,textures_pk,1.16061,1.16758,1.1158,1.16267,1.15294,1.16434,1.02928,0,1,0,0,1,0,0,0,0,0,0,0,0,0
pk_chinwall2e.png,textures_pk,1.04656,1.04656,0.98394,1.0145,1.02539,1.04688,0.908536,15,33,9,12,30,12,14,15,13,19,15,18,5,20
pk_chinwall3a.png,textures_pk,1.14092,1.14086,0.987543,1.02653,1.05101,1.14162,0.959107,14,30,5,11,37,15,17,17,15,20,11,16,6,19
pkw_wall11i.png,textures_pk,0.994562,0.994561,0.965613,0.997084,1.0009,0.994657,0.88298,16,35,8,12,30,12,12,14,12,18,12,20,6,21
pk_chintable1s.png,textures_pk,1.02667,1.02682,0.967369,0.996412,1.00312,1.02599,0.897164,0,0,0,0,1,0,0,0,0,0,0,0,0,0
mis_trim1a.png,textures_pk,1.08822,1.08828,0.965198,1.00945,1.02633,1.08851,0.932171,1,3,0,0,3,0,2,1,1,0,0,1,0,1
mod_labpipe1c.png,textures_pk,1.28729,1.28746,1.02957,1.06208,1.10718,1.28922,1.04886,7,14,4,4,19,6,11,10,9,10,6,8,3,8
mod_metfloor2a.png,textures_pk,1.19627,1.19627,1.02897,1.06741,1.10974,1.19929,0.977646,3,6,1,2,8,3,3,3,3,3,3,3,1,4
mod_labframe1a.png,textures_pk,1.72832,1.73791,1.30366,1.28985,1.37177,1.74649,1.39634,1,2,0,0,4,0,2,2,1,1,1,0,0,1
pkw_doorfr01a.png,textures_pk,1.07367,1.0737,0.994039,1.0347,1.03698,1.07406,0.930495,1,3,0,1,3,0,1,1,1,1,0,1,0,1
mod_electro2a.png,textures_pk,4.42891,6.09772,4.90225,4.86976,5.1105,5.16335,4.95509,3,6,5,2,8,2,5,3,8,4,9,4,1,3
pkw_wall05a.png,textures_pk,0.970051,0.970052,0.969318,0.994509,0.994958,0.970073,0.872537,16,36,11,13,28,12,11,13,10,18,16,20,6,21
her_inwall_2a.png,textures_pk,0.968613,0.968615,0.963392,0.991798,0.987893,0.968572,0.870617,4,7,0,2,8,2,2,3,2,4,2,4,1,4
pkw_wall04e.png,textures_pk,1.00111,1.00114,0.969451,0.99952,1.00413,1.00127,0.887735,16,35,11,13,31,13,12,14,11,20,16,20,6,21
mod_screen1a.png,textures_pk,1.1142,1.11433,1.01395,1.06575,1.06418,1.11489,0.959888,0,1,0,0,1,0,1,0,1,0,0,0,0,0
pk_chinroof1e2.png,textures_pk,0.980554,0.980557,0.969668,0.999603,0.996904,0.980498,0.877375,3,7,2,3,7,2,2,3,2,3,4,4,1,4
pkw_wall07i.png,textures_pk,1.02489,1.02489,0.967241,1.00129,1.00954,1.02509,0.896575,15,33,6,12,32,13,14,14,13,19,11,18,6,20
gow_wall1c.png,textures_pk,1.04232,1.04233,0.988513,1.01555,1.0251,1.0429,0.914639,15,35,6,12,31,13,13,14,12,19,11,19,6,20
pkw_arch02d.png,textures_pk,1.09847,1.11034,1.10382,1.13466,1.13544,1.10444,0.99716,14,32,10,12,26,12,10,11,9,17,15,20,5,18
mod_labcab2b.png,textures_pk,4.57592,6.13983,4.85908,4.38033,4.74412,5.32734,5.1172,1,2,1,0,5,0,3,2,2,2,4,1,0,1
{pk_chleaves1d.png,textures_pk,1.47776,1.50848,1.24587,1.26192,1.31014,1.49723,1.26088,12,23,8,9,32,11,17,16,15,19,13,14,5,31
her_wall_3.png,textures_pk,1.00563,1.00563,0.962714,0.995727,1.00168,1.0057,0.886473,15,34,6,12,30,13,13,14,12,19,11,18,5,21
{mod_labgrate2.png,textures_pk,2.04338,2.14742,1.671,1.68539,1.80732,2.10855,1.63053,8,17,4,6,25,8,14,13,12,15,9,11,4,11
mod_lbmetal1d.png,textures_pk,1.13906,1.13907,0.98076,1.01583,1.04128,1.1401,0.963923,14,30,8,12,38,14,19,16,16,22,13,16,6,19
pkw_tiles02b.png,textures_pk,0.959555,0.959553,0.967657,0.991774,0.991267,0.959557,0.866835,16,34,10,13,26,13,11,13,10,17,15,19,5,21
mod_labcarpet1b.png,textures_pk,0.954565,0.954565,0.974161,0.992623,0.991565,0.954587,0.866715,16,35,10,13,26,12,11,12,10,18,15,19,5,21
pk_chwoodwall1b.png,textures_pk,1.02846,1.02846,0.966861,1.00258,1.01164,1.0285,0.896573,15,63,10,12,32,14,15,14,13,19,15,20,6,20
pkw_wall04a.png,textures_pk,0.996892,0.997018,0.9759,1.00282,1.00636,0.997097,0.887966,15,34,10,12,30,13,12,13,11,18,15,20,6,20
pkf_concrete4.png,textures_pk,0.960652,0.96065,0.966652,0.991678,0.991257,0.960653,0.867228,15,35,11,13,28,12,10,12,10,17,15,29,5,21
pkw_wall05e.png,textures_pk,0.982411,0.982403,0.966228,0.994446,0.996755,0.982457,0.877695,16,36,11,13,29,13,12,14,11,19,16,21,6,21
{pkf_tree2c.png,textures_pk,3.02353,3.65772,3.33112,3.39834,3.44912,3.31538,3.18652,5,10,5,4,11,4,5,4,4,7,16,7,2,5
pk_chinroof1d2.png,textures_pk,1.00062,1.00062,0.967969,1.00103,1.00096,1.00061,0.885352,3,7,0,3,7,2,3,4,3,3,2,4,1,4
pkw_wall06i.png,textures_pk,0.992153,0.992152,0.965272,0.996317,0.999837,0.99219,0.881657,35,34,7,13,32,13,12,13,12,18,12,19,6,21
mod_screen1e.png,textures_pk,1.11633,1.1163,1.0071,1.06309,1.0618,1.11707,0.958446,1,1,0,0,1,0,0,0,0,0,0,0,0,0
mod_grate1.png,textures_pk,1.06401,1.06401,0.992726,1.02917,1.04855,1.06491,0.918697,15,32,7,12,32,12,14,14,13,19,11,18,6,19
pkw_wall08b.png,textures_pk,0.966275,0.966273,0.967229,0.992462,0.992821,0.966286,0.869334,16,35,11,13,28,12,11,13,10,17,16,19,6,21
pkf_window1a.png,textures_pk,1.24137,1.24168,1.04052,1.10016,1.11335,1.242,1.03762,0,0,0,0,1,0,0,0,0,0,0,0,0,0
SW_Logs01.png,textures_pk,0.946018,0.94602,0.968319,0.988849,0.983072,0.945949,0.860542,4,8,2,3,6,2,2,3,2,4,4,4,1,5
mod_door3.png,textures_pk,1.27384,1.27405,1.06163,1.09755,1.12825,1.27728,1.05062,3,6,0,2,9,2,4,4,4,4,2,3,1,4
pk_chinwall2a.png,textures_pk,1.02733,1.0273,0.984727,1.0135,1.02126,1.02757,0.902009,15,34,6,13,29,14,12,14,11,20,11,19,5,20
pkw_roof1.png,textures_pk,0.966327,0.96633,0.968598,0.992478,0.988917,0.966323,0.869795,4,7,1,2,7,2,2,3,2,4,3,5,1,4
pkf_tilewall1a2.png,textures_pk,0.984818,0.984816,0.965956,0.99428,0.99759,0.984842,0.876803,16,35,11,13,31,13,12,14,11,19,16,20,6,21
pkw_wall10i.png,textures_pk,0.994079,0.994095,0.973412,1.0004,1.00385,0.994287,0.885096,16,36,8,13,31,13,13,14,12,20,12,20,6,21
mod_sigairb.png,textures_pk,1.03029,1.03044,0.975257,1.01901,1.00796,1.02994,0.908238,0,0,0,0,0,0,0,0,0,0,0,0,0,1
pkf_wall6c.png,textures_pk,1.1911,1.1912,0.999478,1.03319,1.06533,1.19242,0.985128,14,67,8,11,38,13,22,18,20,23,13,24,6,20
mod_pipe2a.png,textures_pk,1.58026,1.58292,1.21239,1.21961,1.28321,1.59357,1.27022,3,5,1,2,9,3,6,3,5,4,3,2,1,4
mod_screenf.png,textures_pk,1.23442,1.23491,1.14678,1.19504,1.19015,1.23745,1.07243,0,1,0,0,1,0,0,0,0,0,0,0,0,0
{mazy_ofloor1.png,textures_pk,1.49301,1.50453,1.23245,1.20802,1.28503,1.50778,1.16035,11,22,8,9,30,9,19,16,16,19,12,12,6,14
pktrim1a.png,textures_pk,0.923628,0.923626,0.986431,0.989516,0.992022,0.92361,0.852753,18,231,9,74,24,47,10,47,10,134,14,70,7,68
pk_chgrass1.png,textures_pk,0.949737,0.949736,0.971255,0.99159,0.989638,0.949732,0.862801,34,38,14,14,28,12,11,13,11,18,18,41,6,22
pkf_wall4k.png,textures_pk,1.08503,1.08504,0.989083,1.02075,1.03642,1.0858,0.930204,15,32,7,12,35,13,16,16,14,20,11,19,6,20
pk_chconcrete1c.png,textures_pk,0.945654,0.945652,0.973294,0.991432,0.989136,0.94564,0.861285,16,35,7,13,26,12,9,13,9,17,12,20,5,21
pkf_facility2c.png,textures_pk,1.07377,1.07378,0.971852,1.00852,1.02425,1.07409,0.919154,15,31,7,12,34,13,17,15,14,20,11,18,6,21
hGround.png,textures_pk,0.958727,0.958725,0.967107,0.991795,0.991043,0.958728,0.866436,16,35,11,13,27,13,11,12,10,18,16,20,6,21
pkf_tilewall1a.png,textures_pk,1.0215,1.0215,0.961552,0.997756,1.0062,1.0216,0.892458,15,32,11,12,33,13,14,15,12,19,18,19,6,20
pkh_tiles02a.png,textures_pk,0.925525,0.925524,0.991712,0.995084,0.993742,0.925521,0.855737,71,161,35,61,97,57,37,48,37,79,52,97,26,89
{pkw_wheel01.png,textures_pk,1.32894,1.35193,1.21713,1.26428,1.26725,1.34324,1.18297,0,1,0,0,1,0,0,0,0,0,0,0,0,0
pk_chinwall1.png,textures_pk,1.19741,1.19752,1.04013,1.08328,1.10421,1.19886,1.00059,3,6,0,2,9,2,4,3,4,4,2,3,1,4
pkw_food1d.png,textures_pk,0.984714,0.984852,0.960338,0.990668,0.979592,0.984221,0.877025,0,0,0,0,0,0,0,0,0,0,0,0,0,0
pkf_containr3a.png,textures_pk,1.09964,1.09965,0.999729,1.02117,1.04232,1.10086,0.931683,7,15,5,5,18,6,8,8,7,9,7,8,3,9
{her_for_1.png,textures_pk,1.22268,1.24259,1.16699,1.19981,1.21198,1.23338,1.09192,13,28,5,10,27,11,11,12,10,16,10,15,4,17
pkf_facility2b.png,textures_pk,1.06915,1.06917,0.971213,1.00785,1.02276,1.06947,0.917131,15,33,6,12,90,13,15,15,13,19,15,18,6,20
pk_chconcrete1b.png,textures_pk,0.946911,0.946909,0.972439,0.991469,0.989396,0.946899,0.861804,16,36,28,13,27,13,10,12,9,17,17,20,6,21
+amod_button1.png,textures_pk,1.48936,1.50275,1.29269,1.3637,1.37471,1.49895,1.24361,0,0,0,0,1,0,0,0,0,0,0,0,0,1
pkf_wall4j.png,textures_pk,1.05691,1.05695,0.977014,1.01163,1.024,1.05723,0.914985,15,32,9,12,33,13,15,15,13,19,14,18,5,19
mod_screeng.png,textures_pk,1.25369,1.25385,1.11552,1.17241,1.17463,1.25609,1.07231,0,1,0,0,1,0,0,0,0,0,0,0,0,0
pkf_wall7f.png,textures_pk,1.17906,1.1789,1.03235,1.05423,1.0825,1.18067,0.991006,14,31,10,11,36,13,19,16,17,21,14,18,6,19
pkf_wall6b.png,textures_pk,1.1926,1.19256,1.00415,1.03737,1.06921,1.19392,0.989523,14,30,5,11,38,13,19,17,17,23,10,16,6,19
mis_trim1d.png,textures_pk,1.07455,1.07462,0.972719,1.02185,1.02554,1.07483,0.93002,1,1,0,0,2,0,0,0,0,0,0,0,0,1
pkw_wall10h.png,textures_pk,1.00004,1.00005,0.972004,1.00093,1.00517,1.00025,0.887523,16,35,12,13,30,13,13,14,12,18,16,21,6,21
pk_chinwall3d.png,textures_pk,1.12461,1.12448,1.00128,1.03043,1.052,1.12572,0.949332,14,31,9,11,34,13,17,16,16,20,13,17,6,19
mod_lights3a.png,textures_pk,1.02734,1.02773,0.950642,1.00804,0.990888,1.02627,0.901309,0,0,0,0,0,0,0,0,0,0,0,0,0,0
mis_det1b.png,textures_pk,1.22424,1.2244,1.03818,1.06481,1.09977,1.22593,1.01153,7,14,3,5,19,5,9,8,8,10,5,8,3,9
gow_wallceiling1.png,textures_pk,1.04194,1.04194,0.965514,1.00401,1.01475,1.0423,0.905809,15,32,9,12,33,13,14,14,13,19,14,18,6,20
pkw_wall08c.png,textures_pk,0.957732,0.95773,0.968461,0.991793,0.990862,0.957726,0.865971,16,35,11,13,26,12,11,12,10,18,15,19,5,21
mod_screen1d.png,textures_pk,1.10728,1.10734,1.0028,1.05595,1.05313,1.10756,0.95363,0,1,0,0,2,0,0,0,0,0,0,0,0,0
pkw_wall06h.png,textures_pk,1.00009,1.0001,0.972284,1.00036,1.00465,1.00024,0.887886,16,35,12,12,30,12,12,14,11,18,16,21,6,20
{pkf_tree2b.png,textures_pk,3.00771,3.63466,3.34305,3.40101,3.44737,3.29649,3.17901,5,10,5,4,10,4,5,4,4,5,10,6,1,5
pkw_wall05d.png,textures_pk,0.978919,0.978922,0.969383,0.994973,0.996594,0.978967,0.877211,16,36,7,12,30,12,12,13,11,18,12,20,6,20
mod_wallvent1a.png,textures_pk,1.364,1.36443,1.16441,1.21159,1.24815,1.36448,1.11427,1,2,0,0,3,0,1,1,1,0,1,0,0,1
pkw_arch02a.png,textures_pk,0.978276,0.978276,0.960015,0.992646,0.99479,0.978292,0.874423,46,35,11,14,34,13,12,13,12,19,16,20,6,20
pkw_tiles02c.png,textures_pk,0.979416,0.979415,0.961967,0.992362,0.994612,0.979451,0.875226,16,34,6,12,32,13,12,14,11,17,11,19,8,21
mod_sigwarn.png,textures_pk,1.10519,1.10525,1.03536,1.07441,1.07139,1.10628,0.962397,1,1,0,0,1,0,0,0,0,0,0,0,0,0
pk_chinhobeam2a.png,textures_pk,1.00897,1.00912,0.944014,0.978247,0.980002,1.00833,0.882315,0,0,0,0,0,0,0,0,0,0,0,0,0,0
SW_Wall03a.png,textures_pk,1.01477,1.01481,1.00292,1.02177,1.02522,1.01488,0.906259,7,15,3,6,14,5,5,6,5,7,5,8,2,9
{mod_labgrate3.png,textures_pk,2.39573,2.60332,2.01658,2.04919,2.20021,2.52776,1.96598,7,13,4,5,22,5,12,10,10,11,9,9,4,9
{pk_chleaves1a.png,textures_pk,4.68795,6.61167,5.06382,4.93978,5.20857,5.52192,5.50784,0,0,1,0,2,0,1,0,1,0,2,0,0,0
{pk_chleaves1c.png,textures_pk,2.31737,2.55916,2.12259,2.11413,2.19983,2.44031,2.15602,7,15,5,5,19,6,11,8,10,10,9,9,3,8
{mod_labgrate1.png,textures_pk,2.08082,2.18878,1.6997,1.71264,1.83824,2.14906,1.65843,8,17,7,6,25,8,15,11,13,15,11,14,4,11
gow_wall1d.png,textures_pk,1.02224,1.02223,0.96888,1.00315,1.01068,1.02239,0.896282,15,33,6,12,31,13,13,15,12,19,11,19,6,21
pkw_tiles02a.png,textures_pk,0.962811,0.96281,0.968545,0.992709,0.992466,0.962821,0.868495,16,35,7,12,29,12,11,14,13,18,11,20,8,21
pk_chwoodwall1a.png,textures_pk,1.02846,1.02846,0.966861,1.00258,1.01164,1.0285,0.896573,15,33,10,12,31,13,13,15,12,19,14,18,5,20
pkw_arch02c.png,textures_pk,1.03214,1.03217,0.9526,0.990194,0.998553,1.03229,0.899174,1,3,1,1,3,0,1,1,1,1,2,1,0,2
mod_labcarpet1a.png,textures_pk,0.954565,0.954565,0.974161,0.992623,0.991565,0.954587,0.866715,15,34,11,13,26,12,10,12,10,17,15,19,5,21
pkw_wall05f.png,textures_pk,0.97641,0.976402,0.970831,0.995522,0.996745,0.976457,0.876306,16,35,11,13,29,12,11,12,10,18,16,20,6,21
mod_light4.png,textures_pk,1.54985,1.58609,1.37947,1.40704,1.44469,1.5766,1.30924,0,0,0,0,1,0,0,0,0,0,0,0,0,0
SW_CrateTop.png,textures_pk,1.03428,1.03429,0.976231,1.01608,1.01732,1.03454,0.906454,3,7,0,3,7,2,3,3,3,4,2,4,1,5
pkw_wall04b.png,textures_pk,1.00097,1.0011,0.973875,1.0019,1.00617,1.0012,0.889383,15,34,7,12,30,12,12,14,11,17,11,19,6,22
mod_screen1f.png,textures_pk,1.22555,1.22545,1.08056,1.12579,1.13167,1.2282,1.03284,0,1,0,0,1,0,1,0,1,0,0,0,0,0
pk_chinroof1d1.png,textures_pk,1.00374,1.00374,0.971323,1.00614,1.00576,1.00375,0.888379,3,7,0,3,7,2,2,3,2,3,2,4,1,5
mod_labcon1a.png,textures_pk,1.31135,1.3114,1.07874,1.10135,1.14794,1.31316,1.05851,6,13,3,4,54,6,9,8,8,10,5,8,3,8
pkf_window1b.png,textures_pk,1.05851,1.05867,0.957849,1.01434,1.01046,1.05799,0.916536,0,0,0,0,1,0,0,0,0,0,0,0,0,0
mod_grate2.png,textures_pk,1.04126,1.04126,0.990596,1.00669,1.02077,1.04201,0.901177,15,33,6,12,30,12,13,14,12,19,11,18,6,20
pkw_wall08a.png,textures_pk,0.976163,0.976161,0.964342,0.993254,0.994938,0.97617,0.873761,15,34,6,13,28,13,12,14,11,18,11,18,5,20
mazy_ofloor1.png,textures_pk,1.076,1.07601,0.983668,1.01534,1.03083,1.07682,0.924527,15,32,7,12,33,13,15,15,13,19,11,19,6,20
hmountain.png,textures_pk,0.975436,0.975643,0.980127,0.998535,0.999333,0.97572,0.881411,16,36,10,12,26,13,11,13,10,18,15,19,5,20
pk_chinwall2b.png,textures_pk,1.0797,1.07969,0.970486,1.00887,1.02565,1.08003,0.92042,15,31,9,12,34,13,16,17,14,21,14,17,6,20
pk_chintable1t.png,textures_pk,1.35484,1.39156,1.28138,1.3308,1.34487,1.37363,1.21098,5,11,4,5,13,5,5,5,4,7,6,5,2,7
pkw_wall10j.png,textures_pk,1.01001,1.01002,0.971737,1.00132,1.00712,1.01024,0.891913,16,49,7,13,32,13,14,14,13,19,12,21,6,21
mod_sigaira.png,textures_pk,1.02003,1.02017,0.965165,1.00934,0.997808,1.01948,0.900154,0,0,0,0,0,0,0,0,0,0,0,0,0,0
pkf_wall7d.png,textures_pk,1.15759,1.15738,1.02717,1.05003,1.07505,1.15899,0.980364,15,32,7,11,35,13,17,16,16,21,11,18,6,19
mod_pipe2b.png,textures_pk,1.55447,1.55685,1.19967,1.20965,1.27029,1.56667,1.25167,3,5,0,2,10,2,6,4,5,4,2,2,1,4
pkf_wall4h.png,textures_pk,1.18391,1.18394,1.07378,1.07684,1.10413,1.18726,1.01292,14,31,6,11,32,12,17,15,15,19,11,18,5,18
mod_screene.png,textures_pk,1.20217,1.20252,1.09847,1.15491,1.15265,1.20457,1.03736,0,1,0,0,1,0,0,0,0,0,0,0,0,0
pktrim1b.png,textures_pk,0.927681,0.92768,0.984485,0.989276,0.990395,0.927666,0.85423,17,39,14,15,25,13,9,11,9,18,19,23,7,22
pkf_tilewall1b.png,textures_pk,1.06866,1.06871,0.984254,1.01778,1.03169,1.06895,0.921111,15,32,10,12,33,14,15,15,13,19,14,18,6,19
pkf_containr3c.png,textures_pk,1.09523,1.09523,0.997073,1.01834,1.03927,1.09635,0.928116,8,15,4,5,15,5,8,8,7,8,7,8,3,9
pkh_tiles02b.png,textures_pk,0.923494,0.923493,0.993704,0.99541,0.995999,0.92349,0.855186,71,158,59,61,97,55,38,48,38,76,77,101,28,88
pkf_containr3b.png,textures_pk,1.17415,1.17421,0.997757,1.04811,1.06784,1.1751,0.980105,3,6,1,3,9,2,4,3,4,4,3,3,1,4
pkh_tiles02c.png,textures_pk,0.926219,0.926218,0.991084,0.99496,0.993495,0.926214,0.855917,70,158,57,68,99,55,38,49,38,79,74,97,27,87
pkf_facility2a.png,textures_pk,1.04859,1.04858,0.964025,1.00174,1.01409,1.04875,0.906005,15,32,8,12,34,13,15,16,14,19,11,19,6,20
pkf_tilewall1c.png,textures_pk,1.09795,1.098,0.989384,1.02264,1.04056,1.0984,0.936371,15,31,6,12,35,14,16,15,15,20,11,18,6,19
pk_chconcrete1a.png,textures_pk,0.945817,0.945816,0.973445,0.991659,0.989295,0.945809,0.861553,16,35,10,13,26,12,9,12,9,16,15,19,5,21
hlog.png,textures_pk,1.15547,1.16997,1.14057,1.17731,1.16862,1.16255,1.0495,1,1,0,0,2,0,0,0,0,0,0,1,0,1
snowwall.png,textures_pk,1.00214,1.00222,0.98939,1.00614,1.0092,1.00237,0.895713,6,13,2,4,10,5,4,4,3,6,4,7,2,7
mod_screend.png,textures_pk,1.18926,1.19657,1.11844,1.17465,1.16721,1.19327,1.04632,0,1,0,0,1,0,0,0,0,0,0,0,0,0
pkf_wall4i.png,textures_pk,1.17076,1.17052,1.05,1.0571,1.08479,1.17313,0.995086,14,30,6,11,33,14,17,16,16,20,11,17,5,19
pkf_wall6a.png,textures_pk,1.14571,1.14569,0.984023,1.0239,1.04976,1.14633,0.962159,14,30,5,11,38,13,18,17,16,21,11,16,6,20
pkf_wall7e.png,textures_pk,1.18705,1.18696,1.03384,1.05584,1.08532,1.18875,0.994151,14,31,6,11,35,14,18,16,18,21,11,18,6,19
mod_pipe2c.png,textures_pk,1.79003,1.7947,1.32158,1.29315,1.38092,1.81256,1.41573,3,5,0,2,10,3,6,4,5,5,2,2,1,3
pkw_wall10k.png,textures_pk,0.995574,0.995582,0.972514,0.999624,1.00333,0.99576,0.885507,16,36,7,13,30,13,12,13,12,19,12,20,6,21
pk_chinwall2c.png,textures_pk,1.03783,1.03781,0.985441,1.01501,1.02438,1.03812,0.906004,15,40,6,12,30,13,13,14,12,19,11,43,5,19
mod_door1.png,textures_pk,1.09017,1.09021,0.992386,1.0322,1.04154,1.09076,0.939723,3,7,1,3,8,2,3,3,3,3,3,4,1,4
mazfloor.png,textures_pk,1.01966,1.01966,0.964673,0.999002,1.00661,1.01984,0.894635,15,33,7,12,31,13,14,15,13,20,11,18,6,21
mis_det1a.png,textures_pk,1.10853,1.10856,0.985428,1.02161,1.04144,1.10908,0.942557,7,15,5,6,18,6,8,8,7,9,7,7,3,10
{pkf_tree2a.png,textures_pk,3.00234,3.62675,3.33722,3.39488,3.44088,3.28983,3.17197,5,10,6,4,9,4,5,4,4,5,9,6,1,5
mod_screen1g.png,textures_pk,1.1659,1.166,1.03502,1.08906,1.09102,1.16692,0.991718,1,1,0,0,1,0,0,0,0,0,0,0,0,0
mod_wallvent1b.png,textures_pk,1.29972,1.30053,1.11016,1.16262,1.1894,1.3008,1.0766,1,2,0,0,3,0,1,1,1,0,1,1,0,1
pkw_wall04c.png,textures_pk,1.00589,1.00603,0.976008,1.00294,1.00791,1.00615,0.892676,15,33,7,12,31,12,12,13,11,18,11,19,6,21
pkw_wall05g.png,textures_pk,0.978101,0.978102,0.969224,0.994945,0.996481,0.978141,0.876482,16,43,7,19,30,19,11,13,11,25,12,27,6,21
htiles.png,textures_pk,0.952014,0.952012,0.970843,0.991706,0.990113,0.951998,0.863625,16,37,11,14,27,13,12,12,10,19,16,21,6,21
mod_labcab2d.png,textures_pk,4.96714,7.41896,6.34465,6.36555,6.57096,5.98584,6.22256,1,1,1,0,2,0,1,1,1,0,4,1,0,1
pkw_arch02b.png,textures_pk,1.27651,1.308,1.27915,1.31648,1.31914,1.29251,1.16663,6,14,3,5,11,5,4,5,4,6,5,8,2,8
gow_wall1e.png,textures_pk,1.05781,1.05793,0.992218,1.02033,1.03167,1.05857,0.923727,15,33,10,13,33,14,15,14,13,20,15,20,6,19
SW_Wall03b.png,textures_pk,1.07468,1.07468,1.02259,1.04139,1.05275,1.07517,0.94399,7,17,3,6,15,6,7,6,6,9,5,9,2,10
pk_chinhobeam2b.png,textures_pk,1.01699,1.01713,0.950128,0.983532,0.988835,1.01638,0.887412,0,0,0,0,0,0,0,0,0,0,0,0,0,0
{pk_chleaves1b.png,textures_pk,3.376,4.15871,3.37964,3.33431,3.48943,3.74124,3.48287,4,9,6,4,12,4,7,6,5,8,10,6,1,5
SW_Rock01.png,textures_pk,1.03186,1.03222,0.974487,1.00688,1.01533,1.03246,0.908639,16,34,6,12,33,13,14,14,13,19,11,19,6,20
IMGP5511_seamless.png,textures_photo,0.951831,0.95183,0.972121,0.98936,0.992486,0.951847,0.862352,266,615,204,246,442,239,172,214,164,332,272,370,101,346
IMGP5498_seamless.png,textures_photo,0.946333,0.946332,0.97619,0.990487,0.992634,0.946342,0.860793,304,644,245,253,449,233,187,213,181,337,314,417,121,357
grass1.png,textures_photo,0.925498,0.925498,0.993915,0.996711,0.995756,0.925497,0.856449,303,673,276,261,418,228,175,208,174,333,345,445,131,364
IMGP5505_seamless.png,textures_photo,0.958319,0.958319,0.972883,0.990026,0.994076,0.95837,0.865346,294,679,160,252,475,248,206,238,198,353,227,457,128,359
clover.png,textures_photo,0.926862,0.926862,0.992772,0.996437,0.995478,0.926866,0.856792,300,667,167,260,416,232,171,212,170,335,246,440,128,363
IMGP5487_seamless.png,textures_photo,1.02454,1.02455,0.952885,0.981976,0.998764,1.02487,0.886982,259,588,197,233,542,241,299,250,228,365,266,368,111,335
IMGP5480_seamless.png,textures_photo,0.959627,0.959714,0.972817,0.990319,0.994542,0.959729,0.866051,284,646,157,254,476,240,204,278,196,350,224,419,125,392
rock03.png,textures_photo,0.946985,0.946985,0.978086,0.991809,0.993883,0.947012,0.861992,289,646,155,265,447,239,187,220,181,375,223,417,121,356
rock02.png,textures_photo,0.938041,0.938041,0.983326,0.993322,0.993942,0.938051,0.859326,294,681,162,276,437,247,182,241,178,357,228,442,126,371
rock02_2.png,textures_photo,0.937318,0.937317,0.983417,0.9934,0.993877,0.937326,0.859071,303,654,256,259,438,232,180,233,176,338,326,424,125,359
rock01.png,textures_photo,0.952824,0.952824,0.973707,0.990059,0.993249,0.952856,0.863249,287,652,242,255,462,243,192,284,186,357,312,418,122,354
IMGP5493_seamless_1.png,textures_photo,1.18926,1.1893,0.980619,1.00275,1.04625,1.19119,0.969582,230,518,110,207,625,248,320,294,284,388,183,309,102,314
IMGP5493_seamless_2.png,textures_photo,1.18051,1.18055,0.979533,1.00141,1.0436,1.18245,0.965134,233,530,112,209,630,248,309,292,274,395,181,322,104,313
IMGP5482_seamless.png,textures_photo,0.949788,0.949788,0.976427,0.991074,0.993641,0.949816,0.862667,292,654,253,254,458,236,194,219,187,348,321,424,126,354
IMGP5497_seamless.png,textures_photo,0.962704,0.962704,0.965755,0.986445,0.991707,0.962735,0.864823,274,668,142,250,467,239,197,221,187,342,212,403,112,351
IMGP5514_seamless_2.png,textures_photo,0.987001,0.987001,0.958162,0.984444,0.994136,0.987104,0.873554,277,603,212,238,507,242,213,234,200,355,281,378,111,342
IMGP5546_seamless.png,textures_photo,1.0814,1.08141,0.955586,0.984612,1.01142,1.08207,0.91431,251,566,187,222,582,243,317,270,290,375,259,352,110,334
IMGP5539_almost_seamless.png,textures_photo,0.991985,0.991985,0.971096,0.992324,1.00189,0.992185,0.879733,279,627,148,243,499,237,225,238,210,355,216,401,121,346
IMGP5525_seamless.png,textures_photo,0.949868,0.949868,0.975384,0.990592,0.993255,0.949895,0.862424,290,649,158,252,457,234,194,219,187,343,227,420,125,355
IMGP5514_seamless_1.png,textures_photo,0.975061,0.975061,0.962303,0.985648,0.993091,0.975131,0.869673,272,628,142,248,492,246,208,236,197,371,210,404,115,358
smartphone_PNG8547.png,pngimg,2.69615,3.06459,2.93553,2.7224,2.85874,2.89512,2.70388,86,172,93,73,163,75,93,87,84,123,146,127,32,94
pork_PNG65.png,pngimg,1.1742,1.18869,1.2779,1.28422,1.28473,1.18516,1.09674,1077,2480,949,971,1517,892,615,724,578,1202,1271,1628,412,1265
pistachio_PNG47.png,pngimg,2.75005,3.27724,3.35403,3.3748,3.38721,2.99106,2.97537,45,92,44,42,66,36,30,30,28,51,74,72,16,49
police_car_PNG12.png,pngimg,2.74355,3.04603,2.52988,2.4562,2.61837,2.90325,2.48439,19,39,14,15,48,19,28,23,24,31,26,27,8,22
lollipop_PNG98263.png,pngimg,1.76728,1.85087,1.69294,1.64171,1.70672,1.81885,1.61971,12,23,10,9,24,10,13,12,12,16,14,15,4,13
mechanical_ventilator_PNG13.png,pngimg,3.27027,4.0719,3.45335,3.43406,3.61017,3.62983,3.36412,288,619,361,296,687,309,340,309,307,468,610,495,113,342
pizza_PNG7128.png,pngimg,1.20237,1.22903,1.25611,1.26596,1.27546,1.21569,1.11113,725,1574,424,646,1127,586,485,543,468,864,660,1041,301,849
cacao_PNG27.png,pngimg,0.939665,0.939671,0.98751,0.994605,0.993784,0.939719,0.862176,57,133,48,49,84,63,35,74,34,63,61,90,23,69
christmas_PNG17253.png,pngimg,2.50672,2.78213,2.41809,2.25233,2.40717,2.65049,2.33355,343,725,349,314,751,346,441,411,396,568,539,542,144,378
cutlet_PNG51.png,pngimg,2.57678,2.84409,2.16353,1.96865,2.15282,2.72268,2.27165,63,108,59,47,167,61,113,86,101,112,84,74,24,65
pineapple_PNG2750.png,pngimg,1.2652,1.30433,1.39125,1.39489,1.39573,1.28453,1.20392,1351,2995,1268,1265,1839,1100,739,887,727,1541,1670,1986,529,1591
thug_life_PNG15.png,pngimg,12.0108,5407.84,19528.1,14101.1,14879.1,23.9777,7820.14,9,9,70,19,8,9,5,0,5,9,128,41,0,0
arma_PNG36.png,pngimg,1.46741,1.52673,1.51067,1.51861,1.53125,1.49768,1.36884,15,34,13,12,28,11,13,12,12,17,19,21,6,18
bison_PNG92393.png,pngimg,2.11808,2.28031,2.04293,2.0568,2.1267,2.20469,1.94054,53,108,36,44,120,51,61,55,55,76,62,68,20,63
sticky_note_PNG18888.png,pngimg,11.9326,151.375,64.2823,17.1772,24.4609,22.6544,194.008,28,34,137,42,48,37,97,72,82,123,249,92,1,6
multi_tool_PNG3.png,pngimg,3.31778,4.05213,4.15165,4.19874,4.24125,3.69057,3.63838,111,217,135,102,183,104,78,78,74,131,227,170,35,118
scooter_PNG11292.png,pngimg,2.94597,3.56293,3.3869,3.40471,3.46449,3.22738,3.12268,47,101,48,49,89,47,45,41,42,67,85,78,17,55
skoda_PNG12334.png,pngimg,2.36715,2.66684,2.50196,2.50402,2.56629,2.5106,2.31662,29,64,29,25,55,26,28,25,25,38,46,46,11,33
skoda_PNG12336.png,pngimg,1.57761,1.63502,1.54242,1.55018,1.5781,1.61176,1.42844,11,24,6,8,22,10,10,10,9,14,10,13,4,13
hitman_PNG17.png,pngimg,3.44646,4.04298,2.85235,2.4396,2.74716,3.77201,3.12151,26,48,24,22,87,31,61,46,53,57,43,34,11,30
gym_equipment_PNG172.png,pngimg,2.59755,2.95529,3.19076,3.2172,3.22034,2.78331,2.71016,170,356,145,149,249,145,95,105,93,181,248,255,57,185
trekking_pole_PNG19.png,pngimg,5.16914,7.42613,7.41785,7.45016,7.65882,6.2306,6.49213,80,140,113,71,143,76,65,55,61,93,204,121,22,74
heater_PNG47.png,pngimg,2.52662,2.8271,2.49483,2.22979,2.40034,2.68895,2.42356,113,217,89,102,257,112,165,140,146,192,156,159,44,131
skeleton_PNG42629.png,pngimg,3.8372,5.14645,5.12312,5.15846,5.17762,4.40019,4.6313,8,17,26,8,12,7,8,6,6,10,41,15,3,8
hairbrush_PNG95.png,pngimg,6.87147,13.2241,11.2364,10.373,11.2492,9.20716,10.5631,33,61,78,38,69,37,44,30,39,54,129,68,10,28
mitsubishi_PNG114.png,pngimg,2.85257,3.36897,3.06241,2.98582,3.09915,3.09546,2.90629,17,34,15,15,35,15,19,17,17,23,26,26,6,18
darth_vader_PNG6.png,pngimg,10.6909,74.0252,43.7748,32.6413,39.1254,18.8586,52.4701,44,77,238,89,88,68,77,46,69,100,428,175,8,19
picture_frame_PNG49.png,pngimg,1.66882,1.78598,1.89757,1.90457,1.90687,1.72556,1.64444,45,94,46,39,60,33,26,31,25,48,65,65,18,52
superman_PNG60.png,pngimg,1.78442,1.93077,2.04384,2.05329,2.04741,1.85474,1.77952,30,69,21,26,59,22,17,18,17,30,34,49,11,34
rubber_duck_PNG17.png,pngimg,4.61149,5.83719,4.00065,2.95684,3.46792,5.2811,4.69752,36,58,33,29,102,40,94,70,81,86,64,45,12,34
soybean_PNG7.png,pngimg,2.81275,3.36843,3.43887,3.44164,3.45889,3.06702,3.0597,31,71,31,31,48,27,22,22,21,38,54,58,12,34
window_PNG17682.png,pngimg,1.27495,1.28211,1.23379,1.23968,1.2637,1.28506,1.11542,21,44,15,16,40,17,19,20,17,27,21,25,8,25
buddha_PNG53.png,pngimg,1.68242,1.80128,1.89772,1.90924,1.90235,1.73991,1.65639,18,39,18,15,25,13,11,12,10,19,25,27,7,21
gas_stove_PNG10.png,pngimg,3.19611,3.86474,3.23014,3.04462,3.26429,3.51326,3.15198,79,161,75,74,191,82,145,97,99,133,134,124,31,90
wedding_cake_PNG19470.png,pngimg,1.28264,1.32166,1.37963,1.39172,1.38824,1.30192,1.21178,19,43,11,17,27,14,12,14,11,22,18,27,8,23
ipod_PNG15.png,pngimg,8.18737,19.5632,20.0376,19.9721,20.4563,11.9317,16.8849,7,12,19,7,12,6,5,3,5,7,35,14,1,5
football_player_PNG54.png,pngimg,4.65646,6.33017,4.30237,3.52205,4.06002,5.42857,4.81178,64,111,76,57,189,73,143,107,124,136,160,92,24,64
spinner_PNG17.png,pngimg,4.64153,6.63039,5.36748,4.94077,5.31002,5.48855,5.4189,54,106,81,59,138,62,85,69,75,102,147,94,19,57
gloves_PNG8323.png,pngimg,1.62128,1.70891,1.56123,1.58817,1.63139,1.66479,1.46572,119,285,76,112,252,125,119,118,108,177,124,188,50,159
chevrolet_PNG46.png,pngimg,3.20234,3.86115,3.4344,3.24425,3.41357,3.5153,3.28884,24,49,24,23,54,34,31,27,28,38,43,45,9,29
spinach_PNG15.png,pngimg,1.57845,1.67102,1.72038,1.74114,1.7399,1.6236,1.52157,25,68,16,21,37,19,16,18,16,29,25,35,10,29
donate_PNG42.png,pngimg,8.57685,13.6472,19.2106,18.7501,19.7184,11.0399,12.908,6,7,8,3,9,5,4,2,3,4,15,6,1,4
chef_PNG71.png,pngimg,8.04112,15.2842,9.16433,4.94353,6.39361,11.0182,11.7551,517,957,902,649,1491,785,1563,1213,1349,1632,1697,981,142,409
socks_PNG8220.png,pngimg,8.36454,17.5537,11.164,6.83823,8.48674,11.8837,14.7362,4,5,8,3,14,4,13,9,11,11,17,6,1,3
france_PNG16.png,pngimg,3.65804,4.43589,3.93286,3.7474,3.9664,4.1088,3.75347,14,26,15,12,33,13,18,15,16,21,27,19,5,15
chocolate_cake_PNG37.png,pngimg,2.05002,2.24388,2.10762,2.09924,2.15264,2.14629,1.94823,32,70,31,28,61,27,31,28,30,41,48,50,13,37
bun_PNG13761.png,pngimg,1.41992,1.48497,1.59179,1.59482,1.59026,1.4517,1.37443,52,107,50,44,72,38,29,34,29,54,69,71,21,59
helicopter_PNG80102.png,pngimg,4.60445,6.67048,6.02474,5.89392,6.13792,5.46507,5.64004,67,146,112,73,132,69,73,60,66,101,196,136,25,69
praying_hands_PNG10.png,pngimg,8.47385,23.4295,18.5187,15.4969,17.218,12.6637,20.3347,13,21,36,17,24,14,18,13,16,22,71,31,2,7
iphone_12_PNG37.png,pngimg,2.84458,3.21474,2.41206,2.27341,2.47672,3.05117,2.48388,271,517,198,246,765,327,456,394,400,509,370,336,109,329
machine_gun_PNG15.png,pngimg,2.32233,2.63061,2.53075,2.57333,2.60673,2.46811,2.31638,24,49,20,23,46,21,22,22,20,31,34,36,9,29
house_PNG49.png,pngimg,1.50801,1.58352,1.58657,1.60651,1.61666,1.54507,1.42261,41,82,39,32,70,30,30,34,29,46,50,55,16,47
radish_PNG50.png,pngimg,5.57911,7.95053,5.36866,3.7858,4.49129,6.75008,6.54346,30,52,34,26,82,36,82,61,70,75,67,47,9,27
bruce_lee_PNG27.png,pngimg,2.03558,2.23893,2.16827,2.19639,2.22495,2.13455,1.97661,46,98,50,42,84,38,40,41,37,59,73,68,20,55
libra_PNG23.png,pngimg,3.38398,3.93474,4.06976,4.08627,4.15187,3.78645,3.46094,26,50,27,20,47,22,20,18,18,30,46,36,10,27
email_PNG28.png,pngimg,11.2409,114.39,97.6222,71.0484,82.5358,20.7508,102.815,15,20,72,25,19,17,13,7,11,21,135,50,1,3
gift_PNG100250.png,pngimg,5.72819,7.56852,6.30128,5.14182,5.83425,6.73261,6.15986,24,37,26,17,57,24,40,29,35,38,47,28,7,20
face_PNG5662.png,pngimg,2.52546,2.94176,3.01402,3.05832,3.05225,2.71766,2.67224,16,34,14,14,23,12,10,11,9,17,24,26,5,18
cursor_PNG68.png,pngimg,11.305,136.841,105.295,71.9128,85.4118,21.0708,126.83,7,12,51,17,11,10,9,5,8,13,91,33,0,2
floral_frame_PNG53.png,pngimg,1.7834,1.91303,1.92202,1.93624,1.95651,1.85006,1.71429,152,329,152,134,316,126,110,114,105,181,216,232,62,174
phone_hand_PNG32.png,pngimg,6.30973,8.90792,5.79262,3.49353,4.34794,7.85486,7.054,107,212,144,89,335,128,315,256,268,758,241,146,35,89
rubber_stamp_PNG2.png,pngimg,1.98972,2.03754,1.60338,1.5172,1.642,2.04386,1.60612,50,97,71,39,137,51,85,68,75,88,60,60,22,58
pyramid_PNG11.png,pngimg,2.4484,2.75254,2.30396,2.34417,2.43616,2.59799,2.29657,4,7,2,2,9,3,6,5,4,5,6,5,1,4
fairy_PNG112.png,pngimg,2.42456,2.7788,2.70227,2.69141,2.74159,2.59166,2.45461,339,633,250,277,493,256,236,237,221,378,419,476,114,328
deodorant_PNG38.png,pngimg,3.67836,4.85724,4.84748,4.91592,4.95956,4.18827,4.34261,219,467,284,274,359,223,156,159,148,293,514,402,75,243
sofa_PNG6947.png,pngimg,1.19621,1.22101,1.21965,1.23586,1.24899,1.20856,1.09183,630,1451,540,582,1057,568,452,500,431,789,732,910,258,783
peacock_PNG22.png,pngimg,1.35399,1.39457,1.39595,1.39407,1.40462,1.37496,1.25953,12,24,6,9,21,9,10,9,9,14,12,16,5,14
bell_PNG53465.png,pngimg,2.33584,2.64557,2.79386,2.81561,2.82253,2.48441,2.42107,519,1173,588,497,762,461,307,349,300,648,907,872,190,596
dog_PNG23603.png,pngimg,1.53579,1.62135,1.69875,1.70737,1.71157,1.57776,1.48489,576,1316,568,541,842,481,356,401,348,672,804,900,232,675
towel_PNG99.png,pngimg,2.42388,2.6052,1.77838,1.52895,1.72309,2.5302,1.94389,350,684,216,307,1155,428,802,666,692,823,394,445,155,429
bone_PNG30.png,pngimg,12.021,66225.9,56679.8,54236.7,28992.9,23.9875,56679.8,3,2,17,4,2,2,1,0,1,2,32,10,0,0
bellflower_PNG12.png,pngimg,3.06883,3.77848,3.83952,3.83265,3.85445,3.38914,3.43588,27,53,36,25,39,20,19,20,18,30,57,42,10,28
flags_PNG14682.png,pngimg,12.0115,4624.65,95601.7,100174,67368.4,23.9953,6770.5,9,8,65,16,8,8,5,0,5,8,120,40,0,0
jam_PNG74.png,pngimg,2.01255,2.08206,1.55447,1.38732,1.53808,2.06757,1.61746,917,1806,672,764,2554,1025,1626,1467,1420,1793,1056,1137,391,1062
lightning_PNG48.png,pngimg,1.52486,1.57139,1.49455,1.47755,1.51802,1.55504,1.37127,72,151,40,60,142,64,71,69,65,98,67,96,27,86
carpet_PNG57667.png,pngimg,0.998861,1.00076,1.05277,1.0463,1.05055,1.00028,0.919556,23,48,12,18,33,16,14,19,14,25,18,29,9,27
snapchat_PNG35.png,pngimg,11.2128,120.973,65.4474,48.6925,58.6173,20.6152,81.2377,4,3,17,5,6,3,5,2,4,5,32,11,0,0
dreamcatcher_PNG28.png,pngimg,3.60844,4.23038,3.95584,3.62977,3.88323,3.9785,3.61731,1503,3093,1375,1320,2925,1508,1615,1455,1458,2203,2343,2320,522,1490
jam_PNG63.png,pngimg,1.14827,1.15253,1.15769,1.16915,1.17665,1.15127,1.03395,27,63,15,22,47,21,21,22,20,32,22,42,11,33
academy_awards_PNG9.png,pngimg,2.28726,2.57485,2.45496,2.46137,2.51379,2.42588,2.25642,59,133,49,53,109,51,55,52,51,78,83,100,24,69
towel_PNG64.png,pngimg,1.66592,1.78309,1.90357,1.90676,1.90076,1.7225,1.64904,42,86,30,36,57,31,23,36,23,78,46,60,16,47
hummer_PNG12197.png,pngimg,1.8082,1.92235,1.84017,1.8327,1.87237,1.8689,1.67649,82,172,76,69,154,71,75,72,69,108,113,116,34,95
canoe_PNG122.png,pngimg,3.00057,3.67678,3.7274,3.74949,3.77768,3.30495,3.32011,314,684,334,322,489,287,217,228,207,396,581,548,115,369
milk_PNG12713.png,pngimg,12.0386,80000,68571.4,65641,35229.4,23.9897,68571.4,2,2,22,4,2,2,1,0,1,2,40,12,0,0
wifi_PNG62328.png,pngimg,12.0188,527.762,279.956,107.429,144.998,23.7006,701.31,2,2,17,4,3,2,2,0,2,2,32,10,0,0
dna_PNG5.png,pngimg,8.47442,25.6089,21.2332,20.8108,21.8413,12.7627,20.9767,11,19,39,17,22,12,11,7,10,16,74,31,3,7
american_indian_PNG24.png,pngimg,2.43472,2.79938,2.83269,2.82277,2.85118,2.60653,2.52835,123,286,111,120,194,109,93,93,89,157,187,220,49,138
pickup_truck_PNG16304.png,pngimg,2.31231,2.51188,1.93976,1.73717,1.92063,2.41848,1.96828,397,797,253,324,1075,403,678,549,594,749,446,511,166,447
christmas_garland_PNG19.png,pngimg,4.13781,5.10365,3.49915,2.6317,3.07126,4.6629,3.95812,88,165,91,76,270,105,221,169,190,210,168,128,32,91
tequila_PNG96.png,pngimg,3.50788,4.31549,4.22783,4.20641,4.30197,3.88578,3.78833,100,124,65,57,117,59,61,51,57,81,118,94,22,67
face_PNG5655.png,pngimg,2.30838,2.62829,2.68755,2.7256,2.72281,2.45797,2.38607,17,36,14,15,25,13,10,12,10,18,25,27,6,21
solar_panel_PNG149.png,pngimg,2.57202,2.98976,2.80035,2.854,2.90479,2.76628,2.60219,90,189,80,89,178,87,81,82,75,126,143,134,32,108
treasure_chest_PNG69.png,pngimg,1.28553,1.32164,1.34086,1.35864,1.36243,1.30371,1.1924,41,86,25,35,65,32,29,32,27,46,37,55,17,48
confetti_PNG86980.png,pngimg,8.11553,22.3995,20.48,20.0339,20.7705,11.9639,19.3039,41,80,146,65,65,50,38,26,37,65,260,124,10,29
power_socket_PNG19332.png,pngimg,2.06491,2.13696,1.55555,1.3929,1.53814,2.11913,1.65199,156,300,106,126,475,174,313,253,271,321,172,190,65,185
chupa_chups_PNG17.png,pngimg,5.96971,9.76019,6.89418,5.5299,6.28791,7.52353,7.60075,47,87,77,47,129,53,104,77,90,100,142,85,16,44
tshirt_PNG5454.png,pngimg,1.9999,1.95477,1.41057,1.19438,1.348,2.02977,1.5508,13,22,6,9,47,12,34,26,29,28,12,12,6,15
bank_PNG6.png,pngimg,3.65485,4.2573,3.10551,2.37391,2.7207,4.01507,3.44924,14,24,11,10,43,15,37,29,32,31,22,16,5,14
rhino_PNG25.png,pngimg,7.09134,11.7393,11.6325,10.8387,11.6531,9.34529,9.90295,48,42,74,21,55,27,29,21,26,32,76,38,6,23
sushi_PNG9205.png,pngimg,1.49292,1.54006,1.47221,1.39546,1.45078,1.52428,1.36104,985,2274,901,914,1878,882,1037,994,945,1440,1257,1593,458,1175
chef_PNG37.png,pngimg,5.06836,7.94432,7.36925,7.07122,7.3952,6.20096,6.85072,660,1518,1290,878,1194,771,648,591,599,1118,2218,1500,234,680
dagger_PNG8.png,pngimg,7.22171,16.3504,15.1729,14.7157,15.0825,10.0205,14.4296,4,8,15,6,8,3,4,3,4,5,24,11,1,2
vitamins_PNG43.png,pngimg,10.7152,59.8989,46.9369,41.1982,45.1001,18.6622,48.6076,0,0,2,0,1,0,0,0,0,0,5,1,0,0
leash_PNG136.png,pngimg,5.09774,8.08438,7.93716,7.94311,8.04503,6.25846,7.21804,17,36,33,19,27,16,12,13,12,21,59,37,5,16
spinner_PNG51.png,pngimg,7.55374,17.8358,13.9668,12.8769,13.9068,10.654,14.3019,13,25,41,19,30,16,20,14,18,24,74,35,4,11
beef_PNG59.png,pngimg,1.57603,1.66086,1.60552,1.62841,1.65298,1.61822,1.45984,423,879,420,378,775,361,352,353,332,546,594,594,190,498
dachshund_PNG57.png,pngimg,10.2474,58.2648,39.1347,34.484,38.688,17.4766,42.8491,12,27,58,23,23,27,16,28,14,34,108,44,2,6
gym_equipment_PNG131.png,pngimg,2.29707,2.55973,2.22572,2.23575,2.31165,2.4257,2.14471,28,63,27,25,66,29,38,30,33,43,43,45,12,33
phone_PNG48891.png,pngimg,1.74678,1.83747,1.59597,1.55801,1.6381,1.79627,1.52613,929,1916,567,841,2060,930,1106,1027,996,1471,947,1215,383,1119
leash_PNG10.png,pngimg,2.09141,2.29022,1.9257,1.95928,2.03718,2.1882,1.89551,74,156,53,67,185,77,94,87,84,120,92,105,30,95
pluto_disney_PNG10.png,pngimg,2.81754,3.307,3.1231,3.1135,3.19042,3.05813,2.8665,20,39,22,17,37,16,19,17,17,25,35,30,8,20
viber_PNG2.png,pngimg,6.98863,14.5302,11.7602,10.9865,11.7087,9.49543,12.1171,8,13,19,9,16,7,10,8,9,12,33,16,2,5
cabbage_PNG99102.png,pngimg,1.3796,1.42956,1.46649,1.48222,1.49127,1.40624,1.29399,2068,5064,1870,2083,3239,1866,1337,1558,1287,2611,2587,3327,820,2549
street_light_PNG11515.png,pngimg,5.99034,10.8307,9.51309,9.40776,9.84257,7.72272,8.93266,116,245,253,161,236,138,125,103,114,192,477,275,42,121
Number 2 PNG images free download_PNG14940.png,pngimg,10.9564,46.267,55.9701,44.0481,50.3884,18.2429,43.4726,8,11,24,8,14,7,8,5,7,8,46,17,1,3
fire_truck_PNG41.png,pngimg,2.03818,2.19099,1.76048,1.66705,1.79535,2.11697,1.74279,840,1846,757,792,2431,915,1290,1144,1135,1610,1169,1177,389,1057
macaron_PNG35.png,pngimg,2.20793,2.45271,2.54597,2.57118,2.56979,2.33014,2.2319,14,27,10,11,20,10,8,10,8,14,18,18,5,15
palm_tree_PNG93358.png,pngimg,5.21311,7.55545,6.23215,6.18873,6.53973,6.37139,5.9427,8,14,10,7,20,7,10,8,9,11,20,12,3,7
boots_PNG7802.png,pngimg,1.84846,2.00344,1.98634,2.01144,2.02947,1.9234,1.79044,113,305,117,110,227,103,440,91,175,146,167,209,77,142
dagger_PNG49.png,pngimg,4.83683,7.28022,6.70872,6.40179,6.64998,5.8263,6.31835,31,63,55,35,57,32,33,26,30,47,96,58,10,31
cursor_PNG65.png,pngimg,7.1318,14.7325,10.9189,9.3801,10.3581,9.70847,12.031,8,14,20,9,19,9,14,10,13,14,33,16,2,7
land_rover_PNG51.png,pngimg,2.20196,2.39959,2.06777,1.98437,2.10276,2.30436,2.00085,131,277,91,113,298,128,167,152,150,209,159,192,52,159
pizza_PNG44037.png,pngimg,1.15941,1.18407,1.2716,1.27332,1.27362,1.17165,1.09561,3004,6730,2725,2894,4406,2480,1817,2130,1754,3554,3804,4350,1215,3639
birds_PNG49.png,pngimg,3.4123,3.99714,3.47279,3.20766,3.44511,3.79109,3.28424,894,1804,949,852,1972,978,1147,971,1020,1481,1578,1351,340,942
lighter_PNG11167.png,pngimg,1.78075,1.9158,1.89041,1.90062,1.92616,1.84681,1.70337,388,824,275,359,667,347,299,319,282,502,455,548,152,462
mailbox_PNG63.png,pngimg,2.54476,2.85936,2.26856,2.21048,2.35973,2.70291,2.25997,226,459,176,214,602,248,335,289,299,403,314,317,99,276
gamepad_PNG21.png,pngimg,2.3617,2.68226,2.55415,2.57059,2.61756,2.51336,2.34881,100,210,87,96,192,96,92,91,84,138,147,148,38,120
surfing_PNG9717.png,pngimg,1.6303,1.70588,1.48539,1.49847,1.55389,1.66878,1.4446,21,42,11,18,47,20,24,23,22,31,20,25,8,26
floral_frame_PNG270.png,pngimg,3.95969,5.3804,4.96658,4.92415,5.08639,4.56803,4.63594,1035,2491,1402,1237,1956,1130,1061,924,918,1618,2543,2269,409,1205
jackal_PNG12.png,pngimg,1.3746,1.42407,1.41767,1.44624,1.45233,1.39945,1.27838,28,62,15,25,48,24,19,24,18,34,27,38,9,36
scanner_PNG11354.png,pngimg,2.28946,2.59073,2.49664,2.52011,2.56281,2.43144,2.28489,128,288,110,129,241,124,109,110,101,175,191,216,50,157
klitschko_PNG16.png,pngimg,1.62322,1.72537,1.77719,1.79654,1.78748,1.67288,1.57313,5,9,2,3,6,2,2,4,2,5,5,5,2,5
stewardess_PNG20.png,pngimg,4.72009,6.9679,6.62124,6.6742,6.77835,5.65878,6.04166,12,24,17,12,20,10,11,9,10,15,34,22,4,12
cd_dvd_PNG102294.png,pngimg,12.0097,1935.57,45962.5,33227.5,22362.6,23.9426,2883.85,13,12,102,24,12,12,8,0,8,12,184,59,0,0
lamp_PNG3700.png,pngimg,1.77365,1.88879,1.66771,1.67122,1.73747,1.83151,1.58355,697,1495,608,631,1515,682,743,711,669,1046,922,974,286,848
bottle_opener_PNG19.png,pngimg,5.08534,7.58993,5.56558,4.98685,5.50647,6.13024,5.9848,24,44,36,25,70,28,47,36,41,48,67,41,9,27
happy_birthday_PNG56.png,pngimg,3.30874,4.11683,3.76761,3.73175,3.86473,3.68371,3.48387,109,213,116,105,215,106,109,102,100,155,209,171,43,121
silver_PNG17125.png,pngimg,2.90846,3.46348,2.90776,2.95332,3.07798,3.16441,2.8691,35,73,32,35,87,37,44,41,39,57,59,53,13,43
brain_PNG13.png,pngimg,6.99604,13.7453,9.85884,7.89508,8.95753,9.42753,10.8421,26,48,63,31,72,33,56,41,49,59,111,56,8,25
leek_PNG54.png,pngimg,2.16919,2.43865,2.5332,2.55651,2.56357,2.2961,2.22245,361,773,307,352,546,318,223,254,216,432,511,563,139,420
man_PNG6522.png,pngimg,2.66123,3.14005,3.15861,3.17905,3.21224,2.88185,2.81791,305,675,387,310,492,281,221,229,211,391,598,527,118,349
keychain_PNG54.png,pngimg,2.61031,3.06782,3.23565,3.24581,3.24266,2.82225,2.8233,59,134,72,56,84,51,34,39,34,68,114,103,20,67
candle_PNG7268.png,pngimg,2.08376,2.30715,2.28769,2.30017,2.32394,2.19132,2.06361,44,91,34,40,73,37,35,35,32,56,59,67,17,50
wheelchair_PNG82760.png,pngimg,1.80944,1.90868,1.86843,1.86362,1.90827,1.86594,1.66766,1267,2882,1140,1132,2253,1175,1032,1082,962,1681,1670,1840,490,1464
superman_PNG43.png,pngimg,3.02544,3.71511,3.77884,3.81561,3.82864,3.33555,3.35979,48,103,51,49,72,43,34,33,33,60,90,82,18,53
land_rover_PNG21.png,pngimg,2.48877,2.79315,2.24404,2.10587,2.26015,2.64074,2.25172,296,628,283,282,784,327,476,406,420,551,466,443,125,366
nails_PNG50.png,pngimg,1.38601,1.43615,1.41554,1.43177,1.44625,1.41116,1.2821,50,104,45,44,91,41,39,42,37,62,62,66,20,62
seashell_PNG29.png,pngimg,1.56539,1.60814,1.62689,1.65398,1.66872,1.59596,1.43487,189,388,117,155,320,160,142,144,133,223,188,255,76,217
transformers_PNG74.png,pngimg,5.12539,7.89399,6.5649,6.39858,6.75518,6.24922,6.5385,27,55,44,30,63,31,36,29,33,46,84,52,10,29
jet_fighter_PNG116.png,pngimg,5.23027,8.4692,8.2372,8.37563,8.40785,6.46606,7.52197,7,13,13,8,11,7,5,5,4,7,24,14,2,6
ice_cream_PNG98208.png,pngimg,1.38254,1.43666,1.47369,1.47798,1.49117,1.40962,1.30082,1986,4873,1257,2011,3082,1783,1317,1527,1268,2490,1945,3312,814,2456
tent_PNG10.png,pngimg,1.97027,2.15224,1.96628,1.98492,2.04348,2.05797,1.84439,657,1443,480,648,1544,659,632,650,581,975,822,976,262,818
new_year_PNG37.png,pngimg,6.40155,10.2812,6.95292,4.68658,5.58117,8.15877,8.06785,30,49,47,30,85,34,82,64,71,73,83,48,9,27
honey_PNG86301.png,pngimg,2.90824,3.50426,3.37887,3.39129,3.44263,3.18048,3.0962,23,46,29,22,40,19,20,19,18,29,47,37,9,27
ice_skates_PNG64.png,pngimg,2.52546,2.85539,2.4222,2.36,2.48934,2.68898,2.3762,153,305,117,136,355,155,192,170,172,243,210,216,57,174
jet_fighter_PNG15.png,pngimg,4.20399,5.92603,5.9454,5.95155,5.99562,4.92108,5.33802,33,76,57,38,51,33,24,23,23,44,97,70,12,34
macaron_PNG9.png,pngimg,2.11004,2.32955,2.14668,2.20091,2.23859,2.21584,2.01411,30,69,32,26,62,26,31,28,29,40,51,49,13,36
rubik_cube_PNG1.png,pngimg,3.17779,3.90228,3.62998,3.64701,3.73863,3.51786,3.33836,29,66,37,28,58,28,31,27,28,40,62,51,11,32
sony_playstation_PNG17534.png,pngimg,4.34197,5.34773,3.6888,3.05598,3.50788,4.88616,4.08225,31,52,31,23,94,33,71,54,61,66,58,40,12,31
vaccine_PNG11.png,pngimg,9.63682,39.2717,25.7511,21.3946,24.5006,15.5668,31.8815,2,2,8,3,3,2,4,2,3,3,16,6,0,0
suitcase_PNG10767.png,pngimg,6.18062,9.28138,6.45265,4.68619,5.65335,7.68048,6.79695,770,1428,1188,797,2034,991,1674,1314,1446,1786,1968,1283,280,709
crab_PNG40.png,pngimg,2.42278,2.77826,2.8274,2.82974,2.82647,2.5899,2.53259,6,12,5,5,9,4,4,4,4,6,9,8,2,6
sausage_PNG5198.png,pngimg,1.45324,1.52347,1.61466,1.62375,1.61805,1.48752,1.40466,30,68,20,25,41,22,18,20,18,30,30,47,12,35
jeep_PNG105.png,pngimg,2.22093,2.46718,2.2315,2.20565,2.28516,2.34207,2.10729,214,513,166,210,471,223,243,232,218,347,298,352,84,308
christmas_wreath_PNG1.png,pngimg,1.84925,2.00898,2.08374,2.08403,2.09088,1.92693,1.83413,112,273,84,104,167,100,75,82,72,136,135,242,45,133
aquarius_PNG27.png,pngimg,3.69769,4.30324,2.98238,2.52855,2.8474,4.05411,3.31431,16,25,13,13,46,16,38,29,33,32,24,18,5,16
american_football_PNG37.png,pngimg,2.27441,2.42248,2.17886,2.13177,2.23556,2.36849,2.03837,247,493,166,198,526,233,279,254,252,358,302,316,100,279
anime_girl_PNG22.png,pngimg,1.7509,1.81019,1.66363,1.64252,1.70007,1.79047,1.56881,44,94,36,34,95,38,49,44,44,59,54,56,17,51
walkie_talkie_PNG18.png,pngimg,5.2119,7.25074,4.72034,3.34622,3.99142,6.20315,5.46883,97,169,110,93,313,124,263,198,226,253,210,145,37,96
donut_PNG51.png,pngimg,7.21894,11.362,7.81382,4.16725,5.23645,9.33436,10.4955,227,388,340,210,600,305,683,520,583,638,609,351,44,173
megaphone_PNG112.png,pngimg,12.013,187347,162478,155593,83835.6,23.9956,162478,7,6,54,13,7,6,4,0,4,6,99,30,0,0
number8_PNG18700.png,pngimg,5.16262,6.67489,4.32421,3.26887,3.80648,6.01517,5.34196,4,7,4,3,13,3,13,10,12,10,8,5,1,3
solar_panel_PNG110.png,pngimg,1.53474,1.62077,1.69589,1.7122,1.71189,1.57658,1.48447,72,160,69,65,109,59,45,51,43,82,98,106,28,86
picture_frame_PNG92.png,pngimg,2.72424,3.06545,2.7249,2.67183,2.81033,2.91251,2.47048,40,79,39,32,82,35,45,40,40,55,63,56,16,44
air_pump_PNG5.png,pngimg,3.04618,3.56973,2.88674,2.72787,2.91465,3.30846,2.91813,72,147,74,64,183,75,113,95,101,125,125,107,27,81
window_PNG17659.png,pngimg,3.43011,4.24308,3.51642,3.33901,3.57928,3.82051,3.38622,377,775,448,376,885,407,516,436,462,644,763,609,157,423
goblin_PNG1.png,pngimg,2.23316,2.50257,2.38658,2.41381,2.4527,2.36289,2.19129,69,159,57,65,128,61,65,60,60,91,97,114,30,80
teddy_bear_PNG88.png,pngimg,1.51248,1.56377,1.69452,1.70252,1.70194,1.54399,1.44359,266,589,245,223,381,211,148,171,145,285,338,404,102,301
measure_tape_PNG69.png,pngimg,4.87224,6.87436,5.23774,4.32326,4.8356,5.76596,5.52126,36,66,46,34,97,40,74,56,65,74,90,59,13,38
christmas_wreath_PNG57.png,pngimg,1.62325,1.71554,1.76655,1.7632,1.77431,1.67252,1.56,60,150,40,65,91,60,41,52,39,81,63,107,24,69
wineglass_PNG2911.png,pngimg,11.5427,135.053,130.766,97.2028,118.752,21.5819,109.969,178,302,958,361,248,268,160,71,149,298,1879,720,18,51
jam_PNG20.png,pngimg,1.23328,1.26195,1.26795,1.28293,1.29146,1.24785,1.13537,116,259,100,103,197,100,86,95,82,142,139,175,46,145
armour_PNG42.png,pngimg,1.71417,1.82045,1.67813,1.70278,1.74712,1.76751,1.56817,117,265,78,105,241,110,115,113,105,166,129,180,48,145
m_m_PNG65.png,pngimg,2.32194,2.59066,2.15038,2.11753,2.23928,2.45212,2.1259,98,207,96,92,254,104,142,123,124,167,156,138,42,122
checkers_PNG34.png,pngimg,2.87939,3.40486,3.02067,3.00769,3.11319,3.1295,2.90217,95,195,87,91,207,98,111,98,99,146,154,143,36,109
gangster_PNG20.png,pngimg,9.71936,40.3465,24.1994,19.1946,22.508,15.8031,28.5721,10,15,39,16,22,12,19,12,16,21,72,29,2,5
razor_blade_PNG17804.png,pngimg,12.0446,10666.7,8807.34,8421.05,4465.12,23.9193,8807.34,0,0,2,0,0,0,0,0,0,0,5,1,0,0
apps-help-browser.png,icon_512,5.59454,7.69617,4.66565,3.59704,4.22469,6.69679,5.81121,17,29,18,13,54,22,49,36,42,42,37,23,6,17
actions-document-properties.png,icon_512,10.3316,30.3954,21.4117,12.3828,15.6366,16.5136,26.1591,8,9,18,6,18,8,19,13,16,14,35,13,1,4
mimetypes-x-office-spreadsheet-template.png,icon_512,8.1363,13.4782,11.0296,8.64986,9.9989,11.298,10.9158,14,19,19,9,31,13,24,15,21,21,36,17,3,9
apps-preferences-system-windows.png,icon_512,11.4463,42.7481,142.296,136.45,142.279,18.8007,45.2502,7,8,19,5,10,6,3,1,3,4,34,11,0,3
mimetypes-x-office-presentation.png,icon_512,6.8215,11.3022,8.94391,7.68619,8.59707,8.66153,8.93774,12,19,21,9,31,12,21,17,18,18,36,16,3,10
actions-format-text-strikethrough.png,icon_512,8.55559,19.7215,12.761,10.061,11.8562,12.1854,14.5027,8,13,19,7,24,8,18,12,16,15,36,14,2,6
mimetypes-text-x-script.png,icon_512,9.10093,22.1872,15.3804,10.6095,12.6804,13.5328,19.242,9,10,20,8,19,8,19,12,16,15,36,13,1,5
actions-edit-select-all.png,icon_512,11.6126,59.0459,31.0144,19.0394,25.4755,20.4892,33.9402,6,6,18,5,16,5,13,9,11,10,34,11,2,3
actions-view-refresh.png,icon_512,6.4887,11.2158,7.89097,6.06709,6.99492,8.38865,9.16542,10,18,20,9,28,11,26,18,22,23,35,18,3,9
actions-go-first.png,icon_512,8.80237,19.7292,11.322,7.50534,9.24609,12.6988,14.8313,9,14,19,8,28,10,28,18,24,22,37,16,3,6
status-network-transmit-receive.png,icon_512,5.8828,7.9721,5.96305,5.16699,5.89142,6.89246,5.788,18,29,18,12,48,17,33,24,28,29,36,22,6,16
apps-preferences-system-network-proxy.png,icon_512,5.05171,6.75121,4.57301,3.65802,4.17874,5.90105,5.3287,19,31,21,14,54,20,45,32,39,39,40,24,6,18
status-dialog-warning.png,icon_512,9.9538,39.885,21.9179,15.0346,18.532,16.1769,28.028,5,8,19,7,15,6,13,9,11,11,35,14,1,3
actions-edit-undo.png,icon_512,9.02573,27.3,18.5016,14.3371,16.5399,13.7924,22.4079,6,8,22,7,14,7,13,8,11,11,37,14,1,4
devices-computer.png,icon_512,6.70341,9.33973,6.87482,5.60534,6.51862,8.03311,6.76933,16,23,21,10,47,16,30,22,26,28,37,18,6,14
categories-applications-office.png,icon_512,4.88955,6.90889,5.84837,5.49693,5.85791,5.86803,5.67084,15,27,20,13,33,14,20,15,18,23,37,25,5,14
actions-go-top.png,icon_512,8.90705,19.5693,11.3375,7.07901,8.81023,12.7782,15.5208,10,13,18,8,27,11,28,19,23,23,35,15,2,6
devices-drive-removable-media.png,icon_512,10.2648,32.9791,21.0293,11.927,15.2133,16.292,27.733,7,9,17,6,18,7,18,12,15,15,34,13,1,3
emotes-face-angel.png,icon_512,5.81443,8.41465,5.35441,3.8001,4.49468,7.03893,6.66812,15,24,20,11,46,17,46,33,39,37,36,21,5,14
status-battery-caution.png,icon_512,7.9488,15.0016,13.2257,11.6139,12.9112,11.3163,11.9955,11,16,18,9,23,10,13,10,11,14,34,16,3,8
actions-format-indent-less.png,icon_512,10.9578,39.6492,22.9846,14.437,18.8193,18.5717,25.2277,8,9,17,6,18,7,16,11,14,14,33,12,2,4
status-network-offline.png,icon_512,6.23513,8.5812,6.17098,5.18037,5.97013,7.38935,6.16331,17,24,19,10,47,15,32,23,28,28,35,18,6,14
devices-input-mouse.png,icon_512,9.15337,20.0125,11.6983,6.58077,8.29725,13.2097,17.7045,9,13,18,8,24,10,32,21,27,25,34,14,2,6
actions-appointment-new.png,icon_512,4.17692,5.31242,4.13496,3.41219,3.80576,4.74559,4.45072,19,31,19,15,45,19,39,31,34,36,36,25,6,18
status-folder-drag-accept.png,icon_512,9.5259,23.2434,19.0861,14.2193,16.7818,13.9329,18.7343,9,11,18,7,19,8,14,9,12,12,35,13,2,5
actions-go-last.png,icon_512,9.02728,21.1225,12.5766,8.15382,10.0347,13.2174,16.9134,10,13,19,8,23,10,24,17,20,21,35,15,2,5
apps-preferences-desktop-font.png,icon_512,10.2124,36.7816,24.8146,16.1786,19.7988,16.6958,30.2695,6,8,17,6,12,6,13,9,11,11,34,13,1,3
actions-mail-send-receive.png,icon_512,7.36089,13.7621,9.56867,7.80032,8.90146,9.79334,11.0257,10,16,20,9,25,11,21,15,18,19,35,17,3,8
mimetypes-x-office-document-template.png,icon_512,7.63487,12.9057,10.8337,9.20902,10.3583,10.3288,10.427,13,19,19,9,29,13,19,13,16,18,35,18,3,10
actions-mail-reply-sender.png,icon_512,7.00768,13.1852,9.4622,8.02126,9.0061,9.31396,10.6132,9,15,19,9,25,9,19,14,17,17,36,17,3,7
mimetypes-video-x-generic.png,icon_512,6.90087,13.047,8.52901,7.2833,8.27359,9.1425,9.66253,10,16,20,9,27,11,22,15,18,19,35,17,3,8
devices-video-display.png,icon_512,7.78312,12.7325,8.68151,6.86031,8.12924,9.94546,8.78532,14,20,19,9,37,13,27,20,23,25,38,18,4,11
emblems-emblem-readonly.png,icon_512,10.9313,50.4596,34.1233,19.9807,25.1184,18.8426,42.7999,5,7,18,6,11,6,12,7,10,11,34,12,1,2
emotes-face-surprise.png,icon_512,5.71069,8.25757,5.33587,4.04588,4.7144,6.89667,6.46808,16,25,18,12,45,18,44,32,37,37,36,22,5,15
actions-go-up.png,icon_512,8.9484,22.3587,14.3821,10.2918,12.222,13.3443,18.4551,9,12,18,8,20,9,19,12,16,17,37,16,2,5
actions-edit-find.png,icon_512,6.47188,10.5003,7.84262,6.56063,7.38885,8.24067,8.39212,12,19,19,10,33,14,25,18,21,23,34,19,4,10
mimetypes-application-x-executable.png,icon_512,8.20429,16.7822,10.3825,7.96427,9.38865,11.279,12.7724,9,13,18,8,26,11,25,16,21,21,36,15,4,7
places-user-desktop.png,icon_512,9.81442,29.2072,15.0657,11.0114,13.6089,15.0862,18.9147,8,10,18,7,21,8,19,12,16,16,35,13,2,5
status-printer-error.png,icon_512,8.93315,18.3714,16.4504,13.0779,15.0844,12.4849,15.1245,11,14,18,8,21,11,14,10,13,14,36,15,2,8
apps-system-file-manager.png,icon_512,10.9505,57.4038,41.9087,32.4958,39.3767,18.9705,41.7291,5,7,18,6,9,5,8,4,7,7,34,12,1,2
places-user-home.png,icon_512,9.30081,21.7812,16.6988,12.9589,15.3239,13.4119,16.1855,9,13,18,8,22,10,16,10,14,15,35,15,2,6
devices-input-keyboard.png,icon_512,9.29158,25.4846,13.8214,9.67262,11.9987,14.004,16.1616,8,12,19,8,22,9,21,14,17,18,35,14,2,5
apps-preferences-desktop-keyboard-shortcuts.png,icon_512,7.81025,13.7491,9.05595,6.46854,7.73999,10.4901,10.8886,12,18,20,9,34,14,30,22,25,26,37,18,6,9
categories-preferences-system.png,icon_512,5.80169,9.28997,7.18511,6.01406,6.6561,7.20077,7.97089,11,22,18,11,28,12,23,18,20,22,36,22,3,10
status-network-idle.png,icon_512,5.69419,7.37313,5.33634,4.53877,5.20183,6.55368,5.31301,19,30,20,12,54,23,38,28,33,33,38,23,7,17
emblems-emblem-symbolic-link.png,icon_512,10.7794,46.4321,30.7493,18.3435,22.9874,18.332,39.5388,6,8,18,6,12,6,13,8,11,11,33,12,1,2
actions-contact-new.png,icon_512,5.03851,7.21479,5.92527,5.31283,5.78756,6.02103,5.85943,15,25,20,12,34,14,22,18,19,24,36,21,5,14
status-weather-snow.png,icon_512,3.71061,4.74165,4.02229,3.67268,3.90462,4.18339,4.08261,16,34,21,16,39,17,28,24,24,29,38,26,5,18
actions-tab-new.png,icon_512,5.99171,9.97472,9.55708,9.3183,9.64236,7.57126,8.62116,11,19,19,11,18,9,10,8,10,15,35,19,3,8
apps-preferences-desktop-wallpaper.png,icon_512,6.74932,10.6921,8.45321,7.40788,8.3269,8.40622,7.98015,13,20,19,10,31,13,22,15,19,20,35,18,4,11
apps-system-users.png,icon_512,4.26375,5.58962,4.65552,4.19095,4.52151,4.88819,4.65488,17,31,21,16,40,18,27,22,23,28,39,24,6,17
actions-edit-find-replace.png,icon_512,6.31899,9.88825,7.34153,5.99202,6.77356,7.89969,8.06366,13,20,21,10,33,15,27,19,23,25,36,18,4,11
devices-input-gaming.png,icon_512,7.83781,16.4401,11.375,9.15872,10.5194,10.9206,12.7617,10,14,18,8,23,11,19,12,16,16,34,16,2,6
emblems-emblem-photos.png,icon_512,7.76169,14.1015,11.8539,10.2122,11.4023,10.8817,11.1519,12,17,18,8,26,10,17,11,15,15,34,16,3,9
actions-media-seek-forward.png,icon_512,8.99599,24.5789,16.5844,13.9108,15.9613,13.3782,18.5771,8,9,17,7,17,8,13,9,11,11,34,13,1,4
devices-media-floppy.png,icon_512,10.2304,25.5134,10.3299,7.2776,9.4004,15.2766,13.0415,10,12,17,7,36,11,32,21,26,24,35,13,4,7
devices-media-flash.png,icon_512,7.6158,13.3486,9.01248,7.45278,8.72242,10.0267,9.56384,12,18,20,9,32,13,24,17,20,22,36,17,4,10
actions-edit-redo.png,icon_512,8.58923,22.467,15.7167,11.423,13.3049,12.733,19.5761,6,10,17,7,16,7,15,10,13,14,34,14,1,4
places-folder-remote.png,icon_512,8.77614,18.5177,14.7534,11.946,13.9024,12.3143,13.8968,10,14,17,9,23,10,15,11,13,16,35,15,4,7
emblems-emblem-important.png,icon_512,9.40694,35.2318,22.0004,18.8971,21.5812,14.9521,25.4981,4,7,18,7,11,5,9,5,7,9,33,13,1,2
places-start-here.png,icon_512,9.46263,35.208,23.7517,21.3815,23.9487,15.0436,26.7945,4,7,19,7,11,6,8,5,6,9,34,14,1,4
actions-address-book-new.png,icon_512,4.96146,6.94878,6.22917,5.95764,6.30945,5.8938,5.70571,15,27,21,13,32,14,17,14,15,21,37,23,5,14
apps-preferences-desktop-locale.png,icon_512,9.61253,16.4334,29.0093,27.966,29.8224,15.6335,15.741,14,16,19,8,22,10,7,6,7,9,34,14,2,8
actions-edit-paste.png,icon_512,8.8835,18.9563,12.5741,9.04574,11.1361,12.6452,12.8045,10,12,17,8,27,9,22,15,19,17,34,14,3,8
mimetypes-audio-x-generic.png,icon_512,8.07962,20.8522,15.8241,14.7472,16.1011,11.7555,15.4785,7,10,20,7,12,6,9,6,7,10,36,14,2,4
actions-mail-message-new.png,icon_512,4.304,5.58767,4.69805,4.24767,4.59039,4.93348,4.62267,17,31,18,14,40,18,28,22,24,29,36,25,6,17
devices-camera-photo.png,icon_512,6.49079,10.6952,8.22034,7.20849,8.0217,8.34722,8.32123,12,20,20,10,30,12,21,15,18,21,35,19,4,10
devices-battery.png,icon_512,8.19556,16.0003,16.1941,15.3354,16.5072,11.962,13.2634,12,15,19,9,22,10,10,7,9,11,37,15,2,7
status-weather-few-clouds-night.png,icon_512,4.59853,6.42526,5.26324,4.64344,5.02349,5.41218,5.45506,14,26,18,15,35,16,25,19,21,25,36,24,4,15
status-weather-clear.png,icon_512,4.49107,6.1878,4.64392,4.40571,4.75645,5.24036,4.88645,15,28,21,14,43,17,28,20,24,28,38,24,6,16
status-audio-volume-muted.png,icon_512,4.96908,6.97308,5.61537,5.22777,5.64608,5.8766,5.54228,15,26,19,12,37,16,24,19,21,24,36,23,5,15
actions-edit-copy.png,icon_512,9.8758,29.2605,17.322,12.4358,15.4984,15.4132,18.789,7,9,18,6,21,8,16,12,14,14,34,13,2,5
mimetypes-text-x-generic.png,icon_512,11.2089,48.8596,41.9218,25.2397,31.7366,19.3981,42.3835,6,8,18,6,12,6,11,6,9,9,34,12,1,2
actions-media-playback-stop.png,icon_512,10.8665,52.9718,41.5887,29.9787,35.498,18.4277,44.3298,5,15,19,6,9,6,8,4,7,7,34,13,0,2
devices-drive-optical.png,icon_512,9.43334,26.2058,18.9425,13.8516,16.3483,14.2308,20.8914,7,10,18,7,16,7,15,10,13,12,34,13,1,4
actions-system-search.png,icon_512,4.23536,5.63221,4.42753,4.0774,4.39719,4.87599,4.6065,16,30,18,15,42,17,28,22,24,30,35,23,5,18
actions-document-print-preview.png,icon_512,5.67951,8.38218,6.93682,6.40526,6.92363,6.92266,6.90373,14,23,19,12,33,14,20,15,17,22,38,21,4,26
devices-multimedia-player.png,icon_512,7.14034,10.9492,9.84508,8.17229,9.2313,8.90272,9.05573,14,19,18,9,29,12,19,15,16,19,34,16,3,10
devices-camera-video.png,icon_512,7.20313,12.4232,8.37356,6.6191,7.74747,9.31112,8.84711,11,18,18,9,33,11,26,19,22,22,34,16,4,9
places-folder.png,icon_512,9.69034,27.6092,19.3996,14.8168,17.728,14.7612,19.7978,8,10,19,7,17,7,14,9,12,12,34,13,2,5
actions-list-add.png,icon_512,11.0455,77.7827,44.1342,28.9332,36.4904,19.6839,47.9565,4,5,17,6,7,4,7,4,6,7,33,12,1,1
status-weather-clear-night.png,icon_512,8.22565,20.2532,13.1218,10.436,12.0514,11.9141,15.5638,7,11,18,8,18,8,16,12,15,19,34,15,2,4
status-dialog-error.png,icon_512,9.01673,20.6871,12.5392,9.54153,11.4569,12.9968,15.0654,8,13,17,8,24,9,21,14,18,18,34,15,2,7
status-audio-volume-low.png,icon_512,4.74666,6.52945,5.21388,4.88979,5.27566,5.55313,5.14888,16,29,18,14,38,16,25,20,22,25,35,23,5,16
actions-format-indent-more.png,icon_512,10.8683,39.7434,23.5052,15.0694,19.5387,18.4059,25.3987,7,9,18,6,18,7,16,9,13,13,33,12,2,5
categories-applications-games.png,icon_512,8.7227,23.3708,13.8256,11.2201,13.2089,12.9386,15.9869,7,9,18,7,17,6,17,10,15,14,34,13,2,4
mimetypes-x-office-calendar.png,icon_512,6.56705,11.3837,9.6647,8.73488,9.50362,8.43352,9.29314,10,16,19,9,22,10,15,10,13,15,34,16,3,9
actions-go-next.png,icon_512,9.14666,23.6336,13.5617,9.11499,11.1413,13.6146,18.6308,9,11,19,8,21,10,22,14,19,19,35,15,2,5
status-audio-volume-high.png,icon_512,4.38543,5.77774,4.58977,4.31823,4.65544,5.0374,4.55153,18,30,18,15,44,17,27,22,24,28,35,24,6,19
apps-preferences-desktop-assistive-technology.png,icon_512,6.53741,9.2432,5.06595,3.32492,4.10134,7.95467,6.88721,16,23,19,11,57,19,57,42,48,46,35,20,5,13
actions-format-text-bold.png,icon_512,8.41092,17.966,9.51399,6.94017,8.48278,11.744,12.194,9,14,18,8,30,11,29,19,25,24,36,15,3,8
status-weather-showers.png,icon_512,2.76377,3.20961,2.88948,2.70214,2.82032,2.97954,2.82623,23,48,23,22,50,23,33,28,29,38,41,33,7,29
apps-internet-mail.png,icon_512,9.11676,21.9041,13.5911,9.65569,11.6951,13.4166,16.9647,8,11,20,8,21,10,21,14,17,18,35,14,2,5
emotes-face-sad.png,icon_512,5.41608,7.7771,5.21752,4.18364,4.78461,6.48971,6.08459,15,27,17,12,44,17,38,27,33,33,35,21,5,14
actions-bookmark-new.png,icon_512,5.49775,7.90817,7.55511,6.86349,7.31897,6.63336,6.85328,14,25,19,12,28,13,18,12,15,18,37,20,4,14
emblems-emblem-favorite.png,icon_512,8.11514,17.2033,11.8655,10.0825,11.5535,11.1548,12.4003,10,13,18,8,22,11,17,12,15,16,35,15,3,6
status-dialog-information.png,icon_512,4.31974,5.75844,4.3209,3.95602,4.30864,4.98182,4.52825,17,30,21,15,46,18,31,25,27,31,39,24,6,17
apps-internet-group-chat.png,icon_512,11.2382,81.7412,47.8089,31.6376,39.7366,20.2544,55.7422,5,6,17,5,8,3,7,4,6,6,33,11,0,1
mimetypes-package-x-generic.png,icon_512,8.45106,16.8328,16.9372,15.4121,16.791,11.5187,14.5149,12,16,17,8,20,10,11,8,10,13,34,15,2,7
actions-system-shutdown.png,icon_512,9.55089,24.7787,20.0028,14.8075,17.4964,14.3957,19.9181,8,12,18,7,18,8,13,9,11,12,33,13,1,5
devices-media-optical.png,icon_512,4.13274,5.00542,3.314,2.56425,2.97087,4.62624,3.95873,22,36,22,17,70,24,64,47,55,52,39,27,8,21
emotes-face-monkey.png,icon_512,5.11919,6.86758,4.47721,3.6268,4.17436,5.96607,5.15375,17,29,18,14,54,20,45,34,38,40,35,24,7,17
status-network-receive.png,icon_512,5.79374,7.63426,5.57524,4.75387,5.44591,6.71652,5.50451,18,28,17,12,49,18,35,25,30,31,35,21,7,16
mimetypes-text-html.png,icon_512,4.94144,6.83476,5.65766,5.08108,5.50826,5.84973,5.58538,16,27,20,13,35,15,25,19,22,24,36,22,5,14
categories-applications-internet.png,icon_512,2.80954,3.19191,2.62656,2.48567,2.64582,3.00908,2.60803,27,52,21,22,66,26,43,35,37,45,39,36,11,32
actions-process-stop.png,icon_512,8.8817,20.3697,11.9355,7.28984,9.06099,12.8555,16.9515,9,12,17,8,23,11,28,19,24,23,35,15,2,6
apps-preferences-system-session.png,icon_512,9.63868,21.0214,27.0719,24.8387,26.7842,13.9258,19.9434,10,12,18,13,16,9,8,5,7,9,35,13,1,8
mimetypes-x-office-address-book.png,icon_512,8.15909,16.6465,14.0019,12.7201,14.2443,11.4998,12.4644,10,14,18,8,22,10,13,9,11,14,34,15,3,7
devices-network-wired.png,icon_512,8.0744,20.6129,15.4896,13.5936,14.9683,11.7311,17.3589,6,9,18,7,13,6,10,7,9,11,34,14,1,4
status-image-loading.png,icon_512,8.01833,16.1873,11.5052,8.05762,9.53277,11.1823,13.4738,9,13,18,9,22,10,23,16,19,20,34,15,2,6
actions-media-seek-backward.png,icon_512,8.93558,24.0247,16.1877,13.6805,15.6813,13.2322,18.062,7,11,18,8,18,9,13,9,11,12,34,14,2,5
apps-preferences-desktop-theme.png,icon_512,7.89541,16.141,12.1242,10.2782,11.5644,10.8893,12.6174,9,14,19,8,22,10,16,13,14,16,35,16,2,8
emotes-face-grin.png,icon_512,6.81193,11.4489,8.30004,6.85383,7.75122,8.94829,9.25774,12,18,19,10,30,12,25,17,21,23,34,19,3,9
actions-view-fullscreen.png,icon_512,5.15007,7.74754,8.29929,8.20807,8.25321,6.26542,7.2259,12,23,19,12,17,10,7,6,7,11,36,20,2,10
actions-media-record.png,icon_512,9.68104,31.2484,19.1989,13.4185,16.1129,15.1539,24.7786,6,9,18,7,16,7,16,10,13,13,33,13,1,3
places-network-workgroup.png,icon_512,9.17066,23.9217,22.4929,19.9625,21.7331,13.7171,20.1937,7,10,18,7,14,7,8,6,7,8,33,13,1,5
mimetypes-font-x-generic.png,icon_512,9.62417,25.7539,12.6989,7.62368,9.81004,14.6119,16.4426,8,10,18,7,25,10,28,19,23,21,34,13,3,6
status-folder-open.png,icon_512,9.87357,28.1533,23.6792,19.331,22.2647,15.0562,22.6901,8,10,18,7,16,7,11,7,9,10,34,13,1,4
categories-applications-multimedia.png,icon_512,8.55336,20.6353,14.3052,11.3327,13.1956,12.4232,15.6426,7,12,17,8,20,9,15,11,13,15,34,15,2,5
status-software-update-available.png,icon_512,8.91492,21.9655,18.9179,17.1671,18.9364,12.98,18.3134,7,12,18,8,17,8,10,6,8,11,34,15,2,5
status-network-wireless-encrypted.png,icon_512,5.64138,8.51321,6.20687,5.12299,5.75253,6.90707,7.03229,12,22,19,12,35,15,30,20,26,27,37,21,4,13
actions-mail-mark-junk.png,icon_512,6.42871,9.92224,6.10755,4.29979,5.13132,8.03733,8.04239,14,20,20,10,40,16,43,30,36,35,36,19,4,11
emotes-face-crying.png,icon_512,5.00532,6.89185,4.81894,4.01265,4.52357,5.88833,5.40058,17,28,20,14,46,18,38,27,32,34,37,24,6,16
status-image-missing.png,icon_512,10.7378,39.8025,23.6987,15.2866,19.3063,17.7966,29.2213,7,8,19,6,17,6,14,9,12,12,33,12,1,3
emblems-emblem-system.png,icon_512,8.84603,18.2765,8.45266,4.74881,6.15417,12.4586,12.6776,9,13,17,8,36,13,43,31,36,34,35,14,3,8
actions-folder-new.png,icon_512,4.35346,5.7196,4.93252,4.56018,4.88833,4.99445,4.68397,17,29,21,15,40,16,23,19,20,26,39,24,6,18
devices-printer.png,icon_512,9.85871,24.2415,33.4814,31.55,33.4227,14.6705,22.0824,9,11,17,7,15,7,6,4,5,7,34,13,1,5
places-user-trash.png,icon_512,7.64422,12.8731,9.17559,7.28478,8.51245,10.171,10.022,14,19,20,11,33,15,26,19,22,23,36,18,4,9
categories-preferences-desktop-peripherals.png,icon_512,6.9158,11.1413,7.2222,4.95245,5.94273,8.77903,8.85955,13,21,19,10,36,14,37,26,31,32,34,17,4,10
devices-audio-card.png,icon_512,7.40163,13.0716,8.56428,6.20844,7.36405,9.80123,10.3368,11,16,18,9,30,11,29,21,24,23,34,16,3,8
emblems-emblem-unreadable.png,icon_512,6.41801,9.01254,5.08337,3.62163,4.38919,7.70095,6.49287,16,24,20,11,57,20,54,40,46,42,35,20,6,15
devices-network-wireless.png,icon_512,6.01274,9.46155,7.4522,6.15381,6.84756,7.52259,7.98512,12,19,19,10,30,14,23,17,19,23,34,18,3,10
mimetypes-x-office-spreadsheet.png,icon_512,7.63932,13.6845,9.00511,6.45262,7.73835,10.191,10.3975,11,17,18,8,32,11,29,21,25,23,36,16,3,8
actions-format-justify-center.png,icon_512,11.6224,58.442,24.0295,14.4245,19.5152,20.4692,29.3638,5,6,17,5,19,5,16,11,14,12,33,11,2,3
actions-document-print.png,icon_512,9.74075,24.388,31.4164,29.6672,31.4189,14.537,21.9461,9,12,18,6,15,7,6,4,6,7,34,13,1,4
emotes-face-wink.png,icon_512,5.3225,7.51634,5.05049,4.03928,4.61789,6.33478,5.92689,16,26,19,13,46,19,39,29,34,35,37,21,5,15
status-audio-volume-medium.png,icon_512,4.57933,6.17465,4.92842,4.63092,4.99272,5.3126,4.86803,16,28,21,14,40,17,27,21,23,27,37,23,6,18
places-network-server.png,icon_512,10.3737,41.6501,44.5845,41.98,44.8861,17.2618,36.4857,5,7,17,6,9,5,4,2,3,5,33,12,0,4
emotes-face-kiss.png,icon_512,5.10862,7.22135,5.12699,4.31692,4.84128,6.08747,5.76256,15,27,20,13,42,30,33,25,29,32,36,23,5,15
apps-preferences-desktop-accessibility.png,icon_512,7.29351,11.1913,6.31704,4.1888,5.15099,9.30396,8.63394,15,20,18,10,47,17,47,34,40,38,34,18,4,12
emotes-face-smile.png,icon_512,5.44386,7.83101,5.25276,4.18455,4.79013,6.52966,6.16809,15,26,19,12,44,17,38,28,33,33,37,21,5,14
apps-system-software-update.png,icon_512,4.40311,5.73859,4.61388,4.16423,4.52055,5.05938,4.6206,17,31,18,15,44,17,31,23,27,29,36,24,6,17
categories-preferences-desktop.png,icon_512,11.0107,40.011,48.7608,35.389,41.5209,17.9801,36.6892,8,8,17,6,12,6,8,4,7,6,33,11,1,3
actions-system-lock-screen.png,icon_512,6.98863,10.7516,7.77455,6.37471,7.38836,8.78363,7.71376,15,21,19,10,39,14,28,20,24,25,34,18,5,12
actions-go-bottom.png,icon_512,8.61831,18.6286,11.8499,8.28455,9.94675,12.3582,15.1508,9,14,17,8,26,10,24,16,20,20,35,15,3,6
actions-format-text-underline.png,icon_512,8.24298,17.6842,11.3731,9.00209,10.5835,11.4878,13.0343,9,13,19,9,24,9,20,15,17,18,36,15,3,7
status-weather-few-clouds.png,icon_512,3.53351,4.39251,3.58372,3.36707,3.58494,3.93852,3.65432,18,37,22,17,49,20,33,26,28,33,39,28,7,22
apps-internet-web-browser.png,icon_512,4.49947,5.81071,3.93214,3.27098,3.69972,5.13326,4.49683,20,33,21,16,57,22,48,35,42,43,38,26,7,19
actions-edit-cut.png,icon_512,7.46507,15.7047,9.94065,8.09511,9.3345,10.2495,12.0945,8,13,19,9,22,9,19,15,17,19,35,16,2,6
status-weather-severe-alert.png,icon_512,3.89191,5.03592,4.18928,3.74947,4.01207,4.41526,4.32384,17,32,21,16,40,17,29,24,25,30,38,26,5,19
apps-office-calendar.png,icon_512,9.84132,33.6611,23.039,17.5967,20.8765,15.6496,26.4346,6,7,18,6,14,6,10,7,9,11,33,13,1,3
categories-applications-development.png,icon_512,3.92889,4.69072,3.24151,2.7973,3.14005,4.33461,3.58836,22,41,22,17,70,25,53,41,46,48,39,31,9,25
actions-go-jump.png,icon_512,8.46006,23.7731,16.3442,14.1586,15.8187,12.5303,18.6847,5,9,18,7,14,6,10,7,9,11,35,14,1,4
categories-applications-other.png,icon_512,8.31647,18.8497,12.199,8.35936,9.94874,11.8036,16.4221,8,13,17,8,20,11,24,15,21,19,35,15,1,5
apps-utilities-terminal.png,icon_512,6.66811,9.199,6.58408,5.3842,6.30212,7.94518,6.43843,17,26,19,11,47,18,34,24,30,29,35,19,6,16
actions-media-playback-start.png,icon_512,9.90004,36.1389,23.8865,19.1299,22.2401,15.7972,27.8443,5,8,18,6,13,6,10,7,8,9,33,13,1,3
actions-go-home.png,icon_512,8.9539,21.3992,14.1805,9.27418,11.2289,13.1142,18.385,9,13,19,8,20,9,22,16,19,18,35,15,2,5
devices-audio-input-microphone.png,icon_512,6.4887,11.0188,7.48661,5.89039,6.78152,8.33556,8.66101,10,18,19,10,29,12,26,19,22,25,34,17,3,10
apps-internet-news-reader.png,icon_512,10.0181,27.5638,30.4565,27.3176,30.161,15.011,23.185,8,11,18,6,14,8,8,4,7,7,35,13,1,4
status-network-error.png,icon_512,5.82463,7.52307,5.19827,4.24377,4.94143,6.71831,5.38069,18,29,17,12,55,20,42,30,36,37,35,21,7,18
emotes-face-plain.png,icon_512,5.38825,7.68508,5.20283,4.22698,4.81456,6.43825,5.99659,16,27,17,13,44,19,38,28,32,34,35,23,5,15
mimetypes-x-office-document.png,icon_512,10.3503,32.6192,28.1618,19.7947,23.7217,16.5586,27.3316,7,9,17,6,16,7,11,7,10,10,36,13,1,4
mimetypes-image-x-generic.png,icon_512,7.21026,10.9975,10.7172,10.0178,10.8717,8.85407,8.93333,15,20,20,9,29,13,17,12,15,16,37,17,6,12
status-weather-showers-scattered.png,icon_512,3.46041,4.30111,3.68314,3.37611,3.57187,3.85231,3.73037,19,39,19,18,42,20,30,24,26,32,36,30,6,21
categories-applications-accessories.png,icon_512,6.73925,11.4146,7.39848,6.12238,7.04142,8.64329,8.55831,12,19,22,10,34,12,27,20,23,25,37,19,4,10
emotes-face-glasses.png,icon_512,3.90676,4.88261,3.51671,3.13414,3.45846,4.37159,3.84138,21,40,24,18,59,23,44,33,38,41,41,32,8,22
apps-system-installer.png,icon_512,6.78478,11.6599,7.54842,5.74199,6.71841,8.76282,8.97104,12,19,21,10,33,13,30,22,26,26,37,19,4,9
mimetypes-application-certificate.png,icon_512,6.73146,10.8089,6.40185,4.56547,5.49204,8.53739,8.06732,13,21,22,10,43,15,41,29,35,33,37,19,5,11
actions-media-playback-pause.png,icon_512,10.2468,39.7369,29.6152,22.0706,25.8291,16.7224,32.1692,7,9,18,8,12,7,8,5,7,10,37,14,1,2
actions-media-eject.png,icon_512,10.1038,36.3045,27.5121,21.2016,24.6001,16.121,29.9366,7,8,18,6,14,6,10,6,8,9,34,14,1,3
actions-document-save.png,icon_512,7.49109,13.1381,8.59195,5.86758,7.05512,9.95799,10.6067,12,20,20,11,38,14,33,24,27,30,49,19,3,8
apps-utilities-system-monitor.png,icon_512,5.76773,7.4183,4.7109,3.44204,4.10198,6.80004,5.64623,20,31,20,13,62,21,53,40,46,45,40,24,6,17
actions-system-log-out.png,icon_512,5.52637,7.22841,5.41677,4.01499,4.6477,6.53997,6.07561,19,30,18,13,48,20,44,30,37,39,36,23,5,16
actions-document-new.png,icon_512,4.56975,6.26401,5.58565,5.03366,5.38725,5.36717,5.3227,15,29,21,15,32,16,21,17,19,25,39,24,5,16
actions-media-skip-backward.png,icon_512,8.63279,20.6505,14.4153,12.2493,13.9706,12.421,15.6996,9,12,18,8,20,9,14,9,11,14,35,15,2,5
apps-accessories-calculator.png,icon_512,9.44933,23.9913,21.1786,18.4142,20.8152,14.0451,18.8102,8,12,18,7,17,7,11,6,9,10,33,13,2,5
apps-preferences-desktop-multimedia.png,icon_512,2.55401,2.92035,2.6736,2.47815,2.5885,2.72942,2.57536,26,60,20,23,52,25,37,30,33,44,39,33,8,30
emotes-face-devilish.png,icon_512,5.59741,8.18894,6.78287,6.09888,6.61806,6.89236,6.78338,13,36,17,12,33,14,21,16,18,23,37,21,4,12
categories-applications-graphics.png,icon_512,6.38704,10.8093,9.80913,9.07853,9.6495,8.23929,9.12515,11,17,19,9,21,10,13,9,14,14,33,17,3,9
actions-edit-clear.png,icon_512,5.60735,9.0769,7.00693,6.38649,6.91789,6.97697,7.4003,11,22,18,11,27,12,19,15,17,19,34,21,4,10
emotes-face-smile-big.png,icon_512,5.70212,8.35475,5.77604,4.75375,5.39147,6.9241,6.50198,15,37,19,12,41,17,33,24,28,30,36,21,5,14
actions-list-remove.png,icon_512,11.29,108.229,64.7502,43.0085,53.7842,20.6155,69.0254,3,5,18,6,7,4,15,2,4,6,34,12,0,0
actions-format-justify-fill.png,icon_512,11.6245,59.2606,25.5975,15.475,20.9224,20.4907,30.5083,5,6,18,5,17,5,15,10,12,12,33,11,2,3
actions-format-justify-left.png,icon_512,11.6337,58.6496,23.9905,14.4914,19.6171,20.4968,29.1179,5,7,18,5,18,5,16,11,14,12,33,11,2,3
mimetypes-x-office-drawing.png,icon_512,9.80598,28.5436,21.7957,16.0986,19.1318,15.1925,22.8539,7,10,18,7,17,7,13,8,11,12,34,13,1,4
mimetypes-x-office-presentation-template.png,icon_512,6.03864,8.4926,6.37534,5.55586,6.2434,7.36996,6.46819,16,25,20,11,42,16,29,21,24,27,35,19,5,14
status-weather-overcast.png,icon_512,3.76909,4.86917,4.22174,3.87916,4.09977,4.26726,4.22576,16,33,20,16,36,17,25,21,22,28,38,27,5,18
actions-media-skip-forward.png,icon_512,8.6135,20.4455,14.3414,12.2079,13.9143,12.3643,15.4106,8,12,18,8,18,9,14,9,12,14,34,14,2,6
actions-format-justify-right.png,icon_512,11.6131,58.4132,24.2247,14.626,19.7761,20.4477,29.3538,5,6,18,5,18,5,16,10,14,13,33,11,2,3
places-folder-saved-search.png,icon_512,9.08485,19.8993,15.4893,12.0349,14.2348,12.8511,14.8864,9,13,19,7,23,10,17,11,14,15,36,14,4,7
devices-drive-harddisk.png,icon_512,9.84982,29.8879,18.8258,12.5308,15.417,15.5335,23.0651,7,8,17,7,18,8,16,11,14,13,33,13,2,3
actions-go-previous.png,icon_512,9.03413,22.7997,13.0004,8.51596,10.4628,13.3843,17.8903,8,12,19,8,22,10,23,15,19,19,35,15,2,5
status-weather-storm.png,icon_512,2.93794,3.44318,2.93033,2.77067,2.91759,3.18478,2.91443,23,45,19,22,54,24,34,29,30,40,37,32,8,27
actions-document-open.png,icon_512,9.37465,20.9441,18.6792,14.9222,17.1704,13.4226,17.714,10,11,18,7,19,8,13,8,12,12,34,14,2,5
actions-window-new.png,icon_512,5.48303,7.99424,9.00403,8.95612,9.05493,6.59261,7.28984,14,23,19,11,20,12,8,7,8,13,37,21,3,11
status-mail-attachment.png,icon_512,9.19027,29.8876,18.7391,16.11,18.462,14.1927,22.34,5,10,19,11,13,6,10,7,9,10,34,13,1,9
apps-accessories-text-editor.png,icon_512,7.9447,16.3923,12.3949,10.6785,12.0574,10.9757,12.62,9,14,19,8,21,9,15,10,13,14,36,16,2,7
apps-preferences-desktop-screensaver.png,icon_512,7.01612,10.988,7.75754,6.32589,7.35217,8.76222,7.85496,14,21,20,10,38,14,28,20,24,25,34,18,7,11
categories-applications-system.png,icon_512,6.89651,11.2474,6.93601,5.66906,6.60562,8.74077,7.99773,13,19,19,10,39,14,31,22,26,28,35,18,5,12
actions-go-down.png,icon_512,9.30213,24.9326,15.797,10.8977,13.0723,14.1767,20.9395,8,11,19,11,20,9,19,12,16,17,34,14,1,8
actions-mail-reply-all.png,icon_512,4.91237,6.81495,5.19511,4.48063,4.95997,5.78139,5.56722,15,27,22,13,41,16,31,23,27,29,38,23,5,14
status-folder-visiting.png,icon_512,11.3027,49.9758,90.9748,77.961,87.2456,19.2439,52.9428,6,6,18,5,7,4,3,2,3,4,33,11,0,2
status-user-trash-full.png,icon_512,5.6958,7.72305,5.23231,4.07753,4.74221,6.81892,6.05391,17,27,17,12,47,18,42,30,35,35,35,23,5,14
apps-accessories-character-map.png,icon_512,9.72377,26.5786,17.1747,10.7109,13.2653,15.0016,22.1835,7,10,19,7,19,8,19,13,16,16,34,13,1,5
actions-format-text-italic.png,icon_512,9.07384,24.2832,15.1585,11.7222,13.9095,13.5131,17.8084,7,12,19,8,18,9,15,10,13,15,35,15,2,5
mimetypes-x-office-drawing-template.png,icon_512,6.39546,9.23084,8.502,7.6163,8.2953,8.16948,7.6935,15,24,21,11,33,15,19,14,17,20,35,19,4,13
apps-preferences-desktop-remote-desktop.png,icon_512,5.65965,8.17536,5.53141,4.53356,5.20647,6.82157,6.0536,15,25,17,12,43,17,36,26,31,33,35,22,6,14
status-software-update-urgent.png,icon_512,9.90154,35.81,26.1037,21.9059,25.1123,15.8149,29.2822,5,7,18,6,12,6,8,5,7,8,33,13,1,3
actions-mail-forward.png,icon_512,7.43437,14.4381,9.69941,6.5539,7.79781,10.0046,11.9561,10,15,19,9,25,10,26,18,22,22,35,17,2,7
status-network-transmit.png,icon_512,5.83436,7.79435,5.73699,4.9335,5.63871,6.79978,5.6339,17,29,17,12,48,18,33,23,28,31,35,21,6,16
actions-document-save-as.png,icon_512,7.79632,14.2965,9.84229,6.77016,8.12189,10.4528,11.7671,10,16,18,8,28,11,27,19,22,23,36,16,3,9
actions-edit-delete.png,icon_512,7.50138,11.3702,9.80894,7.65149,8.85882,9.27325,9.20243,16,21,19,8,34,15,25,21,21,22,37,16,4,13
mimetypes-text-x-generic-template.png,icon_512,9.93795,29.7175,19.1834,12.3798,15.222,15.8762,24.5455,7,10,17,9,18,9,17,11,15,15,33,14,1,4
kodim11.png,photo_kodak,1.13253,1.13295,1.03257,1.01797,1.05311,1.13433,0.97504,98,197,49,81,211,89,109,104,99,143,76,123,42,121
kodim05.png,photo_kodak,1.01776,1.018,0.991325,1.00772,1.01991,1.01837,0.902414,107,255,88,89,194,89,89,90,83,134,114,168,46,128
kodim04.png,photo_kodak,1.10938,1.10973,0.997812,1.00651,1.03737,1.11075,0.946505,101,206,82,82,218,90,113,103,103,145,109,126,47,125
kodim10.png,photo_kodak,1.10979,1.1103,0.974693,0.996023,1.02764,1.11078,0.936566,99,198,74,80,229,90,115,105,103,143,102,119,45,120
kodim06.png,photo_kodak,1.0779,1.07823,0.994273,1.00439,1.02959,1.07867,0.932222,101,203,79,81,212,88,103,100,94,139,106,123,45,124
kodim12.png,photo_kodak,1.19044,1.19089,1.00178,1.00535,1.05133,1.192,0.985582,95,197,71,79,244,92,130,114,116,151,97,118,43,118
kodim13.png,photo_kodak,0.970697,0.971011,0.991492,1.0046,1.00834,0.970954,0.879797,111,252,60,92,175,89,75,83,72,130,85,171,47,133
kodim07.png,photo_kodak,1.25783,1.25832,1.04755,1.02055,1.0786,1.26042,1.03478,95,194,71,77,240,90,138,121,123,158,99,120,44,116
kodim03.png,photo_kodak,1.34687,1.34733,1.07933,1.03134,1.1035,1.35078,1.09338,92,191,45,72,245,88,150,125,132,160,73,123,42,111
kodim17.png,photo_kodak,1.1176,1.11802,0.98625,1.00023,1.03314,1.11872,0.947013,98,197,49,79,257,91,111,103,100,143,76,119,61,120
kodim16.png,photo_kodak,1.16557,1.16604,1.01613,1.01218,1.05348,1.16704,0.982029,96,193,68,79,226,92,118,110,106,147,97,118,41,120
kodim02.png,photo_kodak,1.10465,1.10493,0.994301,1.00561,1.03514,1.10576,0.941873,100,203,72,82,217,90,110,104,100,142,100,122,43,125
kodim14.png,photo_kodak,1.02953,1.02991,0.98292,1.00364,1.01865,1.03002,0.905083,105,214,55,88,200,90,93,94,86,135,81,132,46,128
kodim01.png,photo_kodak,1.03304,1.03329,0.995857,1.00909,1.02453,1.03376,0.909148,104,217,55,88,195,90,91,94,84,138,81,135,45,132
kodim15.png,photo_kodak,1.20571,1.20678,1.03655,1.02076,1.06872,1.2084,1.01033,99,200,77,79,237,91,130,114,116,153,105,125,45,120
kodim24.png,photo_kodak,1.1478,1.15165,1.04396,1.04051,1.07382,1.15128,0.986267,101,205,52,82,215,88,111,103,101,144,80,128,45,123
kodim18.png,photo_kodak,0.97998,0.979973,0.967653,0.986174,0.994539,0.980089,0.874641,110,256,58,93,191,89,84,89,79,131,84,173,47,132
kodim19.png,photo_kodak,1.04135,1.04135,0.961555,0.982674,1.00363,1.04166,0.900634,102,205,52,85,212,91,101,99,93,139,79,126,45,130
kodim22.png,photo_kodak,1.00976,1.00978,0.968965,0.987789,1.00176,1.01001,0.887983,107,245,55,89,200,89,91,97,85,137,82,164,47,132
kodim23.png,photo_kodak,1.18533,1.18552,1.00481,0.997621,1.04472,1.1872,0.984087,102,205,52,81,250,92,134,120,121,159,80,128,49,125
kodim09.png,photo_kodak,1.11875,1.11927,0.973214,0.994166,1.02788,1.11972,0.940778,101,198,72,81,260,91,118,111,106,145,107,121,44,124
kodim21.png,photo_kodak,1.04478,1.04478,0.961982,0.983608,1.00507,1.04506,0.902846,100,202,51,85,215,90,109,102,102,137,77,124,44,129
kodim20.png,photo_kodak,1.2191,1.22974,1.08666,1.09477,1.13222,1.22621,1.04418,89,173,65,73,206,81,103,95,94,128,92,106,38,109
kodim08.png,photo_kodak,1.00703,1.00743,0.983565,1.00154,1.01246,1.0075,0.892121,107,254,56,90,190,88,88,91,83,134,83,169,47,134
pk02_ceiling03_S.png,textures_pk02,1.08694,1.08792,0.970488,1.00532,1.02713,1.08796,0.926574,61,135,39,54,145,60,68,69,62,91,57,78,24,85
pk02_light02c_C.png,textures_pk02,1.0375,1.03755,1.01297,1.02911,1.03729,1.03795,0.916385,16,34,11,12,31,14,14,14,13,19,15,20,6,20
pk02_light03_C.png,textures_pk02,0.950693,0.950695,0.983753,0.992546,0.993925,0.950838,0.865264,17,38,13,14,26,13,10,14,10,20,18,23,7,22
pk02_pipes01_C.png,textures_pk02,0.993127,0.993338,0.986241,0.999928,1.00673,0.993591,0.888269,65,158,31,57,118,55,50,56,47,81,49,86,25,82
pk02_wall_big02a_C.png,textures_pk02,0.937696,0.937698,0.988736,0.995409,0.995878,0.937714,0.860605,279,631,211,252,415,240,157,202,154,327,282,384,101,356
pk02_wall04b_N.png,textures_pk02,1.07344,1.07346,0.961195,0.990088,1.01223,1.07389,0.91787,62,134,38,52,146,60,69,67,62,89,56,75,24,83
pk02_wall05a_S.png,textures_pk02,1.00159,1.00185,0.961629,0.993277,1.00203,1.00183,0.884406,62,141,28,56,126,58,51,59,47,82,46,79,22,86
pk02_floor13_N.png,textures_pk02,0.925541,0.925539,0.987561,0.991936,0.991272,0.925523,0.854355,17,39,8,18,25,13,9,11,9,19,13,23,7,22
pk02_floor12b_C.png,textures_pk02,0.923571,0.92357,0.988833,0.991906,0.993463,0.923554,0.853638,18,41,16,17,28,13,10,13,10,19,21,26,8,23
pk02_computer01b_C.png,textures_pk02,0.962173,0.962162,0.98132,0.99535,0.99756,0.962293,0.871456,34,78,16,28,57,27,23,26,22,41,25,44,13,42
pk02_wall01_C.png,textures_pk02,0.938746,0.938743,0.985066,0.993949,0.993252,0.938754,0.860323,69,155,34,61,105,57,40,51,39,78,52,93,26,88
pk02_trim01_S.png,textures_pk02,0.931227,0.931234,0.982305,0.989216,0.987502,0.93122,0.855493,16,36,12,14,25,13,9,11,9,17,17,22,6,21
pk02_door01_C.png,textures_pk02,0.931984,0.931983,0.989485,0.99536,0.993834,0.931993,0.85816,69,157,35,59,102,56,38,50,37,77,53,93,26,86
pk02_floor08a_S.png,textures_pk02,1.08642,1.08961,1.00906,1.04189,1.05808,1.08872,0.943407,58,132,27,53,128,57,58,61,53,85,45,76,22,83
pk02_wall02c_N.png,textures_pk02,1.035,1.035,0.959407,0.988566,1.00379,1.03524,0.898687,62,141,42,54,137,59,62,64,57,88,60,82,25,84
pk02_sand01_C.png,textures_pk02,0.926598,0.926598,0.992737,0.996343,0.995371,0.926597,0.856661,284,643,148,254,406,237,154,198,152,322,219,409,110,357
pk02_floor04_C.png,textures_pk02,0.932668,0.932667,0.985045,0.993822,0.99251,0.932663,0.85765,68,157,52,60,101,58,38,49,37,79,69,92,25,90
pk02_floor06a_C.png,textures_pk02,1.50802,1.51388,1.38995,1.42877,1.46251,1.51679,1.27813,12,23,7,10,27,10,13,11,11,16,12,12,5,15
pk02_wall02a_N.png,textures_pk02,1.03587,1.03587,0.960209,0.989091,1.00469,1.03612,0.89919,65,137,41,54,136,59,63,65,58,86,59,79,24,83
pk02_wall03b_S.png,textures_pk02,0.985429,0.98545,0.967839,0.989402,0.998344,0.985572,0.876829,126,287,58,116,238,118,97,117,90,164,93,165,44,171
pk02_switches01b_I.png,textures_pk02,5.63028,8.98595,8.17268,8.33641,8.58054,6.97309,7.66368,1,0,2,0,2,0,1,0,1,0,4,1,0,0
pk02_dec_num09.png,textures_pk02,1.13473,1.13485,0.998648,1.01313,1.04368,1.13625,0.966358,30,68,21,26,74,30,37,36,33,48,30,41,13,40
pk02_door03_C.png,textures_pk02,0.939658,0.939657,0.981061,0.991975,0.990938,0.939661,0.860144,35,81,18,33,55,30,21,27,20,44,26,49,14,45
pk02_trim03_S.png,textures_pk02,1.01906,1.0193,0.967767,0.992855,1.00772,1.01937,0.892904,64,140,41,57,130,59,55,63,51,85,59,81,23,85
pk02_trim04a_S.png,textures_pk02,1.18658,1.1853,1.02355,1.07112,1.09558,1.18742,1.00488,1,2,0,0,4,0,1,1,1,0,1,1,0,1
pk02_floor11_N.png,textures_pk02,1.16204,1.1636,1.0493,1.04644,1.07636,1.16502,1.01258,14,30,9,11,36,13,17,16,15,20,13,17,5,18
pk02_plates01b_C.png,textures_pk02,0.937715,0.937714,0.986762,0.994556,0.994508,0.937726,0.86001,73,153,56,59,108,56,43,48,43,77,73,93,27,84
pk02_floor02_S.png,textures_pk02,2.38294,2.47643,1.92808,1.62,1.80578,2.49015,2.00537,134,263,87,109,424,147,298,235,258,288,159,173,58,159
pk02_dec_num08.png,textures_pk02,1.02682,1.02686,0.970178,0.995214,1.00816,1.0272,0.901447,33,71,15,27,66,29,30,31,27,43,24,44,13,42
pk02_wall07a_C.png,textures_pk02,0.93987,0.939869,0.984356,0.994179,0.993353,0.939882,0.860673,68,151,34,59,104,56,40,50,39,77,53,92,25,87
pk02_wall_big01b_N.png,textures_pk02,1.40186,1.40418,1.09816,1.05133,1.1257,1.40996,1.12667,215,440,134,185,637,244,376,322,332,415,207,245,95,279
pk02_light02a_C.png,textures_pk02,0.984906,0.984941,0.980539,1.00167,1.00376,0.985016,0.88154,17,37,13,14,29,13,11,13,11,19,17,22,6,21
pk02_wall05c_S.png,textures_pk02,0.992199,0.992456,0.966574,0.994816,1.00168,0.992446,0.881561,63,143,41,58,122,60,48,57,45,81,58,81,22,87
pk02_floor_cyl02_N.png,textures_pk02,0.993477,0.993486,0.960617,0.983127,0.994284,0.993619,0.878502,255,585,176,232,500,253,207,240,193,375,246,336,97,343
pk02_generic01_S.png,textures_pk02,1.84573,1.84609,1.24286,1.10976,1.2373,1.86225,1.39971,49,92,23,37,176,58,124,97,106,112,42,65,22,61
pk02_sand01_S.png,textures_pk02,1.28719,1.28728,0.987466,0.978717,1.04254,1.28938,1.01768,227,493,104,202,706,263,393,347,347,438,176,289,104,310
pk02_wall02c_I.png,textures_pk02,11.3516,151.667,116.368,101.469,113.066,21.2138,113.597,2,3,19,5,4,3,2,1,2,3,33,11,0,0
pk02_floor08a_C.png,textures_pk02,0.968718,0.968722,0.981366,0.994639,0.998399,0.968822,0.874929,67,152,32,60,114,59,47,55,44,85,51,92,25,88
pk02_door01_S.png,textures_pk02,1.01466,1.01472,0.974151,1.00067,1.01057,1.01511,0.892421,62,142,41,55,124,58,53,59,48,82,58,79,22,86
pk02_trim01_C.png,textures_pk02,0.931769,0.931768,0.981691,0.989085,0.987202,0.931756,0.855554,16,38,12,14,25,13,9,12,9,17,17,21,6,22
pk02_panels01b_N.png,textures_pk02,1.06433,1.06436,0.974085,0.997687,1.01702,1.0651,0.919346,61,134,39,52,140,59,66,63,60,87,57,76,23,79
pk02_wall01_S.png,textures_pk02,0.985874,0.985882,0.960812,0.989093,0.995813,0.985931,0.875381,62,140,40,55,123,59,49,56,47,79,58,78,22,83
pk02_computer01b_S.png,textures_pk02,1.11869,1.11964,1.01677,1.0311,1.05659,1.12026,0.960131,29,67,12,27,70,29,32,33,29,43,21,40,11,40
pk02_wall05a_C.png,textures_pk02,0.928673,0.928672,0.988764,0.994533,0.992946,0.928669,0.856589,71,157,36,61,103,57,41,50,40,79,53,96,31,89
pk02_wall_big02a_S.png,textures_pk02,1.06616,1.06693,0.9849,1.00398,1.02535,1.06723,0.922006,244,559,169,230,535,245,239,251,217,355,230,324,92,333
pk02_pipes01_S.png,textures_pk02,1.34217,1.34564,1.12816,1.10397,1.15815,1.3505,1.11258,54,109,34,46,145,55,84,71,74,93,51,60,22,69
pk02_light03_S.png,textures_pk02,1.00086,1.00086,0.961678,0.990648,0.99934,1.00095,0.884258,15,35,9,13,31,14,13,15,12,20,14,20,5,20
pk02_trim_set01b_C.png,textures_pk02,0.93075,0.930749,0.987548,0.994273,0.992746,0.930748,0.857215,70,155,35,63,103,62,38,49,38,78,53,96,27,86
pk02_ceiling03_C.png,textures_pk02,0.937058,0.937057,0.982191,0.993175,0.992141,0.937058,0.85908,67,149,32,59,103,58,37,49,36,76,49,87,23,84
pk02_wall05c_C.png,textures_pk02,0.9269,0.926899,0.990105,0.99482,0.99337,0.926895,0.85608,71,154,231,62,112,58,44,48,38,88,73,95,39,86
pk02_light01_S.png,textures_pk02,1.1928,1.19284,1.00653,1.05604,1.07746,1.19349,0.996584,1,2,0,0,4,0,2,3,1,0,1,1,0,1
pk02_wall07a_S.png,textures_pk02,1.06674,1.06675,0.963543,0.994907,1.0149,1.06716,0.913205,60,136,27,53,143,59,66,69,59,89,45,76,23,86
pk02_wall06b_N.png,textures_pk02,1.13977,1.13984,0.980818,1.00053,1.03316,1.14091,0.955036,60,130,38,51,155,61,78,73,70,95,56,75,25,82
pk02_plates01b_S.png,textures_pk02,1.02249,1.02275,0.983516,1.00271,1.01471,1.02311,0.900328,63,141,41,56,127,59,54,61,50,85,59,82,23,85
pk02_floor02_C.png,textures_pk02,0.931616,0.931616,0.988981,0.994907,0.994669,0.931618,0.857797,282,618,212,247,412,238,150,199,147,316,282,374,99,352
pk02_trim04a_C.png,textures_pk02,0.945754,0.945767,0.957881,0.975291,0.97446,0.945617,0.855956,2,4,1,1,2,0,0,1,0,1,2,1,0,2
pk02_trim03_C.png,textures_pk02,0.941452,0.941452,0.992526,0.996687,1.00012,0.941449,0.862596,69,156,35,61,102,57,40,49,39,76,53,95,27,89
pk02_door03_S.png,textures_pk02,1.05252,1.0526,0.954371,0.991156,1.00962,1.05284,0.906415,31,67,13,27,71,29,31,33,28,42,22,37,11,41
pk02_switches01b_N.png,textures_pk02,2.19009,2.25051,1.90017,1.861,1.9634,2.23895,1.82655,4,9,2,2,11,3,6,6,5,6,5,5,2,5
pk02_trim_set01_N.png,textures_pk02,1.16362,1.16367,0.988297,1.00476,1.04112,1.16486,0.969981,60,127,26,50,159,61,79,74,70,95,44,72,25,78
pk02_wall02a_I.png,textures_pk02,9.9572,46.9046,37.9003,34.0115,37.0722,16.5657,37.0341,5,6,19,6,6,4,4,3,3,5,34,13,0,1
pk02_wall03b_C.png,textures_pk02,0.94027,0.94027,0.984388,0.993422,0.994029,0.940284,0.860828,141,313,70,124,216,121,81,105,79,164,106,192,52,180
pk02_floor06a_S.png,textures_pk02,2.00157,2.0362,1.66951,1.70942,1.79651,2.04236,1.62687,10,18,5,8,28,9,15,12,12,15,10,10,4,12
pk02_floor04_S.png,textures_pk02,0.992958,0.992957,0.956414,0.987779,0.995827,0.99301,0.877289,63,142,29,58,124,59,50,58,46,84,51,80,22,86
pk02_door02_C.png,textures_pk02,0.936008,0.936006,0.982086,0.992097,0.990491,0.936007,0.858448,34,76,16,32,53,28,20,28,21,39,25,46,13,46
pk02_trim02_S.png,textures_pk02,1.10289,1.10417,1.01375,1.04641,1.06139,1.10456,0.952046,7,15,4,7,15,5,7,9,6,9,6,7,2,30
pk02_switches01c_I.png,textures_pk02,7.19708,13.8544,14.2663,14.6895,14.7937,9.65931,12.2026,1,0,1,0,1,0,0,0,0,0,4,0,0,0
pk02_floor09_N.png,textures_pk02,0.927587,0.927586,0.991943,0.996136,0.995285,0.927586,0.856932,287,657,236,260,412,245,156,202,154,329,306,420,113,366
pk02_rock01_N.png,textures_pk02,0.926865,0.926865,0.992491,0.996266,0.995301,0.926865,0.856721,292,659,251,257,415,238,161,203,160,328,323,424,119,362
pk02_floor05_C.png,textures_pk02,1.02956,1.02958,0.976553,0.997799,1.01216,1.02976,0.896008,62,140,28,56,130,59,56,64,51,88,46,81,24,84
pk02_floor08b_S.png,textures_pk02,1.0972,1.10133,1.03009,1.05578,1.07173,1.10025,0.962589,64,144,28,51,126,57,57,61,54,82,53,75,22,79
pk02_wall05b_S.png,textures_pk02,1.0487,1.05224,1.00255,1.03395,1.04467,1.05084,0.926715,59,148,39,53,124,56,51,59,46,80,57,77,22,80
pk02_wall04a_N.png,textures_pk02,1.09393,1.09396,0.961326,0.990863,1.01627,1.09449,0.928107,59,130,37,51,151,61,70,70,62,93,55,74,24,80
pk02_wall_big02b_C.png,textures_pk02,0.957095,0.9571,0.988511,0.996583,1.00014,0.9572,0.869941,274,627,137,246,438,239,175,212,169,329,207,377,103,350
pk02_computer01a_C.png,textures_pk02,0.989267,0.989463,1.00413,1.0175,1.0214,0.989803,0.893208,33,76,16,30,57,28,23,27,22,40,25,47,13,43
pk02_floor12a_C.png,textures_pk02,0.925149,0.925147,0.987757,0.991955,0.991249,0.925132,0.854238,17,38,8,14,24,13,8,11,8,17,13,23,6,22
pk02_floor10_N.png,textures_pk02,1.41292,1.41683,1.39606,1.42199,1.44328,1.43845,1.23654,13,25,10,9,24,12,10,10,9,14,14,13,5,15
pk02_floor03_S.png,textures_pk02,1.44205,1.44718,1.24842,1.2733,1.31841,1.46139,1.17622,12,26,6,10,30,12,16,15,14,18,10,13,5,15
pk02_wall_big01a_N.png,textures_pk02,1.05197,1.05203,0.9695,0.985807,1.00758,1.05262,0.909139,247,554,115,228,543,248,251,256,229,359,186,322,95,328
pk02_wall07b_C.png,textures_pk02,0.939645,0.939644,0.98328,0.993887,0.993119,0.939657,0.860399,67,155,33,60,105,62,39,52,38,79,51,92,25,88
pk02_computer01c_C.png,textures_pk02,0.96431,0.964314,0.979264,0.993072,0.996058,0.964393,0.872158,33,76,16,28,56,27,23,29,22,39,25,44,12,42
pk02_plates01a_C.png,textures_pk02,0.941974,0.941973,0.985015,0.994223,0.99493,0.941999,0.861503,69,157,53,63,107,60,42,51,40,80,71,96,27,89
pk02_floor01_S.png,textures_pk02,1.04525,1.04525,0.960357,0.990738,1.00744,1.04557,0.905011,61,137,39,53,138,59,61,66,55,87,57,78,23,85
pk02_floor12_N.png,textures_pk02,0.934942,0.934941,0.981597,0.991976,0.988912,0.934934,0.858033,17,39,9,15,25,14,10,12,10,20,13,23,6,22
pk02_trim04b_S.png,textures_pk02,1.88587,1.90482,1.42701,1.411,1.5664,1.90639,1.42348,1,1,0,0,3,0,1,1,1,0,1,0,0,1
pk02_floor_cyl01_N.png,textures_pk02,0.989194,0.989206,0.988496,0.992056,1.00375,0.989463,0.886316,287,666,151,288,501,281,222,233,211,389,221,452,123,352
pk02_ceiling02_S.png,textures_pk02,1.02309,1.02319,0.974141,1.00242,1.01353,1.02383,0.896961,31,69,19,28,74,28,26,29,24,41,28,38,11,41
pk02_light02b_C.png,textures_pk02,0.977226,0.977268,0.981459,1.00086,1.00222,0.977323,0.878323,16,39,12,14,27,13,11,12,11,19,17,21,6,20
pk02_light02_C.png,textures_pk02,0.977226,0.977268,0.981459,1.00086,1.00222,0.977323,0.878323,16,38,13,14,28,13,11,12,11,19,17,22,6,20
pk02_wall03a_S.png,textures_pk02,0.980164,0.980277,0.96867,0.990396,0.99817,0.980329,0.874955,125,290,84,118,233,120,94,113,88,164,119,165,44,173
pk02_wall02b_N.png,textures_pk02,1.03746,1.03746,0.958833,0.989041,1.00507,1.03771,0.899347,61,136,29,52,140,59,61,63,55,87,46,77,24,83
pk02_floor06b_C.png,textures_pk02,1.38229,1.38718,1.32271,1.35115,1.3781,1.3893,1.19356,13,25,6,9,26,10,12,11,11,15,11,14,5,15
pk02_floor07_C.png,textures_pk02,1.03951,1.03952,0.988863,1.00442,1.01975,1.03983,0.907882,63,143,41,54,127,57,56,60,52,83,59,79,23,83
pk02_floor03_C.png,textures_pk02,1.00798,1.00798,0.999614,1.01454,1.02217,1.00901,0.893418,16,36,8,13,28,14,12,12,11,18,12,21,6,21
pk02_computer01a_S.png,textures_pk02,1.34623,1.36178,1.22452,1.21807,1.2582,1.35784,1.15974,25,52,16,21,60,24,30,28,27,37,25,29,9,33
pk02_trim_set01a_C.png,textures_pk02,0.964836,0.964835,0.968645,0.990314,0.993669,0.964869,0.868794,64,149,44,59,113,59,44,55,41,81,62,84,22,87
pk02_wall08_N.png,textures_pk02,1.11936,1.11942,0.976546,0.989067,1.02473,1.12013,0.939568,119,259,55,104,299,122,145,141,130,186,90,148,49,160
pk02_wall_big02b_S.png,textures_pk02,1.16322,1.16525,1.01432,1.0244,1.06077,1.16582,0.976186,233,524,151,216,572,242,288,274,259,374,222,310,95,316
pk02_wall05b_C.png,textures_pk02,0.928624,0.928623,0.98898,0.994534,0.992927,0.92862,0.856604,71,159,56,62,103,59,44,50,38,79,74,98,27,89
pk02_floor08b_C.png,textures_pk02,0.94501,0.94501,0.982788,0.994713,0.994478,0.945036,0.863334,68,154,34,60,106,58,42,53,40,79,52,93,26,90
pk02_floor05_S.png,textures_pk02,1.82487,1.87876,1.42712,1.40913,1.51163,1.86133,1.42826,41,88,22,33,132,48,74,64,64,78,41,48,20,56
pk02_switches01c_N.png,textures_pk02,3.11188,3.52158,2.87127,2.8249,2.99337,3.33491,2.81236,3,5,3,3,9,2,5,3,4,4,5,3,1,3
pk02_panels01a_N.png,textures_pk02,1.05429,1.05432,0.973025,0.996683,1.01442,1.05494,0.914022,61,136,28,54,136,59,62,65,56,86,46,104,23,86
pk02_trim02_C.png,textures_pk02,0.98105,0.981048,0.979732,0.995845,0.99879,0.981182,0.875742,8,17,3,5,14,5,5,6,5,9,6,9,3,9
pk02_door02_S.png,textures_pk02,1.025,1.025,0.955349,0.989645,1.00323,1.02518,0.893454,30,68,13,27,68,29,29,32,27,42,22,37,11,42
pk02_panels01c_N.png,textures_pk02,1.06055,1.06058,0.972962,0.997056,1.01576,1.06124,0.916982,61,133,39,51,138,57,63,64,57,84,57,83,23,80
pk02_trim_set02_N.png,textures_pk02,1.16368,1.16371,0.98824,1.0041,1.04055,1.1649,0.970878,58,126,35,48,155,59,79,73,70,94,53,70,24,79
pk02_switches01a_N.png,textures_pk02,2.6305,2.6712,2.13767,2.04663,2.21309,2.67871,2.0955,4,6,1,3,11,3,8,6,7,6,4,4,2,4
pk02_floor07_S.png,textures_pk02,1.70583,1.7854,1.57756,1.59161,1.64641,1.7517,1.48399,38,82,22,35,92,39,46,46,40,59,40,49,16,53
pk02_wall02b_I.png,textures_pk02,10.5359,66.721,51.1164,43.8258,48.5838,18.3121,51.8767,3,5,19,7,5,3,4,2,3,4,33,11,0,1
pk02_wall03a_C.png,textures_pk02,0.932915,0.932912,0.988343,0.994471,0.994031,0.932916,0.85833,138,313,109,125,206,119,79,100,78,158,144,193,53,179
pk02_light02_S.png,textures_pk02,1.30083,1.30182,1.07929,1.09766,1.14034,1.30368,1.0639,13,29,7,10,40,14,20,19,18,22,12,16,6,18
pk02_ceiling02_C.png,textures_pk02,0.969905,0.969916,0.984491,0.997612,1.00056,0.970243,0.873844,34,77,16,30,57,29,23,29,22,41,25,46,13,42
pk02_trim04b_C.png,textures_pk02,1.22968,1.22975,0.997646,1.02824,1.10114,1.22951,0.975016,1,3,0,0,4,0,3,1,2,0,1,1,1,1
pk02_plates01a_S.png,textures_pk02,1.02911,1.02935,0.982053,1.00184,1.01508,1.02975,0.903422,61,139,27,56,126,59,55,62,51,84,45,79,22,85
pk02_floor01_C.png,textures_pk02,0.991482,0.991485,0.966588,0.990397,0.997927,0.991604,0.881773,64,145,43,58,122,61,50,60,46,84,62,84,23,87
pk02_wall06a_N.png,textures_pk02,1.11075,1.11077,0.980095,0.999776,1.0281,1.1115,0.939401,59,129,37,50,147,58,71,70,64,89,56,73,24,80
pk02_computer01c_S.png,textures_pk02,1.13234,1.1324,1.01471,1.02736,1.0561,1.13349,0.965862,29,65,12,26,70,28,35,35,31,46,21,38,11,40
pk02_wall07b_S.png,textures_pk02,1.06232,1.06234,0.962291,0.993657,1.01309,1.0627,0.91094,60,134,38,54,140,59,64,66,58,89,55,76,23,83
pk02_wall_big01a_S.png,textures_pk02,1.06172,1.06245,0.956812,0.989136,1.0116,1.0626,0.906793,241,547,157,229,577,248,260,266,238,363,226,317,96,335
pk02_computer01c_I.png,textures_pk02,7.25395,16.047,14.5324,14.8189,15.1528,10.0268,13.6261,3,5,9,4,5,2,2,1,2,2,17,7,0,2
pk02_wall06a_C.png,textures_pk02,0.939557,0.93967,0.992037,0.997916,0.997586,0.939658,0.862659,70,157,34,62,104,58,40,50,39,81,53,95,26,89
pk02_floor01_N.png,textures_pk02,0.974915,0.974915,0.970771,0.991948,0.996731,0.97499,0.873576,68,152,32,58,120,61,48,59,45,84,51,89,25,87
pk02_floor12_S.png,textures_pk02,0.956097,0.956095,0.969187,0.991678,0.990629,0.956096,0.865571,16,36,7,15,27,13,10,14,9,18,11,19,5,22
pk02_trim_set02b_C.png,textures_pk02,0.94254,0.942539,0.979734,0.992879,0.992849,0.942545,0.860978,70,158,55,61,110,59,43,52,41,80,72,96,26,90
pk02_trim04b_N.png,textures_pk02,1.15496,1.15502,1.04342,1.06918,1.09585,1.15491,0.978402,1,2,0,0,3,0,2,1,2,0,1,1,0,1
pk02_floor_cyl01_S.png,textures_pk02,1.76221,1.75685,1.30412,1.1258,1.24741,1.78424,1.41154,195,377,120,161,614,223,443,360,385,432,196,222,79,244
pk02_ceiling02_N.png,textures_pk02,1.03879,1.03881,0.986766,1.00198,1.01757,1.03948,0.905622,33,72,15,27,66,28,30,30,28,43,24,44,14,42
pk02_light02_I.png,textures_pk02,2.55299,2.82188,2.50091,2.52613,2.60911,2.70392,2.35025,7,11,4,4,16,5,8,7,7,8,9,6,2,7
pk02_wall03a_N.png,textures_pk02,1.11487,1.11493,0.974011,0.985484,1.02069,1.1157,0.93804,119,260,76,103,293,122,147,142,132,190,112,147,49,162
pk02_wall02b_S.png,textures_pk02,1.00078,1.00078,0.957334,0.988824,0.99813,1.00087,0.881354,63,141,41,56,127,59,53,60,49,85,59,80,22,88
pk02_switches01a_C.png,textures_pk02,1.38907,1.39009,1.14341,1.15187,1.20426,1.3927,1.13765,7,12,3,4,19,5,11,8,10,11,5,7,3,8
pk02_panels01c_C.png,textures_pk02,0.932687,0.932686,0.986696,0.994293,0.992974,0.932687,0.857893,71,156,53,62,104,60,38,50,38,80,72,96,26,92
pk02_trim02_N.png,textures_pk02,2.09958,2.11652,1.71392,1.6108,1.74206,2.14083,1.66695,6,10,3,4,14,5,9,7,8,9,5,7,2,6
pk02_panels01a_C.png,textures_pk02,0.933701,0.9337,0.986328,0.994277,0.993193,0.933705,0.858291,71,178,35,75,104,75,39,49,38,112,53,129,26,96
pk02_switches01c_C.png,textures_pk02,1.02394,1.02407,1.01837,1.03468,1.03935,1.02428,0.915422,8,16,6,7,16,6,6,7,5,8,9,10,3,9
pk02_floor09_S.png,textures_pk02,1.09223,1.09224,0.953041,0.977632,1.00761,1.09277,0.919913,240,542,111,224,594,252,288,287,258,382,181,311,98,334
pk02_rock01_S.png,textures_pk02,1.27865,1.28513,1.05568,1.04687,1.10026,1.28466,1.05485,228,485,143,198,619,242,341,292,300,386,216,287,95,293
pk02_floor08b_N.png,textures_pk02,1.12948,1.12952,0.978969,0.998066,1.02883,1.13047,0.952683,59,130,37,53,149,62,74,72,68,93,56,74,24,79
pk02_wall05b_N.png,textures_pk02,1.03881,1.03884,0.971246,0.993656,1.00923,1.03917,0.905787,63,139,30,55,135,61,60,67,55,86,47,79,24,83
pk02_wall04a_S.png,textures_pk02,0.996624,0.996737,0.967174,0.994443,1.00224,0.996828,0.884221,64,141,28,56,122,60,52,59,47,90,46,82,22,85
pk02_floor13b_C.png,textures_pk02,0.944713,0.944711,0.981407,0.993291,0.991759,0.944741,0.863198,18,41,9,14,28,13,11,13,10,19,13,23,7,21
pk02_computer01a_I.png,textures_pk02,5.18726,7.83445,6.88838,6.91311,7.17873,6.29491,6.51214,6,10,9,5,12,5,6,6,5,8,17,9,1,5
pk02_floor10_S.png,textures_pk02,1.78975,1.81054,1.48097,1.48322,1.55889,1.8346,1.43667,11,22,5,8,31,11,17,14,15,18,9,12,4,13
pk02_floor03_N.png,textures_pk02,1.36399,1.36444,1.21193,1.21016,1.25856,1.37863,1.11211,14,27,9,10,32,13,18,16,16,20,14,15,6,16
pk02_panels01c_S.png,textures_pk02,1.00354,1.00351,0.973146,0.999779,1.00813,1.00384,0.888621,62,139,29,57,123,59,49,60,45,81,46,80,22,86
pk02_trim_set02_S.png,textures_pk02,1.07995,1.07995,0.949385,0.986748,1.01029,1.08032,0.915387,59,132,37,55,152,69,70,71,63,89,54,75,24,85
pk02_switches01a_S.png,textures_pk02,1.18386,1.18456,1.02626,1.06173,1.08852,1.18534,0.999047,7,14,6,5,17,6,9,8,8,9,6,7,3,8
pk02_floor07_N.png,textures_pk02,1.06466,1.06467,0.980593,1.00084,1.02138,1.06522,0.913709,62,137,42,52,138,59,65,63,60,87,60,79,26,80
pk02_wall02b_C.png,textures_pk02,0.943391,0.943392,0.981941,0.99338,0.993142,0.943396,0.861492,66,150,48,60,107,58,41,51,40,78,66,88,23,85
pk02_light02_N.png,textures_pk02,1.06125,1.06127,0.986425,1.01403,1.02868,1.06156,0.917937,15,33,6,12,33,14,15,15,13,19,11,17,6,19
pk02_ceiling02_I.png,textures_pk02,4.70162,6.87926,6.77265,6.85051,6.963,5.63046,6.02824,7,13,8,6,9,5,5,3,5,6,17,10,2,5
pk02_dec_numA.png,textures_pk02,1.03429,1.03432,0.966784,0.994303,1.00874,1.03467,0.903376,31,72,22,27,68,28,30,32,27,45,31,41,13,41
pk02_generic01b_C.png,textures_pk02,1.70172,1.70167,1.20783,1.0971,1.20687,1.7149,1.32647,52,96,22,39,170,58,117,94,102,113,41,53,21,62
pk02_floor_cyl01_C.png,textures_pk02,0.959594,0.959594,0.972868,0.988451,0.992964,0.959638,0.866553,260,598,125,240,447,243,175,218,166,328,196,352,92,346
pk02_plates01a_N.png,textures_pk02,0.949446,0.949445,0.982812,0.993687,0.995547,0.949483,0.864073,68,156,34,60,107,60,42,52,41,81,51,94,26,87
pk02_wall06a_S.png,textures_pk02,1.01937,1.01991,0.990158,1.01254,1.02168,1.02025,0.903717,61,137,40,55,120,58,50,55,46,79,58,78,22,82
pk02_computer01c_N.png,textures_pk02,1.1218,1.12316,1.00545,1.02853,1.05483,1.12333,0.956231,29,65,14,28,71,28,34,37,31,44,22,37,12,39
pk02_wall07b_N.png,textures_pk02,1.11565,1.11568,0.974704,0.996976,1.02581,1.11646,0.942682,60,129,37,51,149,59,74,69,65,90,55,73,24,79
pk02_wall_big01a_C.png,textures_pk02,1.02895,1.02896,0.958463,0.97894,0.997213,1.02922,0.894494,252,583,173,233,579,248,238,257,218,366,244,342,118,350
pk02_floor10_C.png,textures_pk02,1.35802,1.35822,1.29876,1.3221,1.34704,1.37774,1.16325,13,26,9,10,28,12,11,13,10,17,13,14,5,16
pk02_light01a_C.png,textures_pk02,1.03632,1.03634,1.0259,1.04799,1.05001,1.03671,0.922194,2,4,0,1,2,0,0,1,0,1,1,2,0,2
pk02_wall08a_C.png,textures_pk02,1.02563,1.02618,1.01856,1.03206,1.04226,1.0263,0.914172,128,279,63,109,232,112,95,108,90,157,98,164,47,163
pk02_computer01a_N.png,textures_pk02,1.33532,1.36275,1.24022,1.26918,1.29755,1.35051,1.16567,25,50,12,20,66,22,26,25,24,33,21,28,10,31
pk02_dec_numC.png,textures_pk02,1.03795,1.03798,0.965067,0.993932,1.00921,1.03833,0.904651,31,70,14,26,66,29,29,32,27,42,23,41,12,40
pk02_wall08_S.png,textures_pk02,1.14399,1.14973,1.04098,1.06533,1.09239,1.14791,0.980576,112,248,74,102,261,113,118,121,107,168,110,146,46,153
pk02_wall_big02b_N.png,textures_pk02,0.97718,0.977179,0.964121,0.984824,0.992955,0.977247,0.870963,256,575,175,231,476,241,189,223,177,327,249,333,93,338
pk02_wall04a_C.png,textures_pk02,0.935887,0.935886,0.983945,0.993931,0.992838,0.935888,0.859023,67,155,32,60,102,60,38,48,37,78,50,91,23,89
pk02_floor09a_C.png,textures_pk02,0.956604,0.956604,0.974399,0.990039,0.994107,0.956645,0.866148,262,601,127,243,447,241,171,215,163,333,198,357,94,348
pk02_floor05_N.png,textures_pk02,1.00414,1.00416,0.982108,0.999342,1.00973,1.00421,0.886507,63,139,29,56,121,57,50,59,47,81,47,81,24,83
pk02_rock01_C.png,textures_pk02,0.939307,0.939308,0.982328,0.992978,0.993853,0.939319,0.859954,278,642,219,251,428,240,168,204,160,327,292,393,106,353
pk02_dec_numB.png,textures_pk02,1.05166,1.05172,0.972918,0.99737,1.01468,1.05222,0.914672,32,70,14,27,71,30,31,34,28,44,23,42,13,41
pk02_switches01c_S.png,textures_pk02,1.2998,1.30046,1.11658,1.10861,1.15067,1.30438,1.1013,6,13,3,4,17,5,9,9,8,10,6,8,2,9
pk02_panels01a_S.png,textures_pk02,1.01886,1.01885,0.979028,1.00405,1.01457,1.01936,0.897463,63,143,40,55,123,59,52,63,47,82,58,82,22,89
pk02_door02_N.png,textures_pk02,1.12637,1.12637,0.982302,1.00657,1.03693,1.12731,0.950695,29,65,17,25,89,31,38,34,33,46,31,36,12,40
pk02_wall02a_S.png,textures_pk02,1.00232,1.00232,0.958154,0.989204,0.99872,1.00243,0.882111,62,136,28,55,126,58,53,60,48,81,46,78,22,86
pk02_wall03b_N.png,textures_pk02,1.11722,1.11728,0.971447,0.98503,1.0204,1.11808,0.938397,120,260,57,104,303,123,148,144,133,188,91,148,50,163
pk02_dec_num03.png,textures_pk02,1.05812,1.05817,0.969542,0.99664,1.01524,1.05868,0.916371,32,71,15,27,71,29,33,33,29,45,23,41,13,42
pk02_switches01b_C.png,textures_pk02,1.08245,1.08298,1.03061,1.05361,1.06562,1.08319,0.944395,8,16,5,6,15,5,7,6,6,8,8,9,3,9
pk02_trim03_N.png,textures_pk02,1.06312,1.06312,0.971216,0.987903,1.01336,1.06352,0.914236,61,135,28,54,140,61,66,67,60,88,46,78,24,84
pk02_trim04a_N.png,textures_pk02,1.30345,1.30369,1.07362,1.09264,1.14016,1.30601,1.08367,1,2,0,0,5,0,2,1,1,0,1,1,0,1
pk02_trim_set02a_C.png,textures_pk02,1.05869,1.0587,0.958537,0.989155,1.00867,1.05901,0.91043,60,143,27,61,140,72,64,75,58,99,45,78,23,89
pk02_floor11_S.png,textures_pk02,0.979006,0.979006,0.963472,0.993947,0.995897,0.979067,0.875979,16,35,13,14,31,14,11,13,11,20,14,19,7,22
pk02_floor02_N.png,textures_pk02,0.937417,0.937416,0.98729,0.99415,0.994814,0.937434,0.859604,283,631,221,246,420,240,165,201,161,320,291,393,106,352
pk02_wall06b_C.png,textures_pk02,0.936258,0.936263,0.987253,0.995199,0.994078,0.936275,0.859995,68,160,52,61,105,59,39,49,38,80,70,94,25,89
pk02_dec_num02.png,textures_pk02,1.05119,1.05123,0.97057,0.996433,1.01388,1.05171,0.913147,31,70,14,28,71,29,31,33,28,43,23,42,13,42
pk02_wall_big01b_S.png,textures_pk02,1.01758,1.01758,0.946228,0.978641,0.994722,1.01772,0.882985,249,566,115,231,540,249,228,258,209,361,184,324,94,346
pk02_wall05c_N.png,textures_pk02,1.01392,1.01392,0.976139,0.9968,1.0083,1.01404,0.890271,65,143,44,56,127,61,54,61,51,86,62,84,24,87
pk02_floor_cyl02_S.png,textures_pk02,1.0486,1.04994,0.974929,1.00062,1.01892,1.04973,0.911533,253,550,165,225,536,241,238,245,217,349,236,320,93,330
pk02_generic01_N.png,textures_pk02,1.1647,1.16472,0.980366,0.999417,1.03605,1.16596,0.970363,58,125,36,48,159,61,79,73,71,96,53,71,24,79
pk02_ceiling03_N.png,textures_pk02,1.07641,1.07644,0.967182,0.993014,1.01496,1.07697,0.922149,61,146,28,56,143,61,73,68,64,97,46,79,25,99
pk02_light03_I.png,textures_pk02,3.31425,4.01176,4.0315,4.06259,4.12321,3.68508,3.5588,5,9,4,4,8,3,3,3,3,4,8,6,1,5
pk02_pipes01_I.png,textures_pk02,5.34376,8.29655,7.52321,7.09299,7.45333,6.57631,7.03301,13,22,18,12,23,13,13,12,12,17,35,20,3,10
pk02_wall04b_S.png,textures_pk02,0.99086,0.99087,0.965184,0.992351,0.999483,0.990959,0.879278,64,143,41,57,125,61,50,59,46,84,59,82,23,88
pk02_wall05a_N.png,textures_pk02,1.07434,1.07439,0.974393,0.995998,1.01757,1.07491,0.923883,63,136,40,52,144,61,66,67,59,91,58,77,24,83
pk02_floor13_S.png,textures_pk02,1.37339,1.40393,1.27585,1.29695,1.32153,1.3919,1.2212,12,24,6,10,27,11,14,15,12,17,10,13,4,15
pk02_dec_num00.png,textures_pk02,1.09975,1.09984,0.986052,1.00539,1.03051,1.10083,0.943902,31,68,21,28,76,29,37,35,33,50,31,41,13,51
pk02_computer01b_I.png,textures_pk02,5.65867,9.23511,8.18139,8.26058,8.5391,7.0695,7.70592,5,9,8,5,11,5,4,3,4,6,16,9,1,4
pk02_floor13a_C.png,textures_pk02,0.966389,0.966395,0.978925,0.996908,0.996872,0.966515,0.87401,16,37,12,14,27,13,11,14,10,19,16,20,6,22
pk02_panels01b_C.png,textures_pk02,0.933837,0.933836,0.986313,0.994353,0.993033,0.933842,0.858359,68,157,53,60,102,58,39,50,38,79,70,94,25,89
pk02_trim01_N.png,textures_pk02,1.17943,1.1796,1.01011,1.023,1.0623,1.18122,0.98864,14,31,7,11,39,14,19,18,17,22,11,18,6,19
pk02_dec_num01.png,textures_pk02,1.05429,1.05433,0.967008,0.995354,1.01336,1.05479,0.913318,31,68,22,27,68,29,32,34,30,44,30,40,12,42
pk02_floor08a_N.png,textures_pk02,1.13885,1.1389,0.980505,0.998802,1.03149,1.13995,0.956646,60,128,27,50,152,60,77,70,68,92,45,71,24,80
pk02_wall02c_S.png,textures_pk02,1.01181,1.01181,0.954914,0.988623,0.999773,1.01194,0.885412,62,138,28,56,132,59,56,60,52,84,46,78,23,84
pk02_floor_cyl02_C.png,textures_pk02,0.963131,0.963134,0.972742,0.988417,0.993567,0.963191,0.868837,273,613,139,249,492,252,187,224,177,347,206,371,114,352
pk02_generic01a_C.png,textures_pk02,1.11704,1.11708,0.974581,0.995626,1.02446,1.11782,0.946615,65,144,29,57,162,67,83,81,75,104,49,84,26,92
pk02_light01_N.png,textures_pk02,1.35925,1.36291,1.2911,1.31064,1.33982,1.3675,1.21722,1,3,0,0,3,0,1,1,1,0,1,1,0,1
pk02_wall_big01b_C.png,textures_pk02,1.00152,1.00152,0.956397,0.980381,0.993322,1.00164,0.880993,274,584,125,242,539,257,216,251,200,366,202,344,96,347
pk02_wall07a_N.png,textures_pk02,1.11583,1.1159,0.976921,0.997931,1.02679,1.1167,0.943308,64,138,40,55,163,65,78,76,71,101,58,80,26,88
pk02_wall06b_S.png,textures_pk02,1.06312,1.06309,0.970294,1.00083,1.01922,1.06375,0.915457,65,146,41,60,146,63,64,72,58,92,60,83,24,89
pk02_dec_num05.png,textures_pk02,1.07297,1.07304,0.980525,1.00228,1.0229,1.07377,0.928564,32,71,15,26,72,28,33,34,30,44,24,41,14,42
pk02_plates01b_N.png,textures_pk02,0.94502,0.945019,0.984859,0.994139,0.995324,0.945042,0.862496,67,151,32,59,105,59,40,50,38,78,50,90,24,86
pk02_floor11_C.png,textures_pk02,0.925763,0.925761,0.986968,0.991801,0.990348,0.925746,0.854355,18,39,13,16,24,13,9,11,9,19,18,23,7,22
pk02_door03_N.png,textures_pk02,1.12552,1.12557,0.98102,1.00487,1.03529,1.12646,0.951616,29,66,17,25,78,29,35,34,31,46,26,39,12,39
pk02_switches01b_S.png,textures_pk02,1.15032,1.15107,1.02143,1.05687,1.07849,1.15161,0.976638,7,15,3,5,17,5,8,8,8,11,5,8,3,8
pk02_dec_num04.png,textures_pk02,1.08329,1.08337,0.979527,1.00208,1.02457,1.08416,0.933109,30,68,21,26,71,30,33,33,30,45,30,40,12,43
pk02_trim_set01_S.png,textures_pk02,1.07199,1.07199,0.948792,0.986494,1.00866,1.0723,0.910832,59,132,38,53,149,58,68,68,61,89,55,74,24,84
pk02_wall02a_C.png,textures_pk02,0.942499,0.9425,0.983367,0.993704,0.993358,0.942505,0.86133,68,150,32,60,104,59,41,50,39,76,50,89,24,85
pk02_floor06a_N.png,textures_pk02,1.06392,1.06397,0.987319,1.01701,1.03083,1.06425,0.922854,15,32,6,12,32,14,14,14,13,20,11,18,5,21
pk02_floor04_N.png,textures_pk02,1.06542,1.06546,0.976254,0.996669,1.01707,1.0659,0.918033,60,130,27,50,139,58,64,65,58,85,45,72,23,80
pk02_wall02c_C.png,textures_pk02,0.947237,0.947236,0.979783,0.99291,0.99319,0.947248,0.862763,67,151,48,59,106,57,41,51,40,79,67,89,24,86
pk02_sand01_N.png,textures_pk02,0.930474,0.930474,0.988854,0.995148,0.994619,0.930474,0.857485,287,652,151,256,419,240,162,201,160,329,222,416,114,359
pk02_floor09b_C.png,textures_pk02,0.93004,0.93004,0.989468,0.995325,0.994739,0.93004,0.857449,278,666,221,283,410,275,155,219,154,379,294,429,104,367
pk02_door01_N.png,textures_pk02,1.12802,1.12803,0.982735,1.00359,1.03387,1.12894,0.945273,66,142,30,54,164,67,81,77,72,107,49,82,27,89
pk02_dec_num06.png,textures_pk02,1.08262,1.08268,0.981158,1.00265,1.02499,1.08349,0.93378,34,76,23,30,77,32,38,37,34,50,32,45,14,45
pk02_panels01b_S.png,textures_pk02,1.01482,1.01484,0.978291,1.00375,1.01346,1.01542,0.895709,68,150,31,59,136,62,55,64,51,88,50,85,24,91
pk02_wall01_N.png,textures_pk02,1.04092,1.04092,0.957075,0.988023,1.00472,1.04115,0.899969,63,136,29,54,144,62,64,64,58,89,47,78,24,84
pk02_computer01b_N.png,textures_pk02,1.19431,1.20501,1.10212,1.12526,1.14967,1.20078,1.03627,27,61,12,24,61,27,29,30,26,41,22,35,10,37
pk02_dec_num07.png,textures_pk02,1.0421,1.04213,0.969071,0.995462,1.01121,1.04255,0.908152,37,91,18,35,87,38,46,38,36,73,32,53,15,52
pk02_wall08b_C.png,textures_pk02,0.992605,0.992883,1.01636,1.02522,1.03133,0.992966,0.896693,138,330,108,128,223,123,91,114,86,173,146,201,52,186
pk02_light01b_C.png,textures_pk02,1.12052,1.12174,1.05989,1.08552,1.09352,1.12204,0.980608,2,4,1,0,3,0,1,1,1,1,2,1,0,1
pk02_wall04b_C.png,textures_pk02,0.931653,0.931652,0.987086,0.994414,0.992857,0.93165,0.857663,74,161,58,63,109,61,40,50,39,82,76,99,27,90
pk02_wall_big02a_N.png,textures_pk02,0.980246,0.980247,0.962398,0.984139,0.992912,0.980316,0.872066,254,572,169,230,483,241,192,224,179,328,254,326,91,335
pk02_pipes01_N.png,textures_pk02,0.949584,0.949582,0.981643,0.992569,0.99365,0.949623,0.862938,71,162,38,64,120,63,47,54,45,85,55,104,29,91
pk02_light03_N.png,textures_pk02,1.05768,1.05773,0.998156,1.01395,1.03205,1.05811,0.919388,16,38,10,14,33,15,15,15,14,22,15,21,6,22
microsoft.com.png,screenshot_web,4.4271,6.1598,5.49692,5.25425,5.54371,5.20007,5.20139,272,502,358,273,564,270,308,250,278,396,694,447,98,265
stripe.com.png,screenshot_web,8.37501,20.2625,14.3718,11.3314,13.3643,12.1751,14.8476,266,486,638,347,674,356,482,337,423,544,1213,643,89,219
news.ycombinator.com.png,screenshot_web,8.20622,21.1549,14.9288,13.8373,15.5355,12.0433,15.94,57,83,188,63,130,60,78,53,67,86,365,115,15,39
amazon.com.png,screenshot_web,3.11978,3.7379,3.46733,3.35767,3.5156,3.42679,3.19833,699,1605,980,727,1356,733,711,717,654,1113,1463,1233,281,853
creativecommons.org.png,screenshot_web,2.67949,3.05824,2.78246,2.59423,2.75827,2.87702,2.60974,787,1555,634,739,1533,734,869,818,781,1193,1103,1208,303,862
phoboslab.org.png,screenshot_web,7.4584,14.1045,8.4895,5.47893,7.07131,10.1435,9.40421,1101,2161,2101,1412,3453,1624,2895,2484,2465,3120,4143,2336,664,1113
apple.com.png,screenshot_web,5.11384,7.70227,6.66836,5.97545,6.50414,6.21107,6.4367,471,700,487,373,763,370,448,344,400,559,901,681,124,324
reddit.com.png,screenshot_web,5.1685,7.85807,6.65871,5.9769,6.51567,6.28679,6.42883,573,1025,980,589,1197,584,680,559,608,905,1780,991,193,512
nytimes.com.png,screenshot_web,4.67885,6.75363,5.85297,5.55679,5.9447,5.57238,5.58511,463,883,661,483,977,482,542,413,483,709,1273,823,205,428
imdb.com.png,screenshot_web,5.34989,8.43268,7.86431,7.43373,7.83968,6.60314,7.26755,374,849,672,531,683,485,412,425,379,644,1286,940,132,471
duckduckgo.com.png,screenshot_web,9.52497,36.0917,25.4588,21.836,25.1008,15.2851,26.6019,73,128,296,119,155,100,107,68,95,139,541,217,18,49
sublime.png,screenshot_web,8.07893,20.068,13.5517,11.7907,13.7719,11.7475,14.505,262,455,726,329,675,311,413,300,364,486,1566,629,87,211
en.wikipedia.org.png,screenshot_web,5.29312,7.8852,6.06143,5.62848,6.22928,6.46439,6.15037,216,424,299,224,542,241,337,262,296,384,706,405,85,221
cnn.com.png,screenshot_web,4.9678,7.39634,6.37319,5.9864,6.44203,6.00265,6.10191,367,732,641,395,868,384,440,346,396,568,1151,708,150,351
RGB_OR_1200x1200_001.png,photo_tecnick,1.3702,1.37278,1.20138,1.08856,1.1653,1.38007,1.17228,319,698,169,278,769,322,518,429,460,552,271,438,146,405
RGB_OR_1200x1200_015.png,photo_tecnick,1.11766,1.118,0.962388,0.975502,1.01471,1.11882,0.931384,346,727,253,310,1037,352,510,398,476,546,388,431,156,454
RGB_OR_1200x1200_029.png,photo_tecnick,1.01747,1.01786,0.974627,0.98678,1.0046,1.01803,0.893536,407,868,328,356,777,378,361,372,335,564,436,532,171,496
RGB_OR_1200x1200_028.png,photo_tecnick,1.17842,1.17871,1.02823,0.999049,1.04884,1.18101,0.990723,393,841,200,377,891,422,481,448,431,675,313,542,168,479
RGB_OR_1200x1200_014.png,photo_tecnick,1.27036,1.271,1.06713,1.01165,1.07838,1.27482,1.04853,384,907,327,312,1016,375,509,479,464,633,450,498,184,485
RGB_OR_1200x1200_016.png,photo_tecnick,0.972031,0.972135,0.986342,0.990371,0.99979,0.972286,0.876804,435,983,237,403,738,394,319,370,301,571,350,615,183,580
RGB_OR_1200x1200_002.png,photo_tecnick,1.22315,1.22382,1.00528,0.986319,1.04421,1.22576,0.996761,414,815,204,326,1055,404,592,494,515,663,351,504,182,487
RGB_OR_1200x1200_003.png,photo_tecnick,1.04557,1.04591,0.983741,0.986935,1.01112,1.0464,0.910424,448,985,342,363,882,432,424,460,375,653,461,564,185,554
RGB_OR_1200x1200_017.png,photo_tecnick,1.01813,1.01818,0.985221,0.984942,1.00539,1.01858,0.898559,462,922,259,392,806,397,386,401,354,596,368,595,185,561
RGB_OR_1200x1200_013.png,photo_tecnick,1.0539,1.05436,0.96774,0.97926,1.00617,1.0546,0.907161,431,892,327,377,904,403,436,436,396,608,445,546,172,562
RGB_OR_1200x1200_007.png,photo_tecnick,1.07406,1.07442,0.980827,0.981233,1.01267,1.07492,0.92242,436,938,326,359,911,393,448,428,412,608,456,557,187,547
RGB_OR_1200x1200_006.png,photo_tecnick,0.987936,0.988335,0.967296,0.986896,0.99828,0.988294,0.877527,442,967,362,401,831,400,343,381,328,573,488,597,184,554
RGB_OR_1200x1200_012.png,photo_tecnick,1.03559,1.03577,0.969626,0.981095,1.00348,1.03617,0.899297,470,953,339,391,934,410,433,441,397,637,474,586,187,562
RGB_OR_1200x1200_038.png,photo_tecnick,1.02467,1.02496,0.962512,0.979103,0.999204,1.02511,0.89164,427,971,224,391,851,423,395,417,371,635,334,589,187,571
RGB_OR_1200x1200_004.png,photo_tecnick,1.01573,1.0159,0.954783,0.976617,0.995187,1.01602,0.884732,495,889,256,356,929,384,395,384,357,574,426,540,193,531
RGB_OR_1200x1200_010.png,photo_tecnick,0.965713,0.965942,0.976978,0.989877,0.996609,0.965941,0.869805,462,980,374,392,753,393,317,360,296,552,502,598,184,562
RGB_OR_1200x1200_011.png,photo_tecnick,1.11839,1.11848,1.01632,0.995175,1.03472,1.12023,0.95852,443,895,220,416,941,412,503,465,451,638,339,583,185,661
RGB_OR_1200x1200_005.png,photo_tecnick,0.993067,0.993073,0.967309,0.98114,0.994947,0.993283,0.878638,474,969,225,388,845,401,382,392,343,585,345,579,197,576
RGB_OR_1200x1200_039.png,photo_tecnick,1.00878,1.00894,0.981194,0.988264,1.00482,1.00928,0.89227,464,952,466,379,904,386,397,384,371,563,601,573,219,554
RGB_OR_1200x1200_062.png,photo_tecnick,0.930538,0.930555,0.992007,0.995935,0.995834,0.930565,0.858477,524,1067,271,375,735,332,304,290,298,471,388,730,207,515
RGB_OR_1200x1200_076.png,photo_tecnick,0.96741,0.96747,0.966592,0.984125,0.991938,0.967507,0.867856,416,880,298,366,715,365,296,335,279,505,402,519,155,520
RGB_OR_1200x1200_089.png,photo_tecnick,0.960334,0.961083,0.989667,1.00071,1.00467,0.960812,0.87358,419,964,354,391,669,392,286,368,276,576,470,586,176,560
RGB_OR_1200x1200_088.png,photo_tecnick,1.07991,1.08095,1.0218,1.01934,1.04539,1.08171,0.943041,405,874,217,377,777,394,361,414,334,595,324,566,166,532
RGB_OR_1200x1200_077.png,photo_tecnick,0.933104,0.933349,0.99794,1.00019,0.99997,0.933274,0.86187,461,1035,381,375,639,360,259,306,257,502,493,696,178,542
RGB_OR_1200x1200_063.png,photo_tecnick,1.02392,1.024,0.972659,0.983488,1.00311,1.02447,0.896694,385,1238,200,456,744,382,340,413,315,587,317,776,162,622
RGB_OR_1200x1200_075.png,photo_tecnick,0.993511,0.996572,1.01571,1.02817,1.03389,0.99523,0.902119,402,976,368,398,669,383,334,365,324,560,431,591,190,562
RGB_OR_1200x1200_061.png,photo_tecnick,0.94223,0.942223,0.987814,0.99357,0.995618,0.942309,0.862743,436,1140,244,399,622,365,259,335,252,527,368,770,179,561
RGB_OR_1200x1200_049.png,photo_tecnick,1.03619,1.03655,0.973515,0.983607,1.00653,1.03682,0.901299,411,829,304,356,806,372,364,385,333,560,427,519,164,514
RGB_OR_1200x1200_048.png,photo_tecnick,0.968824,0.969033,1.00229,1.00787,1.0128,0.969369,0.880201,444,1011,238,372,701,357,289,391,278,530,344,605,181,527
RGB_OR_1200x1200_060.png,photo_tecnick,1.05807,1.06113,1.0116,1.01974,1.04038,1.06012,0.930308,406,843,209,352,759,354,349,355,324,529,315,522,164,494
RGB_OR_1200x1200_074.png,photo_tecnick,0.953526,0.953526,0.97603,0.9875,0.992362,0.953575,0.863414,455,1063,213,374,689,360,284,321,275,504,322,565,168,526
RGB_OR_1200x1200_100.png,photo_tecnick,1.64221,1.73803,1.6634,1.66561,1.70129,1.68998,1.52808,237,551,154,225,456,231,212,223,196,338,257,382,91,306
RGB_OR_1200x1200_058.png,photo_tecnick,0.970194,0.972205,1.01691,1.02166,1.02441,0.971371,0.889298,456,856,373,358,662,339,274,295,266,478,515,545,179,488
RGB_OR_1200x1200_070.png,photo_tecnick,0.954972,0.955211,0.980413,0.992766,0.997036,0.95517,0.866783,468,870,256,365,737,345,301,306,291,495,377,550,190,490
RGB_OR_1200x1200_064.png,photo_tecnick,0.974399,0.974416,0.981316,0.990095,0.998982,0.974597,0.875683,451,868,225,352,759,340,326,318,312,490,337,533,189,496
RGB_OR_1200x1200_065.png,photo_tecnick,0.938219,0.938291,0.985832,0.993957,0.995178,0.938275,0.860395,424,992,214,367,655,359,258,309,252,495,319,667,166,530
RGB_OR_1200x1200_071.png,photo_tecnick,1.15637,1.1578,0.985582,0.984357,1.03011,1.15837,0.957985,379,777,181,332,923,370,465,434,414,587,291,480,161,496
RGB_OR_1200x1200_059.png,photo_tecnick,1.00703,1.00711,0.997684,0.995097,1.01235,1.00776,0.896961,397,855,349,364,735,360,349,350,358,530,444,537,184,512
RGB_OR_1200x1200_067.png,photo_tecnick,0.954476,0.954521,0.978517,0.990106,0.994794,0.954584,0.865653,452,831,370,348,718,333,301,302,287,471,486,522,179,489
RGB_OR_1200x1200_073.png,photo_tecnick,1.09583,1.10607,1.08097,1.09628,1.11063,1.10131,0.98232,367,840,303,354,702,358,313,341,294,531,408,536,155,468
RGB_OR_1200x1200_098.png,photo_tecnick,0.937575,0.937584,0.988358,0.994253,0.995466,0.937606,0.860692,434,1052,262,398,695,373,245,324,239,523,356,731,170,555
RGB_OR_1200x1200_099.png,photo_tecnick,0.943997,0.944041,0.983785,0.992235,0.994695,0.94406,0.862471,490,1024,239,371,694,361,283,322,275,510,354,695,185,531
RGB_OR_1200x1200_072.png,photo_tecnick,1.06363,1.06374,0.992896,0.988532,1.01631,1.06464,0.923046,411,844,206,341,815,362,397,404,361,562,315,520,167,511
RGB_OR_1200x1200_066.png,photo_tecnick,0.939541,0.939546,0.983221,0.991944,0.993719,0.939562,0.859681,421,1027,400,368,692,355,456,308,393,495,493,692,247,520
RGB_OR_1200x1200_043.png,photo_tecnick,0.928937,0.92907,0.995514,0.998461,0.99787,0.929018,0.858986,474,1002,244,363,665,333,256,286,254,460,370,679,185,500
RGB_OR_1200x1200_057.png,photo_tecnick,1.06517,1.06542,0.98078,0.987838,1.01574,1.06604,0.918202,431,826,321,346,935,369,428,393,395,569,440,518,185,501
RGB_OR_1200x1200_080.png,photo_tecnick,1.01611,1.01789,1.0046,1.01106,1.02535,1.01742,0.906684,418,901,337,344,732,387,323,352,303,561,440,533,171,495
RGB_OR_1200x1200_094.png,photo_tecnick,1.073,1.07306,0.986181,0.984111,1.01525,1.07373,0.9242,391,840,186,375,800,421,371,457,339,660,353,517,153,551
RGB_OR_1200x1200_095.png,photo_tecnick,0.933823,0.933988,0.995561,0.998714,0.998866,0.933951,0.861571,462,1015,371,363,630,333,237,289,234,469,498,691,172,505
RGB_OR_1200x1200_081.png,photo_tecnick,0.996508,0.996698,0.97259,0.9864,1.00007,0.99677,0.881165,394,835,379,348,864,355,343,343,320,524,564,520,182,494
RGB_OR_1200x1200_056.png,photo_tecnick,0.977642,0.978001,0.983373,0.994894,1.0032,0.978124,0.879401,428,832,213,332,762,331,303,304,287,468,334,491,169,472
RGB_OR_1200x1200_042.png,photo_tecnick,0.998171,1.00133,1.03353,1.03918,1.04433,1.00013,0.911733,387,882,326,355,611,336,281,302,272,478,428,543,167,508
RGB_OR_1200x1200_054.png,photo_tecnick,1.09905,1.11028,1.1208,1.12425,1.13505,1.10537,1.00069,365,820,208,332,640,323,291,548,277,501,307,516,160,460
RGB_OR_1200x1200_040.png,photo_tecnick,1.02374,1.02708,1.05515,1.05132,1.06089,1.02628,0.934222,394,883,208,358,624,346,265,317,252,494,315,547,153,500
RGB_OR_1200x1200_068.png,photo_tecnick,1.67913,1.79456,1.82405,1.84171,1.85348,1.73549,1.6219,240,529,217,214,373,209,151,178,144,291,327,375,86,285
RGB_OR_1200x1200_097.png,photo_tecnick,1.00454,1.00456,0.966502,0.980814,0.996915,1.00474,0.884448,425,962,211,373,795,370,350,371,320,548,325,546,172,532
RGB_OR_1200x1200_083.png,photo_tecnick,1.07339,1.07389,1.03473,1.01591,1.04354,1.07528,0.946516,394,805,297,330,741,366,340,397,313,549,415,490,148,505
RGB_OR_1200x1200_082.png,photo_tecnick,0.926125,0.926129,0.994505,0.996819,0.996202,0.926132,0.856937,432,1031,226,377,569,366,224,308,222,508,339,688,164,553
RGB_OR_1200x1200_096.png,photo_tecnick,0.96503,0.965546,0.997015,1.00061,1.00628,0.96549,0.87889,453,900,380,357,735,353,365,315,343,492,481,539,218,522
RGB_OR_1200x1200_069.png,photo_tecnick,1.02799,1.02825,0.972638,0.983863,1.00451,1.02853,0.897523,381,885,298,357,759,371,361,378,337,552,404,537,161,517
RGB_OR_1200x1200_041.png,photo_tecnick,1.01783,1.02298,1.05895,1.0633,1.06844,1.02076,0.932603,405,823,208,343,618,341,245,300,235,481,312,515,151,469
RGB_OR_1200x1200_055.png,photo_tecnick,0.983038,0.983086,0.977968,0.987976,0.998712,0.983323,0.879561,443,907,345,364,757,392,303,493,286,649,457,533,178,543
RGB_OR_1200x1200_079.png,photo_tecnick,1.26444,1.26539,1.05121,1.00943,1.07344,1.26862,1.04046,369,759,261,344,921,374,503,477,453,624,376,478,154,520
RGB_OR_1200x1200_051.png,photo_tecnick,0.946294,0.946295,0.978079,0.990016,0.993181,0.946323,0.861434,406,1048,348,380,631,366,262,340,255,526,450,696,168,549
RGB_OR_1200x1200_045.png,photo_tecnick,0.970988,0.971205,0.979466,0.990702,0.998612,0.971281,0.873857,443,854,226,363,729,357,307,341,293,516,337,532,176,524
RGB_OR_1200x1200_092.png,photo_tecnick,0.946638,0.946919,0.982752,0.994382,0.996894,0.946805,0.863792,413,967,298,366,654,358,243,301,235,462,413,612,145,518
RGB_OR_1200x1200_086.png,photo_tecnick,0.927132,0.927138,0.993601,0.996621,0.996014,0.927143,0.857211,426,1078,235,375,630,352,251,294,249,482,335,747,178,535
RGB_OR_1200x1200_087.png,photo_tecnick,1.00321,1.00438,1.04396,1.03882,1.04706,1.00488,0.916258,441,883,263,357,832,342,312,320,300,501,392,559,240,501
RGB_OR_1200x1200_093.png,photo_tecnick,1.42702,1.43355,1.31302,1.1986,1.2726,1.44266,1.25202,331,696,177,280,697,309,418,383,373,520,286,463,129,390
RGB_OR_1200x1200_044.png,photo_tecnick,0.964427,0.964681,1.00023,0.999715,1.00624,0.96482,0.879342,413,962,220,388,622,363,266,337,255,526,329,600,165,576
RGB_OR_1200x1200_050.png,photo_tecnick,0.942353,0.942405,0.984862,0.993376,0.995408,0.942435,0.86209,427,1005,205,370,624,350,233,308,226,483,316,669,150,530
RGB_OR_1200x1200_078.png,photo_tecnick,1.02845,1.02861,0.972228,0.984197,1.00457,1.02894,0.897837,376,857,294,349,741,363,343,373,331,546,395,526,159,508
RGB_OR_1200x1200_046.png,photo_tecnick,0.966852,0.967216,1.00751,1.00607,1.0122,0.967366,0.883698,412,909,217,374,645,355,268,314,259,505,325,572,168,525
RGB_OR_1200x1200_052.png,photo_tecnick,0.964747,0.964752,0.977238,0.988548,0.995548,0.964851,0.869799,435,939,227,362,712,351,308,343,295,616,340,559,180,506
RGB_OR_1200x1200_085.png,photo_tecnick,0.944332,0.944569,0.993144,0.9981,1,0.944543,0.866038,466,1090,251,410,713,364,336,327,332,523,358,754,231,553
RGB_OR_1200x1200_091.png,photo_tecnick,1.51376,1.58757,1.61468,1.60839,1.62622,1.55129,1.43715,256,655,249,267,409,256,186,222,178,364,355,474,104,332
RGB_OR_1200x1200_090.png,photo_tecnick,0.936633,0.936632,0.987087,0.99343,0.994596,0.936653,0.859635,459,1089,368,391,654,366,255,325,249,509,493,726,174,547
RGB_OR_1200x1200_084.png,photo_tecnick,0.967878,0.967878,0.965353,0.984329,0.992231,0.967921,0.866751,407,851,297,359,706,360,372,333,359,509,415,514,149,525
RGB_OR_1200x1200_053.png,photo_tecnick,1.13097,1.13122,0.971575,0.976048,1.0184,1.13219,0.941918,385,799,268,331,947,373,476,433,426,586,376,480,169,494
RGB_OR_1200x1200_047.png,photo_tecnick,0.93825,0.938256,0.988713,0.994167,0.995509,0.938303,0.861011,452,1038,366,372,661,411,269,412,264,551,466,689,187,645
RGB_OR_1200x1200_020.png,photo_tecnick,0.956286,0.957314,1.00253,1.00801,1.01055,0.95691,0.876542,461,918,244,372,669,358,280,339,275,514,359,575,185,520
RGB_OR_1200x1200_034.png,photo_tecnick,1.48696,1.48695,1.20575,1.05699,1.15874,1.49683,1.22356,341,673,160,278,851,362,708,486,623,632,277,426,132,384
RGB_OR_1200x1200_008.png,photo_tecnick,0.941613,0.941751,0.986467,0.994441,0.996137,0.941719,0.861939,457,1015,237,369,680,359,276,309,268,499,357,683,181,515
RGB_OR_1200x1200_009.png,photo_tecnick,1.2288,1.2303,1.06558,1.03642,1.08917,1.23343,1.03189,387,757,193,311,898,357,481,424,430,583,306,471,161,458
RGB_OR_1200x1200_035.png,photo_tecnick,1.01135,1.01146,0.968181,0.981155,0.998801,1.01168,0.88847,422,825,309,352,803,371,363,369,333,538,422,519,165,518
RGB_OR_1200x1200_021.png,photo_tecnick,1.30986,1.31102,1.10096,1.04286,1.11169,1.31534,1.08201,361,686,176,276,896,332,531,421,472,559,294,427,153,408
RGB_OR_1200x1200_037.png,photo_tecnick,1.0065,1.00678,0.972415,0.9861,1.00161,1.00696,0.887503,583,876,204,357,780,368,352,367,329,546,305,532,170,525
RGB_OR_1200x1200_023.png,photo_tecnick,1.01924,1.01935,0.972175,0.982458,1.00159,1.01967,0.892881,446,828,215,351,830,379,371,382,344,559,333,510,186,519
RGB_OR_1200x1200_022.png,photo_tecnick,0.964401,0.964648,0.972904,0.989272,0.995761,0.964579,0.868386,457,892,360,367,746,358,308,333,293,515,476,544,180,529
RGB_OR_1200x1200_036.png,photo_tecnick,1.43505,1.43589,1.1189,1.03426,1.1242,1.44263,1.14729,345,700,225,281,972,362,605,502,531,647,338,452,149,425
RGB_OR_1200x1200_032.png,photo_tecnick,0.945059,0.945096,0.988298,0.993338,0.996254,0.945143,0.864499,427,1058,235,380,649,359,274,328,266,520,342,724,181,541
RGB_OR_1200x1200_026.png,photo_tecnick,1.02259,1.02265,0.98775,0.987164,1.00757,1.02313,0.902146,425,873,214,395,832,403,456,359,425,622,313,565,215,479
RGB_OR_1200x1200_027.png,photo_tecnick,1.01672,1.01742,0.980901,0.992813,1.00942,1.01746,0.896916,430,862,323,355,786,377,347,373,323,575,439,519,169,524
RGB_OR_1200x1200_033.png,photo_tecnick,0.988899,0.989114,0.983047,0.988947,1.0015,0.989268,0.883689,446,882,225,366,749,376,327,344,299,555,343,550,178,506
RGB_OR_1200x1200_019.png,photo_tecnick,0.979655,0.979974,0.975325,0.989399,0.999109,0.979951,0.876064,457,902,366,366,767,359,327,339,310,528,487,557,184,526
RGB_OR_1200x1200_025.png,photo_tecnick,1.01732,1.01745,0.960803,0.978074,0.99699,1.01764,0.887254,394,865,202,356,791,365,361,373,334,554,307,529,166,525
RGB_OR_1200x1200_031.png,photo_tecnick,1.25874,1.27122,1.27997,1.20967,1.2478,1.27119,1.15428,359,822,201,307,599,320,321,379,294,537,315,522,143,450
RGB_OR_1200x1200_030.png,photo_tecnick,0.9334,0.9334,0.989327,0.994553,0.995026,0.933416,0.858904,460,1109,410,387,649,366,257,319,251,527,544,757,182,536
RGB_OR_1200x1200_024.png,photo_tecnick,1.03925,1.03948,0.990328,0.987786,1.01184,1.03993,0.910957,523,847,407,347,1240,375,379,371,352,553,586,523,202,493
RGB_OR_1200x1200_018.png,photo_tecnick,0.993871,0.994568,0.996001,1.00203,1.0131,0.994583,0.891747,456,866,367,350,763,352,326,358,308,540,500,524,177,507
002.png,photo_wikipedia,0.941798,0.941899,0.985261,0.993903,0.99571,0.941887,0.862168,307,700,168,269,472,252,196,224,188,352,246,435,126,387
016.png,photo_wikipedia,1.23376,1.23834,1.07407,1.04329,1.09847,1.23877,1.03867,240,492,124,201,575,228,332,279,297,381,196,301,105,302
017.png,photo_wikipedia,0.969464,0.969519,0.969694,0.984284,0.992536,0.969579,0.869691,351,739,176,280,597,279,266,267,264,401,265,455,141,413
003.png,photo_wikipedia,1.03736,1.03762,0.96328,0.977767,1.00162,1.03781,0.899978,274,686,238,259,591,274,291,298,280,422,312,434,123,391
029.png,photo_wikipedia,0.972785,0.974109,1.01848,1.01759,1.02229,0.973894,0.891705,342,683,178,278,515,271,210,233,204,374,268,436,129,391
015.png,photo_wikipedia,1.01236,1.01244,1.00278,0.999003,1.01548,1.01305,0.905399,284,920,238,286,512,263,222,276,210,399,301,539,115,421
001.png,photo_wikipedia,1.09891,1.09892,1.0124,0.987131,1.02421,1.10031,0.950591,324,671,231,273,653,297,309,336,282,471,324,445,121,405
014.png,photo_wikipedia,0.930842,0.930838,0.991917,0.995609,0.995453,0.930854,0.858535,344,658,175,254,490,229,186,194,183,314,265,426,132,363
028.png,photo_wikipedia,1.02543,1.02486,1.02016,0.996414,1.01839,1.0263,0.918759,271,697,144,267,469,274,229,282,213,411,210,459,113,410
010.png,photo_wikipedia,0.939987,0.940058,0.986151,0.993269,0.994923,0.940049,0.861372,298,637,155,245,436,232,175,207,170,323,227,416,116,350
004.png,photo_wikipedia,0.927811,0.927808,0.993207,0.995989,0.995365,0.927821,0.857529,317,758,173,311,452,285,181,223,180,392,246,502,130,399
038.png,photo_wikipedia,1.02042,1.02042,0.958659,0.976534,0.997005,1.02061,0.889673,300,593,146,230,560,247,303,256,255,371,266,370,115,343
039.png,photo_wikipedia,0.979858,0.979935,0.979521,0.985305,0.996195,0.980076,0.878597,345,713,173,281,585,279,298,267,274,406,262,445,134,405
005.png,photo_wikipedia,0.947711,0.948477,1.00517,1.00723,1.00852,0.948208,0.872976,290,690,255,269,433,241,175,214,172,343,328,449,123,380
011.png,photo_wikipedia,0.94862,0.948681,0.978986,0.990265,0.99364,0.948703,0.863152,330,987,267,335,512,295,207,270,200,420,352,580,129,456
007.png,photo_wikipedia,0.940741,0.94074,0.984119,0.992107,0.994011,0.940759,0.860923,296,695,232,273,441,263,166,226,161,363,313,450,108,393
013.png,photo_wikipedia,1.00576,1.00737,1.01909,1.0143,1.0271,1.00711,0.908546,381,709,203,292,613,284,298,271,272,419,299,463,157,399
012.png,photo_wikipedia,0.929486,0.929497,0.991632,0.995454,0.995026,0.929499,0.857707,307,697,167,269,439,241,181,212,178,341,237,462,129,376
006.png,photo_wikipedia,1.13215,1.13288,1.06461,1.00925,1.05244,1.13464,0.992106,346,775,180,350,677,354,392,422,357,547,278,561,144,567
049.png,photo_wikipedia,0.925165,0.92517,0.99463,0.996738,0.995943,0.925168,0.856413,337,793,176,316,460,290,175,245,173,401,271,505,129,446
048.png,photo_wikipedia,0.955159,0.956616,1.00794,1.01391,1.01505,0.955948,0.878493,284,655,152,253,420,248,163,259,158,360,225,417,114,414
040.png,photo_wikipedia,0.958119,0.95817,0.97696,0.988015,0.993626,0.958217,0.867104,340,723,175,288,545,286,219,254,208,406,264,458,133,398
041.png,photo_wikipedia,1.08986,1.09609,1.06335,1.06002,1.0814,1.0938,0.972707,287,653,222,232,530,233,245,241,226,356,301,387,111,331
043.png,photo_wikipedia,0.970045,0.970053,0.983487,0.988442,0.997189,0.970203,0.874811,374,833,188,340,629,346,263,316,250,480,288,515,148,494
042.png,photo_wikipedia,0.96609,0.96621,0.972317,0.986603,0.993819,0.966241,0.869069,371,808,187,322,565,314,237,289,227,455,279,521,142,456
046.png,photo_wikipedia,0.925676,0.925676,0.99352,0.996235,0.995369,0.925675,0.856397,305,682,254,252,417,229,162,195,163,318,329,438,119,352
047.png,photo_wikipedia,0.947335,0.947335,0.975601,0.988364,0.99169,0.947348,0.860826,327,724,161,285,510,277,204,243,199,382,239,449,126,414
045.png,photo_wikipedia,1.03352,1.03353,0.970189,0.976852,0.999423,1.03403,0.899135,309,729,227,272,611,283,284,302,262,430,317,427,123,402
044.png,photo_wikipedia,1.08635,1.0868,1.00289,1.00379,1.03337,1.08788,0.934135,345,861,281,337,714,321,364,355,333,511,376,612,153,452
023.png,photo_wikipedia,0.955491,0.955491,0.970332,0.985681,0.991015,0.955515,0.863216,339,701,281,273,551,263,228,245,219,379,368,445,137,388
037.png,photo_wikipedia,0.940388,0.940662,0.98929,0.996485,0.997534,0.940555,0.862884,338,777,288,284,728,277,196,233,192,376,404,450,127,403
036.png,photo_wikipedia,0.926876,0.926876,0.992453,0.995843,0.995026,0.926875,0.856654,274,665,147,249,397,237,156,198,150,318,215,419,111,356
022.png,photo_wikipedia,0.944049,0.944353,0.998036,0.999625,1.00183,0.944305,0.868133,282,598,230,234,404,216,157,188,154,303,304,392,107,322
008.png,photo_wikipedia,0.997773,0.997774,0.955871,0.977521,0.992828,0.997889,0.877603,281,644,206,244,556,262,240,296,223,370,286,377,111,392
034.png,photo_wikipedia,1.03078,1.03245,1.03042,1.02621,1.0409,1.03297,0.928586,272,600,211,233,470,232,215,230,202,344,287,395,106,335
020.png,photo_wikipedia,0.954962,0.954961,0.978241,0.988083,0.993169,0.955028,0.865671,346,819,176,291,540,278,227,265,218,406,263,491,138,421
021.png,photo_wikipedia,0.929113,0.929111,0.99175,0.995526,0.995159,0.929123,0.857659,376,809,299,335,538,317,203,257,200,423,411,500,141,467
035.png,photo_wikipedia,0.973108,0.973107,0.967297,0.981919,0.991231,0.973191,0.87028,333,720,253,278,581,278,244,265,231,399,340,441,130,406
009.png,photo_wikipedia,0.974985,0.974988,0.971508,0.984723,0.994498,0.975095,0.87362,285,902,169,309,543,323,292,266,265,442,240,508,153,417
031.png,photo_wikipedia,0.988002,0.988002,0.976945,0.983475,0.996429,0.988183,0.882761,313,690,259,270,633,271,241,275,228,401,334,447,128,404
025.png,photo_wikipedia,0.988016,0.987975,0.993138,0.990982,1.00318,0.98848,0.889046,402,831,323,335,665,321,281,310,262,470,421,513,157,466
019.png,photo_wikipedia,0.929454,0.929454,0.989619,0.99472,0.994373,0.929455,0.857019,379,800,196,319,536,297,210,250,211,412,291,500,147,446
018.png,photo_wikipedia,0.978397,0.978457,0.984005,0.987754,0.998625,0.97863,0.879944,397,836,205,335,655,324,290,313,283,480,311,523,163,485
024.png,photo_wikipedia,1.02153,1.02206,0.994687,0.98948,1.00856,1.02233,0.906781,378,803,249,270,583,278,316,282,285,415,365,458,138,394
030.png,photo_wikipedia,0.979364,0.979366,0.963144,0.97958,0.990563,0.979448,0.871635,345,771,175,326,643,326,271,317,256,463,269,477,137,467
026.png,photo_wikipedia,0.939802,0.939836,0.986936,0.993841,0.99539,0.939851,0.861647,314,708,273,290,504,267,205,240,199,382,354,471,136,412
032.png,photo_wikipedia,0.981577,0.981576,0.955323,0.97722,0.988789,0.981626,0.869836,526,679,262,276,743,283,246,274,229,404,352,411,137,401
033.png,photo_wikipedia,0.935379,0.935454,0.988354,0.994913,0.995348,0.935439,0.859928,287,679,147,260,434,246,167,208,165,347,221,420,110,363
027.png,photo_wikipedia,0.934793,0.934792,0.986555,0.993122,0.993695,0.934801,0.858445,434,736,285,292,556,284,190,245,196,406,373,466,133,410
plant_22.png,textures_plants,1.44609,1.50875,1.49771,1.52046,1.53276,1.47715,1.34825,162,348,102,147,287,131,121,125,115,194,161,249,65,192
plant_36.png,textures_plants,2.11219,2.33288,2.28124,2.19378,2.2522,2.22204,2.07197,207,420,224,187,370,179,193,189,178,288,335,305,86,231
plant_37.png,textures_plants,2.68631,3.1412,3.07262,2.88953,2.98317,2.90375,2.81041,193,397,231,180,339,168,193,175,178,277,369,306,76,210
plant_23.png,textures_plants,1.77391,1.91494,2.01082,2.01408,2.01373,1.84243,1.76117,53,106,55,49,76,42,32,37,30,59,78,75,20,58
plant_35.png,textures_plants,5.33835,8.31028,5.91097,5.41416,6.00315,6.53716,6.29258,78,148,114,84,219,94,146,112,126,156,223,141,30,85
plant_21.png,textures_plants,2.47818,2.78292,2.16439,2.15038,2.28894,2.62623,2.22171,38,81,35,35,111,43,62,56,55,69,60,55,16,49
plant_09.png,textures_plants,3.16992,3.94109,3.97397,3.89053,3.94129,3.51664,3.56815,83,184,118,84,133,77,68,67,64,112,187,151,32,94
plant_08.png,textures_plants,2.5708,2.9922,2.9438,2.95427,2.98942,2.76811,2.67013,80,174,97,76,134,70,63,64,60,103,148,132,30,93
plant_20.png,textures_plants,2.0166,2.06752,1.78597,1.61812,1.73972,2.07338,1.76,77,154,44,58,183,73,116,99,101,127,77,102,30,82
plant_34.png,textures_plants,1.99643,2.16162,2.08879,1.92104,1.99993,2.08463,1.93421,216,429,216,183,391,181,232,222,210,311,321,302,84,237
plant_18.png,textures_plants,0.948558,0.948558,0.976271,0.989967,0.992119,0.948589,0.861544,178,375,93,151,271,144,117,135,111,206,137,243,73,217
plant_30.png,textures_plants,2.70214,3.1922,3.22849,3.15035,3.1977,2.92947,2.89265,130,282,169,118,205,107,100,95,94,157,254,228,50,133
plant_24.png,textures_plants,3.63778,4.75665,4.75992,4.55827,4.64849,4.1292,4.30849,75,127,110,63,137,56,87,52,79,83,158,113,33,67
plant_25.png,textures_plants,2.09223,2.32926,2.4235,2.4334,2.43407,2.20512,2.13253,35,79,39,31,52,29,23,24,22,41,58,58,13,40
plant_31.png,textures_plants,1.62807,1.73108,1.75289,1.77085,1.78355,1.67842,1.56097,308,683,208,287,480,276,202,239,191,391,334,486,115,378
plant_19.png,textures_plants,1.91737,2.10112,2.20049,2.2054,2.21298,2.00549,1.92285,395,709,296,305,552,279,222,226,215,383,516,498,138,380
plant_27.png,textures_plants,1.75175,1.78519,1.6523,1.52657,1.61505,1.78925,1.57068,46,92,26,36,95,42,59,53,52,69,43,60,17,50
plant_33.png,textures_plants,1.47312,1.4863,1.33007,1.29523,1.35587,1.49037,1.27582,26,49,12,20,61,21,33,25,30,33,20,30,11,27
plant_32.png,textures_plants,1.85626,1.99655,1.84059,1.8596,1.9036,1.92605,1.72134,47,101,44,42,97,44,50,45,45,68,67,69,20,58
plant_26.png,textures_plants,2.18852,2.43978,2.31139,2.35309,2.38195,2.30899,2.15669,13,26,13,10,24,10,11,12,10,14,20,17,5,13
plant_41.png,textures_plants,4.74668,7.0965,6.39639,6.26078,6.50411,5.70173,6.07349,99,214,158,110,194,100,105,93,95,152,294,196,34,101
plant_55.png,textures_plants,1.45054,1.51917,1.57723,1.58858,1.59359,1.48418,1.38489,318,723,294,291,468,259,190,226,184,374,424,486,121,379
plant_54.png,textures_plants,3.97426,5.2933,4.71468,4.15619,4.43647,4.56151,4.582,118,230,173,115,248,117,171,141,153,203,292,200,47,121
plant_40.png,textures_plants,0.965681,0.965683,0.977399,0.993386,0.998086,0.965836,0.870954,130,298,71,114,214,114,92,106,88,166,102,197,56,164
plant_56.png,textures_plants,1.56073,1.65196,1.72411,1.73816,1.7396,1.60523,1.5118,140,315,127,126,209,122,83,95,79,164,185,217,50,169
plant_42.png,textures_plants,1.01511,1.01516,1.00192,1.01543,1.02348,1.01558,0.906359,29,69,14,23,50,22,23,23,22,34,22,45,12,34
plant_43.png,textures_plants,0.940146,0.940146,0.981346,0.991427,0.993243,0.940154,0.859525,254,601,227,219,387,207,157,187,152,294,288,395,106,314
plant_57.png,textures_plants,1.57929,1.67375,1.73399,1.74491,1.75173,1.62542,1.52454,343,726,328,290,501,271,212,234,204,386,467,489,128,387
plant_53.png,textures_plants,1.26917,1.26969,1.09027,1.05322,1.11339,1.27517,1.04993,514,882,214,368,1201,435,696,517,620,714,341,539,186,528
plant_47.png,textures_plants,2.52964,2.86399,2.27669,2.26567,2.39978,2.69141,2.3126,39,83,38,36,106,42,60,53,53,68,61,58,16,49
plant_46.png,textures_plants,0.963941,0.96394,0.976436,0.993126,0.997337,0.964064,0.870252,79,179,41,66,127,64,55,61,53,94,60,114,31,97
plant_52.png,textures_plants,4.6851,7.05376,7.27667,7.20235,7.25168,5.63264,6.43294,68,138,113,78,97,63,46,45,45,86,208,135,23,69
plant_44.png,textures_plants,2.54826,2.95881,2.87788,2.90371,2.93885,2.74014,2.62933,88,155,107,65,173,63,89,57,73,90,155,118,35,78
plant_50.png,textures_plants,1.4169,1.47764,1.51104,1.52543,1.53344,1.44676,1.33756,184,370,165,158,287,149,116,130,112,209,236,247,68,207
plant_51.png,textures_plants,2.86783,3.45114,3.53759,3.44045,3.48618,3.13563,3.14923,123,320,125,139,187,123,95,110,90,183,214,266,48,155
plant_45.png,textures_plants,0.958454,0.958453,0.9771,0.992934,0.993629,0.95857,0.86755,29,66,15,27,48,27,19,24,19,38,22,41,12,38
plant_60.png,textures_plants,1.45899,1.53054,1.6272,1.63004,1.62991,1.49417,1.41185,204,412,133,171,278,151,115,131,113,213,208,282,77,223
plant_48.png,textures_plants,1.88758,2.05792,2.06625,2.09147,2.10808,1.96939,1.85324,157,347,150,149,263,150,107,125,110,197,236,245,54,193
plant_49.png,textures_plants,2.45628,2.53734,2.00586,1.75986,1.9488,2.54969,2.08772,38,67,21,27,101,37,67,56,59,87,38,41,14,40
plant_59.png,textures_plants,2.2273,2.46933,2.14872,2.16281,2.24114,2.34612,2.06615,126,252,98,114,292,122,152,142,139,200,168,177,57,149
plant_58.png,textures_plants,1.51205,1.59469,1.6847,1.69495,1.69569,1.55228,1.46635,294,598,173,237,385,219,151,173,152,297,283,418,99,307
plant_03.png,textures_plants,3.20787,3.96739,3.61342,3.62593,3.72167,3.55396,3.41756,55,113,74,53,114,52,58,51,53,79,122,87,22,63
plant_17.png,textures_plants,1.89121,2.06133,2.04522,2.07475,2.09452,1.97308,1.83963,326,742,328,314,553,287,247,264,238,421,475,520,132,401
plant_16.png,textures_plants,1.80553,1.94147,1.81749,1.85138,1.88986,1.8721,1.68458,256,584,175,239,500,236,226,238,209,360,293,425,106,320
plant_02.png,textures_plants,2.83381,3.40042,3.46109,3.41021,3.44826,3.09372,3.09138,130,275,129,119,204,109,92,91,88,153,231,222,45,132
plant_14.png,textures_plants,2.63084,3.08095,2.92492,2.97707,3.02962,2.83961,2.69287,174,245,163,119,347,112,118,101,108,162,253,188,60,140
plant_28.png,textures_plants,2.4796,2.8648,2.869,2.86696,2.898,2.66026,2.58326,150,330,196,166,299,138,139,117,127,192,300,284,68,194
plant_29.png,textures_plants,5.3359,8.77722,8.75186,8.58171,8.698,6.64156,7.92443,44,94,81,56,67,45,34,28,32,61,149,98,14,40
plant_01.png,textures_plants,4.95702,7.63612,7.25985,7.0885,7.25833,6.02184,6.67874,9,14,13,8,13,7,7,6,6,10,24,15,3,8
plant_15.png,textures_plants,2.16177,2.40504,2.21959,2.25911,2.31324,2.27842,2.07183,226,457,180,207,453,198,247,204,226,301,305,326,96,262
plant_39.png,textures_plants,2.86012,3.41812,3.29172,3.16371,3.25258,3.11856,3.05065,152,386,191,178,269,170,153,202,141,284,301,318,59,233
plant_11.png,textures_plants,8.36556,24.9435,23.541,22.3262,23.0136,12.5399,22.1717,20,40,73,34,33,25,18,12,17,32,138,63,4,15
plant_05.png,textures_plants,3.32421,4.14309,3.58414,3.58676,3.72282,3.69793,3.45396,73,156,74,71,155,75,84,75,77,111,150,127,28,81
plant_04.png,textures_plants,1.76691,1.80009,1.62159,1.45554,1.56003,1.8074,1.55211,235,451,183,182,495,214,310,265,277,359,275,295,90,255
plant_10.png,textures_plants,2.40033,2.74711,2.80186,2.75073,2.78064,2.5648,2.49801,96,204,111,90,148,79,75,76,68,120,169,151,39,107
plant_38.png,textures_plants,5.62411,9.4024,8.55415,7.40452,7.9177,7.07537,8.24282,65,130,133,80,130,72,88,73,79,113,247,139,20,65
plant_06.png,textures_plants,5.01373,7.76533,7.13527,6.53886,6.85795,6.10652,6.78351,141,283,273,168,287,152,168,143,154,233,478,289,52,141
plant_12.png,textures_plants,2.72861,3.23477,3.15458,3.17436,3.22137,2.96143,2.86952,134,336,136,146,245,152,111,123,104,205,239,254,52,159
plant_13.png,textures_plants,3.96737,5.4048,5.13292,5.08339,5.20374,4.5796,4.74851,97,207,176,108,189,98,92,87,84,143,331,186,36,109
plant_07.png,textures_plants,5.40327,8.88152,8.30592,7.71652,8.04389,6.73135,7.82439,66,127,118,78,118,68,72,60,66,101,221,134,22,64
