filename,category,old_rate,tree_rate,rle_rate,straights_rate,straights_huffman_rate,reduced_edgebits_rate,paths_2bit_rate,tree_comp_time,tree_decomp_time,old_comp_time, old_decomp_time,rle_comp_time,rle_decomp_time,straights_comp_time,straights_decomp_time,huffman_comp_time,huffman_decomp_time,reduced_comp_time,reduced_decomp_time,paths_2bit_comp_time,paths_2bit_decomp_time
apps-help-browser.png,icon_64,1.7503,1.83811,1.70014,1.74728,1.74094,1.79623,1.62212,0,0,0,0,1,0,0,0,0,0,0,0,0,0
actions-document-properties.png,icon_64,3.16497,3.43336,2.81174,2.75964,2.87103,3.35325,2.7567,0,0,0,0,1,0,0,0,0,0,0,0,0,0
mimetypes-x-office-spreadsheet-template.png,icon_64,1.75105,1.79377,1.65662,1.71273,1.71452,1.79593,1.53057,0,0,0,0,1,0,0,0,0,0,0,0,0,0
apps-preferences-system-windows.png,icon_64,6.39833,7.73317,9.31438,9.93572,9.65468,7.09315,6.69646,0,0,0,0,0,0,0,0,0,0,0,0,0,0
mimetypes-x-office-presentation.png,icon_64,3.03145,3.27811,2.76663,2.81673,2.86751,3.17366,2.6807,0,0,0,0,0,0,0,0,0,0,0,0,0,0
actions-format-text-strikethrough.png,icon_64,2.89436,3.35898,3.02372,3.17478,3.16344,3.10862,2.89675,0,0,0,0,0,0,0,0,0,0,0,0,0,0
mimetypes-text-x-script.png,icon_64,3.10029,3.34004,2.61308,2.50195,2.63295,3.27746,2.67771,0,0,0,0,1,0,0,0,0,0,0,0,0,0
actions-edit-select-all.png,icon_64,4.40351,4.79158,3.51752,3.29327,3.56226,4.71572,3.50697,0,0,0,0,1,0,0,0,0,0,0,0,0,0
actions-view-refresh.png,icon_64,2.27661,2.5038,2.2161,2.30798,2.30414,2.38886,2.16276,0,0,0,0,0,0,0,0,0,0,0,0,0,0
actions-go-first.png,icon_64,2.63042,2.97738,2.84288,2.95811,2.9078,2.81415,2.61872,0,0,0,0,0,0,0,0,0,0,0,0,0,0
status-network-transmit-receive.png,icon_64,1.81547,1.877,1.70306,1.80338,1.79443,1.84608,1.60767,0,0,0,0,1,0,0,0,0,0,0,0,0,0
apps-preferences-system-network-proxy.png,icon_64,1.78152,1.89246,1.81012,1.86897,1.84456,1.8365,1.6862,0,0,0,0,1,0,0,0,0,0,0,0,0,0
status-dialog-warning.png,icon_64,3.95303,4.82024,3.50173,3.24596,3.49339,4.37432,3.89261,0,0,0,0,0,0,0,0,0,0,0,0,0,0
actions-edit-undo.png,icon_64,3.74007,4.79508,4.26926,4.3978,4.35996,4.21291,4.22958,0,0,0,0,0,0,0,0,0,0,0,0,0,0
devices-computer.png,icon_64,1.87274,1.93276,1.68113,1.76714,1.78016,1.9025,1.60198,0,0,0,0,2,0,0,0,0,0,0,0,0,0
categories-applications-office.png,icon_64,2.34035,2.5983,2.39357,2.47811,2.45282,2.47119,2.26664,0,0,0,0,0,0,0,0,0,0,0,0,0,0
actions-go-top.png,icon_64,2.47617,2.78513,2.6413,2.76593,2.71633,2.62459,2.45649,0,0,0,0,0,0,0,0,0,0,0,0,0,0
devices-drive-removable-media.png,icon_64,2.78798,3.0673,2.50169,2.55893,2.61663,2.93875,2.48449,0,0,0,0,1,0,0,0,0,0,0,0,0,0
emotes-face-angel.png,icon_64,1.85493,1.98062,1.87829,1.92526,1.90819,1.91723,1.74819,0,0,0,0,0,0,0,0,0,0,0,0,0,0
status-battery-caution.png,icon_64,2.89231,3.19865,2.72552,2.82735,2.85204,3.0999,2.72046,0,0,0,0,1,0,0,0,0,0,0,0,0,0
actions-format-indent-less.png,icon_64,3.98767,4.35938,3.15411,2.964,3.20261,4.27986,3.27364,0,0,0,0,1,0,0,0,0,0,0,0,0,0
status-network-offline.png,icon_64,1.82762,1.88369,1.64718,1.72575,1.73504,1.86058,1.57966,0,0,0,0,1,0,0,0,0,0,0,0,0,0
devices-input-mouse.png,icon_64,2.21505,2.42894,2.25045,2.33912,2.31592,2.31904,2.12899,0,0,0,0,0,0,0,0,0,0,0,0,0,0
actions-appointment-new.png,icon_64,1.59491,1.64429,1.55909,1.61075,1.59401,1.62295,1.4578,0,0,0,0,1,0,0,0,0,0,0,0,0,0
status-folder-drag-accept.png,icon_64,2.96346,3.29448,2.87817,3.00983,3.02111,3.12543,2.72907,0,0,0,0,0,0,0,0,0,0,0,0,0,0
actions-go-last.png,icon_64,2.76726,3.15856,2.98778,3.10225,3.05055,2.97539,2.76975,0,0,0,0,0,0,0,0,0,0,0,0,0,0
apps-preferences-desktop-font.png,icon_64,4.38466,4.85284,3.45241,3.02195,3.30334,4.77784,3.94668,0,0,0,0,1,0,0,0,0,0,0,0,0,0
actions-mail-send-receive.png,icon_64,2.31521,2.51636,2.22387,2.31718,2.3101,2.41474,2.18211,0,0,0,0,0,0,0,0,0,0,0,0,0,0
mimetypes-x-office-document-template.png,icon_64,1.96247,1.99866,1.70014,1.75772,1.79171,2.01773,1.65342,0,0,0,0,1,0,0,0,0,0,0,0,0,0
actions-mail-reply-sender.png,icon_64,3.0609,3.45205,2.93226,2.98307,3.01075,3.26494,2.92059,0,0,0,0,0,0,0,0,0,0,0,0,0,0
mimetypes-video-x-generic.png,icon_64,2.22468,2.4475,2.17877,2.26054,2.25019,2.33263,2.13005,0,0,0,0,0,0,0,0,0,0,0,0,0,0
devices-video-display.png,icon_64,2.09711,2.23383,1.94027,2.02639,2.04111,2.16276,1.85196,0,0,0,0,1,0,0,0,0,0,0,0,0,0
emblems-emblem-readonly.png,icon_64,5.89211,6.85762,4.4637,3.57015,4.05997,6.68962,5.4165,0,0,0,0,0,0,0,0,0,0,0,0,0,0
emotes-face-surprise.png,icon_64,2.00375,2.17892,2.10966,2.16191,2.1277,2.08775,1.95404,0,0,0,0,0,0,0,0,0,0,0,0,0,0
actions-go-up.png,icon_64,3.31347,4.05327,3.78369,3.93878,3.86051,3.6581,3.53815,0,0,0,0,0,0,0,0,0,0,0,0,0,0
actions-edit-find.png,icon_64,2.45686,2.60415,2.28205,2.28025,2.3292,2.55774,2.16281,0,0,0,0,1,0,0,0,0,0,0,0,0,0
mimetypes-application-x-executable.png,icon_64,2.44367,2.75469,2.49395,2.59425,2.5576,2.58708,2.40094,0,0,0,0,0,0,0,0,0,0,0,0,0,0
places-user-desktop.png,icon_64,2.92537,3.43073,3.01648,3.14382,3.15107,3.1535,2.87279,0,0,0,0,0,0,0,0,0,0,0,0,0,0
status-printer-error.png,icon_64,2.81673,3.05027,2.78166,2.91168,2.89078,2.95252,2.57516,0,0,0,0,0,0,0,0,0,0,0,0,0,0
apps-system-file-manager.png,icon_64,4.98196,6.5003,5.85108,6.11115,6.126,5.75416,5.32871,0,0,0,0,0,0,0,0,0,0,0,0,0,0
places-user-home.png,icon_64,3.17725,3.63577,3.2048,3.37606,3.36254,3.39623,3.04074,0,0,0,0,0,0,0,0,0,0,0,0,0,0
devices-input-keyboard.png,icon_64,2.40776,2.66024,2.39789,2.49832,2.48374,2.52872,2.28651,0,0,0,0,0,0,0,0,0,0,0,0,0,0
apps-preferences-desktop-keyboard-shortcuts.png,icon_64,2.08007,2.13306,2.00081,2.07165,2.06995,2.13153,1.84024,0,0,0,0,1,0,0,0,0,0,0,0,0,0
categories-preferences-system.png,icon_64,2.3895,2.68356,2.51978,2.58131,2.55607,2.52846,2.42104,0,0,0,0,0,0,0,0,0,0,0,0,0,0
status-network-idle.png,icon_64,1.70442,1.75797,1.54048,1.62004,1.62709,1.73052,1.47157,0,0,0,0,1,0,0,0,0,0,0,0,0,0
emblems-emblem-symbolic-link.png,icon_64,5.60968,6.38048,4.18939,3.39401,3.83655,6.28743,5.14923,0,0,0,0,0,0,0,0,0,0,0,0,0,0
actions-contact-new.png,icon_64,2.50494,2.67581,2.28348,2.29484,2.33291,2.60601,2.28433,0,0,0,0,1,0,0,0,0,0,0,0,0,0
status-weather-snow.png,icon_64,2.02255,2.17863,2.0092,2.06196,2.04915,2.10155,1.93082,0,0,0,0,0,0,0,0,0,0,0,0,0,0
actions-tab-new.png,icon_64,4.26149,5.16275,5.1829,5.37151,5.23228,4.68985,4.47406,0,0,0,0,0,0,0,0,0,0,0,0,0,0
apps-preferences-desktop-wallpaper.png,icon_64,2.29318,2.47368,2.22071,2.3313,2.31298,2.38186,2.09993,0,0,0,0,0,0,0,0,0,0,0,0,0,0
apps-system-users.png,icon_64,1.95125,2.10312,2.00228,2.06651,2.03959,2.02384,1.86274,0,0,0,0,0,0,0,0,0,0,0,0,0,0
actions-edit-find-replace.png,icon_64,2.08324,2.18711,1.99016,2.03802,2.03385,2.14713,1.89316,0,0,0,0,1,0,0,0,0,0,0,0,0,0
devices-input-gaming.png,icon_64,3.1383,3.54747,2.88256,2.84165,2.92345,3.36842,2.98896,0,0,0,0,0,0,0,0,0,0,0,0,0,0
emblems-emblem-photos.png,icon_64,2.65256,2.99817,2.70638,2.84807,2.80748,2.83902,2.56327,0,0,0,0,0,0,0,0,0,0,0,0,0,0
actions-media-seek-forward.png,icon_64,3.34322,4.13685,3.70944,3.89107,3.83865,3.69731,3.60855,0,0,0,0,0,0,0,0,0,0,0,0,0,0
devices-media-floppy.png,icon_64,2.3784,2.53734,2.4142,2.50737,2.5045,2.47592,2.19208,0,0,0,0,0,0,0,0,0,0,0,0,0,0
devices-media-flash.png,icon_64,2.67334,2.80853,2.78458,2.85618,2.82118,2.76562,2.43664,0,0,0,0,0,0,0,0,0,0,0,0,0,0
actions-edit-redo.png,icon_64,3.37073,4.17764,3.87833,3.95844,3.88707,3.73794,3.72787,0,0,0,0,0,0,0,0,0,0,0,0,0,0
places-folder-remote.png,icon_64,2.92955,3.24961,2.93629,3.07931,3.0673,3.0886,2.74738,0,0,0,0,0,0,0,0,0,0,0,0,0,0
emblems-emblem-important.png,icon_64,4.00326,5.20347,4.17657,4.28471,4.36907,4.54228,4.39996,0,0,0,0,0,0,0,0,0,0,0,0,0,0
places-start-here.png,icon_64,4.02292,5.32496,4.53327,4.69411,4.70827,4.58957,4.61825,0,0,0,0,0,0,0,0,0,0,0,0,0,0
actions-address-book-new.png,icon_64,2.3035,2.45013,2.10159,2.1592,2.18269,2.38758,2.04175,0,0,0,0,1,0,0,0,0,0,0,0,0,0
apps-preferences-desktop-locale.png,icon_64,4.10352,4.55491,4.84471,5.0977,4.98044,4.71211,3.95972,0,0,0,0,0,0,0,0,0,0,0,0,0,0
actions-edit-paste.png,icon_64,2.69267,2.83109,2.37151,2.41705,2.46803,2.80156,2.28752,0,0,0,0,1,0,0,0,0,0,0,0,0,0
mimetypes-audio-x-generic.png,icon_64,3.76413,4.78691,4.00554,4.19744,4.18208,4.2356,3.95367,0,0,0,0,0,0,0,0,0,0,0,0,0,0
actions-mail-message-new.png,icon_64,2.07165,2.18448,1.88716,1.93158,1.95451,2.1344,1.83215,0,0,0,0,1,0,0,0,0,0,0,0,0,0
devices-camera-photo.png,icon_64,2.52813,2.7819,2.47169,2.56689,2.56414,2.67305,2.38863,0,0,0,0,0,0,0,0,0,0,0,0,0,0
devices-battery.png,icon_64,3.56432,4.23688,3.92149,4.13025,4.06887,3.98347,3.64426,0,0,0,0,0,0,0,0,0,0,0,0,0,0
status-weather-few-clouds-night.png,icon_64,2.32441,2.5937,2.42331,2.50309,2.46896,2.45129,2.30495,0,0,0,0,0,0,0,0,0,0,0,0,0,0
status-weather-clear.png,icon_64,2.30869,2.57159,2.41729,2.46592,2.46061,2.43471,2.28184,0,0,0,0,0,0,0,0,0,0,0,0,0,0
status-audio-volume-muted.png,icon_64,2.28933,2.51083,2.35329,2.4358,2.40835,2.40411,2.23611,0,0,0,0,0,0,0,0,0,0,0,0,0,0
actions-edit-copy.png,icon_64,3.52749,3.85824,3.133,3.12463,3.2216,3.76875,3.08318,0,0,0,0,1,0,0,0,0,0,0,0,0,0
mimetypes-text-x-generic.png,icon_64,4.74532,5.38652,3.99756,3.68138,4.02407,5.21867,4.04893,0,0,0,0,1,0,0,0,0,0,0,0,0,0
actions-media-playback-stop.png,icon_64,4.98803,7.25063,6.38296,6.73361,6.65475,5.90556,6.02981,0,0,0,0,0,0,0,0,0,0,0,0,0,0
devices-drive-optical.png,icon_64,3.51236,3.94257,3.06033,2.94112,3.07066,3.78078,3.27287,0,0,0,0,0,0,0,0,0,0,0,0,0,0
actions-system-search.png,icon_64,1.99206,2.16276,2.07826,2.13148,2.10636,2.07406,1.93573,0,0,0,0,0,0,0,0,0,0,0,0,0,0
actions-document-print-preview.png,icon_64,2.20789,2.34644,2.23078,2.33745,2.3088,2.29302,2.04472,0,0,0,0,0,0,0,0,0,0,0,0,0,0
devices-multimedia-player.png,icon_64,2.48217,2.60511,2.42009,2.5393,2.52944,2.55481,2.23937,0,0,0,0,1,0,0,0,0,0,0,0,0,0
devices-camera-video.png,icon_64,2.21505,2.4077,2.13079,2.26043,2.24659,2.30831,2.05176,0,0,1,0,29,0,0,0,0,0,1,0,0,2
places-folder.png,icon_64,3.64035,4.36054,3.97766,4.11813,4.08663,3.97573,3.69508,0,0,0,0,0,0,0,0,0,0,0,0,0,0
actions-list-add.png,icon_64,5.73536,9.16758,7.27639,7.64001,7.66862,7.07834,7.36856,0,0,0,0,0,0,0,0,0,0,0,0,0,0
status-weather-clear-night.png,icon_64,3.29746,4.0593,3.58003,3.72448,3.6858,3.63591,3.53408,0,0,0,0,0,0,0,0,0,0,0,0,0,0
status-dialog-error.png,icon_64,2.49123,2.65185,2.19797,2.31396,2.34024,2.57259,2.19429,0,0,0,0,1,0,0,0,0,0,0,0,0,0
status-audio-volume-low.png,icon_64,2.25158,2.50814,2.37174,2.46376,2.42972,2.37237,2.22907,0,0,0,0,0,0,0,0,0,0,0,0,0,0
actions-format-indent-more.png,icon_64,4.05077,4.54228,3.2565,3.05178,3.30667,4.39034,3.38594,0,0,0,0,1,0,0,0,0,0,0,0,0,0
categories-applications-games.png,icon_64,2.58885,2.82329,2.28285,2.34152,2.40076,2.7231,2.38695,0,0,0,0,1,0,0,0,0,0,0,0,0,0
mimetypes-x-office-calendar.png,icon_64,2.96132,3.34288,2.90462,3.04479,3.03942,3.15067,2.80132,0,0,0,0,0,0,0,0,0,0,0,0,0,0
actions-go-next.png,icon_64,3.11207,3.76125,3.58865,3.70986,3.62585,3.40824,3.35612,0,0,0,0,0,0,0,0,0,0,0,0,0,0
status-audio-volume-high.png,icon_64,2.04476,2.2191,2.03942,2.12793,2.11479,2.13084,1.95156,0,0,0,0,0,0,0,0,0,0,0,0,0,0
apps-preferences-desktop-assistive-technology.png,icon_64,1.56625,1.61165,1.53114,1.58152,1.56905,1.59375,1.4189,0,0,0,0,1,0,0,0,0,0,0,0,0,0
actions-format-text-bold.png,icon_64,2.32309,2.58885,2.42768,2.5359,2.50157,2.44781,2.28656,0,0,0,0,0,0,0,0,0,0,0,0,0,0
status-weather-showers.png,icon_64,1.78229,1.88106,1.77172,1.81601,1.79912,1.83191,1.6832,0,0,0,0,1,0,0,0,0,0,0,0,0,0
apps-internet-mail.png,icon_64,2.47617,2.67734,2.18886,2.23246,2.28046,2.58334,2.17675,0,0,0,0,1,0,0,0,0,0,0,0,0,0
emotes-face-sad.png,icon_64,2.13315,2.3447,2.24623,2.30712,2.27413,2.23484,2.10231,0,0,0,0,0,0,0,0,0,0,0,0,0,0
actions-bookmark-new.png,icon_64,2.76539,2.92441,2.5592,2.5474,2.59754,2.88679,2.45019,0,0,0,0,1,0,0,0,0,0,0,0,0,0
emblems-emblem-favorite.png,icon_64,3.02028,3.58003,3.10509,3.24553,3.23007,3.27593,3.09346,0,0,0,0,0,0,0,0,0,0,0,0,0,0
status-dialog-information.png,icon_64,2.3035,2.59152,2.53361,2.60753,2.55315,2.43664,2.33097,0,0,0,0,0,0,0,0,0,0,0,0,0,0
apps-internet-group-chat.png,icon_64,6.61534,9.60375,6.18614,5.37709,6.0088,8.06432,6.91454,0,0,0,0,0,0,0,0,0,0,0,0,0,0
mimetypes-package-x-generic.png,icon_64,3.41856,3.98945,3.80433,3.97815,3.90405,3.68995,3.46984,0,0,0,0,0,0,0,0,0,0,0,0,0,0
actions-system-shutdown.png,icon_64,3.86719,4.19959,3.6417,3.4888,3.62011,4.12869,3.53879,0,0,0,0,0,0,0,0,0,0,0,0,0,0
devices-media-optical.png,icon_64,1.47808,1.53735,1.52886,1.56807,1.54486,1.50701,1.39482,0,0,0,0,1,0,0,0,0,0,0,0,0,0
emotes-face-monkey.png,icon_64,1.68965,1.78803,1.79109,1.8268,1.79866,1.73753,1.62025,0,0,0,0,0,0,0,0,0,0,0,0,0,0
status-network-receive.png,icon_64,1.73694,1.79236,1.58519,1.67232,1.67477,1.76412,1.51007,0,0,0,0,1,0,0,0,0,0,0,0,0,0
mimetypes-text-html.png,icon_64,2.24911,2.3698,2.10537,2.1079,2.13746,2.32898,1.99383,0,0,0,0,1,0,0,0,0,0,0,0,0,0
categories-applications-internet.png,icon_64,1.59119,1.66923,1.6494,1.68768,1.66498,1.62922,1.50886,0,0,0,0,0,0,0,0,0,0,0,0,0,0
actions-process-stop.png,icon_64,2.47917,2.60477,2.03456,1.86645,1.97874,2.55707,2.19993,0,0,0,0,1,0,0,0,0,0,0,0,0,0
apps-preferences-system-session.png,icon_64,3.24521,3.42523,3.3675,3.56717,3.51726,3.34823,2.92423,0,0,0,0,0,0,0,0,0,0,0,0,0,0
mimetypes-x-office-address-book.png,icon_64,2.74316,2.98044,2.43622,2.50042,2.55993,2.88197,2.40223,0,0,0,0,1,0,0,0,0,0,0,0,0,0
devices-network-wired.png,icon_64,3.75034,4.70557,3.89076,3.99626,4.03978,4.20678,4.11004,0,0,0,0,0,0,0,0,0,0,0,0,0,0
status-image-loading.png,icon_64,2.6909,2.88951,2.4975,2.49604,2.55183,2.82987,2.4064,0,0,0,0,1,0,0,0,0,0,0,0,0,0
actions-media-seek-backward.png,icon_64,3.34869,4.14592,3.70232,3.88968,3.84481,3.70469,3.60392,0,0,0,0,0,0,0,0,0,0,0,0,0,0
apps-preferences-desktop-theme.png,icon_64,2.70512,3.02056,2.73188,2.90059,2.87497,2.88612,2.59439,0,0,0,0,0,0,0,0,0,0,0,0,0,0
emotes-face-grin.png,icon_64,2.4007,2.66862,2.48336,2.58402,2.55202,2.54245,2.32419,0,0,0,0,0,0,0,0,0,0,0,0,0,0
actions-view-fullscreen.png,icon_64,3.90778,4.32676,4.39957,4.51433,4.44292,4.22558,3.90886,0,0,0,0,0,0,0,0,0,0,0,0,0,0
actions-media-record.png,icon_64,3.27899,4.01454,3.64359,3.79596,3.73609,3.6108,3.48942,0,0,0,0,0,0,0,0,0,0,0,0,0,0
places-network-workgroup.png,icon_64,3.25295,3.6615,3.19958,3.398,3.38617,3.48794,3.03155,0,0,0,0,0,0,0,0,0,0,0,0,0,0
mimetypes-font-x-generic.png,icon_64,3.30012,3.44093,2.48468,2.20269,2.40529,3.45484,2.85917,0,0,0,0,1,0,0,0,0,0,0,0,0,0
status-folder-open.png,icon_64,3.81319,4.36383,3.86127,3.93767,3.95271,4.08002,3.56432,0,0,0,0,0,0,0,0,0,0,0,0,0,0
categories-applications-multimedia.png,icon_64,2.66638,2.85162,2.34057,2.38921,2.43767,2.78632,2.37754,0,0,0,0,1,0,0,0,0,0,0,0,0,0
status-software-update-available.png,icon_64,3.39026,3.99382,3.52913,3.77874,3.74906,3.66833,3.45205,0,0,0,0,0,0,0,0,0,0,0,0,0,0
status-network-wireless-encrypted.png,icon_64,1.99789,2.15986,2.0022,2.08139,2.05984,2.07576,1.9015,0,0,0,0,0,0,0,0,0,0,0,0,0,0
actions-mail-mark-junk.png,icon_64,1.81627,1.92519,1.73912,1.82518,1.81182,1.87007,1.6815,0,0,0,0,1,0,0,0,0,0,0,0,0,0
emotes-face-crying.png,icon_64,2.04374,2.23018,2.15508,2.21042,2.18264,2.13324,2.00805,0,0,0,0,0,0,0,0,0,0,0,0,0,0
status-image-missing.png,icon_64,3.70623,3.93043,3.00101,2.87902,3.05539,3.91151,3.20334,0,0,0,0,1,0,0,0,0,0,0,0,0,0
emblems-emblem-system.png,icon_64,1.85746,1.98269,1.82592,1.90176,1.88694,1.91921,1.75049,0,0,0,0,0,0,0,0,0,0,0,0,0,0
actions-folder-new.png,icon_64,2.41059,2.64045,2.53518,2.60594,2.56809,2.52333,2.31986,0,0,0,0,0,0,0,0,0,0,0,0,0,0
devices-printer.png,icon_64,3.8418,4.33975,3.93909,4.13964,4.16119,4.14697,3.53637,0,0,0,0,0,0,0,0,0,0,0,0,0,0
places-user-trash.png,icon_64,2.00866,2.08527,1.90704,1.97636,1.97223,2.06378,1.77022,0,0,0,0,1,0,0,0,0,0,0,0,0,0
categories-preferences-desktop-peripherals.png,icon_64,1.94384,2.05373,1.81705,1.87883,1.88095,2.00114,1.76685,0,0,0,0,1,0,0,0,0,0,0,0,0,0
devices-audio-card.png,icon_64,2.01064,2.13333,1.93211,2.04069,2.01831,2.07725,1.83976,0,0,0,0,1,0,0,0,0,0,0,0,0,0
emblems-emblem-unreadable.png,icon_64,1.87789,1.95653,1.88473,1.91182,1.91603,1.92745,1.72578,0,0,0,0,1,0,0,0,0,0,0,0,0,0
devices-network-wireless.png,icon_64,2.864,3.02651,2.49686,2.32678,2.42918,2.99899,2.61955,0,0,0,0,1,0,0,0,0,0,0,0,0,0
mimetypes-x-office-spreadsheet.png,icon_64,2.32705,2.45981,2.25101,2.24223,2.27788,2.41355,2.06882,0,0,0,0,1,0,0,0,0,0,0,0,0,0
actions-format-justify-center.png,icon_64,4.32905,4.76741,3.22837,2.93594,3.25165,4.65212,3.39471,0,0,0,0,1,0,0,0,0,0,0,0,0,0
actions-document-print.png,icon_64,3.69286,4.16896,3.69453,3.89848,3.90157,3.98508,3.40352,0,0,0,0,0,0,0,0,0,0,0,0,0,0
emotes-face-wink.png,icon_64,2.06851,2.26257,2.19782,2.25112,2.21755,2.16167,2.03752,0,0,0,0,0,0,0,0,0,0,0,0,0,0
status-audio-volume-medium.png,icon_64,2.15674,2.37363,2.21301,2.3056,2.28158,2.26095,2.09984,0,0,0,0,0,0,0,0,0,0,0,0,0,0
places-network-server.png,icon_64,4.76187,6.1417,5.54044,5.88189,5.82439,5.46589,5.13686,0,0,0,0,0,0,0,0,0,0,0,0,0,0
emotes-face-kiss.png,icon_64,2.06643,2.25789,2.16562,2.22448,2.19581,2.15896,2.02355,0,0,0,0,0,0,0,0,0,0,0,0,0,0
apps-preferences-desktop-accessibility.png,icon_64,1.78074,1.8474,1.7273,1.77884,1.77794,1.82396,1.60405,0,0,0,0,1,0,0,0,0,0,0,0,0,0
emotes-face-smile.png,icon_64,2.11771,2.32518,2.23398,2.29313,2.26236,2.21745,2.08585,0,5,0,1,1,1,0,0,0,1,0,1,0,0
apps-system-software-update.png,icon_64,2.17853,2.34342,2.03781,2.08789,2.10002,2.2647,2.00612,0,0,0,0,1,0,0,0,0,0,0,0,0,0
categories-preferences-desktop.png,icon_64,4.35667,5.15815,4.60332,4.84137,4.77668,4.76233,4.22667,0,0,0,0,0,0,0,0,0,0,0,0,0,0
actions-system-lock-screen.png,icon_64,2.0706,2.20378,1.95673,2.04595,2.04625,2.14025,1.85378,0,0,0,0,1,0,0,0,0,0,0,0,0,0
actions-go-bottom.png,icon_64,2.73766,3.11453,2.89538,2.96328,2.93226,2.92711,2.67917,0,0,0,0,0,0,0,0,0,0,0,0,0,0
actions-format-text-underline.png,icon_64,2.6153,2.95785,2.69002,2.80973,2.7967,2.77632,2.55767,0,0,0,0,0,0,0,0,0,0,0,0,0,0
status-weather-few-clouds.png,icon_64,1.95965,2.11225,2.00485,2.05777,2.03439,2.03406,1.88662,0,0,0,0,0,0,0,0,0,0,0,0,0,0
apps-internet-web-browser.png,icon_64,1.83746,1.96239,1.89491,1.93932,1.91115,1.89904,1.76517,0,0,0,0,0,0,0,0,0,0,0,0,0,0
actions-edit-cut.png,icon_64,2.47318,2.77648,2.47324,2.5574,2.55893,2.62004,2.45656,0,0,0,0,0,0,0,0,0,0,0,0,0,0
status-weather-severe-alert.png,icon_64,2.02355,2.18356,2.05502,2.10411,2.08386,2.10191,1.93382,0,0,0,0,0,0,0,0,0,0,0,0,0,0
apps-office-calendar.png,icon_64,3.39307,3.93059,3.40612,3.57326,3.56639,3.65388,3.27255,0,0,0,0,0,0,0,0,0,0,0,0,0,0
categories-applications-development.png,icon_64,1.53686,1.60133,1.56525,1.61199,1.59027,1.56847,1.43579,0,0,0,0,1,0,0,0,0,0,0,0,0,0
actions-go-jump.png,icon_64,4.12418,5.5134,4.76394,4.92925,4.89367,4.71935,4.82734,0,0,0,0,0,0,0,0,0,0,0,0,0,0
categories-applications-other.png,icon_64,2.61197,2.9683,2.67196,2.73325,2.71716,2.77703,2.63479,0,0,0,0,0,0,0,0,0,0,0,0,0,0
apps-utilities-terminal.png,icon_64,1.9032,1.95575,1.83177,1.89615,1.89743,1.93466,1.67062,0,0,0,0,1,0,0,0,0,0,0,0,0,0
actions-media-playback-start.png,icon_64,4.2793,5.82508,5.22949,5.36623,5.25409,4.94114,5.07874,0,0,0,0,0,0,0,0,0,0,0,0,0,0
actions-go-home.png,icon_64,2.48519,2.66573,2.22836,2.29339,2.32254,2.57941,2.26403,0,0,0,0,1,0,0,0,0,0,0,0,0,0
devices-audio-input-microphone.png,icon_64,2.14207,2.3484,2.14549,2.23739,2.2174,2.24101,2.04685,0,0,0,0,0,0,0,0,0,0,0,0,0,0
apps-internet-news-reader.png,icon_64,4.15767,4.98272,4.6583,4.9486,4.84758,4.53223,4.21146,0,0,0,0,0,0,0,0,0,0,0,0,0,0
status-network-error.png,icon_64,1.57528,1.61273,1.43572,1.50775,1.50838,1.59414,1.36503,0,0,0,0,1,0,0,0,0,0,0,0,0,0
emotes-face-plain.png,icon_64,2.11552,2.32189,2.23089,2.29564,2.26121,2.21465,2.08046,0,0,0,0,0,0,0,0,0,0,0,0,0,0
mimetypes-x-office-document.png,icon_64,4.12834,4.61825,3.58826,3.40529,3.63282,4.48774,3.59903,0,0,0,0,1,0,0,0,0,0,0,0,0,0
mimetypes-image-x-generic.png,icon_64,2.57907,2.74439,2.6213,2.74301,2.71656,2.68004,2.37616,0,2,0,2,0,2,0,0,0,4,0,2,0,0
status-weather-showers-scattered.png,icon_64,1.93101,2.0713,1.93447,1.99343,1.97795,2.00065,1.84004,5,0,3,0,3,0,0,0,0,0,2,0,0,0
categories-applications-accessories.png,icon_64,2.02655,2.17429,1.94889,2.04327,2.03208,2.10307,1.89945,0,0,0,0,1,0,0,0,0,0,0,0,0,0
emotes-face-glasses.png,icon_64,1.72669,1.83317,1.80772,1.84615,1.81947,1.77829,1.6574,0,0,0,0,0,0,0,0,0,0,0,0,0,0
apps-system-installer.png,icon_64,2.65773,2.94244,2.7678,2.8306,2.8082,2.80564,2.57011,0,0,0,0,0,0,0,0,0,0,0,0,0,0
mimetypes-application-certificate.png,icon_64,2.06956,2.26111,2.14713,2.20908,2.18497,2.16105,2.01331,0,0,0,0,0,0,0,0,0,0,0,0,0,0
actions-media-playback-pause.png,icon_64,4.21327,5.66724,5.06983,5.28971,5.2583,4.84113,4.7732,0,0,0,0,0,0,0,0,0,0,0,0,0,0
actions-media-eject.png,icon_64,4.27037,5.6787,5.04667,5.3633,5.25802,4.86919,4.85812,0,0,0,0,0,0,0,0,0,0,0,0,0,0
actions-document-save.png,icon_64,2.10249,2.21241,1.89403,1.94511,1.96443,2.16887,1.87471,0,0,0,0,1,0,0,0,0,0,0,0,0,0
apps-utilities-system-monitor.png,icon_64,1.44014,1.45601,1.3485,1.40034,1.39797,1.45491,1.25021,0,0,0,0,1,0,0,0,0,0,0,0,0,0
actions-system-log-out.png,icon_64,1.92105,1.98518,1.83181,1.916,1.90541,1.9735,1.70471,0,0,0,0,1,0,0,0,0,0,0,0,0,0
actions-document-new.png,icon_64,3.24008,3.46947,2.8014,2.54002,2.71776,3.44491,2.88163,0,0,0,0,1,0,0,0,0,0,0,0,0,0
actions-media-skip-backward.png,icon_64,2.89846,3.3953,2.95296,3.1297,3.11938,3.1318,2.88485,0,0,0,0,0,0,0,0,0,0,0,0,0,0
apps-accessories-calculator.png,icon_64,3.17232,3.44938,3.13639,3.24168,3.24907,3.3568,2.88654,0,0,0,0,0,0,0,0,0,0,0,0,0,0
apps-preferences-desktop-multimedia.png,icon_64,1.74732,1.85626,1.80626,1.84706,1.82325,1.8007,1.68153,0,0,0,0,0,0,0,0,0,0,0,0,0,0
emotes-face-devilish.png,icon_64,2.1522,2.32777,2.12733,2.20719,2.19458,2.25039,2.02043,0,0,0,0,0,0,0,0,0,0,0,0,0,0
categories-applications-graphics.png,icon_64,2.83232,3.27418,2.95402,3.08918,3.063,3.05112,2.82645,0,0,0,0,0,0,0,0,0,0,0,0,0,0
actions-edit-clear.png,icon_64,2.71408,3.17427,3.06358,3.12543,3.06405,2.92354,2.87178,0,0,0,0,0,0,0,0,0,0,0,0,0,0
emotes-face-smile-big.png,icon_64,2.15447,2.36643,2.27582,2.33734,2.30377,2.25623,2.11543,0,0,0,0,0,0,0,0,0,0,0,0,0,0
actions-list-remove.png,icon_64,6.98777,13.7488,11.1862,11.5097,11.46,9.23129,11.0009,0,0,0,0,0,0,0,0,0,0,0,0,0,0
actions-format-justify-fill.png,icon_64,4.57568,5.06539,3.43985,3.1303,3.4893,4.94164,3.57378,0,0,0,0,1,0,0,0,0,0,0,0,0,0
actions-format-justify-left.png,icon_64,4.413,4.85644,3.26678,2.959,3.28853,4.74532,3.4608,0,0,0,0,1,0,0,0,0,0,0,0,0,0
mimetypes-x-office-drawing.png,icon_64,3.58617,3.97686,3.14885,2.99616,3.15168,3.84947,3.23699,0,0,0,0,1,0,0,0,0,0,0,0,0,0
mimetypes-x-office-presentation-template.png,icon_64,1.77457,1.82474,1.63619,1.71396,1.7113,1.81476,1.56602,0,0,0,0,1,0,0,0,0,0,0,0,0,0
status-weather-overcast.png,icon_64,2.32705,2.59384,2.43779,2.50131,2.47045,2.45343,2.30864,0,0,0,0,0,0,0,0,0,0,0,0,0,0
actions-media-skip-forward.png,icon_64,2.89641,3.39225,2.99543,3.1406,3.12741,3.1295,2.91004,0,0,0,0,0,0,0,0,0,0,0,0,0,0
actions-format-justify-right.png,icon_64,4.38936,4.84829,3.24972,2.96186,3.28589,4.72593,3.41132,0,0,0,0,1,0,0,0,0,0,0,0,0,0
places-folder-saved-search.png,icon_64,2.94006,3.24532,2.94297,3.09278,3.0886,3.08356,2.71176,0,0,0,0,0,0,0,0,0,0,0,0,0,0
devices-drive-harddisk.png,icon_64,3.11207,3.44805,2.64763,2.64024,2.74018,3.31101,2.77585,0,0,0,0,1,0,0,0,0,0,0,0,0,0
actions-go-previous.png,icon_64,3.01805,3.62064,3.44057,3.58447,3.50647,3.29382,3.21066,0,0,0,0,0,0,0,0,0,0,0,0,0,0
status-weather-storm.png,icon_64,1.80985,1.93056,1.84928,1.90648,1.88041,1.86872,1.72385,0,0,0,0,1,0,0,0,0,0,0,0,0,0
actions-document-open.png,icon_64,3.07469,3.30578,2.9391,3.01361,3.03482,3.19293,2.70549,0,0,0,0,0,0,0,0,0,0,0,0,0,0
actions-window-new.png,icon_64,4.52014,4.83328,5.9989,6.31165,6.2088,4.7483,4.42711,0,0,0,0,0,0,0,0,0,0,0,0,0,0
status-mail-attachment.png,icon_64,3.31079,4.07393,3.566,3.70134,3.6937,3.65239,3.5485,0,0,0,0,0,0,0,0,0,0,0,0,0,0
apps-accessories-text-editor.png,icon_64,2.73583,2.87792,2.48972,2.57502,2.5961,2.8177,2.41783,0,0,0,0,1,0,0,0,0,0,0,0,0,0
apps-preferences-desktop-screensaver.png,icon_64,2.02455,2.15277,1.88098,1.97425,1.98002,2.0866,1.80391,0,0,0,0,1,0,0,0,0,0,0,0,0,0
categories-applications-system.png,icon_64,1.78618,1.89641,1.73679,1.82647,1.81309,1.8398,1.66744,0,0,0,0,1,0,0,0,0,0,0,0,0,0
actions-go-down.png,icon_64,3.47659,4.29125,4.10884,4.19511,4.08884,3.86324,3.78675,0,0,0,0,0,0,0,0,0,0,0,0,0,0
actions-mail-reply-all.png,icon_64,2.05709,2.17074,1.99837,2.044,2.03452,2.11903,1.90948,0,0,0,0,1,0,0,0,0,0,0,0,0,0
status-folder-visiting.png,icon_64,6.88211,9.00962,10.9629,11.7885,11.0132,7.81431,8.0432,0,0,0,0,0,0,0,0,0,0,0,0,0,0
status-user-trash-full.png,icon_64,1.55201,1.59354,1.49845,1.55103,1.53978,1.57329,1.393,0,0,0,0,1,0,0,0,0,0,0,0,0,0
apps-accessories-character-map.png,icon_64,2.88214,3.11868,2.68994,2.79781,2.81972,3.04196,2.57159,0,0,0,0,1,0,0,0,0,0,0,0,0,0
actions-format-text-italic.png,icon_64,3.11207,3.73652,3.46434,3.61398,3.56419,3.39612,3.28271,0,0,0,0,0,0,0,0,0,0,0,0,0,0
mimetypes-x-office-drawing-template.png,icon_64,1.80427,1.83526,1.60172,1.65053,1.67303,1.84758,1.53215,0,0,0,0,1,0,0,0,0,0,0,0,0,0
apps-preferences-desktop-remote-desktop.png,icon_64,1.80031,1.87746,1.67966,1.74147,1.74156,1.84197,1.61218,0,0,0,0,1,0,0,0,0,0,0,0,0,0
status-software-update-urgent.png,icon_64,4.13668,5.22755,4.46127,4.66603,4.68248,4.62781,4.46979,0,0,0,0,0,0,0,0,0,0,0,0,0,0
actions-mail-forward.png,icon_64,2.90462,3.23071,2.8373,2.86267,2.88383,3.08163,2.78245,0,0,0,0,0,0,0,0,0,0,0,0,0,0
status-network-transmit.png,icon_64,1.77765,1.83639,1.65186,1.74227,1.73685,1.80676,1.56214,0,0,0,0,1,0,0,0,0,0,0,0,0,0
actions-document-save-as.png,icon_64,2.38532,2.55269,2.29586,2.39182,2.38498,2.47486,2.18745,0,0,0,0,0,0,0,0,0,0,0,0,0,0
actions-edit-delete.png,icon_64,2.29446,2.39859,2.23856,2.32738,2.31844,2.34857,2.05099,0,0,0,0,1,0,0,0,0,0,0,0,0,0
mimetypes-text-x-generic-template.png,icon_64,3.41571,3.74834,2.90875,2.79845,2.93875,3.68746,2.99543,0,0,0,0,1,0,0,0,0,0,0,0,0,0
Agar.io_gameplay1.png,screenshot_game,7.58696,12.8312,14.8073,13.8949,14.7145,10.2355,11.4781,29,44,44,23,49,28,23,17,21,31,83,40,6,21
Galaxy_Game_(1971)_-_Title_screen.png,screenshot_game,11.7806,259.26,220.181,103.854,135.268,22.885,270.763,2,3,18,5,3,3,4,0,4,3,34,11,0,0
Rain_World_screenshot_-_Sky_Islands_5.png,screenshot_game,1.52418,1.57637,1.47983,1.46671,1.50949,1.55518,1.37188,151,329,130,125,294,133,148,145,136,208,189,218,62,176
CompliKATEd_screenshot_4.png,screenshot_game,1.87829,1.93763,1.69517,1.57307,1.68172,1.926,1.61611,148,290,80,109,308,131,186,158,166,218,138,196,55,155
Galak-Z_screenshot_-_missile_porn.png,screenshot_game,1.07753,1.07814,0.978711,0.988935,1.01944,1.07849,0.924615,213,430,163,177,440,192,217,212,197,297,222,265,91,265
Flinthook_screenshot_-_Pax_start.png,screenshot_game,3.22003,3.59395,3.31898,3.26705,3.4321,3.46722,3.01222,88,174,67,67,186,83,92,78,82,117,121,120,31,89
Neverball_Titelbildschirm.png,screenshot_game,3.10601,3.63568,2.96006,2.71148,2.93901,3.38115,3.00649,77,158,82,67,189,79,122,98,108,134,139,118,29,84
Biniax2_screenshot.png,screenshot_game,2.45943,2.59907,2.37811,2.22734,2.34966,2.56859,2.2256,37,67,24,27,80,33,45,38,41,52,42,42,13,39
SpellTower_screenshot_-_PuzzleMode-Lose_2.png,screenshot_game,4.06682,5.05216,3.66285,2.79383,3.30067,4.58347,4.5194,134,258,141,128,356,175,348,277,292,338,273,202,39,138
Neverball_Gameplay_Screenshot_12.png,screenshot_game,1.81703,1.87167,1.63042,1.60236,1.68122,1.8489,1.53203,136,285,105,105,302,125,166,146,148,200,165,193,58,163
BFM-screenshot01.png,screenshot_game,3.63964,3.39872,2.33055,1.39276,1.72011,3.8587,2.80634,105,224,69,63,401,112,495,279,341,350,126,96,39,100
PekkaKana2_Scr01.png,screenshot_game,1.64693,1.66331,1.25113,1.21249,1.30577,1.66703,1.30368,13,23,8,8,39,13,23,20,20,22,13,13,5,15
Galak-Z_screenshot_-_lost_in_space.png,screenshot_game,1.05241,1.05295,0.969556,0.986901,1.01202,1.0531,0.909071,209,490,162,180,436,189,202,202,186,291,218,321,89,263
Score4Zugzwang.png,screenshot_game,8.01428,14.9209,9.2345,5.94278,7.1796,10.9318,13.4102,10,14,17,8,26,12,30,19,25,23,32,15,2,7
Minicraft_Title_Screen.png,screenshot_game,11.8645,132.022,151.629,110.675,137.107,22.7382,172.635,2,2,12,3,3,2,1,0,1,2,22,7,0,0
Alto%27s_Adventure_screenshot_-_B01_Roof.png,screenshot_game,4.61866,5.67373,4.08231,3.17331,3.70156,5.23968,4.5011,69,118,69,52,188,76,146,108,125,137,127,90,24,63
TowerFall_Mirage.png,screenshot_game,10.1232,26.6661,30.1646,28.4734,32.3063,16.1249,26.2734,22,32,48,21,39,23,20,13,18,26,93,39,3,12
Trini_Shii%22Mori.png,screenshot_game,1.1291,1.13155,1.03247,1.03536,1.06447,1.13216,0.975367,102,207,60,83,214,89,108,101,98,141,81,130,44,121
Dark_Scavenger_screenshot_1.png,screenshot_game,0.997523,0.997672,1.00679,1.01651,1.02417,0.997986,0.895018,131,307,108,109,218,106,95,102,91,160,141,191,54,160
Marty%27O.png,screenshot_game,1.10987,1.11274,1.03782,1.04008,1.06475,1.11301,0.96978,125,281,67,104,248,108,126,118,117,206,100,189,55,149
Sn%C3%ADmek_obrazovky_2021-09-12_v_16.57.06.png,screenshot_game,6.34007,9.40003,9.65245,9.47125,9.91919,7.75227,8.22715,29,46,45,21,56,27,27,20,24,33,78,38,7,24
Winners_Dont_Use_Drugs.png,screenshot_game,10.8441,36.7857,20.1202,9.94704,13.0309,17.9559,36.8661,2,2,4,1,4,1,6,4,5,3,9,3,0,0
Job_Simulator_screenshot_-_Office_01.png,screenshot_game,1.81703,1.88997,1.5924,1.46778,1.57748,1.86342,1.57684,141,307,120,119,329,138,205,176,181,238,180,212,60,161
Blek_-_Level_5_screenshot.png,screenshot_game,2.62218,2.6915,1.75948,1.31587,1.56278,2.72483,2.03804,123,255,82,99,442,155,365,347,308,462,145,145,53,144
Able_builders_intro2.png,screenshot_game,11.4438,90.4327,73.0993,44.5723,54.6668,21.0601,97.9176,1,0,4,0,1,0,2,0,2,1,10,2,0,0
ProgressQuest_Screenshot.png,screenshot_game,10.6855,30.7594,33.3815,20.6381,25.2491,17.26,31.96,7,12,17,5,14,6,9,7,8,9,31,11,1,4
Trainyard_game_-_screenshot_of_mixing_colors_-_2_of_3.png,screenshot_game,3.35991,3.48508,3.9848,3.96401,4.06774,3.58274,3.22122,86,133,49,52,176,71,66,53,50,86,92,80,18,76
Galak-Z_screenshot_-_gz_blue.png,screenshot_game,1.19484,1.19725,1.06021,1.03423,1.08222,1.19855,1.01862,680,488,196,172,542,403,246,226,221,323,287,339,86,250
X-pired.png,screenshot_game,0.979661,0.98018,1.00605,1.01291,1.01861,0.980212,0.885391,47,172,22,38,72,37,29,36,30,57,35,55,15,57
Stay_Frosty_(SpiceWare)_1.png,screenshot_game,5.66692,8.57457,7.41429,7.38641,7.77609,6.86158,6.87996,3,5,4,2,7,2,3,2,2,3,8,3,1,3
Trainyard_game_-_screenshot_of_mixing_colors_-_3_of_3.png,screenshot_game,3.36818,3.49488,3.99794,3.97676,4.08091,3.59348,3.23102,74,210,55,63,169,68,49,46,45,74,99,88,18,74
Flying_Tigers-_Shadows_Over_China_gameplay_screenshot_1.png,screenshot_game,1.40517,1.41632,1.22311,1.14853,1.22481,1.41645,1.18661,189,370,135,148,413,170,243,211,216,286,197,230,75,212
Broforce_four_players.png,screenshot_game,2.31917,2.48159,2.11474,2.05456,2.17948,2.42608,2.04414,114,224,103,91,268,108,147,125,130,174,161,149,47,124
Neverball_Gameplay_Screenshot_13.png,screenshot_game,1.66364,1.70538,1.51477,1.51233,1.57244,1.68793,1.41538,142,319,111,111,319,133,163,166,146,290,171,196,59,208
Rain_World_screenshot_-_Sky_Islands_4.png,screenshot_game,1.53086,1.58687,1.50473,1.4924,1.53243,1.56485,1.38631,179,373,138,131,348,148,172,146,145,207,200,266,70,189
Hedgeweap.png,screenshot_game,3.33508,3.91063,3.60387,3.53412,3.66933,3.67098,3.43389,8,12,5,5,16,5,8,6,7,7,12,9,2,7
Towdie_Screenshot.png,screenshot_game,11.3968,51.7582,57.2573,39.1175,49.9359,20.4069,63.6336,17,24,76,20,45,20,24,12,22,24,112,40,7,7
Ankh_Grim.png,screenshot_game,1.21443,1.21921,1.07501,1.06901,1.10948,1.22021,1.03317,95,205,49,269,211,92,112,122,101,183,75,128,41,603
Cree.png,screenshot_game,1.13493,1.13866,1.05366,1.05208,1.0798,1.1388,0.989319,160,293,109,123,333,112,145,126,135,183,125,195,68,161
Disim_tutorial_04.png,screenshot_game,1.55254,1.58134,1.50046,1.39653,1.46137,1.57358,1.40058,224,217,70,72,181,83,106,99,95,132,105,114,32,136
Solarus_Sample_quest_on_Windows.png,screenshot_game,9.85401,21.9963,17.732,13.7045,16.6717,15.1564,20.9962,12,17,24,10,26,13,21,13,18,19,44,20,2,7
Abyss_scratch_3.0.png,screenshot_game,11.7612,292.207,294.238,270.909,286.38,22.8219,256.19,1,1,11,2,2,1,1,0,1,1,22,5,0,0
Heartlight.png,screenshot_game,2.15075,2.16282,1.46954,1.27008,1.45201,2.18605,1.61069,11,19,6,6,35,11,27,20,23,23,11,10,4,12
Orwell_video_game_screenshot_10.png,screenshot_game,1.66992,1.70063,1.38404,1.29946,1.40101,1.69924,1.37841,159,326,143,125,392,154,240,204,211,271,144,212,68,184
Cuyo.png,screenshot_game,3.50317,4.43614,3.90001,3.80495,3.97139,3.92818,3.79877,15,28,16,14,32,14,17,15,15,22,29,22,5,16
Simple_Simon_Solitiare_PySolFC_100.png,screenshot_game,1.37779,1.39384,1.15376,1.1574,1.21369,1.38887,1.1379,206,313,96,130,379,156,199,280,176,253,148,191,61,190
Neverball_Gameplay_Screenshot_11.png,screenshot_game,2.75582,2.95169,2.24216,2.08816,2.28807,2.86667,2.23589,107,193,123,74,348,104,184,141,159,199,123,125,108,115
Dstroy.png,screenshot_game,10.7219,25.5106,33.9907,30.1662,35.5943,17.3515,28.3418,7,9,14,6,12,7,6,4,5,7,26,10,0,3
Xjump.png,screenshot_game,7.36086,8.52737,5.38316,4.2385,5.27731,8.55583,6.12736,30,40,29,14,117,29,111,49,101,56,53,26,25,24
SpellTower_screenshot_-_PuzzleMode-Lose_1.png,screenshot_game,5.53098,7.94507,5.73915,4.22906,5.02929,6.71755,6.67922,105,190,145,99,272,129,244,188,207,239,273,170,31,99
TMW_Screenshot_15.png,screenshot_game,1.24761,1.24791,1.10296,1.06891,1.11872,1.25147,1.05725,114,230,95,94,281,105,163,130,186,176,121,141,51,139
Minetest_LazyJ%27s_Forge_in_the_evening.png,screenshot_game,1.98424,2.11233,1.70727,1.6178,1.73987,2.05322,1.71965,116,232,95,102,314,125,209,168,186,206,149,145,47,165
Frotz_ifiction.png,screenshot_game,5.67107,8.36381,7.74093,7.69027,8.11547,6.98143,6.99331,17,28,27,13,32,15,15,13,14,18,43,24,4,14
Monaco_What%27s_Yours_Is_Mine_-_Screenshot_1_(Spotted).png,screenshot_game,1.57055,1.57282,1.22245,1.10869,1.21726,1.58095,1.26046,174,337,83,137,576,179,298,251,258,313,141,205,70,203
Prune_video_game_screenshot_4.png,screenshot_game,1.42428,1.43181,1.08969,1.04038,1.1264,1.43367,1.12369,398,820,191,348,1178,447,703,612,610,767,324,470,178,522
Hackmud_hacking.png,screenshot_game,1.20501,1.20518,1.03639,1.0379,1.08781,1.20593,0.990857,208,433,98,178,501,206,257,238,231,327,162,249,90,270
Dark_Scavenger_screenshot_3.png,screenshot_game,1.50908,1.52297,1.33767,1.27878,1.3474,1.52582,1.28764,100,202,54,80,228,94,131,112,116,154,87,129,42,115
Briquolo.png,screenshot_game,0.96799,0.968334,0.989718,1.00024,1.00453,0.968326,0.876179,220,517,117,184,347,174,148,168,142,256,172,350,92,269
Dark_Scavenger_screenshot_2.png,screenshot_game,1.19442,1.19868,1.14199,1.13304,1.16141,1.19984,1.04771,115,263,61,93,282,97,111,108,101,153,94,175,49,138
Blek_-_Level_2_screenshot.png,screenshot_game,2.30293,2.27412,1.45357,1.06739,1.27573,2.345,1.70923,154,252,72,106,525,178,444,368,377,389,137,148,64,166
Temporal_game_screenshot.png,screenshot_game,11.5269,72.3095,46.5711,21.8983,28.5135,20.9393,70.7799,15,20,55,20,31,19,32,21,27,31,103,38,1,6
Prune_video_game_screenshot_5.png,screenshot_game,1.15333,1.15795,1.07386,1.05541,1.09106,1.15808,1.00263,452,1190,225,420,926,440,472,468,427,809,358,695,181,566
Job_Simulator_screenshot_-_Office_02.png,screenshot_game,1.90671,1.97505,1.58496,1.46383,1.59049,1.95507,1.5981,139,308,109,109,355,136,221,185,194,237,169,207,59,170
Klondike_(solitare).png,screenshot_game,1.74126,1.81674,1.7418,1.73077,1.78511,1.78585,1.58189,40,83,31,33,77,76,37,43,33,52,47,48,14,51
Battalen-screen.png,screenshot_game,3.61174,4.63123,4.53632,4.60414,4.61788,4.07487,4.1203,3,4,3,2,5,1,2,1,1,2,7,4,1,3
Broforce_miniboss.png,screenshot_game,4.82527,6.66455,5.85325,5.64608,6.00334,5.68499,5.54658,49,97,69,53,105,54,59,53,54,74,122,83,17,136
SpellTower_screenshot_-_NightColors.png,screenshot_game,5.90877,8.96959,6.84314,5.10484,6.00293,7.33445,7.92836,94,169,143,93,230,118,198,153,171,203,268,154,24,83
Everything_screenshot_03.png,screenshot_game,2.1372,2.23145,1.80682,1.57385,1.74002,2.20895,1.82258,129,247,77,106,323,129,218,181,189,231,135,162,53,150
Jb_snapshot_3.png,screenshot_game,4.11817,5.34507,4.47459,4.35231,4.60813,4.70501,4.52031,4,9,4,5,12,4,6,6,5,7,11,6,1,4
CRITICAL_HIT!!.png,screenshot_game,10.9147,63.5244,56.9829,46.6054,52.5335,19.3776,56.3845,3,4,15,5,6,3,4,2,3,4,27,10,0,0
Neverball_Gameplay_Screenshot_10.png,screenshot_game,1.67444,1.72577,1.44978,1.39202,1.47286,1.70632,1.42033,144,346,82,116,348,141,200,182,178,234,138,221,63,170
DeSmuME_0.9.11_emulating_Diamond_Trust_of_London_on_macOS_High_Sierra.png,screenshot_game,3.73553,4.64292,3.96308,3.90668,4.12632,4.18083,3.86485,17,31,20,15,38,17,21,16,18,24,35,24,6,17
Sintel_The_Game_Docks.png,screenshot_game,1.12673,1.12772,1.05333,1.05828,1.0886,1.12796,0.970632,309,447,157,179,423,188,205,249,184,288,217,258,86,263
Crack_Attack!_ingame.png,screenshot_game,3.53394,4.33563,4.11125,3.95225,4.11495,3.91891,3.7638,41,78,40,33,74,35,41,35,38,52,71,62,14,40
Alto%27s_Adventure_screenshot_-_B08_Forest_Dawn.png,screenshot_game,5.34677,6.7421,4.60155,3.23269,3.90634,6.24754,5.28771,67,107,66,49,186,73,160,114,135,141,123,82,21,57
Epistory07.png,screenshot_game,1.10225,1.10609,1.04695,1.04343,1.07009,1.1055,0.969126,199,415,102,168,394,179,190,188,174,273,157,253,82,244
MEMPTR_Snake.png,screenshot_game,11.7395,137.133,162.354,107.783,127.24,22.2563,158.924,1,0,4,0,1,0,0,0,0,0,10,2,0,0
Hanlons_Razor_(Hanlon%27s_Razor)_HRAZOR_Menu_Screen.png,screenshot_game,8.05659,19.7795,15.4768,14.0368,15.4899,11.6003,15.2598,30,52,81,37,65,33,41,28,36,49,158,72,8,23
SpellTower_screenshot_-_VsPlayer2.png,screenshot_game,5.41214,7.10478,4.35258,3.019,3.66542,6.37403,5.60202,52,83,58,41,163,65,164,121,138,140,112,66,17,49
Blek_-_Level_3_screenshot.png,screenshot_game,2.61268,2.67035,1.73453,1.28882,1.53454,2.71056,2.01585,126,218,81,93,436,148,367,283,311,324,144,132,54,141
CompliKATEd_screenshot_2.png,screenshot_game,1.37341,1.37751,1.22615,1.15672,1.22478,1.3836,1.16172,178,365,91,144,390,222,224,202,200,274,150,232,77,209
Sn%C3%ADmek_obrazovky_2021-09-19_v_13.06.08.png,screenshot_game,4.83717,6.84699,4.73373,4.37883,4.87441,5.72391,5.35217,2,3,2,2,6,1,5,3,4,4,5,3,0,1
Celeste_screenshot_08.png,screenshot_game,3.32028,3.56972,2.92085,2.6277,2.9143,3.55467,2.84071,103,185,67,72,239,96,146,117,129,157,123,129,37,95
Darkelf_-_tituln%C3%AD_str%C3%A1nka.png,screenshot_game,2.07668,2.19388,1.83798,1.78103,1.88715,2.14321,1.77183,116,226,73,94,286,116,160,136,142,188,127,145,49,136
Alto%27s_Adventure_screenshot_-_B04_Quarter_Pipe.png,screenshot_game,3.9767,4.61247,3.19129,2.5452,2.96447,4.37942,3.53167,81,139,62,61,235,89,177,137,153,168,119,101,30,80
Trashmania_2.png,screenshot_game,11.9891,247.352,792.531,597.499,686.59,23.4541,350.532,3,3,18,5,4,3,1,0,1,3,35,11,0,0
Terracota_-_Mapa_inicial.png,screenshot_game,1.22308,1.23344,1.12603,1.12248,1.16121,1.22986,1.05174,192,398,100,158,389,169,197,186,179,263,157,249,82,227
Htdamg_affinity.png,screenshot_game,2.45385,2.65869,2.10679,1.96684,2.13422,2.5828,2.14242,30,57,26,24,80,30,50,78,44,53,42,37,12,34
Prune_video_game_screenshot_1.png,screenshot_game,1.06311,1.06972,1.0738,1.0769,1.08884,1.06727,0.962077,474,1114,245,418,799,409,349,385,328,590,375,743,182,574
Xlogical.png,screenshot_game,2.00955,2.15168,1.72605,1.75355,1.84895,2.08333,1.73415,63,133,42,56,172,65,90,84,79,105,72,85,26,83
Euchreshot1.png,screenshot_game,11.9397,145.546,217.652,130.665,157.623,22.6441,196.491,0,0,4,1,1,0,0,0,0,0,8,1,0,0
SvsL_01.png,screenshot_game,2.8783,2.92975,3.33684,3.38886,3.41934,2.92673,2.64667,24,42,12,12,38,18,13,15,13,19,24,24,6,21
Dark_Scavenger_screenshot_6.png,screenshot_game,1.18172,1.18417,1.09426,1.08981,1.12197,1.1857,1.02197,116,290,91,96,237,102,121,115,110,161,123,172,48,140
Minetest_LazyJ%27s_Forge_in_survival_mode.png,screenshot_game,1.46102,1.52383,1.55739,1.55774,1.57099,1.49308,1.38114,146,318,92,125,233,121,103,108,98,171,147,212,57,172
Monaco_What%27s_Yours_Is_Mine_-_Screenshot_6_(Character_Selection).png,screenshot_game,5.08761,6.91913,6.91462,6.59884,6.9525,5.91759,5.91496,51,94,64,43,96,50,46,41,42,63,119,77,14,46
Rain_World_screenshot_-_Shoreline_1.png,screenshot_game,2.26074,2.44619,2.12759,2.07106,2.18307,2.37203,2.04133,105,207,71,87,244,102,129,113,116,158,128,135,41,155
Job_Simulator_screenshot_-_Constore_02.png,screenshot_game,1.65986,1.70957,1.47745,1.41179,1.49682,1.69352,1.42482,151,316,87,121,337,140,198,169,177,236,146,215,66,173
Rain_World_screenshot_-_2016-05-31_16_46_49_progress.png,screenshot_game,1.50486,1.50699,1.20379,1.09628,1.1963,1.51585,1.21953,169,339,82,134,483,182,285,239,249,329,140,204,71,204
Mode_7_Test-0000.png,screenshot_game,11.2816,63.3847,85.4618,81.3994,92.3352,20.2084,66.9359,17,27,67,25,25,22,12,6,11,22,120,48,1,6
Trashmania_3.png,screenshot_game,11.9849,216.244,733.341,558.111,646.802,23.3633,306.034,3,2,18,4,7,2,1,0,1,2,34,10,0,0
Celeste_screenshot_09.png,screenshot_game,3.35056,3.57285,2.90456,2.60259,2.89798,3.60381,2.8337,110,174,66,74,244,100,152,121,134,165,122,114,37,102
20XX_Menu_picture.png,screenshot_game,2.63719,3.01992,2.77647,2.73279,2.82549,2.8289,2.62327,34,51,21,23,52,23,28,27,25,36,37,35,9,28
Interface-amour-sucre.png,screenshot_game,1.46412,1.49078,1.37709,1.33064,1.38089,1.48482,1.28927,141,305,78,112,281,122,154,139,139,196,125,202,58,164
CompliKATEd_screenshot_3.png,screenshot_game,1.38761,1.3955,1.2383,1.16698,1.23552,1.39828,1.1791,178,365,134,143,393,165,275,201,251,273,191,228,73,207
Blackwood_Crossing_August_reveal_screenshot_05_Island.png,screenshot_game,1.26496,1.28809,1.29328,1.2528,1.28389,1.27824,1.15824,184,377,104,153,297,148,153,154,142,227,161,251,75,214
Terracota_-_Jogo_menina.png,screenshot_game,1.87191,1.97229,1.70447,1.61945,1.71825,1.93019,1.65505,125,276,108,104,288,121,169,145,151,201,164,190,52,146
Tacoma_ConferenceRoom.png,screenshot_game,1.88467,1.94022,1.59991,1.42508,1.55804,1.92864,1.59621,144,299,83,111,344,140,233,192,205,252,140,205,60,158
SpellTower_screenshot_-_RushMode.png,screenshot_game,7.59862,13.1232,7.16697,4.63281,5.83468,10.0773,8.37018,28,41,46,23,97,33,90,65,76,74,85,41,12,27
OpenBVEStartScreen.png,screenshot_game,7.56645,15.3086,14.127,13.4557,14.4104,10.3379,12.5551,21,37,45,22,43,22,22,17,20,29,83,40,5,17
Alto%27s_Adventure_screenshot_-_B00_Kicker.png,screenshot_game,4.41837,5.26813,3.9232,3.21723,3.70014,4.91858,4.14652,73,126,69,56,194,80,140,104,121,135,126,94,25,70
Blek_-_Level_4_screenshot.png,screenshot_game,2.65025,2.7314,1.77064,1.32327,1.57321,2.7561,2.05772,121,213,71,91,439,143,392,272,299,313,131,132,52,138
Wurfel_Engine_screenshot.png,screenshot_game,0.96968,0.969772,0.973716,0.989387,0.997405,0.969818,0.87116,214,505,169,205,458,182,148,174,140,260,223,342,82,268
Screenshot_of_the_Ultima_Ratio_Regum_version_0.7.0._taken_in_2015.png,screenshot_game,11.2413,41.3482,47.0189,24.0826,31.1233,19.4906,47.3592,19,25,50,19,33,20,29,17,26,28,99,37,2,8
CompliKATEd_screenshot_1.png,screenshot_game,1.37033,1.37607,1.23368,1.17052,1.23493,1.38005,1.166,179,372,135,144,390,164,218,197,195,270,192,230,73,208
SpellTower_screenshot_-_VsPlayer1.png,screenshot_game,5.26172,6.78556,4.15173,2.93427,3.56945,6.15165,5.01333,52,87,60,42,176,67,162,127,136,140,113,68,21,54
Broforce_on_the_helicopter.png,screenshot_game,2.83238,3.2255,2.8597,2.79415,2.93334,3.04213,2.72707,85,176,87,73,183,81,99,87,90,124,142,127,33,93
Trek73_video_game_screenshot.png,screenshot_game,11.7683,118.361,75.0687,33.3438,44.7856,22.2575,140.063,3,4,17,5,7,3,7,3,6,8,32,11,0,0
Evacshelter_b.png,screenshot_game,10.6231,24.6787,14.464,8.61083,11.4307,17.0354,28.3997,0,0,0,0,0,0,1,0,1,0,1,0,0,0
Prune_video_game_screenshot_2.png,screenshot_game,0.990935,0.993287,1.00843,1.02035,1.02694,0.992363,0.897179,544,1171,256,453,907,433,356,395,321,627,386,761,194,667
Broforce_parachute_mooks.png,screenshot_game,2.87727,3.29627,2.83116,2.75004,2.90906,3.10269,2.74307,84,172,68,71,188,80,107,90,97,127,123,126,34,92
Speedway-Joyce_Weisbecker.png,screenshot_game,10.9333,54.1653,61.1957,48.1978,54.5891,19.0129,48.5741,5,5,15,5,7,4,4,2,3,4,29,11,0,2
Euchreshot2.png,screenshot_game,11.9206,126.554,200.872,121.62,146.605,22.4165,169.983,0,0,4,0,1,0,0,0,0,0,8,1,0,0
Letterpress_previous_games_screenshot.png,screenshot_game,8.2912,22.7582,20.749,19.432,20.6271,12.2927,19.5568,16,32,55,25,29,20,16,11,16,26,103,48,4,11
PioneerSpaceSim_screenshot.png,screenshot_game,2.49166,2.62296,1.98858,1.65281,1.85179,2.60977,2.11645,82,157,66,64,237,87,212,139,179,170,109,105,33,92
Dark_Scavenger_screenshot_5.png,screenshot_game,1.17796,1.18044,1.11875,1.10029,1.13169,1.18213,1.03202,117,270,63,95,231,102,118,111,108,188,96,178,50,140
Dark_Scavenger_screenshot_4.png,screenshot_game,1.48237,1.49237,1.31715,1.26951,1.33436,1.49822,1.25564,103,205,55,83,251,93,133,115,119,155,87,128,65,117
Rain_World_screenshot_-_Shoreline_2.png,screenshot_game,3.4249,4.26166,3.73069,3.65912,3.83594,3.81966,3.58606,62,123,78,60,133,63,73,65,66,95,130,97,23,69
Euchreshot3.png,screenshot_game,11.9376,144.219,199.975,116.658,142.398,22.6291,194.501,0,0,4,0,1,0,0,0,0,0,9,1,0,0
Meritous-automap.png,screenshot_game,9.40059,19.2457,17.3491,14.2546,16.448,13.8702,15.8408,49,18,21,9,35,13,18,12,15,17,40,17,2,8
Job_Simulator_screenshot_-_Constore_01.png,screenshot_game,1.68835,1.74045,1.50102,1.436,1.52303,1.72274,1.44605,149,316,124,119,341,137,193,170,171,228,179,210,65,174
Sn%C3%ADmek_obrazovky_2021-09-05_v_14.06.43.png,screenshot_game,8.1476,21.5611,16.4314,15.4677,16.7646,11.879,18.014,1,3,5,2,4,1,2,1,1,1,10,4,0,1
Rail_Route_%E2%80%94_Logo-black.png,screenshot_game,11.5286,179.393,143.78,120.87,136.105,21.8399,141.785,7,10,44,14,9,8,6,2,5,10,84,29,0,1
Minetest_LazyJ%27s_Forge_at_dusk.png,screenshot_game,1.7913,1.88335,1.57731,1.53031,1.6236,1.84018,1.5553,127,267,74,105,322,128,177,154,157,206,131,175,74,151
Prune_video_game_screenshot_3.png,screenshot_game,1.94849,2.04132,1.76221,1.58146,1.70265,2.01405,1.74004,297,615,177,247,683,294,435,375,382,501,311,405,109,338
Rail_Route_%E2%80%94_Editor.png,screenshot_game,1.81814,1.88949,1.63278,1.59069,1.67934,1.86196,1.57255,127,260,97,102,308,126,163,144,146,192,152,165,50,176
Bankai.png,screenshot_game,2.87356,2.93608,2.46254,2.24588,2.43973,3.03065,2.47461,76,130,52,53,180,74,113,92,99,117,91,76,23,74
Job_Simulator_screenshot_-_Hero_convenience.png,screenshot_game,1.98116,2.03888,1.6786,1.45728,1.60591,2.03027,1.67918,140,251,108,106,336,133,232,191,202,305,168,165,57,152
EmpireOriginal.png,screenshot_game,9.95351,23.4222,18.6704,11.8632,15.0539,15.8005,24.2485,8,10,17,7,18,8,16,12,14,15,32,12,1,4
Absolver_screenshot_Help.png,screenshot_game,1.05788,1.05793,0.971282,0.978916,1.00725,1.05839,0.91253,210,439,103,173,431,188,207,206,189,290,158,256,87,261
Rain_World_screenshot_-_Sky_Islands_1.png,screenshot_game,1.62693,1.6951,1.59513,1.57966,1.62599,1.6696,1.47147,146,311,131,119,277,124,141,134,129,194,184,215,60,166
Glenn_Wichman_Toxic_ravine.png,screenshot_game,2.05864,2.22445,1.92085,1.97603,2.02571,2.14475,1.86629,5,9,3,4,12,4,6,6,5,7,7,7,2,6
Smiler_in_Arrowe_Land.png,screenshot_game,11.7466,91.0087,71.3092,34.2736,44.7531,21.8811,107.638,1,1,4,1,2,1,1,1,1,1,9,3,0,0
Scourge_character_creation.png,screenshot_game,1.41283,1.41408,1.09256,1.10496,1.16872,1.41903,1.11511,45,89,19,35,130,45,72,62,63,77,34,50,19,58
Tacoma_CrewMeeting.png,screenshot_game,1.42971,1.44996,1.28699,1.22178,1.29025,1.4458,1.23227,171,354,137,140,395,157,213,188,191,259,195,229,97,198
Alto%27s_Adventure_screenshot_-_A06_Forest.png,screenshot_game,1.41679,1.41414,1.09032,1.00237,1.09636,1.42307,1.12849,179,361,86,144,508,222,318,267,278,338,144,221,79,221
Rca_studio2_bowling_ss.png,screenshot_game,12.0064,439.12,1282.19,1109.62,1145.07,23.7202,614.114,1,1,11,2,1,1,0,0,0,1,17,5,0,0
Prune_screenshot_wide.png,screenshot_game,1.21076,1.22344,1.18575,1.19697,1.21812,1.21829,1.08135,142,303,73,116,266,123,117,123,109,179,117,189,53,172
Alto%27s_Adventure_screenshot_-_A03_Sunrise.png,screenshot_game,6.31621,8.75928,5.49865,3.51634,4.37185,7.70702,6.94757,57,94,67,48,162,72,155,112,131,141,114,80,17,46
Fullscore5-1.png,screenshot_game,3.20678,3.73262,3.44828,3.50656,3.60779,3.49914,3.17078,8,14,8,6,16,7,8,9,7,10,15,10,3,8
This_Is_the_Police_-_Screenshot_02.png,screenshot_game,3.31706,3.8539,3.18594,2.85242,3.11814,3.61749,3.15843,78,168,78,62,187,76,122,98,108,128,133,115,29,81
Ambient_lights_cube_engine.png,screenshot_game,1.16287,1.17112,1.12593,1.1236,1.1479,1.17031,1.02294,497,1131,255,450,930,464,457,453,422,677,407,720,197,616
Push_Me_Pull_You_screenshot_07.png,screenshot_game,7.36354,16.5119,13.6217,12.3954,13.3978,10.2731,13.8608,23,39,60,28,45,25,29,22,26,38,106,52,6,18
Blackwood_Crossing_August_reveal_screenshot_04_Planetarium.png,screenshot_game,0.997986,0.998187,0.978185,0.989603,1.00325,0.998375,0.886978,221,523,175,185,388,228,173,185,163,276,231,347,89,267
Cibele_video_game_screenshot_3.png,screenshot_game,1.50728,1.56278,1.45734,1.44157,1.48765,1.53746,1.35148,141,309,121,122,286,128,143,139,131,201,175,205,58,170
Neverball_Gameplay_Screenshot_7.png,screenshot_game,1.86463,1.99194,1.81183,1.77469,1.84424,1.93184,1.71528,123,271,115,125,248,108,134,121,121,174,168,189,51,140
Alto%27s_Adventure_screenshot_-_B07_Island.png,screenshot_game,4.27568,5.08741,3.45942,2.6948,3.16953,4.76885,3.84985,75,130,60,59,217,85,171,130,146,163,117,97,28,72
WorldWar3Preview.png,screenshot_game,1.13016,1.13342,1.17539,1.17272,1.18033,1.13397,1.03198,82,173,44,65,130,64,56,62,53,91,66,110,32,98
Neverball_Kursauswahl.png,screenshot_game,3.17649,3.76578,3.18386,2.95414,3.15375,3.47804,3.1555,68,145,117,61,161,70,102,85,90,114,123,111,26,112
Hwscreen.png,screenshot_game,2.61181,2.80457,2.24283,2.04134,2.22344,2.73912,2.26697,57,106,37,44,152,57,98,78,86,102,69,70,22,65
KNetWalk.png,screenshot_game,3.70354,4.10591,3.25255,2.64596,3.01482,4.02452,3.36421,25,36,16,15,59,22,46,35,39,42,30,24,8,21
KAtomicScreenShot.png,screenshot_game,3.86943,4.58733,3.70169,3.17682,3.5364,4.30078,3.70929,29,52,25,21,69,27,50,38,43,50,46,36,10,29
Orwell_video_game_screenshot_6.png,screenshot_game,2.27287,2.42809,2.09894,1.9627,2.10162,2.3691,2.01491,112,221,98,93,260,108,152,129,137,177,154,147,46,125
Threes_development_process_art_mockup_16.png,screenshot_game,9.71217,36.036,24.0011,19.5849,22.9321,15.6974,27.3495,11,21,44,16,25,14,20,14,17,23,81,33,3,7
Threes_development_process_art_mockup_02.png,screenshot_game,11.198,101.464,79.306,65.1259,75.5042,20.524,80.2984,8,12,42,15,12,10,8,3,7,12,81,29,1,3
Samba_of_the_Wolves_Wiley.png,screenshot_game,1.19392,1.20512,1.08264,1.10532,1.13641,1.20056,1.02846,65,145,33,54,146,61,68,70,61,93,53,84,25,89
Rain_World_screenshot_-_Line_Farms_2.png,screenshot_game,1.89411,2.03264,1.90226,1.87903,1.9358,1.9679,1.77004,116,258,77,98,225,104,116,109,107,160,132,180,45,134
PerOxydScreenshot.png,screenshot_game,1.80495,1.81327,1.36445,1.19423,1.33011,1.82987,1.43511,88,83,24,32,139,46,95,77,80,92,40,49,19,55
EmpireOpenSource_windowless.png,screenshot_game,9.31906,25.5297,16.8363,13.2575,16.1422,14.4445,21.4279,6,6,14,8,12,7,12,8,11,9,27,10,1,10
Threes_development_process_art_mockup_03.png,screenshot_game,10.5253,57.9796,41.7202,33.2032,38.7239,18.1752,47.039,10,14,47,15,18,11,14,9,12,15,81,34,1,3
Threes_development_process_art_mockup_17.png,screenshot_game,10.2375,49.998,33.9188,28.8871,33.4769,17.2735,37.4888,11,16,42,16,19,13,15,8,13,19,82,32,2,5
Chasing_Aurora_screenshot_09_(Wii_U).png,screenshot_game,2.21337,2.32169,2.01577,1.83614,1.97918,2.28979,1.94026,122,238,99,97,275,115,178,154,157,198,155,151,47,134
Chasing_Aurora_screenshot_10_(Chase).png,screenshot_game,3.26924,3.93906,3.36457,3.13194,3.34931,3.60629,3.29228,69,151,67,64,157,69,98,81,87,114,164,138,27,76
Scourge_character_information.png,screenshot_game,1.38394,1.38589,1.14533,1.13737,1.20087,1.38995,1.11434,87,175,60,71,218,84,121,112,108,139,89,107,38,110
Orwell_video_game_screenshot_7.png,screenshot_game,1.87659,1.93914,1.66689,1.52694,1.64307,1.92395,1.62208,141,296,113,111,321,133,197,169,173,227,172,203,57,155
Rouge-game.png,screenshot_game,10.0227,15.1503,9.45946,4.42274,5.99203,14.5419,16.8323,13,14,15,6,32,36,40,30,33,30,30,11,2,13
SaoriFKiss002.png,screenshot_game,1.86416,1.97932,1.76673,1.75284,1.81869,1.9271,1.67906,75,159,67,61,163,67,86,79,77,130,100,107,31,89
Tooth_and_Tail_-_Development_4.png,screenshot_game,1.58,1.63216,1.47399,1.43741,1.49889,1.61073,1.39662,155,602,130,135,321,138,176,170,159,247,188,395,64,221
Alto%27s_Adventure_screenshot_-_A04_Ice.png,screenshot_game,4.11564,4.8664,3.48181,2.73843,3.17979,4.5638,3.83643,76,132,72,58,209,82,160,121,138,152,129,97,27,72
Neverball_Gameplay_Screenshot_6.png,screenshot_game,1.61374,1.67256,1.51177,1.42698,1.50133,1.64852,1.44648,146,318,126,122,300,133,180,163,162,226,182,213,60,169
Cibele_video_game_screenshot_2.png,screenshot_game,1.49855,1.51293,1.29147,1.14986,1.24594,1.51369,1.2769,166,338,119,132,394,162,257,220,227,286,178,208,66,194
Cw3.png,screenshot_game,5.68454,7.2196,5.64227,4.19898,4.86322,6.75767,6.00595,58,89,55,40,145,63,114,87,98,109,106,65,15,101
Push_Me_Pull_You_screenshot_06.png,screenshot_game,5.07089,7.69104,6.33378,5.89146,6.33711,6.15644,6.41218,37,79,65,40,88,41,54,44,48,66,117,77,13,36
Chasing_Aurora_screenshot_08_(Thorn).png,screenshot_game,2.32611,2.4643,2.17246,1.86814,2.04069,2.43162,2.12567,114,221,101,96,248,108,171,147,150,189,176,149,43,120
Kikinanobot.png,screenshot_game,8.57214,17.3412,10.7249,5.81384,7.34247,12.1023,15.0805,30,46,56,28,83,39,99,71,84,86,106,50,6,22
This_Is_the_Police_-_Screenshot_03.png,screenshot_game,4.63452,5.8858,4.90386,4.1871,4.6787,5.33421,4.78393,61,106,65,49,141,62,95,75,83,107,119,82,19,58
Core_War_PMars_Screenshot.png,screenshot_game,10.4663,25.9138,25.6681,12.6819,16.1902,16.6127,28.2097,2,2,4,1,4,1,5,3,4,3,10,3,0,0
Pang_Zero.png,screenshot_game,5.55319,6.91109,4.71472,2.9984,3.65889,6.52409,5.81312,39,59,37,27,110,43,108,77,90,90,67,46,11,31
This_Is_the_Police_-_Screenshot_01.png,screenshot_game,2.70543,3.06965,2.58144,2.43582,2.60154,2.89673,2.57201,85,178,87,75,203,85,124,104,109,144,143,129,34,97
KSpaceDuel1.1.png,screenshot_game,10.1004,51.7143,40.8665,32.2601,36.6426,17.0788,42.0889,8,12,42,14,14,9,11,7,10,13,78,29,1,3
Push_Me_Pull_You_screenshot_04.png,screenshot_game,7.69462,18.4345,14.9669,13.3881,14.5982,10.9561,15.3913,20,61,59,28,42,25,29,20,26,35,109,66,5,15
Push_Me_Pull_You_screenshot_10.png,screenshot_game,3.3635,4.10336,3.64419,3.47327,3.66055,3.7313,3.51302,66,128,65,61,140,64,82,70,73,102,118,98,25,70
HDX_Screenshot.png,screenshot_game,1.17478,1.19945,1.26479,1.27083,1.27262,1.18716,1.10101,251,583,229,223,371,200,153,178,149,283,306,390,101,302
Openciv-0.95.png,screenshot_game,2.68508,2.94592,2.28499,1.97648,2.18729,2.84535,2.41059,51,93,36,42,142,55,99,84,86,100,65,61,18,56
Chasing_Aurora_screenshot_11_(Freeze).png,screenshot_game,2.42054,2.52978,1.98299,1.72411,1.92002,2.50446,2.02774,120,218,70,90,312,122,211,172,185,217,130,142,46,129
Neverball_Gameplay_Screenshot_4.png,screenshot_game,1.21271,1.22427,1.19298,1.19943,1.22138,1.21952,1.07963,183,402,97,177,330,182,153,157,142,255,153,262,72,220
Rain_World_screenshot_-_subway.png,screenshot_game,7.01848,9.60174,5.64982,3.38901,4.32523,8.66201,7.27697,53,74,58,35,158,59,152,107,129,126,103,58,15,42
Kye.png,screenshot_game,5.13433,6.4483,5.33695,5.11849,5.5828,5.97326,5.19408,13,19,11,7,30,11,17,13,14,15,23,14,4,12
Flinthook_screenshot_-_Pax_tutorial.png,screenshot_game,2.65053,2.88235,2.55453,2.49798,2.63394,2.81103,2.40602,99,191,87,77,259,94,113,99,101,140,142,129,37,106
Project_Starfighter.png,screenshot_game,8.49811,17.28,11.1271,6.51721,8.11517,12.0025,15.0892,17,22,26,14,39,18,46,29,38,38,53,24,3,11
Hackmud_patching.png,screenshot_game,1.33509,1.33544,1.0604,1.0421,1.11595,1.33758,1.05878,194,394,121,166,555,208,299,263,263,345,183,223,87,255
Freedom_Planet_Cutscene.png,screenshot_game,9.31679,15.7603,12.1622,9.69481,12.0229,13.3742,15.0046,21,27,30,14,48,22,35,23,30,34,54,25,4,12
Moria-like-game.png,screenshot_game,11.3632,43.2827,26.4047,15.0599,19.3753,19.95,52.2517,0,0,2,0,1,0,1,0,1,0,4,0,0,0
Threes_development_process_art_mockup_01.png,screenshot_game,11.643,197.564,176.812,139.602,162.915,22.2862,170.961,6,9,45,13,9,8,5,1,5,8,81,29,0,0
Threes_development_process_art_mockup_15.png,screenshot_game,9.05436,28.3028,18.6521,16.0537,18.5,13.9712,20.8637,13,23,46,18,33,16,23,16,20,25,83,35,3,8
Blek_screenshot_collection_4.png,screenshot_game,6.36384,7.55035,5.05504,2.31,3.00656,7.64918,7.10655,83,120,88,57,251,98,315,229,267,257,156,94,21,64
Rain_World_screenshot_-_Shorelne_4.png,screenshot_game,4.03149,5.1033,4.36018,4.14343,4.43802,4.56029,4.2344,59,112,60,53,135,60,76,65,67,91,114,89,20,60
Absolver_screenshot_Forest.png,screenshot_game,1.16188,1.16116,1.01723,0.98677,1.03646,1.16378,0.984019,194,399,140,162,456,186,246,277,220,304,196,237,81,240
Dnd8won.png,screenshot_game,11.0586,65.1229,47.8503,29.2077,35.3322,19.6631,67.2042,5,6,17,6,9,5,9,4,8,7,33,36,0,4
Threes_development_process_art_mockup_14.png,screenshot_game,10.8479,73.7472,52.5315,41.3446,48.5436,19.2791,57.919,9,15,43,15,15,11,13,6,11,14,80,31,1,3
Minetest_LazyJ%27s_Forge_with_creative_inventory_opened.png,screenshot_game,1.90451,2.02213,1.83964,1.83001,1.8971,1.97137,1.73135,118,257,100,98,249,110,125,116,114,166,154,171,44,138
Trainyard_game_-_prototype_screenshot_dated_2009_May.png,screenshot_game,1.39036,1.4153,1.38662,1.39175,1.41682,1.40863,1.24798,28,61,20,23,50,23,23,26,21,35,31,38,9,38
Orwell_video_game_screenshot_4.png,screenshot_game,2.47115,2.63029,2.35666,2.21005,2.35997,2.57778,2.18518,114,208,72,83,235,100,134,116,120,159,138,140,42,118
Minetest_high-res_texture_pack_2.png,screenshot_game,1.17436,1.18101,1.07483,1.07577,1.10695,1.17915,1.01369,145,311,114,121,305,130,152,147,139,206,155,199,61,205
Antimage.png,screenshot_game,6.21492,7.42232,7.26993,6.87782,7.4895,7.46538,6.38664,44,63,41,25,90,39,46,36,41,50,73,42,11,33
Neverball_Gameplay_Screenshot_5.png,screenshot_game,3.10493,3.46642,2.61005,2.20632,2.49312,3.31561,2.73749,92,177,66,73,248,98,175,139,152,176,122,127,37,96
Cw0.png,screenshot_game,3.8713,4.35902,3.46648,3.01221,3.34638,4.26335,3.46964,77,132,65,56,199,80,163,100,145,131,117,85,25,75
Battle_for_Mandicor_0.0.5.png,screenshot_game,3.66219,3.5844,2.4723,1.57434,1.91497,3.92098,2.91854,101,152,67,63,329,105,308,231,263,256,125,96,36,92
Cibele_video_game_screenshot_1.png,screenshot_game,1.19199,1.19356,1.0293,1.01066,1.06133,1.19518,1.00202,189,424,91,159,456,185,242,227,219,300,148,236,79,239
Cyclops-cover.png,screenshot_game,2.00013,2.07752,1.75979,1.65082,1.77392,2.05264,1.70124,130,245,82,101,315,123,180,154,159,207,135,157,55,146
DRAGON32_Shock_Trooper_1Titles.png,screenshot_game,11.2992,42.0731,40.6423,28.5306,37.2782,20.1368,51.9548,8,9,22,6,12,6,8,6,7,9,40,14,0,2
Push_Me_Pull_You_screenshot_05.png,screenshot_game,8.74604,26.937,21.1776,19.4537,21.3283,13.3374,21.5158,16,32,59,26,33,21,22,16,20,31,110,50,4,12
Thrust_Title.png,screenshot_game,11.6157,45.5465,90.8364,69.5622,78.7308,19.3282,50.8129,1,1,5,1,2,0,1,0,1,0,11,2,0,0
Lbreakout2.png,screenshot_game,1.00356,1.00425,0.978012,0.99835,1.00943,1.00417,0.888598,78,171,56,66,141,67,62,69,57,97,77,96,28,102
Labyrinth_for_Sword_of_Fargoal_%22Sword_Level%22.png,screenshot_game,1.85903,2.0127,1.99382,2.01421,2.04002,1.93466,1.78859,105,262,99,97,182,95,81,87,75,143,154,166,38,127
Alto%27s_Adventure_screenshot_-_B02_Village.png,screenshot_game,4.76927,6.0713,4.35064,3.22738,3.79667,5.50329,4.93504,63,110,68,50,173,69,142,108,122,132,124,89,21,59
Nuclear_Throne_screenshot_09.png,screenshot_game,3.10842,3.65501,3.09461,3.00468,3.18707,3.39161,3.03156,74,155,67,65,173,74,97,84,87,118,122,117,29,82
LastBattleForceRates.png,screenshot_game,11.436,35.932,29.5887,19.9646,25.6437,19.6353,46.5689,5,5,14,3,11,4,10,7,8,7,25,8,0,2
Push_Me_Pull_You_screenshot_01.png,screenshot_game,8.00463,20.8027,16.3678,15.2113,16.6011,11.6461,17.0446,18,35,60,27,39,23,25,17,22,33,111,50,5,14
CityBattle_Virtual_Earth_Screenshot1.png,screenshot_game,1.07881,1.08069,1.00773,1.00468,1.03306,1.08059,0.939403,206,430,105,171,411,181,205,199,187,283,159,262,87,249
This_Is_the_Police_-_Screenshot_04.png,screenshot_game,4.42714,5.78037,4.69188,4.14892,4.57685,5.09459,4.68838,56,100,67,48,134,56,88,69,76,94,122,82,19,55
This_Is_the_Police_-_Screenshot_10.png,screenshot_game,3.39411,4.02764,3.36465,3.06508,3.32256,3.72763,3.32208,72,134,78,61,168,73,108,89,96,121,133,98,27,76
Absolver_screenshot_Fight02.png,screenshot_game,1.04159,1.04155,0.980184,0.983337,1.00787,1.04209,0.908738,209,494,106,176,417,225,198,198,181,282,161,364,88,258
Job_Simulator_screenshot_-_Auto_01.png,screenshot_game,1.90747,2.00697,1.76869,1.68258,1.77787,1.96623,1.6968,129,281,83,105,280,118,162,143,145,195,137,198,54,146
Evacshelter.png,screenshot_game,10.9698,32.2767,21.878,13.5749,17.4657,18.5451,38.1475,1,0,1,0,2,0,1,0,1,0,4,0,0,0
Neverball_Gameplay_Screenshot_1.png,screenshot_game,1.48161,1.50491,1.41149,1.39662,1.4441,1.49592,1.29825,163,337,129,128,323,141,160,153,146,216,185,213,64,188
FooBillard_3.0a_on_Linux_sshot20040807.png,screenshot_game,3.27211,3.64287,2.64443,2.13099,2.4349,3.49802,2.8743,54,95,47,38,156,56,123,92,105,109,79,66,20,57
Clonk-Endeavour-4.9.5.4-deutsch-screen.png,screenshot_game,2.21057,2.18238,1.49483,1.10417,1.30489,2.25517,1.70185,127,242,61,92,416,143,349,268,297,310,115,140,50,140
BananaDash2.png,screenshot_game,8.87544,26.2195,18.7084,15.8716,18.1511,13.4233,20.3889,4,7,15,6,10,5,7,5,6,7,28,11,1,3
Tooth_and_Tail_-_Development_3.png,screenshot_game,1.4292,1.44694,1.22048,1.17792,1.24899,1.44329,1.20322,170,353,87,139,410,165,233,206,209,273,144,224,71,201
Score4ForbiddenPost.png,screenshot_game,10.1524,38.3383,25.6779,16.7456,20.1335,16.678,35.3215,6,7,15,6,10,6,10,7,8,10,29,11,0,2
Noctis_Screenshot.png,screenshot_game,3.57571,3.8565,2.66427,2.26126,2.60331,3.80782,2.8914,21,34,13,14,65,22,45,74,38,41,26,21,8,20
Gang_Garrison_2.png,screenshot_game,11.7592,107.77,124.607,88.3307,105.327,22.2285,121.217,7,10,32,11,10,9,7,3,6,9,61,23,0,2
Jump_%27n_Bump.png,screenshot_game,9.22707,20.5115,12.876,8.19071,10.2169,13.6931,17.0058,15,22,30,13,41,18,38,26,33,34,53,24,3,9
Job_Simulator_screenshot_-_Fun_01.png,screenshot_game,1.77039,1.83938,1.5921,1.51993,1.6105,1.81357,1.53761,145,306,123,115,322,129,182,160,162,218,178,209,62,162
PySolFC-Bakers-Deal-No-2-Midst-of-Solving-by-fc-solve-with-gi-preset.png,screenshot_game,1.43126,1.44803,1.18911,1.20116,1.26288,1.44356,1.17631,81,169,54,66,220,81,115,104,100,132,83,105,35,106
Threes_development_process_art_mockup_04.png,screenshot_game,11.2825,120.065,89.2802,73.7284,85.5606,20.8981,93.6883,7,10,45,14,11,8,7,4,7,10,81,29,0,1
BioRust_Screenshot_02.png,screenshot_game,1.45741,1.47046,1.21803,1.12888,1.21676,1.46968,1.20911,190,350,83,137,424,170,261,229,229,285,139,210,69,203
Threes_development_process_art_mockup_10.png,screenshot_game,8.82621,24.1914,15.8025,12.8556,15.0597,13.318,18.0454,15,25,42,19,37,18,31,20,26,31,81,36,4,10
Konquest.png,screenshot_game,7.79406,15.1611,15.2591,14.8631,15.8304,10.7494,13.2903,15,23,31,14,29,14,14,9,12,18,57,26,3,11
Trainyard_game_-_Machine_Gun_level_screenshot.png,screenshot_game,3.05581,3.20377,3.12645,3.02835,3.17687,3.22514,2.77512,74,129,47,52,144,68,71,64,65,92,90,78,21,73
Star_Trek_text_game.png,screenshot_game,11.6227,152.658,113.533,71.6817,88.5059,22.0375,160.444,3,1,10,2,2,1,1,0,1,1,19,5,0,0
Tacoma_StationExterior.png,screenshot_game,1.55436,1.56676,1.29831,1.19892,1.29509,1.57139,1.2856,168,390,87,132,414,164,256,218,226,283,145,225,72,197
Threes_development_process_art_mockup_11.png,screenshot_game,8.9085,25.1274,16.833,13.5638,15.8138,13.5354,18.9078,15,23,43,17,35,16,28,19,24,28,83,34,4,10
BioRust_Screenshot_03.png,screenshot_game,2.04868,2.10174,1.63973,1.39785,1.56169,2.09933,1.70186,137,254,79,107,359,141,262,210,230,262,138,166,58,152
Threes_development_process_art_mockup_05.png,screenshot_game,10.8871,78.3474,55.6497,46.461,54.0494,19.4452,60.4841,10,12,46,15,16,11,10,5,9,14,81,32,1,3
Volcano.png,screenshot_game,10.7586,39.264,29.9413,22.8365,28.595,18.1531,39.2521,8,9,21,8,15,7,11,7,9,11,39,15,1,2
Orwell_video_game_screenshot_1.png,screenshot_game,2.23732,2.36422,2.17748,2.0746,2.18886,2.32099,1.99435,120,270,102,92,245,106,134,122,121,167,160,149,47,131
Mapperkmud.png,screenshot_game,9.8843,22.4168,20.8919,14.6003,17.5229,15.0298,19.3441,23,30,40,17,43,22,31,21,27,31,75,31,4,13
Tooth_and_Tail_-_Development_2.png,screenshot_game,2.35891,2.53548,1.89487,1.73145,1.91107,2.46193,1.99561,107,205,106,87,317,119,202,162,177,207,124,132,45,126
Behaviour_Tree.png,screenshot_game,2.99152,3.27587,2.98342,2.88994,3.06722,3.18647,2.68962,94,173,74,70,196,87,98,92,87,125,130,112,30,101
Rudo.png,screenshot_game,0.967863,0.967892,0.983062,0.992863,0.998312,0.968033,0.874588,134,305,71,112,219,110,95,104,91,173,103,194,56,167
Kiki_the_nano_bot_screenshot.png,screenshot_game,8.8201,16.382,9.99922,6.27832,7.87235,12.2042,12.6825,22,30,34,16,61,24,58,40,49,48,65,29,6,16
Absolver_screenshot_Fight03.png,screenshot_game,0.987478,0.987509,0.965967,0.983184,0.995515,0.9876,0.876738,217,511,175,189,395,185,173,185,163,277,232,334,91,268
This_Is_the_Police_-_Screenshot_11.png,screenshot_game,5.38953,8.42418,7.23664,6.87712,7.34598,6.6374,6.86532,36,70,57,40,77,41,45,36,40,57,108,67,12,36
This_Is_the_Police_-_Screenshot_05.png,screenshot_game,3.29793,3.80885,3.04961,2.72325,2.99997,3.58173,3.065,78,195,76,63,201,80,128,130,112,139,132,113,29,86
EmpireOpenSource.png,screenshot_game,8.35524,17.2587,12.6121,10.495,12.3682,11.8463,13.7954,8,12,18,7,19,8,16,10,13,13,33,14,2,5
Nuclear_Throne_screenshot_08.png,screenshot_game,4.29309,5.74851,4.70926,4.48292,4.81857,4.97077,4.73238,51,100,91,48,156,54,72,58,64,85,115,85,18,53
A_House_in_California.png,screenshot_game,9.60061,31.2728,28.9151,26.0749,28.8086,15.1236,25.1278,19,29,57,23,32,20,18,11,17,25,102,42,3,11
Jumper_platformer.png,screenshot_game,10.5015,36.5922,25.5053,13.2389,16.9002,17.2516,36.9407,9,8,18,6,13,7,16,10,14,13,35,13,0,2
ADR1FT_gameplay_screenshot.png,screenshot_game,1.21284,1.21673,1.13263,1.12309,1.16028,1.21859,1.0477,171,381,91,141,336,148,173,163,159,236,140,239,76,201
CityBattle_Virtual_Earth_Screenshot2.png,screenshot_game,1.30371,1.31073,1.16689,1.14858,1.19994,1.31208,1.10763,184,379,96,150,406,170,212,193,192,270,154,239,79,221
Push_Me_Pull_You_screenshot_02.png,screenshot_game,8.59541,25.8419,20.2021,18.5145,20.2867,13.0162,21.1428,16,30,56,24,34,20,22,14,20,28,108,48,4,11
Absolver_screenshot_Fight01.png,screenshot_game,1.04856,1.04857,0.967535,0.976322,1.00333,1.04893,0.905989,207,488,104,176,429,190,205,201,188,288,159,315,89,260
Contraption_8.png,screenshot_game,3.31158,3.90586,3.13045,2.83449,3.10485,3.61555,3.13938,75,154,64,64,186,91,124,100,108,130,121,116,29,84
This_Is_the_Police_-_Screenshot_07.png,screenshot_game,3.01235,3.40049,2.69506,2.40004,2.64491,3.23036,2.73385,85,165,78,69,257,89,146,119,127,155,133,117,32,93
Interstellar_Force_Lost_in_8-Bit_space_(5455466752).png,screenshot_game,1.01298,1.01298,0.992685,0.993459,1.01428,1.01298,0.883496,37,79,17,32,65,32,29,34,27,46,28,44,14,49
Job_Simulator_screenshot_-_Auto_02.png,screenshot_game,1.82879,1.91048,1.65567,1.57033,1.66578,1.87902,1.60425,135,297,82,111,306,127,179,155,160,213,139,201,56,173
Actsmudwintinnet.png,screenshot_game,9.98503,26.7834,26.6566,17.9104,21.3352,15.3961,25.0003,10,12,19,7,16,7,12,8,11,11,36,14,1,5
KGoldrunner_game_in_progress.png,screenshot_game,8.07786,14.7848,13.0249,12.0027,13.5687,11.0623,11.6049,36,52,56,26,75,32,41,30,35,45,109,50,9,25
Neverball_Gameplay_Screenshot_2.png,screenshot_game,1.39764,1.41952,1.35124,1.34894,1.38544,1.41052,1.23566,167,346,135,134,339,141,158,152,141,217,191,218,66,195
Monaco_What%27s_Yours_Is_Mine_-_Screenshot_5_(Hacking_the_Embassy).png,screenshot_game,1.52023,1.52276,1.19429,1.10925,1.20911,1.53083,1.22058,190,369,91,150,522,194,317,266,274,339,155,227,79,227
Rail_Route_%E2%80%94_Header-image.png,screenshot_game,1.02548,1.02664,1.00778,1.02395,1.03719,1.02671,0.913463,115,258,57,96,213,101,89,123,83,176,87,160,43,145
Job_Simulator_screenshot_-_Fun_02.png,screenshot_game,2.0575,2.14591,1.71264,1.51589,1.6656,2.11955,1.75354,131,262,78,105,337,133,226,189,198,240,136,163,55,149
Orwell_video_game_screenshot_3.png,screenshot_game,2.58078,2.8027,2.58939,2.46565,2.60403,2.72054,2.36142,102,203,92,80,208,92,112,101,101,141,147,139,39,113
Trainspotting.png,screenshot_game,8.84893,16.1234,10.6921,6.45525,7.89181,12.4967,16.4387,2,1,3,0,5,0,7,3,6,3,6,1,0,0
Blek_screenshot_collection_2.png,screenshot_game,7.3977,9.68666,6.45712,2.63932,3.49651,9.36428,9.46377,70,100,79,49,215,82,311,203,264,225,157,85,23,50
BioRust_Screenshot_01.png,screenshot_game,0.93543,0.935429,0.987132,0.994188,0.994695,0.935437,0.859164,220,519,174,190,326,181,122,157,119,246,228,332,81,270
Threes_development_process_art_mockup_13.png,screenshot_game,9.65099,34.9981,23.4075,18.1712,21.529,15.478,28.1645,12,21,43,17,27,16,22,17,19,25,80,35,2,6
Threes_development_process_art_mockup_07.png,screenshot_game,9.33996,30.9524,20.1076,16.4084,19.2204,14.6648,23.2785,28,20,45,18,31,17,23,17,20,26,80,34,3,8
Trainyard_game_-_Cooksville_Creek_level_screenshot.png,screenshot_game,3.10103,3.2562,3.08972,2.95445,3.12433,3.2764,2.78458,76,130,58,111,154,69,81,69,73,98,99,78,22,73
Broforce_boss_rocket.png,screenshot_game,3.02603,3.43721,2.97587,2.89294,3.06645,3.2604,2.85038,85,169,84,67,189,80,104,90,93,125,138,121,32,89
Threes_development_process_art_mockup_06.png,screenshot_game,9.51808,34.72,22.2531,19.1375,22.3392,15.2237,26.0013,12,19,45,16,27,14,21,13,18,22,84,33,2,7
Threes_development_process_art_mockup_12.png,screenshot_game,10.9018,79.2506,55.1277,42.6984,50.2841,19.4881,61.1333,9,12,42,15,14,11,11,5,9,14,80,30,1,3
Thrust_InGame.png,screenshot_game,11.1752,27.8007,58.052,47.4688,53.9867,16.9184,29.8645,2,2,4,0,3,0,2,0,2,0,9,1,0,0
Blek_screenshot_collection_3.png,screenshot_game,6.36918,7.77134,5.22998,2.43669,3.1568,7.69671,7.24534,83,117,83,57,245,95,297,215,250,244,150,93,20,63
DayZ.png,screenshot_game,6.50905,11.8372,9.30201,9.02371,9.78456,8.53545,9.5393,4,6,8,4,11,4,6,4,5,6,15,7,1,3
Town_of_Xenon.png,screenshot_game,6.97264,10.2393,7.35379,4.77487,5.70061,9.00062,9.65921,12,17,16,8,33,12,32,24,27,28,30,15,3,8
Orwell_video_game_screenshot_2.png,screenshot_game,2.9051,3.18385,2.91617,2.73796,2.92011,3.07993,2.65706,94,183,67,71,199,86,109,95,98,131,123,125,34,99
B.A.L.L.Z.png,screenshot_game,9.53952,16.5071,15.2569,11.7898,14.3554,13.5183,16.9093,17,19,24,9,32,16,23,16,20,20,44,19,2,10
Tooth_and_Tail_-_Development_1.png,screenshot_game,1.34825,1.3772,1.25172,1.26424,1.30344,1.36426,1.17628,164,351,122,144,356,155,165,168,149,235,178,212,64,206
Benkid77_GoldenEgg.png,screenshot_game,11.7001,180.582,134.993,85.2347,103.539,22.2816,188.505,0,0,4,0,1,0,1,0,1,0,9,2,0,0
Neverball_Gameplay_Screenshot_3.png,screenshot_game,1.3677,1.38896,1.32981,1.3336,1.36609,1.37982,1.20877,165,344,89,136,316,143,185,147,173,212,145,217,66,219
Contraption_9.png,screenshot_game,2.84949,3.19152,2.77693,2.44134,2.65693,3.04142,2.69505,90,180,89,75,196,87,136,112,121,152,144,131,35,97
This_Is_the_Police_-_Screenshot_06.png,screenshot_game,3.54243,4.32421,3.32938,2.99707,3.30218,3.93297,3.46721,66,125,76,59,178,72,119,95,104,125,131,96,27,73
This_Is_the_Police_-_Screenshot_12.png,screenshot_game,2.55318,2.81868,2.37184,2.19994,2.366,2.70071,2.32724,93,187,68,79,222,93,139,139,124,158,122,129,37,110
Push_Me_Pull_You_screenshot_03.png,screenshot_game,6.99679,14.6237,12.1219,11.1361,11.9987,9.53636,12.2752,25,47,66,30,50,27,32,24,28,41,111,58,7,20
Paku_Paku.png,screenshot_game,11.5064,47.5387,69.0857,53.5341,67.2144,20.7111,59.483,6,7,17,5,9,5,6,3,5,5,32,11,0,2
Hundreds_(video_game)_-_Level_61.png,screenshot_game,2.24711,2.25211,1.40063,1.10337,1.28232,2.28126,1.64663,142,245,80,103,511,171,401,310,337,355,150,145,61,159
Metamorphabet_screenshot_03.png,screenshot_game,2.22798,2.2634,1.5875,1.33546,1.50647,2.28869,1.76009,127,227,69,93,417,141,292,269,253,276,125,139,54,143
Neverputt_Gameplay_Screenshot_2.png,screenshot_game,3.99126,4.66495,3.85807,3.00974,3.43229,4.39009,4.02441,70,121,71,53,169,73,135,106,116,134,128,90,22,68
Pong.png,screenshot_game,11.8697,535.914,386.214,384.269,457.215,23.2244,373.589,5,5,33,9,6,5,3,0,3,5,61,20,0,0
Nuclear_Throne_screenshot_06.png,screenshot_game,2.15577,2.31371,2.0056,1.97398,2.07482,2.24587,1.93653,112,222,100,91,254,104,136,122,122,171,156,148,45,127
Crusader_Tetra.png,screenshot_game,5.05452,7.65468,7.01829,7.16459,7.23913,6.13522,6.64837,1,1,1,0,2,0,1,0,1,0,3,1,0,1
Muttsworldmine_Survival_spawn.png,screenshot_game,1.14643,1.15171,1.0334,1.04393,1.07477,1.15017,0.976764,147,317,109,123,322,137,159,164,144,231,153,196,62,187
Contraption_4.png,screenshot_game,3.96167,4.607,3.63737,2.87193,3.29367,4.35478,3.75152,74,128,63,56,187,77,146,114,125,142,119,96,27,74
Cave_Troll_Level_Of_Sintel_The_Game.png,screenshot_game,1.14641,1.14665,0.992449,0.994545,1.03825,1.14759,0.958784,163,344,77,137,393,160,197,183,176,253,124,204,68,208
Severed_screenshot_04.png,screenshot_game,1.61974,1.64469,1.38919,1.32072,1.41041,1.64394,1.35202,164,335,92,128,382,152,228,191,203,319,151,225,72,185
SpellTower_screenshot_-_Tutorial.png,screenshot_game,5.3441,7.25746,4.88433,3.08308,3.76656,6.32055,6.12913,116,209,143,104,323,150,363,280,308,326,272,174,33,110
Ai_dungeon_with_a_custom_setting.png,screenshot_game,9.77459,43.728,42.5917,41.0103,42.5552,16.0339,38.5167,13,25,60,25,18,19,10,5,9,21,108,47,2,6
Flinthook_screenshot_-_Pax_square_5.png,screenshot_game,11.3745,47.6217,61.5713,50.9206,61.2724,20.0825,53.05,15,22,45,16,24,15,14,7,13,17,83,31,1,6
Rain_World_screenshot_-_Underhang_1080.png,screenshot_game,2.0196,2.15705,1.88273,1.82705,1.92162,2.09737,1.81602,116,234,109,98,264,109,152,130,136,178,164,155,50,135
VideoOlympics.png,screenshot_game,11.927,315.658,1019.25,990.572,1019.34,23.2741,331.426,11,14,66,21,11,13,5,0,5,12,120,44,0,1
Threes_development_process_art_mockup_23.png,screenshot_game,10.8063,66.6028,52.3155,43.1065,49.7834,19.0399,53.1161,11,15,46,17,18,12,11,6,9,16,83,32,1,3
Bethewumpus_screenshot.png,screenshot_game,11.8762,151.663,532.496,480.608,517.08,22.3405,161.317,6,7,30,8,7,5,4,0,4,5,56,19,0,0
Monaco_What%27s_Yours_Is_Mine_-_Screenshot_4_(Casino_Heist).png,screenshot_game,1.34188,1.34295,1.09197,1.0536,1.12765,1.34697,1.08878,201,401,137,168,553,205,297,294,262,345,201,240,88,247
Sopwith-screenshot.png,screenshot_game,11.9033,282.926,371.804,288.8,340.762,23.1305,333.138,3,3,18,5,3,3,1,0,1,3,32,11,0,0
Mini_Metro_screenshot_0.png,screenshot_game,2.45666,2.51302,1.68344,1.40539,1.62713,2.54073,1.88713,129,221,68,94,415,141,294,257,254,286,132,140,55,142
Benkid77_SpaceWhale.png,screenshot_game,11.7412,189.201,154.644,72.7416,92.3354,22.5082,205.668,0,0,4,1,1,0,1,0,1,0,9,2,0,0
Fragments_of_Him_-_Work_In_Progress_screenshot_3.png,screenshot_game,1.32692,1.3334,1.10587,1.06847,1.13748,1.33434,1.08807,178,401,129,148,456,180,292,264,263,300,187,229,77,225
Mini_Metro_screenshot_1.png,screenshot_game,2.55242,2.61262,1.7155,1.4089,1.64327,2.6439,1.94521,125,215,68,89,412,139,303,231,260,275,130,136,53,134
American_Sammy_Corp.png,screenshot_game,4.89586,6.18271,6.24126,6.58199,6.74316,5.48075,5.31518,1,2,1,0,3,0,1,1,1,0,3,0,0,1
Neverputt_Titelbildschirm.png,screenshot_game,4.02048,5.13553,4.55464,4.24039,4.52315,4.55374,4.36398,56,107,61,51,123,56,72,63,65,86,113,87,19,57
Galak-Z_screenshot_-_floating_rhino.png,screenshot_game,1.03098,1.03157,0.990709,0.996314,1.01603,1.03184,0.909364,207,487,106,175,415,182,182,184,169,270,161,316,85,252
Threes_development_process_art_mockup_22.png,screenshot_game,10.5762,61.0175,43.1452,35.5974,41.1681,18.3629,46.501,9,16,47,16,17,12,13,7,11,16,81,31,1,3
Alchemistpic.png,screenshot_game,3.45373,3.67439,3.19701,3.07,3.30165,3.70323,2.97904,62,107,44,43,144,59,77,64,67,128,80,65,20,61
Flinthook_screenshot_-_Pax_square_4.png,screenshot_game,11.4674,52.6164,82.8899,74.4139,85.4606,20.5553,58.9896,14,20,44,15,21,15,12,5,11,14,84,31,1,5
Severed_screenshot_05.png,screenshot_game,1.57296,1.59269,1.3445,1.24232,1.33561,1.59334,1.32348,168,347,133,132,422,156,248,210,219,276,191,231,74,190
Fantastic_Contraption_VR_screenshot_06.png,screenshot_game,2.80617,3.23024,2.7909,2.62004,2.7926,3.01697,2.68469,83,170,70,71,183,77,113,95,101,131,123,126,34,94
Monaco_What%27s_Yours_Is_Mine_-_Screenshot_2_(Lobby).png,screenshot_game,2.22323,2.37156,2.13284,2.05231,2.16589,2.31048,1.98326,115,215,75,89,242,103,133,116,119,161,129,142,44,128
SpellTower_screenshot_-_RushMode(2).png,screenshot_game,5.82101,8.57297,6.01188,4.17535,4.99863,7.12849,7.07605,100,177,142,95,271,129,259,197,221,247,266,157,31,97
Contraption_5.png,screenshot_game,2.62521,2.90841,2.42063,2.12749,2.32345,2.78149,2.4382,96,191,92,80,227,96,184,129,138,169,149,138,39,105
Dr._Langeskov_The_Tiger_and_The_Terribly_Cursed_Emerald_Screenshot_6.png,screenshot_game,1.89828,1.97009,1.63763,1.50607,1.62887,1.953,1.61982,134,277,104,108,331,135,201,170,177,265,158,186,55,151
Lemonade_Stand_2.png,screenshot_game,11.608,96.1538,89.0957,63.4305,79.8453,21.7211,115.324,4,3,15,3,4,2,3,2,3,3,26,9,0,0
Job_Simulator_screenshot_-_Kitchen_01.png,screenshot_game,2.20941,2.38935,2.03627,1.87693,2.01011,2.31161,2.01642,111,221,106,95,255,106,162,136,143,186,162,154,47,124
Nuclear_Throne_screenshot_07.png,screenshot_game,3.3021,3.98236,3.38167,3.26107,3.4608,3.64311,3.31719,69,147,79,61,160,68,91,76,79,108,132,113,26,75
Neverputt_Gameplay_Screenshot_3.png,screenshot_game,2.93587,3.24811,2.8919,2.51009,2.73848,3.12374,2.81599,86,168,67,68,215,84,130,109,114,142,123,119,30,92
Metamorphabet_screenshot_02.png,screenshot_game,1.48641,1.48728,1.07593,1.0307,1.11964,1.49297,1.1425,162,780,75,147,529,193,315,280,274,379,132,232,75,238
Neverputt_Gameplay_Screenshot_1.png,screenshot_game,3.38729,3.64985,2.87504,2.29436,2.62942,3.58401,2.9994,92,154,63,62,238,92,180,143,155,173,121,100,31,91
Nuclear_Throne_screenshot_05.png,screenshot_game,2.6886,3.01714,2.50512,2.39856,2.56421,2.86986,2.49238,88,178,87,76,213,89,124,108,109,151,141,124,35,99
Dr._Langeskov_The_Tiger_and_The_Terribly_Cursed_Emerald_Screenshot_4.png,screenshot_game,1.30114,1.307,1.11464,1.07798,1.14042,1.30866,1.08567,187,386,98,154,447,180,339,225,313,306,153,239,87,225
This_Is_the_Police_-_Screenshot_08.png,screenshot_game,5.24111,7.6466,6.16757,5.66732,6.21617,6.3311,6.10726,43,80,58,42,108,47,67,53,58,73,136,72,16,44
Neverball_Sprachauswahl.png,screenshot_game,7.84159,12.1865,9.88228,7.07239,8.49205,9.95997,10.1555,44,64,63,30,108,45,78,57,67,75,116,57,11,34
Contraption_7.png,screenshot_game,2.17475,2.3072,2.01001,1.74543,1.90241,2.25587,1.96727,119,229,77,96,286,114,182,156,161,203,133,156,47,130
Monaco_What%27s_Yours_Is_Mine_-_Screenshot_3_(The_Lookout_in_Action).png,screenshot_game,1.33211,1.33309,1.08441,1.04845,1.12121,1.33691,1.08209,198,405,94,169,530,203,292,264,258,345,158,236,86,252
The_Bub%27s_Brothers.png,screenshot_game,7.91145,14.8007,9.97806,6.97814,8.43998,10.8099,12.3592,12,16,19,8,31,12,26,19,22,23,35,16,2,9
Frogatto.png,screenshot_game,8.69926,14.7454,10.7142,8.7111,10.637,12.1928,13.6696,24,33,32,18,58,26,42,31,36,40,63,32,4,15
Fantastic_Contraption_VR_screenshot_04.png,screenshot_game,2.27282,2.46274,2.16764,2.02439,2.15305,2.37772,2.08907,105,210,74,87,235,99,142,123,126,199,129,145,42,120
Triplane_Turmoil_screenshot.png,screenshot_game,7.54361,13.0525,8.56679,5.99298,7.25809,9.98992,10.7302,2,3,3,1,9,3,7,6,6,6,8,3,0,1
ReCaged_project_version_0.7.0_preview_thumbnail.png,screenshot_game,10.8993,46.3646,30.0977,15.5108,20.3827,18.457,38.5608,22,31,68,25,47,26,51,34,44,48,125,51,3,11
Royals_screenshot.png,screenshot_game,11.5537,57.8121,79.8884,56.5756,69.4127,20.9149,73.0084,8,9,26,8,14,7,8,4,7,8,49,18,0,2
Threes_development_process_art_mockup_20.png,screenshot_game,9.88801,35.0882,27.1641,22.8978,26.363,15.8101,26.9539,14,21,44,17,30,15,19,12,17,21,82,32,3,8
Broforce_landmine.png,screenshot_game,2.85236,3.24604,2.8139,2.72816,2.88347,3.06748,2.7123,87,173,88,72,190,81,107,91,95,128,143,127,34,93
Threes_development_process_art_mockup_08.png,screenshot_game,8.892,25.3791,16.3447,13.3061,15.6045,13.4903,19.0539,14,23,43,18,35,18,29,19,24,30,83,35,4,10
Job_Simulator_screenshot_-_Hero_kitchen.png,screenshot_game,3.22264,3.76747,3.26436,2.95833,3.19833,3.5043,3.12741,77,158,82,64,169,74,109,91,97,121,137,122,30,81
Mini_Metro_screenshot_3.png,screenshot_game,2.07351,2.10787,1.5267,1.31981,1.4919,2.12402,1.64301,138,246,72,103,410,148,286,225,246,276,132,151,58,154
Broforce_boss_destructing.png,screenshot_game,2.72187,3.01259,2.64116,2.57126,2.71489,2.89191,2.51935,94,187,91,75,208,88,114,99,103,136,145,132,36,100
Fragments_of_Him_-_Work_In_Progress_screenshot_1.png,screenshot_game,2.25305,2.37215,1.91676,1.65973,1.83951,2.34357,1.9256,121,228,98,98,303,124,211,171,185,221,154,151,48,133
Alto%27s_Adventure_screenshot_-_A05_Night.png,screenshot_game,5.45869,7.11971,5.26553,3.99754,4.71155,6.38854,5.6737,58,93,56,43,157,62,120,88,103,113,114,74,19,52
Mini_Metro_screenshot_2.png,screenshot_game,2.3901,2.44058,1.64343,1.3762,1.58898,2.46546,1.84188,130,230,68,95,416,144,300,231,258,279,129,141,55,142
Threes_development_process_art_mockup_09.png,screenshot_game,8.86633,25.0462,16.2101,13.2274,15.4979,13.4249,18.8315,14,24,43,18,37,17,29,20,25,30,83,35,4,10
Threes_development_process_art_mockup_21.png,screenshot_game,10.1653,46.2752,31.9616,26.3189,30.4488,17.0076,34.6993,11,18,43,19,22,15,17,10,15,20,80,33,2,5
PVEgen.png,screenshot_game,1.98337,2.1072,1.82768,1.73707,1.83922,2.0544,1.7702,80,165,53,65,175,73,106,92,95,124,89,114,33,92
Tutojob.png,screenshot_game,1.40667,1.40992,1.13952,1.12435,1.19432,1.41431,1.12269,72,148,35,57,191,70,106,94,93,120,58,91,32,92
Scourge_screenshot_r2315.png,screenshot_game,1.10048,1.10334,1.04025,1.04885,1.07049,1.10304,0.960419,195,405,98,161,383,171,180,180,165,262,152,244,79,238
FreeOrion-production.png,screenshot_game,5.11701,7.25772,6.2999,5.52334,5.99753,6.17028,6.18342,43,82,63,40,95,43,63,49,55,70,115,74,14,41
Fantastic_Contraption_VR_screenshot_05.png,screenshot_game,2.40613,2.66714,2.22631,2.09855,2.24435,2.54311,2.21043,95,198,93,83,234,96,141,120,125,161,147,136,39,112
Hundreds_(video_game)_-_Level_0.png,screenshot_game,2.26434,2.27521,1.38108,1.09755,1.27812,2.29799,1.63347,142,330,79,104,511,175,401,312,340,358,138,144,63,164
Dre.png,screenshot_game,6.71211,10.8723,9.54595,8.62204,9.37094,8.55625,9.43924,2,3,4,2,6,2,5,2,4,3,8,3,0,1
This_Is_the_Police_-_Screenshot_09.png,screenshot_game,2.8913,3.22201,2.45072,2.15285,2.39787,3.0839,2.56397,90,179,66,75,252,99,171,135,169,175,124,129,37,99
Contraption_6.png,screenshot_game,2.51804,2.70463,2.25289,1.88401,2.09338,2.638,2.27577,107,211,73,86,253,105,189,154,165,199,130,144,42,115
Chasing_Aurora_screenshot_12_(Freeze).png,screenshot_game,1.78271,1.82672,1.48623,1.34836,1.46641,1.81896,1.50227,147,306,114,117,372,197,239,196,211,260,171,202,62,179
Alto%27s_Adventure_screenshot_-_B11_Volcano.png,screenshot_game,5.99483,8.2673,6.19237,4.53988,5.40149,7.17639,6.70802,55,81,59,39,137,56,107,80,93,100,114,69,16,46
Dr._Langeskov_The_Tiger_and_The_Terribly_Cursed_Emerald_Screenshot_5.png,screenshot_game,1.37948,1.39305,1.19755,1.12508,1.1958,1.39139,1.18102,173,360,91,143,409,168,250,212,222,287,149,225,73,204
Opentyrian_torm.png,screenshot_game,1.95462,1.98078,1.49677,1.42777,1.5453,1.99167,1.56318,12,23,5,9,36,12,22,18,19,21,10,13,5,14
Nuclear_Throne_screenshot_04.png,screenshot_game,2.7872,3.10649,2.48118,2.36847,2.55717,2.97224,2.49686,90,181,67,78,232,94,138,120,121,159,122,127,36,105
Job_Simulator_screenshot_-_Kitchen_02.png,screenshot_game,2.07827,2.23671,1.97306,1.85969,1.96556,2.16459,1.90786,114,226,108,96,248,107,149,130,134,176,163,152,46,129
Lemonade_Stand_1.png,screenshot_game,11.5062,73.1408,70.9089,50.7544,63.7746,21.2587,88.7999,4,4,15,4,7,3,4,3,3,4,28,10,0,0
Nuclear_Throne_screenshot_10.png,screenshot_game,3.85651,4.86402,3.95986,3.78383,4.07025,4.35762,3.98025,61,116,73,55,144,63,85,71,76,102,151,90,22,62
Metamorphabet_screenshot_01.png,screenshot_game,2.54626,2.55396,1.61712,1.25435,1.46225,2.61148,1.90273,132,221,78,91,453,155,357,274,304,319,139,135,53,180
Yoda_Soccer_screenshot.png,screenshot_game,3.44071,3.41033,2.20699,1.48701,1.8093,3.6314,2.70346,41,63,26,25,140,45,128,96,109,105,49,40,16,40
Dcss.0.21.webtiles.Elven-Halls.png,screenshot_game,1.86501,2.0104,1.97291,1.99374,2.02334,1.93885,1.78316,98,201,66,86,173,87,76,81,71,121,114,129,33,120
Metamorphabet_screenshot_05.png,screenshot_game,3.20811,3.26344,2.13415,1.53046,1.81329,3.36178,2.53151,113,190,62,76,359,129,308,229,263,359,121,123,41,112
Neverputt_Gameplay_Screenshot_4.png,screenshot_game,4.76584,5.68428,4.64401,3.44547,4.01618,5.38104,4.96179,64,107,68,44,158,66,134,100,115,123,207,80,19,58
Blackwood_Crossing_August_reveal_screenshot_03_Treehouse.png,screenshot_game,1.06662,1.07095,1.03615,1.03994,1.05921,1.06943,0.947462,203,453,229,186,377,190,172,184,161,280,218,271,82,254
Contraption_2.png,screenshot_game,3.11342,3.63235,3.021,2.6699,2.912,3.38034,3.04145,78,171,68,77,190,88,199,107,114,151,128,133,31,87
BOSscreen.png,screenshot_game,1.83921,1.84391,1.32077,1.14042,1.27724,1.86008,1.43282,91,174,48,68,290,101,204,162,175,218,82,101,37,105
StationSnapshot2.png,screenshot_game,4.11714,5.18106,4.81793,4.74264,4.93618,4.66462,4.40557,47,89,55,37,91,45,47,39,43,60,96,70,15,46
Ten_tiles_on_weekly_no_tabs_full_res.png,screenshot_game,3.44097,4.18892,3.97819,3.85338,3.98539,3.82758,3.66822,46,87,53,38,82,42,44,40,39,59,90,68,15,46
Dr._Langeskov_The_Tiger_and_The_Terribly_Cursed_Emerald_Screenshot_1.png,screenshot_game,1.18566,1.19313,1.1238,1.10354,1.1384,1.19213,1.0421,197,412,105,163,378,170,196,191,179,266,161,262,83,231
TowerFall_Flight.png,screenshot_game,9.44204,18.5045,22.4502,21.2187,23.8328,14.0958,18.6541,27,43,53,25,52,30,25,17,23,33,94,44,5,17
Tile_World.png,screenshot_game,8.10872,14.3895,16.4655,15.7294,16.8529,11.1894,12.5295,16,21,23,10,27,37,12,18,11,20,43,19,3,11
Ayner.png,screenshot_game,1.18601,1.19072,1.07788,1.0715,1.10601,1.19136,1.024,118,267,63,97,250,103,134,123,121,169,95,178,52,141
Blocks_on_ice_gameplay_1.png,screenshot_game,1.13626,1.14173,1.04218,1.0678,1.08872,1.1396,0.977275,36,77,17,30,76,31,37,36,33,49,28,46,14,44
Neverball_Gameplay_Screenshot_8.png,screenshot_game,1.74807,1.79079,1.63087,1.63744,1.69163,1.77465,1.5203,138,283,79,102,293,120,145,133,132,183,136,185,54,155
Severed_screenshot_02.png,screenshot_game,1.63777,1.6566,1.31618,1.21598,1.3225,1.65773,1.33751,165,337,126,128,422,165,268,234,236,289,185,222,74,211
SolarWolf-splash.png,screenshot_game,3.75625,4.65799,3.55532,3.02337,3.36017,4.20774,3.76788,38,76,37,33,102,41,80,59,69,75,68,61,15,38
Fantastic_Contraption_VR_screenshot_01.png,screenshot_game,1.45967,1.49437,1.36967,1.35452,1.40387,1.48092,1.28465,155,334,88,130,323,141,168,159,152,222,145,215,64,189
Skrupel.png,screenshot_game,5.98971,9.31493,8.12202,7.4693,8.07279,7.46571,7.57022,41,68,61,36,83,40,51,39,45,103,114,62,12,36
GNU_bg_screenshot.png,screenshot_game,2.42864,2.60752,2.31062,2.22944,2.35405,2.53337,2.16612,138,258,92,111,298,131,159,141,143,198,167,168,51,150
Flinthook_screenshot_-_Pax_square_3.png,screenshot_game,11.3014,47.1663,62.5927,53.3966,63.2924,20.0224,51.545,15,21,46,17,24,16,14,7,12,18,85,32,1,6
Turbo_Rubber_Ducky_Shootout.png,screenshot_game,11.6912,148.036,121.263,66.5776,82.8442,22.0941,164.366,1,0,5,0,1,0,0,0,0,0,10,2,0,0
Orwell_video_game_screenshot_9.png,screenshot_game,2.11408,2.1775,1.6572,1.50796,1.66405,2.1795,1.71512,137,251,74,106,373,139,242,191,241,246,132,159,56,149
Broforce_explosion.png,screenshot_game,2.93301,3.33998,2.88894,2.80012,2.96462,3.1608,2.78596,86,170,68,70,190,81,107,90,95,128,125,124,33,93
Threes_development_process_art_mockup_19.png,screenshot_game,9.70297,35.2351,24.8757,20.7182,23.8893,15.5716,26.5764,12,20,44,17,26,17,20,13,17,22,80,34,3,7
Rowlands_Challenge.png,screenshot_game,9.20857,21.9423,23.4894,20.7143,22.7822,13.9321,20.0752,21,27,38,17,31,18,17,10,15,21,70,32,3,10
Threes_development_process_art_mockup_25.png,screenshot_game,10.0415,40.7408,30.1523,25.0167,28.8561,16.5883,31.385,12,20,43,17,24,15,17,10,15,20,82,34,2,7
Supertux-checkpoint.png,screenshot_game,1.67533,1.70914,1.73184,1.73507,1.76288,1.70222,1.52786,83,171,63,67,144,70,63,70,59,99,96,109,28,101
Maelstrom_screenshot.png,screenshot_game,11.5148,153.294,129.596,93.0624,109.774,21.6732,136.349,3,5,23,6,5,4,5,1,4,4,45,14,0,0
Fragments_of_Him_-_Work_In_Progress_screenshot_5.png,screenshot_game,1.62349,1.63203,1.23697,1.1379,1.25255,1.63877,1.27142,164,380,81,128,467,171,293,243,256,311,154,204,73,198
AssaultCube_screenshot.png,screenshot_game,1.08224,1.08555,1.02913,1.03867,1.06136,1.08482,0.950292,202,488,150,178,407,187,184,194,169,277,209,300,80,259
One_Hour_One_Life_Screenshot.png,screenshot_game,0.942514,0.942582,0.989516,0.995059,0.996877,0.942616,0.863742,229,545,123,215,343,180,141,167,137,261,178,362,95,276
Neverball_Pausenmen%C3%BC.png,screenshot_game,1.42643,1.4467,1.3253,1.31503,1.36511,1.43866,1.22548,168,348,92,137,347,148,175,167,160,234,148,222,72,197
Fragments_of_Him_-_Work_In_Progress_screenshot_4.png,screenshot_game,1.92121,1.95689,1.47153,1.28528,1.43572,1.95888,1.54001,144,292,75,111,411,153,274,223,238,283,133,191,60,162
Chasing_Aurora_screenshot_07_(Wii_U).png,screenshot_game,2.10222,2.19684,1.91764,1.80211,1.92503,2.16528,1.82295,126,242,77,102,282,120,163,149,146,197,133,157,51,141
Threes_development_process_art_mockup_24.png,screenshot_game,10.7858,67.3383,51.5238,42.5527,49.107,18.9936,52.8793,10,14,44,15,16,11,12,5,10,14,82,30,1,5
Threes_development_process_art_mockup_18.png,screenshot_game,9.90284,38.1779,27.6757,22.9409,26.4903,16.1011,29.2256,12,19,43,17,25,14,19,12,35,21,80,32,2,6
Blackwood_Crossing_August_reveal_screenshot_02_Train.png,screenshot_game,1.07454,1.0766,1.0455,1.03381,1.05775,1.07713,0.951861,211,432,110,175,384,179,187,191,174,273,167,271,88,255
Sn%C3%ADmek_obrazovky_2021-09-24_v_18.07.06.png,screenshot_game,9.81919,42.9919,27.4395,24.0361,28.1992,16.1023,34.9527,1,1,5,1,3,1,1,0,1,1,38,3,0,0
EnigmaScreenshot.png,screenshot_game,1.96956,1.99683,1.54991,1.406,1.54174,2.01581,1.5729,49,93,33,36,142,48,90,77,77,93,54,54,20,58
Flinthook_screenshot_-_Pax_square_2.png,screenshot_game,10.7519,30.459,34.1987,30.0042,35.4227,17.8451,31.2893,19,27,46,18,35,20,20,13,18,25,85,34,3,10
Severed_screenshot_03.png,screenshot_game,2.16314,2.22016,1.70563,1.50345,1.67374,2.21194,1.74265,136,248,102,99,369,134,245,197,214,246,163,158,58,150
Mari0_Online_Multiplayer_Co-op_screenshot.png,screenshot_game,2.20735,2.34052,2.13014,2.13343,2.2223,2.29165,1.94962,114,217,72,88,237,104,116,109,105,154,125,137,42,129
Neverball_Gameplay_Screenshot_9.png,screenshot_game,1.77148,1.80065,1.63816,1.62855,1.6922,1.79276,1.51172,142,289,79,103,295,123,152,140,138,189,135,188,56,159
Trainyard_game_-_Quaddy_prototype_screenshot.png,screenshot_game,1.68819,1.72032,1.41013,1.38222,1.48621,1.71208,1.4282,26,50,19,20,67,26,40,36,35,42,29,28,10,32
Flinthook_screenshot_-_Pax_worm.png,screenshot_game,2.75915,2.99361,2.77965,2.7466,2.87,2.9198,2.53503,101,189,130,74,205,90,103,90,93,130,143,128,34,104
Push_Me_Pull_You_screenshot_09.png,screenshot_game,7.20856,15.1934,12.5959,11.4964,12.467,9.88324,12.6533,24,48,61,31,51,29,32,25,28,62,107,60,7,20
Dungeon_crawl_stone_soup.png,screenshot_game,3.85673,5.12104,4.70527,4.74947,4.8701,4.41333,4.40818,22,47,28,23,46,22,22,19,22,32,52,39,8,25
Contraption_3.png,screenshot_game,1.93853,2.04839,1.84439,1.78947,1.87454,1.99991,1.74726,118,263,73,98,253,111,136,127,122,174,128,188,44,144
Metamorphabet_screenshot_04.png,screenshot_game,5.78387,6.67023,4.15901,2.6229,3.22072,6.72454,5.80713,70,102,61,46,215,83,208,150,176,172,115,76,19,57
Broforce_boss_fight.png,screenshot_game,2.53781,2.7967,2.44756,2.3957,2.52156,2.68653,2.33947,96,195,91,79,215,91,117,101,105,142,146,134,38,105
CRIM_%E6%AD%A6%E5%99%A8NPC%E5%9C%96.png,screenshot_game,3.15469,3.75804,2.87529,2.79205,3.02071,3.44621,2.95223,53,105,49,51,153,60,84,73,73,98,92,74,22,65
Nuclear_Throne_screenshot_01.png,screenshot_game,4.88607,6.86676,5.64985,5.34941,5.77423,5.80034,5.58217,47,92,59,44,141,49,66,51,58,116,113,79,16,46
Nuclear_Throne_screenshot_03.png,screenshot_game,4.62381,6.21425,5.44597,5.23756,5.57396,5.40854,5.16758,52,97,61,44,114,51,65,51,59,75,113,81,17,51
Contraption_1.png,screenshot_game,2.59494,2.88418,2.54057,2.32535,2.4945,2.75184,2.41327,92,192,92,80,207,90,129,113,116,153,146,136,37,106
Rain_World_screenshot_-_2016-05-31_16_15_34_climbing.png,screenshot_game,1.59231,1.59348,1.17528,1.04271,1.1624,1.60226,1.24228,171,330,113,132,510,184,337,275,292,337,170,202,74,200
KBattleship_Screenshot.png,screenshot_game,2.16682,2.3638,2.49735,2.50812,2.52708,2.26978,2.15309,60,129,55,54,94,53,37,42,36,67,115,88,18,73
Dr._Langeskov_The_Tiger_and_The_Terribly_Cursed_Emerald_Screenshot_2.png,screenshot_game,1.14357,1.14805,1.08633,1.07838,1.1083,1.14816,1.00001,200,425,103,166,381,174,189,186,175,266,160,253,82,236
3dcursedlabyrinth-mazegame.png,screenshot_game,7.70999,16.2939,14.0569,12.7776,13.6916,10.7765,13.5383,5,8,11,5,12,5,7,4,6,7,21,9,1,3
StationSnapshot1.png,screenshot_game,7.54613,17.8721,15.3435,14.4178,15.1891,10.6549,15.2517,15,28,47,20,28,16,19,13,17,23,81,40,4,11
ManifoldGarden_11.png,screenshot_game,1.75276,1.78903,1.54748,1.35921,1.47426,1.78492,1.53129,153,318,125,119,336,142,232,236,206,258,184,217,62,166
Tux_Racer_gameplay_pre-v0.60.png,screenshot_game,1.34954,1.33417,1.09585,0.945736,1.03552,1.3521,1.09549,102,204,48,84,281,104,201,175,174,209,81,116,42,132
Severed_screenshot_01.png,screenshot_game,1.97677,2.01201,1.53488,1.3685,1.52036,2.01122,1.57829,147,263,107,111,399,147,261,219,227,268,167,168,63,165
Sn%C3%ADmek_obrazovky_2021-09-12_v_16.46.05.png,screenshot_game,6.48901,10.3231,10.3943,10.3144,10.777,8.11653,8.9766,17,27,28,14,32,16,14,11,13,19,49,25,4,13
Fantastic_Contraption_VR_screenshot_02.png,screenshot_game,1.6079,1.66149,1.48461,1.45525,1.5206,1.63871,1.41098,142,307,115,118,311,131,165,153,148,210,176,197,57,170
Stella_Shii%27Mori.png,screenshot_game,0.961474,0.96151,0.985923,0.994051,0.998304,0.961643,0.872198,135,302,70,113,215,108,93,102,90,157,103,196,57,164
TerraMagnusGame.png,screenshot_game,6.20214,11.169,10.0299,9.93045,10.3228,8.02696,9.38492,13,24,30,14,25,13,12,10,11,18,48,26,3,11
Orbithopper.png,screenshot_game,2.6737,2.98088,2.37977,2.25359,2.44657,2.83996,2.36864,55,106,43,45,148,54,90,75,80,98,76,71,24,67
Threes_development_process_art_mockup_26.png,screenshot_game,10.3721,49.4111,37.0225,30.4226,35.1082,17.5798,38.5703,11,17,44,16,20,14,15,9,13,19,82,32,2,5
Fragments_of_Him_-_Work_In_Progress_screenshot_6.png,screenshot_game,1.25994,1.26393,1.08165,1.05746,1.11517,1.26528,1.04895,181,383,89,155,448,178,239,217,213,293,144,226,77,226
Air_Raid_(1979_game)_Screen.png,screenshot_game,11.6695,119.51,111.282,68.2747,85.2149,22.1619,138.045,2,3,14,3,4,2,3,2,3,2,26,9,0,0
Mini_Metro_screenshot_5.png,screenshot_game,4.77706,5.55812,3.94044,2.5543,3.12587,5.4545,4.72232,70,115,65,52,205,78,191,146,162,169,121,87,22,63
Gyg.png,screenshot_game,6.74356,10.4884,7.69387,4.35429,5.28714,8.58521,10.1171,2,3,4,1,6,2,7,5,6,6,6,2,0,1
Mini_Metro_screenshot_4.png,screenshot_game,2.60436,2.87866,2.49406,2.19393,2.38382,2.77168,2.46149,93,183,89,78,212,89,142,120,125,162,142,131,35,102
Roosevelt_Elk_Male_(4837677522).png,screenshot_game,0.930941,0.93094,0.989604,0.994609,0.994507,0.930947,0.857822,253,609,137,219,362,204,145,179,143,283,198,383,102,312
Alto%27s_Adventure_screenshot_-_B06_Camp.png,screenshot_game,6.09328,9.02687,6.51644,5.0286,5.89965,7.50265,7.169,47,76,71,39,123,51,94,71,82,93,115,68,14,39
Rail_Route_%E2%80%94_Build.png,screenshot_game,1.19738,1.20459,1.0856,1.08983,1.12779,1.20296,1.02532,179,369,121,151,399,172,189,186,170,258,177,214,70,225
Napoleonic_Empires.png,screenshot_game,1.00623,1.00727,0.994187,1.00197,1.01496,1.00711,0.8981,289,639,236,243,505,245,221,263,208,366,337,407,115,350
Moraffmahjongg.png,screenshot_game,1.27705,1.28497,1.25177,1.2531,1.27765,1.28517,1.13148,110,215,89,87,198,92,95,96,89,136,122,135,44,128
Trainyard_game_-_screenshot_of_mixing_colors_-_1_of_3.png,screenshot_game,3.29963,3.40088,3.8348,3.79338,3.90661,3.50529,3.13406,73,128,46,52,123,66,49,50,45,76,89,76,17,72
Flinthook_screenshot_-_Pax_square_1.png,screenshot_game,11.3913,51.8331,72.6351,65.3306,76.0245,20.4181,56.7221,14,20,45,16,24,15,12,5,11,14,83,31,1,5
Job_Simulator_screenshot_-_Hero_office.png,screenshot_game,3.45948,3.92254,3.10084,2.45142,2.80639,3.74904,3.19006,81,147,65,65,210,128,164,139,142,163,120,106,31,87
EB_battle.png,screenshot_game,0.986233,0.986248,0.983767,0.997767,1.00592,0.986412,0.882198,133,294,68,107,222,105,96,104,91,156,101,187,54,161
Fantastic_Contraption_VR_screenshot_03.png,screenshot_game,3.2074,3.67736,3.01045,2.70055,2.95991,3.46411,2.98274,79,165,82,69,196,86,130,106,114,146,136,124,32,87
Alto%27s_Adventure_screenshot_-_B10_Coins.png,screenshot_game,5.05163,6.38302,4.38254,3.15884,3.77738,5.83477,5.06818,66,110,66,52,187,75,160,114,135,142,123,89,22,58
ManifoldGarden_10.png,screenshot_game,1.55116,1.57002,1.40427,1.26624,1.35598,1.56814,1.35737,167,343,140,128,351,150,228,197,203,269,196,232,68,188
TowerFall_Backfire.png,screenshot_game,9.23219,17.9895,21.8609,20.8319,23.1625,13.6961,18.0527,28,42,54,24,52,29,26,17,24,31,94,44,5,17
Dr._Langeskov_The_Tiger_and_The_Terribly_Cursed_Emerald_Screenshot_3.png,screenshot_game,1.28001,1.2863,1.13726,1.10986,1.16428,1.28725,1.08288,190,383,98,152,461,172,225,202,203,278,155,240,83,224
Nuclear_Throne_screenshot_02.png,screenshot_game,2.47385,2.74045,2.37306,2.32922,2.45032,2.61845,2.29957,95,194,93,80,215,90,118,104,105,145,147,135,37,106
Blackwood_Crossing_announcement_screenshot_04.png,screenshot_game,0.998059,0.99808,0.972584,0.984385,0.998996,0.998323,0.884644,215,508,171,182,392,185,176,186,165,275,226,330,88,267
Terracota_-_Falas.png,screenshot_game,1.96913,2.09595,1.81818,1.73333,1.83531,2.04071,1.76474,119,235,77,101,270,116,154,138,138,190,133,158,48,138
Dre2.png,screenshot_game,11.3677,62.363,57.4291,41.0191,48.0165,20.2826,70.611,1,0,3,1,1,0,1,0,1,0,7,2,0,0
Terracota_-_Jogo_menino.png,screenshot_game,1.88078,1.97973,1.701,1.60879,1.71123,1.939,1.6579,130,277,78,105,295,121,174,151,154,203,133,193,52,146
YarsRevengeEasterEGG.png,screenshot_game,11.8923,742.906,735.144,720.625,750.391,23.4307,623.017,8,11,63,19,10,11,6,0,6,11,116,42,0,0
DOTGv0.31screenshot.png,screenshot_game,2.38966,2.47462,1.73651,1.52599,1.71547,2.46199,1.85302,45,83,24,33,145,49,100,77,88,94,46,51,19,53
PG_battlefield.png,screenshot_game,1.65969,1.69538,1.57466,1.60347,1.64726,1.69853,1.45634,84,172,45,65,170,76,115,78,73,110,78,107,31,97
Blackwood_Crossing_August_reveal_screenshot_06_Island.png,screenshot_game,1.21676,1.23951,1.27059,1.24665,1.26482,1.22931,1.12654,187,393,167,158,288,147,139,147,131,223,225,258,77,216
Freedom_Planet_Milla_screenshot.png,screenshot_game,1.02249,1.02318,1.01966,1.03147,1.0383,1.02322,0.913682,26,59,13,21,46,21,19,21,18,31,20,39,10,31
Minetest_high-res_texture_pack.png,screenshot_game,1.05346,1.05871,1.0409,1.05527,1.06639,1.05638,0.940652,155,339,128,132,270,140,122,131,116,196,173,220,65,190
Celeste_screenshot_07.png,screenshot_game,3.04494,3.21143,2.68375,2.43738,2.6895,3.24165,2.5573,113,199,86,78,253,103,154,122,136,165,143,143,40,104
Fragments_of_Him_-_Presskit_screenshot_5.png,screenshot_game,1.42617,1.43033,1.16391,1.08758,1.17456,1.43635,1.1554,176,367,87,142,452,177,273,240,241,308,143,225,78,214
Rymdkapsel_screenshot_3.png,screenshot_game,5.94668,10.2165,8.94962,8.20772,8.78184,7.55328,8.77603,29,57,62,35,60,32,38,30,34,49,114,62,9,29
OrionsbeltBattle.png,screenshot_game,1.53031,1.54333,1.23196,1.18454,1.26186,1.54537,1.23768,42,85,21,33,119,44,72,61,63,76,36,89,18,53
This_Is_the_Police_logo_horizontal.png,screenshot_game,9.49047,37.1961,30.1539,27.5275,30.1655,15.2994,31.1288,15,25,61,24,26,18,17,10,15,24,108,46,3,7
Amulets_%26_armor_-03.png,screenshot_game,6.78804,8.91335,8.54163,8.40351,9.34784,8.54536,8.12451,16,24,20,11,34,15,18,13,16,19,34,18,3,12
Dwarf_Fortress_-_mapa_%C5%9Bwiata_fragment.png,screenshot_game,10.2298,14.9297,8.44276,4.26781,5.71454,14.3181,17.3478,0,0,0,0,1,0,3,1,2,1,1,0,0,0
Galak-Z_screenshot_-_explosion_centipede.png,screenshot_game,1.03261,1.03344,1.00092,1.00259,1.02176,1.0337,0.915201,212,500,170,181,394,182,184,188,170,276,228,327,88,258
Rymdkapsel_screenshot_2.png,screenshot_game,9.15214,33.7559,27.634,25.2155,27.2644,14.441,28.6683,12,21,56,20,21,15,14,8,12,20,94,39,2,7
Fragments_of_Him_-_Presskit_screenshot_4.png,screenshot_game,1.95551,1.98831,1.53344,1.29107,1.45135,1.99434,1.59657,144,275,107,116,390,156,284,254,248,294,166,174,60,161
Credits.png,screenshot_game,2.52971,2.62657,1.90317,1.69127,1.90455,2.63713,1.97894,130,244,77,102,354,211,238,251,209,304,135,161,57,550
Terracota_-_Mapa_meio.png,screenshot_game,1.15922,1.16174,1.04211,1.04391,1.08255,1.16175,0.980661,197,428,152,165,431,181,217,210,199,286,208,251,87,249
Alto%27s_Adventure_screenshot_-_B13_Wingsuit.png,screenshot_game,4.16475,4.93244,3.64195,3.01008,3.44964,4.61539,3.87369,76,130,62,56,206,79,143,130,122,139,117,95,26,72
Celeste_screenshot_06.png,screenshot_game,5.84688,7.80604,6.51427,4.95015,5.74309,7.02163,6.51716,57,93,63,44,130,60,95,73,83,97,117,72,15,47
Tacoma_StationCentralHub.png,screenshot_game,2.44726,2.61925,2.08103,1.76475,1.96632,2.56357,2.14743,112,214,74,90,285,115,207,168,181,224,128,146,44,123
Atlantik.png,screenshot_game,8.34524,17.4487,15.9274,14.4053,15.9191,11.7194,14.1818,27,42,56,24,56,27,30,20,27,35,102,46,7,19
Ballerburg.png,screenshot_game,3.31152,3.71034,2.67077,2.24607,2.54759,3.58916,2.9154,9,16,6,6,27,10,23,16,20,21,13,11,4,10
Production_UI_Coffee_Noir.png,screenshot_game,1.0114,1.0114,0.952647,0.97492,0.993448,1.01153,0.881968,205,494,156,184,415,187,186,194,170,278,216,308,84,262
Rain_World_screenshot_-_Linear_Farms_1080.png,screenshot_game,2.2113,2.42442,2.17928,2.13473,2.22458,2.32694,2.0651,102,208,73,90,215,97,115,104,104,150,128,142,39,116
Letterpress_screenshot.png,screenshot_game,6.48974,12.0368,10.505,9.70928,10.4273,8.53377,10.0125,25,57,64,28,49,26,30,24,27,74,103,56,8,23
Trainyard_game_-_Magic_Carpet_level_screenshot.png,screenshot_game,2.86414,2.99329,2.90151,2.82178,2.95272,3.00698,2.58492,79,138,49,57,153,71,76,68,68,98,92,83,23,79
Blackwood_Crossing_announcement_screenshot_05.png,screenshot_game,1.05391,1.05397,0.980681,0.983944,1.01106,1.05452,0.91249,212,518,166,178,428,188,207,202,187,289,222,324,90,260
Robotfindskitten.png,screenshot_game,11.625,149.762,108.622,62.927,77.2314,22.0057,155.207,1,1,10,3,3,1,2,1,2,1,19,5,0,0
Close_Castles_screenshot.png,screenshot_game,3.79624,4.7281,3.98115,3.40634,3.75531,4.28164,3.9467,62,117,63,55,145,61,102,83,89,110,119,94,24,63
Hackmud_archaic.png,screenshot_game,1.67097,1.67554,1.46163,1.39599,1.49205,1.67799,1.35882,175,377,88,131,403,167,220,199,196,265,152,212,72,206
Battle_for_the_Galaxy_gameplay.png,screenshot_game,0.926818,0.926817,0.988885,0.993167,0.992021,0.92681,0.85547,34,77,19,30,48,25,20,24,20,35,27,51,14,41
Interton-cassette3-screenshot.png,screenshot_game,11.2357,84.5348,94.0102,82.6988,87.46,20.3284,73.0941,1,1,5,1,1,1,1,0,1,1,10,3,0,0
Rail_Route_%E2%80%94_Control.png,screenshot_game,1.19119,1.19813,1.09757,1.10488,1.13859,1.19613,1.02891,176,369,123,150,387,168,179,178,163,248,178,214,69,227
Medieval_Mayhem_(NTSC).png,screenshot_game,11.524,60.2916,60.3457,39.6743,49.3407,20.2346,64.5275,1,0,4,0,2,0,1,0,1,0,8,1,0,0
Invertika_-_Nex.png,screenshot_game,1.02171,1.02211,1.01313,1.01569,1.03102,1.02306,0.910394,115,264,77,102,205,102,126,103,83,147,108,152,41,152
TowerFall_Thornwood.png,screenshot_game,8.83746,14.5978,18.8326,17.8669,19.8774,12.4252,14.9997,35,49,48,25,58,34,27,21,24,35,94,44,5,21
Dwarf_Fortress_-_mapa_%C5%9Bwiata.png,screenshot_game,6.0796,7.06476,4.58913,2.45594,3.1132,7.06659,7.13798,8,11,8,3,22,8,31,22,26,22,14,7,1,5
PrinceofPersia1989-sdlpop-opensource.png,screenshot_game,1.67102,1.74371,1.6564,1.56655,1.64079,1.71807,1.51166,56,121,34,48,114,52,62,61,55,81,60,76,21,74
Celeste_screenshot_10.png,screenshot_game,4.08241,4.66087,3.88764,3.50645,3.88235,4.53374,3.72181,81,141,63,60,190,79,114,91,100,124,117,99,28,75
Darkelf_ligy.png,screenshot_game,2.41391,2.74321,2.65404,2.66614,2.7194,2.57042,2.39076,82,172,70,73,149,73,69,71,63,108,124,122,31,124
Celeste_screenshot_04.png,screenshot_game,2.77252,2.89701,2.30935,2.13727,2.34935,2.91987,2.29518,119,213,69,86,288,114,174,138,153,185,128,139,44,116
TowerFall_Twilight_Spire.png,screenshot_game,9.11074,17.6035,20.3176,19.2398,21.471,13.3988,17.4612,29,41,52,23,52,28,26,17,23,31,93,42,5,17
Fragments_of_Him_-_Presskit_screenshot_6.png,screenshot_game,1.38339,1.38885,1.14542,1.0886,1.16672,1.393,1.13318,171,361,82,145,454,178,285,226,232,353,141,216,73,213
Mtp_Target.png,screenshot_game,1.22459,1.2315,1.11928,1.11607,1.15212,1.23063,1.05478,72,153,58,58,152,63,81,73,74,102,78,101,31,88
Alto%27s_Adventure_screenshot_-_B09_Roof_Rain.png,screenshot_game,3.31366,3.72435,2.85739,2.45282,2.75503,3.56737,2.97815,86,167,78,68,230,91,158,126,138,162,135,120,32,90
Minetest_LazyJ%27s_Forge_in_the_afternoon.png,screenshot_game,1.43064,1.48816,1.52907,1.5346,1.54493,1.45988,1.35099,150,326,93,131,235,122,127,111,119,176,148,217,58,176
A7xpg-continue.png,screenshot_game,4.10088,4.65488,4.47568,4.291,4.55907,4.55762,3.8574,30,51,23,20,61,27,32,25,30,35,44,34,9,28
Hern%C3%AD_okno_Darkelfa.png,screenshot_game,1.02361,1.02561,1.06127,1.05615,1.06654,1.02569,0.931786,220,514,117,185,344,176,152,164,148,252,175,346,90,260
PAEE_C64.png,screenshot_game,11.3728,49.6741,33.3123,17.1001,22.3144,19.9969,57.8366,2,2,7,2,5,1,5,3,5,3,12,4,0,0
Rymdkapsel_screenshot_1.png,screenshot_game,8.91475,30.3004,24.4087,22.3518,24.2749,13.8225,25.5008,13,22,49,20,24,16,15,10,14,21,94,41,3,8
Chmatakovonline.png,screenshot_game,1.55875,1.56594,1.17624,1.10742,1.20392,1.57013,1.23517,94,188,60,75,287,103,180,152,156,183,93,113,42,117
Celeste_screenshot_05.png,screenshot_game,2.02094,2.06105,1.75678,1.70136,1.81732,2.08062,1.66727,150,306,84,114,328,135,184,156,164,218,142,177,63,156
Blackwood_Crossing_August_reveal_screenshot_01_Finn.png,screenshot_game,1.37401,1.38812,1.21815,1.16087,1.22709,1.38647,1.17141,177,365,93,149,391,166,228,206,203,278,150,234,75,238
Rain_World_screenshot_-_Shadow_Urban_1080.png,screenshot_game,3.94064,4.7031,3.60305,3.15782,3.53387,4.41766,3.75844,74,126,63,57,190,76,126,98,109,129,119,90,25,70
Galak-Z_screenshot_-_sentinel_showdown.png,screenshot_game,1.36155,1.37667,1.16822,1.13144,1.19703,1.37317,1.14906,177,364,133,143,417,167,239,229,213,282,189,225,75,209
TowerFall_Sacred_Ground.png,screenshot_game,9.82369,21.4563,26.5278,24.4007,27.6309,15.1068,22.0022,25,37,48,23,45,26,21,15,19,30,91,41,4,14
Moyangyang.png,screenshot_game,2.01973,2.17281,1.95004,1.95337,2.02278,2.10037,1.8473,23,45,14,19,48,20,25,23,23,31,25,30,9,26
Celeste_screenshot_11.png,screenshot_game,2.09804,2.15707,1.86757,1.81097,1.92725,2.16815,1.76777,141,263,81,108,306,129,169,147,152,207,138,169,57,148
Actsmudgnome.png,screenshot_game,8.0013,16.0783,13.3114,12.1656,13.59,11.1059,13.0085,19,29,40,17,46,19,94,18,56,27,75,34,5,14
Ten_tiles_on_weekly_no_tabs_564x548.png,screenshot_game,2.72704,3.07301,3.02286,2.98482,3.0523,2.9249,2.73052,33,71,35,27,60,28,29,28,27,40,54,51,11,35
Pysol-black-hole-solitaire-deal-1000-with-public-domain-tabletile.png,screenshot_game,1.46119,1.48627,1.33894,1.28091,1.3418,1.47838,1.26619,143,288,108,109,286,120,161,147,144,199,158,193,57,159
Konquest_catal%C3%A0.png,screenshot_game,1.99599,2.08359,1.58166,1.50708,1.63228,2.05159,1.64842,65,132,47,50,191,69,115,98,101,118,75,84,27,78
Blackwood_Crossing_announcement_screenshot_06.png,screenshot_game,1.07268,1.07321,1.01884,1.01948,1.04492,1.07401,0.932977,214,445,111,181,409,184,197,198,182,286,167,275,93,259
Agar.io_gameplay.png,screenshot_game,7.53979,12.6584,14.5038,13.5981,14.4134,10.1428,11.3006,30,44,46,21,50,27,24,18,22,30,81,40,6,21
Spionagebericht.png,screenshot_game,4.7117,5.22115,4.93445,4.79317,5.19069,5.09137,4.32167,40,60,29,22,109,35,42,34,38,44,60,37,11,37
Passage_3_by_Jason_Rohrer_screenshot.png,screenshot_game,10.9561,37.8512,57.5353,57.8096,65.7003,18.7216,40.7403,1,0,3,0,2,0,0,0,0,0,7,1,0,0
RosAsmGameSpace.png,screenshot_game,6.04236,10.3307,7.64933,6.73633,7.47978,7.69661,8.0304,18,33,39,19,50,20,35,26,29,36,66,34,6,18
Blackwood_Crossing_announcement_screenshot_02.png,screenshot_game,1.44732,1.46153,1.25733,1.19076,1.26736,1.46327,1.2171,173,407,133,143,404,167,236,210,212,278,222,229,75,210
Bradley_Trainer_screenshot.png,screenshot_game,10.1363,49.2084,35.4284,30.6507,34.6063,16.9993,39.0645,5,6,21,7,9,4,6,3,6,6,39,14,0,1
Nidhogg_video_game_screenshot_1.png,screenshot_game,7.75583,11.816,10.7669,10.0835,11.3113,10.2932,10.7522,22,33,28,16,48,22,26,18,22,28,56,28,4,14
Galak-Z_screenshot_-_whole_gang.png,screenshot_game,1.07359,1.07619,0.993433,1.01101,1.03622,1.07541,0.930741,204,429,162,174,420,181,198,202,182,280,217,260,89,256
Rain_World_screenshot_-_filtration_sys.png,screenshot_game,3.13367,3.34174,2.25228,1.81844,2.12133,3.31927,2.50343,86,145,53,63,270,97,200,153,171,187,103,96,35,88
Screenshot_from_Getting_Over_It_With_Bennett_Foddy.png,screenshot_game,1.01904,1.01927,0.986111,0.992756,1.01013,1.01977,0.900272,311,706,243,296,562,299,255,271,238,431,325,456,124,377
Celeste_screenshot_01.png,screenshot_game,3.97983,4.3682,3.45912,2.99869,3.39128,4.37886,3.46197,92,151,63,63,221,88,143,113,124,146,118,103,31,82
Dungeon_Crawl_Stone_Soup_-_Musu.png,screenshot_game,4.48907,6.2693,4.88241,4.62627,5.01776,5.26368,4.98254,55,108,70,56,145,63,85,145,76,99,131,91,21,57
Rymdkapsel_screenshot_5.png,screenshot_game,9.69174,43.2964,33.2132,29.711,32.847,15.8905,35.802,10,21,51,21,18,16,13,8,12,20,94,42,2,5
Fragments_of_Him_-_Presskit_screenshot_3.png,screenshot_game,1.0527,1.05304,0.982335,0.99186,1.01656,1.05364,0.91364,249,504,107,182,426,187,205,203,188,286,162,327,89,260
OrionsbeltPresentation.png,screenshot_game,2.03093,2.1372,1.88337,1.86583,1.94824,2.09494,1.77924,44,85,36,35,102,39,52,47,47,62,57,56,18,51
PekkaKana2_LevelEditor.png,screenshot_game,1.75696,1.79112,1.37761,1.31345,1.41014,1.786,1.42235,36,73,17,26,104,37,65,53,56,67,32,44,15,43
Rain_World_screenshot_-_temple.png,screenshot_game,2.38079,2.52185,1.94095,1.74201,1.90906,2.47923,1.99212,89,171,54,72,237,95,160,131,138,164,105,115,36,99
Christopher_Strachey%27s_Draughts_Program.png,screenshot_game,1.96454,2.03821,1.7152,1.65234,1.74138,2.02674,1.70928,26,47,14,19,62,24,39,32,33,41,25,28,9,28
Robots_text_screenshot.png,screenshot_game,10.2327,33.5155,38.068,34.713,38.4997,16.2624,28.7435,9,12,22,8,14,9,6,4,6,8,41,16,1,5
Trainyard_game_-_prototype_screenshot_dated_2009_November.png,screenshot_game,3.62329,4.28337,3.97875,3.88455,4.06682,3.9944,3.63271,35,62,29,28,71,33,37,30,33,46,56,43,11,35
Sn%C3%ADmek_obrazovky_2021-09-18_v_13.12.59.png,screenshot_game,3.34433,4.10728,3.6984,3.63357,3.77343,3.71008,3.49017,29,53,27,25,57,27,31,27,28,41,50,41,10,72
CS-Menu-Snatch.png,screenshot_game,5.0723,7.105,6.1709,5.9652,6.28986,5.99729,5.95081,12,20,15,9,25,11,14,10,13,18,27,18,3,10
3dbrick2.png,screenshot_game,8.33691,15.3632,15.5853,15.5871,16.4541,11.8036,13.0857,3,4,4,1,7,2,2,2,2,2,9,3,0,2
Rain_World_screenshot_-_Garbage_Wastes_1080.png,screenshot_game,1.94955,2.08645,1.8887,1.85671,1.93084,2.02383,1.78511,115,235,107,99,244,107,131,120,118,171,160,155,47,135
Game_Cloud_Screenshot.png,screenshot_game,1.20232,1.20292,0.995532,0.97952,1.03236,1.20382,0.9946,105,221,49,90,282,111,155,139,137,183,81,129,45,138
Fragments_of_Him_-_Presskit_screenshot_2.png,screenshot_game,1.62505,1.65354,1.36191,1.24552,1.34843,1.65061,1.36705,152,320,143,122,385,155,243,204,214,270,171,210,61,179
Rymdkapsel_screenshot_4.png,screenshot_game,7.03117,14.4242,12.4475,11.1456,12.0612,9.50335,12.3065,25,44,60,28,48,26,31,23,28,39,105,56,6,20
Celeste_screenshot_00.png,screenshot_game,5.11715,6.85593,5.34296,4.45805,5.04219,6.0558,5.57703,56,102,58,47,134,58,95,75,83,99,112,86,18,50
Netrek-client-cow.png,screenshot_game,10.1906,30.6982,22.8234,12.1556,15.6542,16.5936,30.4635,44,29,53,22,48,23,50,71,42,46,105,42,3,10
Alto%27s_Adventure_screenshot_-_B05_Grind_Hop.png,screenshot_game,5.56409,7.21877,5.17596,3.63796,4.37069,6.53624,5.8717,59,93,63,44,160,65,136,101,117,125,119,75,18,51
Alto%27s_Adventure_screenshot_-_B03_Spine.png,screenshot_game,4.04334,4.72849,3.43326,2.85123,3.27147,4.45241,3.67097,77,133,61,58,216,84,150,116,130,147,117,96,27,76
Tacoma_ZeroG_Figures.png,screenshot_game,2.47676,2.63619,2.08747,1.70661,1.92369,2.58827,2.18536,115,239,98,90,285,116,224,178,195,223,154,145,44,123
Rain_World_screenshot_-_SB_F01.png,screenshot_game,3.18648,3.76051,2.90547,2.72203,2.96804,3.48762,3.00356,73,150,74,66,197,81,122,104,107,137,128,110,29,85
Virtual_portal_or_magic_lens.png,screenshot_game,4.19652,4.96306,3.91073,3.35138,3.7758,4.63368,3.79711,29,50,22,20,70,28,49,39,42,49,44,36,10,27
Eugen_Uskoff.png,screenshot_game,6.11312,7.84815,5.49521,4.27276,5.06207,7.14338,6.00453,13,19,13,8,37,13,29,19,24,23,24,14,4,10
Fkiss.png,screenshot_game,5.49192,7.77709,6.44365,4.59551,5.30905,6.67567,6.8366,15,24,19,13,36,15,33,23,28,29,38,22,4,12
Broforce_blade_vs_truck.png,screenshot_game,2.80571,3.19552,2.81473,2.73735,2.87959,3.01498,2.69865,86,176,70,74,186,81,100,92,90,196,124,128,34,95
DungeonmodeB.png,screenshot_game,1.49473,1.5104,1.21,1.1417,1.23453,1.50752,1.2043,28,54,14,20,79,26,46,39,40,47,24,30,12,35
Blackwood_Crossing_announcement_screenshot_03.png,screenshot_game,1.0373,1.03735,0.97498,0.983464,1.00675,1.0378,0.903126,213,509,108,184,418,188,196,204,181,289,162,327,90,261
Wc4source.png,screenshot_game,8.69984,24.1499,17.5496,16.1454,18.0838,13.0854,18.3185,8,12,23,9,17,7,11,7,10,11,44,17,2,4
Tacoma_Kitchen.png,screenshot_game,1.86124,1.91038,1.55102,1.3905,1.52281,1.90088,1.55168,154,297,114,113,406,143,239,193,210,254,173,203,63,161
Benkid77_CNPD.png,screenshot_game,7.46933,17.0547,16.5269,13.594,14.685,10.4494,16.0259,1,2,5,2,2,1,1,2,1,1,9,4,0,1
Blackwood_Crossing_announcement_screenshot_01.png,screenshot_game,1.64824,1.66767,1.38044,1.28367,1.38838,1.67793,1.33848,165,338,128,131,395,158,246,203,219,275,184,225,75,187
Senat.Grepolisfr.png,screenshot_game,1.07599,1.07603,1.07452,1.08481,1.09691,1.07736,0.95606,23,46,19,18,40,17,16,19,15,24,24,29,10,27
C4_Solids_Demo.png,screenshot_game,10.6846,53.6531,36.4571,26.4614,30.8737,18.286,55.5704,1,0,3,0,1,0,1,0,1,1,6,1,0,0
Sega-Mega-Drive-regional-lockout-error.png,screenshot_game,11.9366,264.909,168.974,85.1012,109.213,23.1824,313.927,0,0,4,0,1,0,0,0,0,0,9,2,0,0
Blobby_volley_2_alpha_6.png,screenshot_game,1.99673,1.96792,1.35393,1.08673,1.24964,2.02238,1.51979,88,165,53,64,296,100,232,179,199,210,86,100,37,102
Terracota_-_Falando.png,screenshot_game,1.55763,1.60009,1.37696,1.35785,1.43001,1.58128,1.31095,154,323,86,124,391,145,188,169,168,232,144,209,68,184
Nidhogg_video_game_screenshot_2.png,screenshot_game,6.67316,8.62863,7.96038,7.26921,8.09959,8.36521,7.9783,29,41,29,19,58,27,33,25,29,36,52,31,6,19
Finances_UI_Coffee_Noir.png,screenshot_game,1.1083,1.10901,1.06856,1.06046,1.08792,1.11049,0.970454,206,432,106,173,384,182,185,199,172,270,163,266,87,248
Rail_Route_%E2%80%94_Automate.png,screenshot_game,1.18446,1.19086,1.10051,1.11081,1.14192,1.1891,1.02587,181,398,128,209,382,173,177,294,161,264,182,268,70,231
Neverball_Game-Over-Bildschirm.png,screenshot_game,3.36448,3.91147,3.13323,3.00657,3.28252,3.62562,2.93354,77,139,64,70,192,76,109,141,96,144,120,115,33,99
Synth_video_game_screenshot_D.png,screenshot_game,1.21594,1.22251,1.11091,1.09152,1.13429,1.22164,1.0505,210,419,108,170,446,192,227,215,205,330,165,245,82,248
Plunderland2.png,screenshot_game,3.84581,4.59555,4.00368,3.7742,4.00505,4.25198,3.90491,14,25,14,9,29,10,17,13,15,78,23,21,4,12
Celeste_screenshot_02.png,screenshot_game,4.86895,6.23502,5.01952,4.48909,4.98615,5.68639,5.01773,62,110,68,50,146,63,92,72,78,100,121,87,20,58
OXO_emulated_portion.png,screenshot_game,10.6386,34.3604,25.8076,11.6304,15.1917,17.8385,38.272,1,0,3,0,2,0,3,4,2,2,6,1,0,0
BeamWars--.png,screenshot_game,1.16747,1.17421,1.16838,1.18641,1.19505,1.17299,1.04772,14,63,6,10,24,13,16,12,14,15,10,16,5,17
Job_Simulator_screenshot_-_Hero_auto.png,screenshot_game,2.06808,2.18219,1.89845,1.73068,1.86107,2.13631,1.83018,126,241,79,100,275,115,170,149,150,197,134,157,51,138
Mouse_in_the_Maze_portion.png,screenshot_game,4.18142,5.51756,4.39008,4.13414,4.4355,4.80732,4.42774,14,24,14,11,34,13,22,17,20,23,28,19,5,14
Slingshot.png,screenshot_game,2.71651,2.76906,2.0221,1.5608,1.7995,2.8117,2.27845,83,136,43,55,223,86,183,141,158,167,81,85,27,80
Pahom_Grim.png,screenshot_game,1.18186,1.1854,1.0551,1.05208,1.08892,1.18645,1.00919,97,196,49,76,213,85,113,104,102,141,83,121,42,118
Fragments_of_Him_-_Presskit_screenshot_1.png,screenshot_game,1.13755,1.13844,0.992343,0.993685,1.03583,1.13939,0.954582,194,412,93,164,466,187,252,218,210,298,148,241,83,247
Mode_7_on_GBA.png,screenshot_game,11.6938,73.6054,91.6012,63.0771,80.2137,21.4665,92.4895,11,15,44,14,17,13,11,6,10,14,80,29,0,3
Celeste_screenshot_03.png,screenshot_game,5.7181,7.61897,6.76447,5.58865,6.31879,6.87981,6.36408,57,92,98,44,120,55,81,59,70,84,117,72,16,46
TowerFall_Kings_Court.png,screenshot_game,9.36693,18.5215,23.0009,21.9728,24.4104,14.009,18.6846,28,40,50,24,48,29,24,15,21,32,91,43,5,17
Invertika_-_Desert.png,screenshot_game,1.67652,1.68018,1.20389,1.08418,1.20189,1.69045,1.30797,91,178,44,68,301,100,203,161,173,192,77,102,40,116
Broforce_mooks_in_air.png,screenshot_game,3.17449,3.63136,3.25094,3.17942,3.34853,3.43134,3.05739,82,161,83,64,179,76,93,79,83,111,138,119,30,85
Testootebfjosa.png,screenshot_game,1.49396,1.51866,1.33933,1.28367,1.35343,1.51244,1.28789,134,292,72,110,295,124,164,149,147,206,120,186,53,153
Everything_screnshot_06.png,screenshot_game,1.29422,1.30158,1.14005,1.095,1.1543,1.3022,1.10328,188,386,146,155,420,174,240,214,216,290,204,244,80,222
Nidhogg_video_game_screenshot_3.png,screenshot_game,4.9027,5.41219,6.26146,6.29512,6.53868,5.64334,5.19787,36,61,29,26,61,34,26,23,24,38,55,40,7,29
Alto%27s_Adventure_screenshot_-_A07_Ruins.png,screenshot_game,4.29061,5.13833,3.82743,3.12805,3.59458,4.78491,4.05033,71,129,71,55,198,77,138,106,120,160,127,93,26,103
Open_Ski_Jumping_020.png,screenshot_game,11.4555,102.561,52.5514,25.362,33.8149,21.013,83.4386,4,5,21,6,9,5,12,6,10,9,39,14,0,0
apps-help-browser.png,icon_512,5.59454,7.69617,4.66565,3.59704,4.22469,6.69679,5.81121,17,28,17,13,53,20,48,36,41,40,35,24,6,15
actions-document-properties.png,icon_512,10.3316,30.3954,21.4117,12.3828,15.6366,16.5136,26.1591,7,10,17,7,19,9,18,12,15,15,35,13,1,4
mimetypes-x-office-spreadsheet-template.png,icon_512,8.1363,13.4782,11.0296,8.64986,9.9989,11.298,10.9158,14,18,19,9,34,14,23,17,20,20,35,16,3,10
apps-preferences-system-windows.png,icon_512,11.4463,42.7481,142.296,136.45,142.279,18.8007,45.2502,7,8,18,5,11,6,3,1,3,4,38,12,0,3
mimetypes-x-office-presentation.png,icon_512,6.8215,11.3022,8.94391,7.68619,8.59707,8.66153,8.93774,12,20,20,10,30,13,19,15,17,19,35,18,3,9
actions-format-text-strikethrough.png,icon_512,8.55559,19.7215,12.761,10.061,11.8562,12.1854,14.5027,9,12,18,7,23,8,19,12,15,15,35,14,2,6
mimetypes-text-x-script.png,icon_512,9.10093,22.1872,15.3804,10.6095,12.6804,13.5328,19.242,8,11,18,7,19,8,18,12,16,15,34,13,1,5
actions-edit-select-all.png,icon_512,11.6126,59.0459,31.0144,19.0394,25.4755,20.4892,33.9402,5,7,17,5,16,5,13,8,11,11,34,11,2,2
actions-view-refresh.png,icon_512,6.4887,11.2158,7.89097,6.06709,6.99492,8.38865,9.16542,11,17,19,9,27,11,26,18,22,22,33,17,3,8
actions-go-first.png,icon_512,8.80237,19.7292,11.322,7.50534,9.24609,12.6988,14.8313,9,13,18,8,28,10,27,18,23,23,35,15,2,6
status-network-transmit-receive.png,icon_512,5.8828,7.9721,5.96305,5.16699,5.89142,6.89246,5.788,17,29,32,12,45,16,32,23,27,29,35,22,6,15
apps-preferences-system-network-proxy.png,icon_512,5.05171,6.75121,4.57301,3.65802,4.17874,5.90105,5.3287,18,31,20,14,52,20,46,32,40,39,38,23,6,17
status-dialog-warning.png,icon_512,9.9538,39.885,21.9179,15.0346,18.532,16.1769,28.028,4,7,18,6,13,6,28,8,31,11,33,13,1,3
actions-edit-undo.png,icon_512,9.02573,27.3,18.5016,14.3371,16.5399,13.7924,22.4079,5,10,20,7,14,6,12,7,10,10,34,13,1,3
devices-computer.png,icon_512,6.70341,9.33973,6.87482,5.60534,6.51862,8.03311,6.76933,17,23,21,11,44,16,31,23,26,28,36,18,5,14
categories-applications-office.png,icon_512,4.88955,6.90889,5.84837,5.49693,5.85791,5.86803,5.67084,16,27,21,13,32,14,20,17,18,22,37,22,5,14
actions-go-top.png,icon_512,8.90705,19.5693,11.3375,7.07901,8.81023,12.7782,15.5208,9,13,18,8,27,11,28,21,23,23,35,16,2,6
devices-drive-removable-media.png,icon_512,10.2648,32.9791,21.0293,11.927,15.2133,16.292,27.733,7,8,17,6,19,7,18,12,15,14,35,13,1,4
emotes-face-angel.png,icon_512,5.81443,8.41465,5.35441,3.8001,4.49468,7.03893,6.66812,16,25,19,12,42,18,46,33,39,40,36,22,4,14
status-battery-caution.png,icon_512,7.9488,15.0016,13.2257,11.6139,12.9112,11.3163,11.9955,12,17,18,8,24,11,14,9,12,14,34,16,3,8
actions-format-indent-less.png,icon_512,10.9578,39.6492,22.9846,14.437,18.8193,18.5717,25.2277,7,9,18,6,18,7,16,9,14,14,33,12,2,4
status-network-offline.png,icon_512,6.23513,8.5812,6.17098,5.18037,5.97013,7.38935,6.16331,16,25,20,11,46,16,33,23,29,30,35,19,6,14
devices-input-mouse.png,icon_512,9.15337,20.0125,11.6983,6.58077,8.29725,13.2097,17.7045,9,13,20,8,24,11,31,21,26,25,35,14,2,6
actions-appointment-new.png,icon_512,4.17692,5.31242,4.13496,3.41219,3.80576,4.74559,4.45072,18,32,19,19,46,19,39,31,34,37,36,56,6,18
status-folder-drag-accept.png,icon_512,9.5259,23.2434,19.0861,14.2193,16.7818,13.9329,18.7343,9,12,18,7,19,8,14,9,12,12,35,14,2,5
actions-go-last.png,icon_512,9.02728,21.1225,12.5766,8.15382,10.0347,13.2174,16.9134,9,13,19,8,25,10,24,17,20,21,36,16,2,5
apps-preferences-desktop-font.png,icon_512,10.2124,36.7816,24.8146,16.1786,19.7988,16.6958,30.2695,6,8,17,6,12,6,12,8,10,12,34,13,1,3
actions-mail-send-receive.png,icon_512,7.36089,13.7621,9.56867,7.80032,8.90146,9.79334,11.0257,10,17,20,10,25,12,22,16,19,20,36,18,3,8
mimetypes-x-office-document-template.png,icon_512,7.63487,12.9057,10.8337,9.20902,10.3583,10.3288,10.427,13,19,20,9,29,12,20,13,16,19,37,17,3,9
actions-mail-reply-sender.png,icon_512,7.00768,13.1852,9.4622,8.02126,9.0061,9.31396,10.6132,10,15,20,9,25,10,18,13,16,17,34,18,3,7
mimetypes-video-x-generic.png,icon_512,6.90087,13.047,8.52901,7.2833,8.27359,9.1425,9.66253,9,16,20,9,26,9,21,15,19,19,34,17,3,8
devices-video-display.png,icon_512,7.78312,12.7325,8.68151,6.86031,8.12924,9.94546,8.78532,14,19,19,8,38,12,28,19,24,23,36,17,4,10
emblems-emblem-readonly.png,icon_512,10.9313,50.4596,34.1233,19.9807,25.1184,18.8426,42.7999,5,7,17,5,11,5,10,7,9,9,34,11,0,2
emotes-face-surprise.png,icon_512,5.71069,8.25757,5.33587,4.04588,4.7144,6.89667,6.46808,15,28,18,13,45,19,41,30,35,38,35,22,5,14
actions-go-up.png,icon_512,8.9484,22.3587,14.3821,10.2918,12.222,13.3443,18.4551,8,12,18,8,19,9,19,12,16,16,35,15,2,5
actions-edit-find.png,icon_512,6.47188,10.5003,7.84262,6.56063,7.38885,8.24067,8.39212,13,19,19,10,31,12,25,17,21,23,34,18,3,10
mimetypes-application-x-executable.png,icon_512,8.20429,16.7822,10.3825,7.96427,9.38865,11.279,12.7724,9,13,17,8,27,10,24,16,20,21,35,15,4,6
places-user-desktop.png,icon_512,9.81442,29.2072,15.0657,11.0114,13.6089,15.0862,18.9147,7,9,36,7,23,8,19,12,16,16,37,13,2,5
status-printer-error.png,icon_512,8.93315,18.3714,16.4504,13.0779,15.0844,12.4849,15.1245,10,14,17,8,22,10,45,9,21,15,35,15,2,7
apps-system-file-manager.png,icon_512,10.9505,57.4038,41.9087,32.4958,39.3767,18.9705,41.7291,5,7,18,7,9,5,8,4,7,7,33,12,1,2
places-user-home.png,icon_512,9.30081,21.7812,16.6988,12.9589,15.3239,13.4119,16.1855,9,12,18,7,23,8,15,11,12,13,35,14,2,5
devices-input-keyboard.png,icon_512,9.29158,25.4846,13.8214,9.67262,11.9987,14.004,16.1616,7,9,19,7,22,8,20,15,17,16,35,13,2,5
apps-preferences-desktop-keyboard-shortcuts.png,icon_512,7.81025,13.7491,9.05595,6.46854,7.73999,10.4901,10.8886,12,17,20,8,32,13,29,21,24,23,36,17,5,10
categories-preferences-system.png,icon_512,5.80169,9.28997,7.18511,6.01406,6.6561,7.20077,7.97089,11,20,18,11,27,12,23,16,20,21,34,21,3,11
status-network-idle.png,icon_512,5.69419,7.37313,5.33634,4.53877,5.20183,6.55368,5.31301,19,30,19,12,51,18,36,27,31,32,37,23,7,17
emblems-emblem-symbolic-link.png,icon_512,10.7794,46.4321,30.7493,18.3435,22.9874,18.332,39.5388,6,7,18,6,12,6,12,7,10,11,33,12,1,3
actions-contact-new.png,icon_512,5.03851,7.21479,5.92527,5.31283,5.78756,6.02103,5.85943,14,26,20,13,34,14,22,18,19,23,36,23,5,14
status-weather-snow.png,icon_512,3.71061,4.74165,4.02229,3.67268,3.90462,4.18339,4.08261,17,34,21,16,39,19,28,22,24,46,38,26,5,18
actions-tab-new.png,icon_512,5.99171,9.97472,9.55708,9.3183,9.64236,7.57126,8.62116,11,20,18,12,19,11,10,8,9,14,35,21,3,9
apps-preferences-desktop-wallpaper.png,icon_512,6.74932,10.6921,8.45321,7.40788,8.3269,8.40622,7.98015,14,20,20,10,34,13,21,15,18,20,35,18,5,11
apps-system-users.png,icon_512,4.26375,5.58962,4.65552,4.19095,4.52151,4.88819,4.65488,17,31,22,15,40,18,27,21,23,28,39,25,6,17
actions-edit-find-replace.png,icon_512,6.31899,9.88825,7.34153,5.99202,6.77356,7.89969,8.06366,13,20,22,11,34,14,28,19,23,24,36,18,4,12
devices-input-gaming.png,icon_512,7.83781,16.4401,11.375,9.15872,10.5194,10.9206,12.7617,9,14,54,8,23,9,20,12,16,16,35,16,2,6
emblems-emblem-photos.png,icon_512,7.76169,14.1015,11.8539,10.2122,11.4023,10.8817,11.1519,12,16,19,8,27,10,17,11,15,16,35,16,3,10
actions-media-seek-forward.png,icon_512,8.99599,24.5789,16.5844,13.9108,15.9613,13.3782,18.5771,7,9,18,7,17,6,14,9,12,11,35,13,1,4
devices-media-floppy.png,icon_512,10.2304,25.5134,10.3299,7.2776,9.4004,15.2766,13.0415,10,12,17,6,36,10,30,21,25,24,35,14,4,8
devices-media-flash.png,icon_512,7.6158,13.3486,9.01248,7.45278,8.72242,10.0267,9.56384,12,18,19,9,33,14,24,17,21,22,37,17,4,10
actions-edit-redo.png,icon_512,8.58923,22.467,15.7167,11.423,13.3049,12.733,19.5761,7,11,17,8,16,8,15,10,13,15,34,15,1,3
places-folder-remote.png,icon_512,8.77614,18.5177,14.7534,11.946,13.9024,12.3143,13.8968,9,14,18,8,23,10,16,11,14,15,35,16,4,7
emblems-emblem-important.png,icon_512,9.40694,35.2318,22.0004,18.8971,21.5812,14.9521,25.4981,4,7,18,7,10,5,8,6,6,9,33,13,1,3
places-start-here.png,icon_512,9.46263,35.208,23.7517,21.3815,23.9487,15.0436,26.7945,4,7,21,7,12,5,7,5,6,8,34,13,1,2
actions-address-book-new.png,icon_512,4.96146,6.94878,6.22917,5.95764,6.30945,5.8938,5.70571,15,28,21,13,32,14,21,15,19,20,37,24,5,15
apps-preferences-desktop-locale.png,icon_512,9.61253,16.4334,29.0093,27.966,29.8224,15.6335,15.741,15,17,28,7,22,10,8,6,8,9,39,14,2,9
actions-edit-paste.png,icon_512,8.8835,18.9563,12.5741,9.04574,11.1361,12.6452,12.8045,10,14,17,8,27,10,22,15,19,18,35,14,3,8
mimetypes-audio-x-generic.png,icon_512,8.07962,20.8522,15.8241,14.7472,16.1011,11.7555,15.4785,6,10,19,7,13,6,9,6,7,8,35,14,2,4
actions-mail-message-new.png,icon_512,4.304,5.58767,4.69805,4.24767,4.59039,4.93348,4.62267,18,31,19,15,40,17,27,21,23,28,36,24,6,18
devices-camera-photo.png,icon_512,6.49079,10.6952,8.22034,7.20849,8.0217,8.34722,8.32123,12,20,20,10,31,13,21,15,18,20,34,18,3,10
devices-battery.png,icon_512,8.19556,16.0003,16.1941,15.3354,16.5072,11.962,13.2634,11,16,19,8,21,10,9,7,9,11,35,15,2,8
status-weather-few-clouds-night.png,icon_512,4.59853,6.42526,5.26324,4.64344,5.02349,5.41218,5.45506,14,26,19,14,34,15,25,19,22,26,35,23,4,14
status-weather-clear.png,icon_512,4.49107,6.1878,4.64392,4.40571,4.75645,5.24036,4.88645,15,28,20,15,43,16,28,22,24,29,38,25,6,16
status-audio-volume-muted.png,icon_512,4.96908,6.97308,5.61537,5.22777,5.64608,5.8766,5.54228,15,26,18,13,36,14,24,18,21,24,36,23,5,15
actions-edit-copy.png,icon_512,9.8758,29.2605,17.322,12.4358,15.4984,15.4132,18.789,7,8,18,7,21,8,16,11,14,14,34,13,2,5
mimetypes-text-x-generic.png,icon_512,11.2089,48.8596,41.9218,25.2397,31.7366,19.3981,42.3835,6,8,17,6,12,6,10,6,8,9,33,12,1,2
actions-media-playback-stop.png,icon_512,10.8665,52.9718,41.5887,29.9787,35.498,18.4277,44.3298,5,8,19,8,9,7,7,4,6,8,34,13,0,2
devices-drive-optical.png,icon_512,9.43334,26.2058,18.9425,13.8516,16.3483,14.2308,20.8914,7,11,18,7,16,9,15,9,12,13,34,14,1,4
actions-system-search.png,icon_512,4.23536,5.63221,4.42753,4.0774,4.39719,4.87599,4.6065,16,29,19,15,40,18,29,22,25,29,35,24,5,17
actions-document-print-preview.png,icon_512,5.67951,8.38218,6.93682,6.40526,6.92363,6.92266,6.90373,14,26,19,12,32,15,19,15,17,21,36,21,4,12
devices-multimedia-player.png,icon_512,7.14034,10.9492,9.84508,8.17229,9.2313,8.90272,9.05573,14,21,19,9,30,12,20,13,18,19,34,16,3,10
devices-camera-video.png,icon_512,7.20313,12.4232,8.37356,6.6191,7.74747,9.31112,8.84711,12,18,18,9,33,12,25,18,21,24,33,18,4,9
places-folder.png,icon_512,9.69034,27.6092,19.3996,14.8168,17.728,14.7612,19.7978,7,10,20,6,18,7,13,9,11,12,35,13,2,5
actions-list-add.png,icon_512,11.0455,77.7827,44.1342,28.9332,36.4904,19.6839,47.9565,4,5,17,6,7,4,8,4,7,7,34,12,1,1
status-weather-clear-night.png,icon_512,8.22565,20.2532,13.1218,10.436,12.0514,11.9141,15.5638,7,11,18,8,17,8,15,10,13,15,36,15,2,4
status-dialog-error.png,icon_512,9.01673,20.6871,12.5392,9.54153,11.4569,12.9968,15.0654,9,13,18,18,24,9,21,20,18,18,35,15,3,29
status-audio-volume-low.png,icon_512,4.74666,6.52945,5.21388,4.88979,5.27566,5.55313,5.14888,15,29,18,14,38,16,25,20,21,26,34,24,5,16
actions-format-indent-more.png,icon_512,10.8683,39.7434,23.5052,15.0694,19.5387,18.4059,25.3987,6,9,18,6,18,7,16,9,13,13,33,12,2,4
categories-applications-games.png,icon_512,8.7227,23.3708,13.8256,11.2201,13.2089,12.9386,15.9869,6,9,18,7,18,6,16,11,13,15,34,13,2,4
mimetypes-x-office-calendar.png,icon_512,6.56705,11.3837,9.6647,8.73488,9.50362,8.43352,9.29314,11,17,19,9,23,10,15,10,13,15,34,17,3,9
actions-go-next.png,icon_512,9.14666,23.6336,13.5617,9.11499,11.1413,13.6146,18.6308,8,12,20,8,22,10,23,39,19,20,35,16,2,5
status-audio-volume-high.png,icon_512,4.38543,5.77774,4.58977,4.31823,4.65544,5.0374,4.55153,17,30,19,15,44,17,27,22,25,29,37,25,6,17
apps-preferences-desktop-assistive-technology.png,icon_512,6.53741,9.2432,5.06595,3.32492,4.10134,7.95467,6.88721,17,24,20,11,55,19,58,41,49,47,36,20,5,14
actions-format-text-bold.png,icon_512,8.41092,17.966,9.51399,6.94017,8.48278,11.744,12.194,9,13,18,8,30,11,27,20,23,23,36,15,3,8
status-weather-showers.png,icon_512,2.76377,3.20961,2.88948,2.70214,2.82032,2.97954,2.82623,23,46,23,21,49,24,31,28,28,36,41,31,7,27
apps-internet-mail.png,icon_512,9.11676,21.9041,13.5911,9.65569,11.6951,13.4166,16.9647,8,12,19,8,23,9,21,14,18,18,35,14,2,5
emotes-face-sad.png,icon_512,5.41608,7.7771,5.21752,4.18364,4.78461,6.48971,6.08459,16,27,25,13,44,18,38,28,32,34,35,22,5,14
actions-bookmark-new.png,icon_512,5.49775,7.90817,7.55511,6.86349,7.31897,6.63336,6.85328,14,25,20,11,28,13,18,14,16,18,37,20,4,13
emblems-emblem-favorite.png,icon_512,8.11514,17.2033,11.8655,10.0825,11.5535,11.1548,12.4003,9,47,18,8,23,9,17,12,15,16,35,20,3,6
status-dialog-information.png,icon_512,4.31974,5.75844,4.3209,3.95602,4.30864,4.98182,4.52825,16,31,22,15,44,18,31,23,27,32,39,24,6,17
apps-internet-group-chat.png,icon_512,11.2382,81.7412,47.8089,31.6376,39.7366,20.2544,55.7422,4,4,17,5,7,3,7,4,6,6,33,11,0,1
mimetypes-package-x-generic.png,icon_512,8.45106,16.8328,16.9372,15.4121,16.791,11.5187,14.5149,11,15,17,8,20,10,11,8,10,12,34,15,2,7
actions-system-shutdown.png,icon_512,9.55089,24.7787,20.0028,14.8075,17.4964,14.3957,19.9181,8,12,18,7,18,8,13,9,11,12,35,13,1,5
devices-media-optical.png,icon_512,4.13274,5.00542,3.314,2.56425,2.97087,4.62624,3.95873,22,36,22,16,69,25,61,45,52,53,39,27,9,22
emotes-face-monkey.png,icon_512,5.11919,6.86758,4.47721,3.6268,4.17436,5.96607,5.15375,18,29,19,14,55,20,46,34,39,39,35,24,7,17
status-network-receive.png,icon_512,5.79374,7.63426,5.57524,4.75387,5.44591,6.71652,5.50451,18,28,18,12,48,18,34,26,30,33,35,22,7,17
mimetypes-text-html.png,icon_512,4.94144,6.83476,5.65766,5.08108,5.50826,5.84973,5.58538,15,26,21,13,37,15,24,19,21,24,38,23,5,14
categories-applications-internet.png,icon_512,2.80954,3.19191,2.62656,2.48567,2.64582,3.00908,2.60803,28,54,21,22,65,25,42,35,37,45,39,36,11,30
actions-process-stop.png,icon_512,8.8817,20.3697,11.9355,7.28984,9.06099,12.8555,16.9515,8,13,17,8,24,10,27,19,23,22,35,15,2,5
apps-preferences-system-session.png,icon_512,9.63868,21.0214,27.0719,24.8387,26.7842,13.9258,19.9434,10,13,20,7,16,8,8,5,7,9,97,13,1,5
mimetypes-x-office-address-book.png,icon_512,8.15909,16.6465,14.0019,12.7201,14.2443,11.4998,12.4644,10,14,18,9,21,11,13,9,12,13,36,15,3,7
devices-network-wired.png,icon_512,8.0744,20.6129,15.4896,13.5936,14.9683,11.7311,17.3589,6,9,19,7,13,6,10,7,9,10,34,14,1,4
status-image-loading.png,icon_512,8.01833,16.1873,11.5052,8.05762,9.53277,11.1823,13.4738,10,13,18,8,23,11,23,15,20,19,35,15,2,6
actions-media-seek-backward.png,icon_512,8.93558,24.0247,16.1877,13.6805,15.6813,13.2322,18.062,7,12,17,8,17,9,13,9,11,12,34,14,1,4
apps-preferences-desktop-theme.png,icon_512,7.89541,16.141,12.1242,10.2782,11.5644,10.8893,12.6174,9,14,19,8,23,9,16,12,13,16,36,16,2,7
emotes-face-grin.png,icon_512,6.81193,11.4489,8.30004,6.85383,7.75122,8.94829,9.25774,12,20,19,10,29,13,23,17,20,23,34,19,3,9
actions-view-fullscreen.png,icon_512,5.15007,7.74754,8.29929,8.20807,8.25321,6.26542,7.2259,11,23,20,11,18,10,7,6,7,13,36,21,2,11
actions-media-record.png,icon_512,9.68104,31.2484,19.1989,13.4185,16.1129,15.1539,24.7786,6,9,18,7,15,7,14,9,12,13,35,13,1,4
places-network-workgroup.png,icon_512,9.17066,23.9217,22.4929,19.9625,21.7331,13.7171,20.1937,7,11,20,7,15,7,8,5,7,8,35,14,1,5
mimetypes-font-x-generic.png,icon_512,9.62417,25.7539,12.6989,7.62368,9.81004,14.6119,16.4426,8,10,19,7,27,9,27,19,23,21,34,13,2,5
status-folder-open.png,icon_512,9.87357,28.1533,23.6792,19.331,22.2647,15.0562,22.6901,8,10,18,6,16,7,10,6,9,10,34,14,1,4
categories-applications-multimedia.png,icon_512,8.55336,20.6353,14.3052,11.3327,13.1956,12.4232,15.6426,7,11,17,8,18,9,15,11,13,15,34,16,2,5
status-software-update-available.png,icon_512,8.91492,21.9655,18.9179,17.1671,18.9364,12.98,18.3134,8,12,19,8,16,8,10,6,9,12,35,15,1,5
status-network-wireless-encrypted.png,icon_512,5.64138,8.51321,6.20687,5.12299,5.75253,6.90707,7.03229,13,24,20,12,36,15,29,22,25,28,37,23,4,12
actions-mail-mark-junk.png,icon_512,6.42871,9.92224,6.10755,4.29979,5.13132,8.03733,8.04239,14,20,19,10,41,16,41,29,35,35,34,19,4,11
emotes-face-crying.png,icon_512,5.00532,6.89185,4.81894,4.01265,4.52357,5.88833,5.40058,16,30,54,14,48,18,37,29,32,35,43,24,6,16
status-image-missing.png,icon_512,10.7378,39.8025,23.6987,15.2866,19.3063,17.7966,29.2213,6,8,19,6,18,7,15,9,12,12,34,12,1,3
emblems-emblem-system.png,icon_512,8.84603,18.2765,8.45266,4.74881,6.15417,12.4586,12.6776,10,14,17,8,59,13,44,30,36,33,35,14,25,8
actions-folder-new.png,icon_512,4.35346,5.7196,4.93252,4.56018,4.88833,4.99445,4.68397,17,28,21,14,39,15,23,18,21,25,39,24,6,17
devices-printer.png,icon_512,9.85871,24.2415,33.4814,31.55,33.4227,14.6705,22.0824,10,11,18,7,15,8,6,4,5,7,34,13,1,4
places-user-trash.png,icon_512,7.64422,12.8731,9.17559,7.28478,8.51245,10.171,10.022,13,19,20,10,32,13,25,19,22,23,36,18,3,10
categories-preferences-desktop-peripherals.png,icon_512,6.9158,11.1413,7.2222,4.95245,5.94273,8.77903,8.85955,13,19,18,10,36,14,37,26,31,29,34,18,3,10
devices-audio-card.png,icon_512,7.40163,13.0716,8.56428,6.20844,7.36405,9.80123,10.3368,10,16,19,9,30,11,29,20,23,23,34,16,3,9
emblems-emblem-unreadable.png,icon_512,6.41801,9.01254,5.08337,3.62163,4.38919,7.70095,6.49287,16,24,21,12,57,20,52,38,44,43,35,20,5,15
devices-network-wireless.png,icon_512,6.01274,9.46155,7.4522,6.15381,6.84756,7.52259,7.98512,12,19,19,10,28,13,24,17,21,22,33,18,3,10
mimetypes-x-office-spreadsheet.png,icon_512,7.63932,13.6845,9.00511,6.45262,7.73835,10.191,10.3975,11,17,19,9,31,14,28,56,23,27,36,17,3,9
actions-format-justify-center.png,icon_512,11.6224,58.442,24.0295,14.4245,19.5152,20.4692,29.3638,6,6,18,5,18,5,16,11,14,12,35,11,2,3
actions-document-print.png,icon_512,9.74075,24.388,31.4164,29.6672,31.4189,14.537,21.9461,9,11,19,6,15,7,6,5,6,7,34,13,1,4
emotes-face-wink.png,icon_512,5.3225,7.51634,5.05049,4.03928,4.61789,6.33478,5.92689,16,26,20,13,45,18,39,28,33,35,37,21,5,14
status-audio-volume-medium.png,icon_512,4.57933,6.17465,4.92842,4.63092,4.99272,5.3126,4.86803,16,29,20,14,40,17,26,20,23,27,38,24,6,16
places-network-server.png,icon_512,10.3737,41.6501,44.5845,41.98,44.8861,17.2618,36.4857,5,7,18,6,9,5,4,2,3,5,33,13,0,2
emotes-face-kiss.png,icon_512,5.10862,7.22135,5.12699,4.31692,4.84128,6.08747,5.76256,16,28,20,14,42,18,35,25,29,32,37,24,5,15
apps-preferences-desktop-accessibility.png,icon_512,7.29351,11.1913,6.31704,4.1888,5.15099,9.30396,8.63394,15,21,18,10,45,16,47,34,40,38,35,18,4,11
emotes-face-smile.png,icon_512,5.44386,7.83101,5.25276,4.18455,4.79013,6.52966,6.16809,15,27,19,12,42,17,38,28,33,33,37,22,5,14
apps-system-software-update.png,icon_512,4.40311,5.73859,4.61388,4.16423,4.52055,5.05938,4.6206,18,30,19,14,44,16,29,44,25,33,37,23,6,17
categories-preferences-desktop.png,icon_512,11.0107,40.011,48.7608,35.389,41.5209,17.9801,36.6892,7,8,18,5,11,5,7,4,7,7,33,11,1,3
actions-system-lock-screen.png,icon_512,6.98863,10.7516,7.77455,6.37471,7.38836,8.78363,7.71376,14,21,19,10,38,13,26,20,22,26,34,18,5,11
actions-go-bottom.png,icon_512,8.61831,18.6286,11.8499,8.28455,9.94675,12.3582,15.1508,9,13,18,8,25,19,24,18,20,20,35,15,3,13
actions-format-text-underline.png,icon_512,8.24298,17.6842,11.3731,9.00209,10.5835,11.4878,13.0343,9,13,20,8,25,9,20,13,17,17,36,15,3,6
status-weather-few-clouds.png,icon_512,3.53351,4.39251,3.58372,3.36707,3.58494,3.93852,3.65432,18,38,22,17,47,20,67,26,63,33,39,28,7,21
apps-internet-web-browser.png,icon_512,4.49947,5.81071,3.93214,3.27098,3.69972,5.13326,4.49683,19,33,21,16,56,21,45,35,39,42,39,26,7,18
actions-edit-cut.png,icon_512,7.46507,15.7047,9.94065,8.09511,9.3345,10.2495,12.0945,8,13,19,9,24,10,24,14,21,18,34,17,3,6
status-weather-severe-alert.png,icon_512,3.89191,5.03592,4.18928,3.74947,4.01207,4.41526,4.32384,16,33,21,16,39,17,29,23,25,30,38,26,5,18
apps-office-calendar.png,icon_512,9.84132,33.6611,23.039,17.5967,20.8765,15.6496,26.4346,5,7,19,6,13,6,10,7,9,10,33,13,1,3
categories-applications-development.png,icon_512,3.92889,4.69072,3.24151,2.7973,3.14005,4.33461,3.58836,23,42,22,18,69,26,50,40,43,48,40,31,9,24
actions-go-jump.png,icon_512,8.46006,23.7731,16.3442,14.1586,15.8187,12.5303,18.6847,5,10,19,8,14,7,10,7,9,12,35,15,1,4
categories-applications-other.png,icon_512,8.31647,18.8497,12.199,8.35936,9.94874,11.8036,16.4221,8,12,18,8,20,10,21,15,18,19,35,15,1,6
apps-utilities-terminal.png,icon_512,6.66811,9.199,6.58408,5.3842,6.30212,7.94518,6.43843,17,24,19,10,46,16,32,24,27,30,35,18,6,15
actions-media-playback-start.png,icon_512,9.90004,36.1389,23.8865,19.1299,22.2401,15.7972,27.8443,5,8,18,6,14,6,10,7,8,10,33,13,1,3
actions-go-home.png,icon_512,8.9539,21.3992,14.1805,9.27418,11.2289,13.1142,18.385,8,12,18,8,20,9,21,14,18,18,35,16,2,5
devices-audio-input-microphone.png,icon_512,6.4887,11.0188,7.48661,5.89039,6.78152,8.33556,8.66101,11,19,19,10,30,12,27,20,23,24,34,17,3,10
apps-internet-news-reader.png,icon_512,10.0181,27.5638,30.4565,27.3176,30.161,15.011,23.185,9,10,17,6,15,7,8,5,7,7,34,13,1,5
status-network-error.png,icon_512,5.82463,7.52307,5.19827,4.24377,4.94143,6.71831,5.38069,19,30,17,12,55,42,40,41,35,35,35,23,7,17
emotes-face-plain.png,icon_512,5.38825,7.68508,5.20283,4.22698,4.81456,6.43825,5.99659,16,26,17,13,44,17,37,27,32,33,35,22,5,15
mimetypes-x-office-document.png,icon_512,10.3503,32.6192,28.1618,19.7947,23.7217,16.5586,27.3316,7,9,18,6,15,7,11,7,10,10,34,13,1,4
mimetypes-image-x-generic.png,icon_512,7.21026,10.9975,10.7172,10.0178,10.8717,8.85407,8.93333,15,21,21,9,29,13,17,12,15,15,37,17,5,11
status-weather-showers-scattered.png,icon_512,3.46041,4.30111,3.68314,3.37611,3.57187,3.85231,3.73037,19,37,18,17,42,19,29,24,26,32,36,28,6,21
categories-applications-accessories.png,icon_512,6.73925,11.4146,7.39848,6.12238,7.04142,8.64329,8.55831,12,18,22,10,33,13,27,19,24,25,36,18,4,10
emotes-face-glasses.png,icon_512,3.90676,4.88261,3.51671,3.13414,3.45846,4.37159,3.84138,21,40,23,18,58,23,42,33,37,44,40,32,8,21
apps-system-installer.png,icon_512,6.78478,11.6599,7.54842,5.74199,6.71841,8.76282,8.97104,12,18,21,10,33,13,29,21,25,25,36,18,3,9
mimetypes-application-certificate.png,icon_512,6.73146,10.8089,6.40185,4.56547,5.49204,8.53739,8.06732,13,20,22,10,40,15,40,29,34,33,36,18,4,11
actions-media-playback-pause.png,icon_512,10.2468,39.7369,29.6152,22.0706,25.8291,16.7224,32.1692,6,8,17,7,12,7,10,5,8,10,34,14,1,2
actions-media-eject.png,icon_512,10.1038,36.3045,27.5121,21.2016,24.6001,16.121,29.9366,6,8,17,6,13,6,10,5,8,9,34,13,1,3
actions-document-save.png,icon_512,7.49109,13.1381,8.59195,5.86758,7.05512,9.95799,10.6067,11,17,19,8,31,12,31,22,27,26,35,16,3,8
apps-utilities-system-monitor.png,icon_512,5.76773,7.4183,4.7109,3.44204,4.10198,6.80004,5.64623,19,32,19,13,58,21,53,38,44,44,37,24,6,17
actions-system-log-out.png,icon_512,5.52637,7.22841,5.41677,4.01499,4.6477,6.53997,6.07561,19,28,18,12,47,39,42,34,36,37,35,22,5,16
actions-document-new.png,icon_512,4.56975,6.26401,5.58565,5.03366,5.38725,5.36717,5.3227,15,26,21,14,31,14,21,16,19,24,38,22,4,15
actions-media-skip-backward.png,icon_512,8.63279,20.6505,14.4153,12.2493,13.9706,12.421,15.6996,8,11,17,8,19,9,15,10,13,14,34,15,2,5
apps-accessories-calculator.png,icon_512,9.44933,23.9913,21.1786,18.4142,20.8152,14.0451,18.8102,8,11,18,7,16,8,10,6,8,10,34,13,1,5
apps-preferences-desktop-multimedia.png,icon_512,2.55401,2.92035,2.6736,2.47815,2.5885,2.72942,2.57536,25,50,20,22,52,25,33,29,29,39,37,34,8,30
emotes-face-devilish.png,icon_512,5.59741,8.18894,6.78287,6.09888,6.61806,6.89236,6.78338,14,23,17,11,31,13,22,16,19,21,34,21,4,13
categories-applications-graphics.png,icon_512,6.38704,10.8093,9.80913,9.07853,9.6495,8.23929,9.12515,11,18,19,10,21,10,13,10,11,14,33,17,3,10
actions-edit-clear.png,icon_512,5.60735,9.0769,7.00693,6.38649,6.91789,6.97697,7.4003,11,21,17,12,27,12,19,14,16,19,35,21,4,11
emotes-face-smile-big.png,icon_512,5.70212,8.35475,5.77604,4.75375,5.39147,6.9241,6.50198,15,25,19,12,41,17,32,24,28,30,36,21,5,14
actions-list-remove.png,icon_512,11.29,108.229,64.7502,43.0085,53.7842,20.6155,69.0254,3,5,20,6,22,4,5,2,4,6,35,12,0,0
actions-format-justify-fill.png,icon_512,11.6245,59.2606,25.5975,15.475,20.9224,20.4907,30.5083,6,6,17,5,17,5,15,10,12,12,34,11,2,3
actions-format-justify-left.png,icon_512,11.6337,58.6496,23.9905,14.4914,19.6171,20.4968,29.1179,5,7,17,5,18,6,16,10,14,13,34,11,2,3
mimetypes-x-office-drawing.png,icon_512,9.80598,28.5436,21.7957,16.0986,19.1318,15.1925,22.8539,8,10,18,7,16,7,13,8,11,11,34,13,1,5
mimetypes-x-office-presentation-template.png,icon_512,6.03864,8.4926,6.37534,5.55586,6.2434,7.36996,6.46819,16,25,21,11,41,16,29,21,24,27,35,19,5,14
status-weather-overcast.png,icon_512,3.76909,4.86917,4.22174,3.87916,4.09977,4.26726,4.22576,16,38,20,16,36,18,26,21,22,65,38,27,5,18
actions-media-skip-forward.png,icon_512,8.6135,20.4455,14.3414,12.2079,13.9143,12.3643,15.4106,8,12,19,9,19,10,14,10,13,15,35,16,2,5
actions-format-justify-right.png,icon_512,11.6131,58.4132,24.2247,14.626,19.7761,20.4477,29.3538,6,7,17,5,18,5,16,10,14,12,36,11,2,3
places-folder-saved-search.png,icon_512,9.08485,19.8993,15.4893,12.0349,14.2348,12.8511,14.8864,10,14,19,8,23,11,16,11,14,15,36,15,4,7
devices-drive-harddisk.png,icon_512,9.84982,29.8879,18.8258,12.5308,15.417,15.5335,23.0651,7,9,18,7,16,7,16,11,14,15,34,13,2,4
actions-go-previous.png,icon_512,9.03413,22.7997,13.0004,8.51596,10.4628,13.3843,17.8903,8,12,20,8,23,10,24,15,20,19,35,15,2,5
status-weather-storm.png,icon_512,2.93794,3.44318,2.93033,2.77067,2.91759,3.18478,2.91443,24,46,19,21,54,23,34,28,30,40,37,32,8,26
actions-document-open.png,icon_512,9.37465,20.9441,18.6792,14.9222,17.1704,13.4226,17.714,10,12,18,7,19,8,14,9,12,12,35,14,2,7
actions-window-new.png,icon_512,5.48303,7.99424,9.00403,8.95612,9.05493,6.59261,7.28984,14,23,20,11,20,12,8,7,8,13,36,21,3,12
status-mail-attachment.png,icon_512,9.19027,29.8876,18.7391,16.11,18.462,14.1927,22.34,5,8,19,7,13,6,10,7,9,10,34,13,1,3
apps-accessories-text-editor.png,icon_512,7.9447,16.3923,12.3949,10.6785,12.0574,10.9757,12.62,9,14,20,8,22,10,15,10,13,14,36,16,2,6
apps-preferences-desktop-screensaver.png,icon_512,7.01612,10.988,7.75754,6.32589,7.35217,8.76222,7.85496,14,21,20,10,39,13,27,21,24,25,34,19,8,11
categories-applications-system.png,icon_512,6.89651,11.2474,6.93601,5.66906,6.60562,8.74077,7.99773,13,19,20,10,39,14,30,22,26,27,34,19,5,11
actions-go-down.png,icon_512,9.30213,24.9326,15.797,10.8977,13.0723,14.1767,20.9395,7,11,19,8,19,9,18,12,15,16,34,14,1,5
actions-mail-reply-all.png,icon_512,4.91237,6.81495,5.19511,4.48063,4.95997,5.78139,5.56722,16,27,21,13,40,15,31,22,27,29,38,23,5,14
status-folder-visiting.png,icon_512,11.3027,49.9758,90.9748,77.961,87.2456,19.2439,52.9428,5,7,18,5,8,4,3,1,3,4,34,11,0,2
status-user-trash-full.png,icon_512,5.6958,7.72305,5.23231,4.07753,4.74221,6.81892,6.05391,17,28,18,12,48,38,41,35,35,36,36,21,5,27
apps-accessories-character-map.png,icon_512,9.72377,26.5786,17.1747,10.7109,13.2653,15.0016,22.1835,8,10,19,7,19,8,19,13,16,16,33,13,1,4
actions-format-text-italic.png,icon_512,9.07384,24.2832,15.1585,11.7222,13.9095,13.5131,17.8084,8,11,20,8,19,9,16,10,14,15,34,15,2,5
mimetypes-x-office-drawing-template.png,icon_512,6.39546,9.23084,8.502,7.6163,8.2953,8.16948,7.6935,16,24,22,11,33,15,20,15,18,21,36,20,4,13
apps-preferences-desktop-remote-desktop.png,icon_512,5.65965,8.17536,5.53141,4.53356,5.20647,6.82157,6.0536,15,26,19,12,45,16,36,25,30,31,35,23,6,13
status-software-update-urgent.png,icon_512,9.90154,35.81,26.1037,21.9059,25.1123,15.8149,29.2822,5,8,19,6,12,6,8,5,7,9,33,13,1,3
actions-mail-forward.png,icon_512,7.43437,14.4381,9.69941,6.5539,7.79781,10.0046,11.9561,10,15,21,8,25,11,28,19,23,23,35,17,2,8
status-network-transmit.png,icon_512,5.83436,7.79435,5.73699,4.9335,5.63871,6.79978,5.6339,18,28,17,12,47,17,34,23,29,30,35,21,6,16
actions-document-save-as.png,icon_512,7.79632,14.2965,9.84229,6.77016,8.12189,10.4528,11.7671,11,16,25,8,28,11,27,20,23,23,37,17,3,8
actions-edit-delete.png,icon_512,7.50138,11.3702,9.80894,7.65149,8.85882,9.27325,9.20243,15,20,20,9,33,13,23,17,20,22,37,17,4,11
mimetypes-text-x-generic-template.png,icon_512,9.93795,29.7175,19.1834,12.3798,15.222,15.8762,24.5455,7,9,17,6,16,7,17,11,15,14,33,13,1,4
microsoft.com.png,screenshot_web,4.4271,6.1598,5.49692,5.25425,5.54371,5.20007,5.20139,247,498,328,269,509,268,277,239,251,393,619,447,89,255
stripe.com.png,screenshot_web,8.37501,20.2625,14.3718,11.3314,13.3643,12.1751,14.8476,261,497,622,353,612,356,426,363,374,536,1206,616,78,206
news.ycombinator.com.png,screenshot_web,8.20622,21.1549,14.9288,13.8373,15.5355,12.0433,15.94,47,82,144,62,114,58,74,51,65,85,267,119,14,37
amazon.com.png,screenshot_web,3.11978,3.7379,3.46733,3.35767,3.5156,3.42679,3.19833,702,1556,849,744,1355,704,704,662,644,1051,1388,1197,274,789
creativecommons.org.png,screenshot_web,2.67949,3.05824,2.78246,2.59423,2.75827,2.87702,2.60974,710,1507,602,712,1424,698,813,736,735,1104,1061,1132,288,823
phoboslab.org.png,screenshot_web,7.4584,14.1045,8.4895,5.47893,7.07131,10.1435,9.40421,1082,2013,2047,1281,3261,1506,2772,2194,2355,2866,3823,2279,646,1037
apple.com.png,screenshot_web,5.11384,7.70227,6.66836,5.97545,6.50414,6.21107,6.4367,309,669,459,351,642,348,399,379,358,528,879,650,111,303
reddit.com.png,screenshot_web,5.1685,7.85807,6.65871,5.9769,6.51567,6.28679,6.42883,518,1023,872,578,1096,579,670,574,599,879,1581,997,190,508
nytimes.com.png,screenshot_web,4.67885,6.75363,5.85297,5.55679,5.9447,5.57238,5.58511,400,841,567,455,843,440,465,397,417,655,1065,792,153,418
imdb.com.png,screenshot_web,5.34989,8.43268,7.86431,7.43373,7.83968,6.60314,7.26755,374,792,620,440,678,406,377,317,347,572,1191,809,128,357
duckduckgo.com.png,screenshot_web,9.52497,36.0917,25.4588,21.836,25.1008,15.2851,26.6019,71,128,277,117,152,100,104,70,90,140,502,224,18,45
sublime.png,screenshot_web,8.07893,20.068,13.5517,11.7907,13.7719,11.7475,14.505,241,455,724,323,630,306,405,293,377,512,1358,630,86,206
en.wikipedia.org.png,screenshot_web,5.29312,7.8852,6.06143,5.62848,6.22928,6.46439,6.15037,194,385,276,200,497,218,298,235,261,351,530,364,75,198
cnn.com.png,screenshot_web,4.9678,7.39634,6.37319,5.9864,6.44203,6.00265,6.10191,346,724,580,380,718,373,406,341,365,556,1033,703,128,368
002.png,photo_wikipedia,0.941798,0.941899,0.985261,0.993903,0.99571,0.941887,0.862168,275,628,142,238,417,229,163,199,159,315,209,397,106,344
016.png,photo_wikipedia,1.23376,1.23834,1.07407,1.04329,1.09847,1.23877,1.03867,217,440,112,175,508,205,280,250,251,338,175,268,96,263
017.png,photo_wikipedia,0.969464,0.969519,0.969694,0.984284,0.992536,0.969579,0.869691,312,685,164,264,561,260,224,249,213,377,243,429,154,386
003.png,photo_wikipedia,1.03736,1.03762,0.96328,0.977767,1.00162,1.03781,0.899978,270,608,214,229,560,242,294,260,240,370,304,383,116,339
029.png,photo_wikipedia,0.972785,0.974109,1.01848,1.01759,1.02229,0.973894,0.891705,303,647,157,257,451,247,188,220,181,344,236,431,115,367
015.png,photo_wikipedia,1.01236,1.01244,1.00278,0.999003,1.01548,1.01305,0.905399,264,608,216,223,465,225,215,227,203,333,281,391,107,325
001.png,photo_wikipedia,1.09891,1.09892,1.0124,0.987131,1.02421,1.10031,0.950591,275,644,213,233,561,257,294,282,269,399,291,392,114,337
014.png,photo_wikipedia,0.930842,0.930838,0.991917,0.995609,0.995453,0.930854,0.858535,275,624,146,236,395,221,155,189,152,303,213,403,110,338
028.png,photo_wikipedia,1.02543,1.02486,1.02016,0.996414,1.01839,1.0263,0.918759,273,589,141,253,468,222,228,233,214,337,210,385,113,324
010.png,photo_wikipedia,0.939987,0.940058,0.986151,0.993269,0.994923,0.940049,0.861372,255,574,151,218,388,206,168,208,150,288,211,379,102,314
004.png,photo_wikipedia,0.927811,0.927808,0.993207,0.995989,0.995365,0.927821,0.857529,290,651,155,248,407,227,161,196,160,366,224,434,117,363
038.png,photo_wikipedia,1.02042,1.02042,0.958659,0.976534,0.997005,1.02061,0.889673,245,559,122,210,494,223,225,227,207,329,186,369,101,310
039.png,photo_wikipedia,0.979858,0.979935,0.979521,0.985305,0.996195,0.980076,0.878597,304,662,153,257,512,255,222,245,210,369,231,417,120,370
005.png,photo_wikipedia,0.947711,0.948477,1.00517,1.00723,1.00852,0.948208,0.872976,280,654,253,243,405,222,166,197,163,356,316,421,115,380
011.png,photo_wikipedia,0.94862,0.948681,0.978986,0.990265,0.99364,0.948703,0.863152,325,690,258,284,506,269,202,245,195,382,346,434,124,399
007.png,photo_wikipedia,0.940741,0.94074,0.984119,0.992107,0.994011,0.940759,0.860923,267,624,227,236,410,224,168,196,165,312,294,398,106,338
013.png,photo_wikipedia,1.00576,1.00737,1.01909,1.0143,1.0271,1.00711,0.908546,323,696,172,280,531,269,238,260,234,398,257,452,135,404
012.png,photo_wikipedia,0.929486,0.929497,0.991632,0.995454,0.995026,0.929499,0.857707,282,637,152,241,397,216,160,195,159,307,219,421,117,343
006.png,photo_wikipedia,1.13215,1.13288,1.06461,1.00925,1.05244,1.13464,0.992106,342,704,171,287,665,299,356,377,324,481,270,452,138,400
049.png,photo_wikipedia,0.925165,0.92517,0.99463,0.996738,0.995943,0.925168,0.856413,325,733,172,281,553,264,173,224,172,358,252,452,126,397
048.png,photo_wikipedia,0.955159,0.956616,1.00794,1.01391,1.01505,0.955948,0.878493,256,625,138,227,377,211,153,186,149,291,202,394,104,329
040.png,photo_wikipedia,0.958119,0.95817,0.97696,0.988015,0.993626,0.958217,0.867104,319,689,163,271,501,257,212,245,204,372,243,437,127,381
041.png,photo_wikipedia,1.08986,1.09609,1.06335,1.06002,1.0814,1.0938,0.972707,245,551,195,210,456,214,213,218,197,318,263,354,98,301
043.png,photo_wikipedia,0.970045,0.970053,0.983487,0.988442,0.997189,0.970203,0.874811,345,753,174,304,579,303,308,282,296,425,264,490,133,434
042.png,photo_wikipedia,0.96609,0.96621,0.972317,0.986603,0.993819,0.966241,0.869069,332,716,175,282,544,265,236,256,238,393,259,460,142,396
046.png,photo_wikipedia,0.925676,0.925676,0.99352,0.996235,0.995369,0.925675,0.856397,264,596,228,227,367,206,143,176,143,283,290,393,105,318
047.png,photo_wikipedia,0.947335,0.947335,0.975601,0.988364,0.99169,0.947348,0.860826,306,664,159,262,491,250,186,222,182,346,230,413,133,368
045.png,photo_wikipedia,1.03352,1.03353,0.970189,0.976852,0.999423,1.03403,0.899135,294,640,222,247,587,259,269,272,247,391,302,391,137,361
044.png,photo_wikipedia,1.08635,1.0868,1.00289,1.00379,1.03337,1.08788,0.934135,335,717,265,327,677,290,330,323,302,456,354,453,146,413
023.png,photo_wikipedia,0.955491,0.955491,0.970332,0.985681,0.991015,0.955515,0.863216,314,1276,258,293,508,262,212,242,204,371,352,445,128,385
037.png,photo_wikipedia,0.940388,0.940662,0.98929,0.996485,0.997534,0.940555,0.862884,306,667,247,261,457,254,180,217,175,346,325,418,118,373
036.png,photo_wikipedia,0.926876,0.926876,0.992453,0.995843,0.995026,0.926875,0.856654,254,601,133,226,367,209,140,176,137,281,198,381,101,316
022.png,photo_wikipedia,0.944049,0.944353,0.998036,0.999625,1.00183,0.944305,0.868133,261,593,220,229,381,225,154,183,152,296,284,389,104,320
008.png,photo_wikipedia,0.997773,0.997774,0.955871,0.977521,0.992828,0.997889,0.877603,247,590,184,219,490,228,204,224,190,380,251,343,97,321
034.png,photo_wikipedia,1.03078,1.03245,1.03042,1.02621,1.0409,1.03297,0.928586,252,561,201,212,438,212,197,208,184,311,269,361,100,304
020.png,photo_wikipedia,0.954962,0.954961,0.978241,0.988083,0.993169,0.955028,0.865671,309,695,161,274,494,261,205,235,198,372,240,441,126,382
021.png,photo_wikipedia,0.929113,0.929111,0.99175,0.995526,0.995159,0.929123,0.857659,345,748,282,299,495,287,187,241,184,381,369,462,127,424
035.png,photo_wikipedia,0.973108,0.973107,0.967297,0.981919,0.991231,0.973191,0.87028,309,680,236,261,534,257,217,241,207,369,321,405,119,370
009.png,photo_wikipedia,0.974985,0.974988,0.971508,0.984723,0.994498,0.975095,0.87362,274,609,140,237,469,230,224,218,189,333,208,394,111,355
031.png,photo_wikipedia,0.988002,0.988002,0.976945,0.983475,0.996429,0.988183,0.882761,283,630,231,239,489,238,219,237,206,352,315,404,116,343
025.png,photo_wikipedia,0.988016,0.987975,0.993138,0.990982,1.00318,0.98848,0.889046,350,748,280,304,582,296,262,282,246,425,372,464,140,424
019.png,photo_wikipedia,0.929454,0.929454,0.989619,0.99472,0.994373,0.929455,0.857019,338,728,178,289,482,270,189,230,187,371,263,464,133,407
018.png,photo_wikipedia,0.978397,0.978457,0.984005,0.987754,0.998625,0.97863,0.879944,361,770,187,308,597,318,263,288,251,440,279,510,148,437
024.png,photo_wikipedia,1.02153,1.02206,0.994687,0.98948,1.00856,1.02233,0.906781,289,643,223,245,531,255,245,255,228,377,303,396,115,358
030.png,photo_wikipedia,0.979364,0.979366,0.963144,0.97958,0.990563,0.979448,0.871635,336,706,165,302,601,297,252,291,237,425,259,433,131,464
026.png,photo_wikipedia,0.939802,0.939836,0.986936,0.993841,0.99539,0.939851,0.861647,291,666,250,251,454,234,181,207,177,332,320,426,119,355
032.png,photo_wikipedia,0.981577,0.981576,0.955323,0.97722,0.988789,0.981626,0.869836,289,629,212,251,532,256,219,249,204,364,294,381,108,368
033.png,photo_wikipedia,0.935379,0.935454,0.988354,0.994913,0.995348,0.935439,0.859928,253,586,136,223,379,218,143,183,140,293,195,373,95,323
027.png,photo_wikipedia,0.934793,0.934792,0.986555,0.993122,0.993695,0.934801,0.858445,317,697,273,272,464,251,185,223,182,356,379,469,128,381
