filename,category,pixel_size,encode_ms,decode_ms,size_kb,rate
!pkf_water1.png,textures_pk,16384,0,0,432,0.888337
+0mod_button1.png,textures_pk,4096,0,0,74,1.28408
+amod_button1.png,textures_pk,4096,0,0,74,1.29397
001.png,photo_wikipedia,1084600,0,0,26773,0.949451
002.png,photo_wikipedia,1015560,0,0,29166,0.816082
003.png,photo_wikipedia,1048280,0,0,27392,0.896931
004.png,photo_wikipedia,1019592,0,0,29717,0.804119
005.png,photo_wikipedia,1002048,0,0,28573,0.82194
006.png,photo_wikipedia,1314144,0,0,31456,0.979152
007.png,photo_wikipedia,994560,0,0,28600,0.815033
008.png,photo_wikipedia,988416,0,0,26838,0.863149
009.png,photo_wikipedia,1005312,0,0,27917,0.843979
010.png,photo_wikipedia,924064,0,0,26589,0.814524
011.png,photo_wikipedia,1176240,0,0,33545,0.821811
012.png,photo_wikipedia,966408,0,0,28117,0.805544
013.png,photo_wikipedia,1192672,0,0,32038,0.872494
014.png,photo_wikipedia,990592,0,0,28781,0.806677
015.png,photo_wikipedia,990000,0,0,26485,0.876056
016.png,photo_wikipedia,929248,0,0,20357,1.06981
017.png,photo_wikipedia,1136220,0,0,31726,0.839378
018.png,photo_wikipedia,1309468,0,0,36232,0.847058
019.png,photo_wikipedia,1201200,0,0,34951,0.805489
020.png,photo_wikipedia,1119744,0,0,31731,0.827073
021.png,photo_wikipedia,1264368,0,0,36802,0.805206
022.png,photo_wikipedia,943920,0,0,27034,0.818321
023.png,photo_wikipedia,1119744,0,0,31715,0.827478
024.png,photo_wikipedia,1112736,0,0,29489,0.88437
025.png,photo_wikipedia,1285288,0,0,35215,0.855424
026.png,photo_wikipedia,1040000,0,0,29933,0.814302
027.png,photo_wikipedia,1117440,0,0,32333,0.809998
028.png,photo_wikipedia,1005312,0,0,26557,0.887216
029.png,photo_wikipedia,1119744,0,0,31085,0.844254
030.png,photo_wikipedia,1284640,0,0,35520,0.847634
031.png,photo_wikipedia,1031940,0,0,28287,0.855011
032.png,photo_wikipedia,1119744,0,0,30894,0.849481
033.png,photo_wikipedia,956160,0,0,27645,0.810632
034.png,photo_wikipedia,974656,0,0,25520,0.89509
035.png,photo_wikipedia,1120264,0,0,31169,0.84237
036.png,photo_wikipedia,931788,0,0,27185,0.803317
037.png,photo_wikipedia,1119744,0,0,32198,0.815071
038.png,photo_wikipedia,960000,0,0,25501,0.882317
039.png,photo_wikipedia,1119744,0,0,30938,0.848275
040.png,photo_wikipedia,1119744,0,0,31625,0.829826
041.png,photo_wikipedia,1007216,0,0,24887,0.948522
042.png,photo_wikipedia,1170000,0,0,32776,0.836637
043.png,photo_wikipedia,1314144,0,0,36670,0.839918
044.png,photo_wikipedia,1268064,0,0,31645,0.939177
045.png,photo_wikipedia,1119744,0,0,29369,0.893571
046.png,photo_wikipedia,923520,0,0,26978,0.802304
047.png,photo_wikipedia,1088416,0,0,31087,0.820591
048.png,photo_wikipedia,938400,0,0,26532,0.828934
049.png,photo_wikipedia,1155600,0,0,33776,0.801869
20XX_Menu_picture.png,screenshot_game,257404,0,0,2311,2.61033
3dbrick2.png,screenshot_game,76800,0,0,140,12.8231
3dcursedlabyrinth-mazegame.png,screenshot_game,164640,0,0,278,13.847
A7xpg-continue.png,screenshot_game,307200,0,0,1846,3.89905
ADR1FT_gameplay_screenshot.png,screenshot_game,694375,0,0,15500,1.04996
A_House_in_California.png,screenshot_game,764400,0,0,686,26.0969
Able_builders_intro2.png,screenshot_game,76800,0,0,21,84.1336
Absolver_screenshot_Fight01.png,screenshot_game,810000,0,0,20950,0.906152
Absolver_screenshot_Fight02.png,screenshot_game,810000,0,0,21080,0.900567
Absolver_screenshot_Fight03.png,screenshot_game,810000,0,0,22214,0.854578
Absolver_screenshot_Forest.png,screenshot_game,810000,0,0,18927,1.00298
Absolver_screenshot_Help.png,screenshot_game,810000,0,0,20766,0.914182
Abyss_scratch_3.0.png,screenshot_game,171124,0,0,15,256.43
Actsmudgnome.png,screenshot_game,545232,0,0,906,14.0951
Actsmudwintinnet.png,screenshot_game,276780,0,0,287,22.5575
Agar.io_gameplay.png,screenshot_game,599040,0,0,1311,10.7058
Agar.io_gameplay1.png,screenshot_game,599040,0,0,1293,10.8511
Ai_dungeon_with_a_custom_setting.png,screenshot_game,813600,0,0,509,37.4205
Air_Raid_(1979_game)_Screen.png,screenshot_game,204750,0,0,42,112.526
Alchemistpic.png,screenshot_game,518000,0,0,3914,3.10111
Alto%27s_Adventure_screenshot_-_A03_Sunrise.png,screenshot_game,810000,0,0,2486,7.63459
Alto%27s_Adventure_screenshot_-_A04_Ice.png,screenshot_game,810000,0,0,4517,4.20229
Alto%27s_Adventure_screenshot_-_A05_Night.png,screenshot_game,810000,0,0,3052,6.21942
Alto%27s_Adventure_screenshot_-_A06_Forest.png,screenshot_game,810000,0,0,15580,1.21848
Alto%27s_Adventure_screenshot_-_A07_Ruins.png,screenshot_game,810000,0,0,4267,4.44812
Alto%27s_Adventure_screenshot_-_B00_Kicker.png,screenshot_game,810000,0,0,4193,4.52736
Alto%27s_Adventure_screenshot_-_B01_Roof.png,screenshot_game,810000,0,0,3867,4.90823
Alto%27s_Adventure_screenshot_-_B02_Village.png,screenshot_game,810000,0,0,3591,5.28631
Alto%27s_Adventure_screenshot_-_B03_Spine.png,screenshot_game,810000,0,0,4670,4.06454
Alto%27s_Adventure_screenshot_-_B04_Quarter_Pipe.png,screenshot_game,810000,0,0,4789,3.964
Alto%27s_Adventure_screenshot_-_B05_Grind_Hop.png,screenshot_game,810000,0,0,3008,6.31017
Alto%27s_Adventure_screenshot_-_B06_Camp.png,screenshot_game,810000,0,0,2405,7.89339
Alto%27s_Adventure_screenshot_-_B07_Island.png,screenshot_game,810000,0,0,4334,4.37994
Alto%27s_Adventure_screenshot_-_B08_Forest_Dawn.png,screenshot_game,810000,0,0,3249,5.84152
Alto%27s_Adventure_screenshot_-_B09_Roof_Rain.png,screenshot_game,810000,0,0,5896,3.21963
Alto%27s_Adventure_screenshot_-_B10_Coins.png,screenshot_game,810000,0,0,3416,5.55643
Alto%27s_Adventure_screenshot_-_B11_Volcano.png,screenshot_game,810000,0,0,2631,7.21315
Alto%27s_Adventure_screenshot_-_B13_Wingsuit.png,screenshot_game,810000,0,0,4475,4.2415
Ambient_lights_cube_engine.png,screenshot_game,2160000,0,0,49990,1.01269
American_Sammy_Corp.png,screenshot_game,25760,0,0,117,5.13548
Amulets_%26_armor_-03.png,screenshot_game,256000,0,0,735,8.15817
Ankh_Grim.png,screenshot_game,390879,0,0,8694,1.05365
Antimage.png,screenshot_game,537504,0,0,1964,6.41252
AssaultCube_screenshot.png,screenshot_game,850800,0,0,21237,0.938914
Atlantik.png,screenshot_game,738304,0,0,1162,14.8872
Ayner.png,screenshot_game,485982,0,0,11063,1.0295
B.A.L.L.Z.png,screenshot_game,331128,0,0,504,15.374
BFM-screenshot01.png,screenshot_game,786432,0,0,5849,3.15094
BOSscreen.png,screenshot_game,480000,0,0,7122,1.57956
Ballerburg.png,screenshot_game,100000,0,0,717,3.26547
BananaDash2.png,screenshot_game,215625,0,0,219,23.0687
Bankai.png,screenshot_game,562401,0,0,5154,2.55746
Battalen-screen.png,screenshot_game,48800,0,0,285,4.00547
Battle_for_Mandicor_0.0.5.png,screenshot_game,786432,0,0,5619,3.28028
Battle_for_the_Galaxy_gameplay.png,screenshot_game,120000,0,0,3500,0.803473
BeamWars--.png,screenshot_game,64500,0,0,1488,1.01532
Behaviour_Tree.png,screenshot_game,810000,0,0,6817,2.78468
Benkid77_CNPD.png,screenshot_game,76800,0,0,121,14.8296
Benkid77_GoldenEgg.png,screenshot_game,76800,0,0,10,165.221
Benkid77_SpaceWhale.png,screenshot_game,76800,0,0,9,193.654
Bethewumpus_screenshot.png,screenshot_game,420472,0,0,81,121.477
Biniax2_screenshot.png,screenshot_game,270000,0,0,2851,2.21961
BioRust_Screenshot_01.png,screenshot_game,810000,0,0,23421,0.810557
BioRust_Screenshot_02.png,screenshot_game,810000,0,0,15008,1.26488
BioRust_Screenshot_03.png,screenshot_game,810000,0,0,10491,1.80951
Blackwood_Crossing_August_reveal_screenshot_01_Finn.png,screenshot_game,810000,0,0,15831,1.19912
Blackwood_Crossing_August_reveal_screenshot_02_Train.png,screenshot_game,810000,0,0,20379,0.931556
Blackwood_Crossing_August_reveal_screenshot_03_Treehouse.png,screenshot_game,810000,0,0,20485,0.926729
Blackwood_Crossing_August_reveal_screenshot_04_Planetarium.png,screenshot_game,810000,0,0,21977,0.863821
Blackwood_Crossing_August_reveal_screenshot_05_Island.png,screenshot_game,810000,0,0,17020,1.11541
Blackwood_Crossing_August_reveal_screenshot_06_Island.png,screenshot_game,810000,0,0,17679,1.07379
Blackwood_Crossing_announcement_screenshot_01.png,screenshot_game,810000,0,0,13228,1.43512
Blackwood_Crossing_announcement_screenshot_02.png,screenshot_game,810000,0,0,15046,1.26172
Blackwood_Crossing_announcement_screenshot_03.png,screenshot_game,810000,0,0,21167,0.896871
Blackwood_Crossing_announcement_screenshot_04.png,screenshot_game,810000,0,0,21982,0.863602
Blackwood_Crossing_announcement_screenshot_05.png,screenshot_game,810000,0,0,20840,0.910947
Blackwood_Crossing_announcement_screenshot_06.png,screenshot_game,810000,0,0,20468,0.927484
Blek_-_Level_2_screenshot.png,screenshot_game,858912,0,0,10195,1.97456
Blek_-_Level_3_screenshot.png,screenshot_game,858912,0,0,8638,2.33024
Blek_-_Level_4_screenshot.png,screenshot_game,858912,0,0,8460,2.37943
Blek_-_Level_5_screenshot.png,screenshot_game,858912,0,0,8566,2.34998
Blek_screenshot_collection_2.png,screenshot_game,1078800,0,0,2746,9.20609
Blek_screenshot_collection_3.png,screenshot_game,1078800,0,0,3509,7.20361
Blek_screenshot_collection_4.png,screenshot_game,1076400,0,0,3577,7.05144
Blobby_volley_2_alpha_6.png,screenshot_game,477403,0,0,6553,1.70738
Blocks_on_ice_gameplay_1.png,screenshot_game,153600,0,0,3651,0.98603
Bradley_Trainer_screenshot.png,screenshot_game,307200,0,0,167,43.0737
Briquolo.png,screenshot_game,786432,0,0,21980,0.838563
Broforce_blade_vs_truck.png,screenshot_game,810000,0,0,6879,2.75971
Broforce_boss_destructing.png,screenshot_game,810000,0,0,7308,2.59741
Broforce_boss_fight.png,screenshot_game,810000,0,0,7875,2.41067
Broforce_boss_rocket.png,screenshot_game,810000,0,0,6412,2.9606
Broforce_explosion.png,screenshot_game,810000,0,0,6580,2.88514
Broforce_four_players.png,screenshot_game,810000,0,0,8886,2.13632
Broforce_landmine.png,screenshot_game,810000,0,0,6776,2.80167
Broforce_miniboss.png,screenshot_game,810000,0,0,3316,5.72404
Broforce_mooks_in_air.png,screenshot_game,810000,0,0,6061,3.13172
Broforce_on_the_helicopter.png,screenshot_game,810000,0,0,6819,2.78374
Broforce_parachute_mooks.png,screenshot_game,810000,0,0,6672,2.84527
C4_Solids_Demo.png,screenshot_game,57344,0,0,28,46.6654
CRIM_%E6%AD%A6%E5%99%A8NPC%E5%9C%96.png,screenshot_game,647660,0,0,4694,3.23343
CRITICAL_HIT!!.png,screenshot_game,211200,0,0,87,56.6701
CS-Menu-Snatch.png,screenshot_game,196608,0,0,761,6.05223
Cave_Troll_Level_Of_Sintel_The_Game.png,screenshot_game,687600,0,0,16291,0.989206
Celeste_screenshot_00.png,screenshot_game,810000,0,0,3195,5.94122
Celeste_screenshot_01.png,screenshot_game,810000,0,0,4991,3.80353
Celeste_screenshot_02.png,screenshot_game,810000,0,0,3530,5.3772
Celeste_screenshot_03.png,screenshot_game,810000,0,0,2892,6.56387
Celeste_screenshot_04.png,screenshot_game,810000,0,0,7576,2.5056
Celeste_screenshot_05.png,screenshot_game,810000,0,0,10682,1.77721
Celeste_screenshot_06.png,screenshot_game,810000,0,0,2828,6.71255
Celeste_screenshot_07.png,screenshot_game,810000,0,0,6823,2.78213
Celeste_screenshot_08.png,screenshot_game,810000,0,0,6145,3.08901
Celeste_screenshot_09.png,screenshot_game,810000,0,0,6122,3.10062
Celeste_screenshot_10.png,screenshot_game,810000,0,0,4735,4.00904
Celeste_screenshot_11.png,screenshot_game,810000,0,0,10202,1.86067
Chasing_Aurora_screenshot_07_(Wii_U).png,screenshot_game,810000,0,0,10048,1.88925
Chasing_Aurora_screenshot_08_(Thorn).png,screenshot_game,810000,0,0,8850,2.14493
Chasing_Aurora_screenshot_09_(Wii_U).png,screenshot_game,810000,0,0,9493,1.99981
Chasing_Aurora_screenshot_10_(Chase).png,screenshot_game,810000,0,0,5569,3.40893
Chasing_Aurora_screenshot_11_(Freeze).png,screenshot_game,810000,0,0,8710,2.17947
Chasing_Aurora_screenshot_12_(Freeze).png,screenshot_game,810000,0,0,12029,1.57815
Chmatakovonline.png,screenshot_game,470611,0,0,8195,1.34581
Christopher_Strachey%27s_Draughts_Program.png,screenshot_game,165236,0,0,2197,1.76263
Cibele_video_game_screenshot_1.png,screenshot_game,810000,0,0,18425,1.03031
Cibele_video_game_screenshot_2.png,screenshot_game,810000,0,0,14521,1.30733
Cibele_video_game_screenshot_3.png,screenshot_game,781200,0,0,13557,1.35049
CityBattle_Virtual_Earth_Screenshot1.png,screenshot_game,802800,0,0,20139,0.934247
CityBattle_Virtual_Earth_Screenshot2.png,screenshot_game,810000,0,0,16788,1.13078
Clonk-Endeavour-4.9.5.4-deutsch-screen.png,screenshot_game,717920,0,0,8839,1.90357
Close_Castles_screenshot.png,screenshot_game,811200,0,0,4595,4.13765
CompliKATEd_screenshot_1.png,screenshot_game,810000,0,0,16000,1.18647
CompliKATEd_screenshot_2.png,screenshot_game,810000,0,0,15963,1.18921
CompliKATEd_screenshot_3.png,screenshot_game,810000,0,0,15773,1.2036
CompliKATEd_screenshot_4.png,screenshot_game,810000,0,0,11414,1.66322
Contraption_1.png,screenshot_game,810000,0,0,7649,2.4817
Contraption_2.png,screenshot_game,810000,0,0,6039,3.14316
Contraption_3.png,screenshot_game,810000,0,0,10731,1.76903
Contraption_4.png,screenshot_game,810000,0,0,4746,3.99931
Contraption_5.png,screenshot_game,810000,0,0,7548,2.51499
Contraption_6.png,screenshot_game,810000,0,0,8120,2.33794
Contraption_7.png,screenshot_game,810000,0,0,9518,1.99455
Contraption_8.png,screenshot_game,810000,0,0,5630,3.37158
Contraption_9.png,screenshot_game,810000,0,0,6899,2.75149
Core_War_PMars_Screenshot.png,screenshot_game,74784,0,0,70,24.8177
Crack_Attack!_ingame.png,screenshot_game,489879,0,0,3075,3.7327
Credits.png,screenshot_game,810000,0,0,8387,2.26342
Cree.png,screenshot_game,487436,0,0,11600,0.984792
Crusader_Tetra.png,screenshot_game,28470,0,0,101,6.60219
Cuyo.png,screenshot_game,213808,0,0,1301,3.849
Cw0.png,screenshot_game,784641,0,0,4921,3.73705
Cw3.png,screenshot_game,784641,0,0,2960,6.21262
Cyclops-cover.png,screenshot_game,810000,0,0,10599,1.7911
DOTGv0.31screenshot.png,screenshot_game,307200,0,0,3414,2.1088
DRAGON32_Shock_Trooper_1Titles.png,screenshot_game,307200,0,0,160,44.8298
Dark_Scavenger_screenshot_1.png,screenshot_game,480000,0,0,13030,0.863345
Dark_Scavenger_screenshot_2.png,screenshot_game,480000,0,0,10865,1.03538
Dark_Scavenger_screenshot_3.png,screenshot_game,480000,0,0,8565,1.3134
Dark_Scavenger_screenshot_4.png,screenshot_game,480000,0,0,8754,1.28511
Dark_Scavenger_screenshot_5.png,screenshot_game,480000,0,0,11029,1.01995
Dark_Scavenger_screenshot_6.png,screenshot_game,480000,0,0,11002,1.02251
Darkelf_-_tituln%C3%AD_str%C3%A1nka.png,screenshot_game,803240,0,0,9986,1.88523
Darkelf_ligy.png,screenshot_game,810000,0,0,8009,2.37037
DayZ.png,screenshot_game,124778,0,0,285,10.2355
Dcss.0.21.webtiles.Elven-Halls.png,screenshot_game,736800,0,0,9928,1.73933
DeSmuME_0.9.11_emulating_Diamond_Trust_of_London_on_macOS_High_Sierra.png,screenshot_game,217710,0,0,1271,4.01173
Disim_tutorial_04.png,screenshot_game,484416,0,0,8311,1.36594
Dnd8won.png,screenshot_game,262144,0,0,103,59.3075
Dr._Langeskov_The_Tiger_and_The_Terribly_Cursed_Emerald_Screenshot_1.png,screenshot_game,810000,0,0,18391,1.03224
Dr._Langeskov_The_Tiger_and_The_Terribly_Cursed_Emerald_Screenshot_2.png,screenshot_game,810000,0,0,19119,0.992936
Dr._Langeskov_The_Tiger_and_The_Terribly_Cursed_Emerald_Screenshot_3.png,screenshot_game,810000,0,0,17091,1.11076
Dr._Langeskov_The_Tiger_and_The_Terribly_Cursed_Emerald_Screenshot_4.png,screenshot_game,810000,0,0,16826,1.12824
Dr._Langeskov_The_Tiger_and_The_Terribly_Cursed_Emerald_Screenshot_5.png,screenshot_game,810000,0,0,15766,1.20408
Dr._Langeskov_The_Tiger_and_The_Terribly_Cursed_Emerald_Screenshot_6.png,screenshot_game,810000,0,0,11129,1.70583
Dre.png,screenshot_game,64000,0,0,159,9.42343
Dre2.png,screenshot_game,64000,0,0,25,58.0982
Dstroy.png,screenshot_game,196608,0,0,187,24.5696
Dungeon_Crawl_Stone_Soup_-_Musu.png,screenshot_game,951974,0,0,4129,5.40363
Dungeon_crawl_stone_soup.png,screenshot_game,384800,0,0,2034,4.43213
DungeonmodeB.png,screenshot_game,141191,0,0,2550,1.29758
Dwarf_Fortress_-_mapa_%C5%9Bwiata.png,screenshot_game,104544,0,0,392,6.24173
Dwarf_Fortress_-_mapa_%C5%9Bwiata_fragment.png,screenshot_game,14098,0,0,23,14.1145
EB_battle.png,screenshot_game,478200,0,0,13130,0.853541
EmpireOpenSource.png,screenshot_game,247812,0,0,379,15.3053
EmpireOpenSource_windowless.png,screenshot_game,210000,0,0,205,23.8933
EmpireOriginal.png,screenshot_game,252800,0,0,255,23.222
EnigmaScreenshot.png,screenshot_game,307200,0,0,4165,1.72867
Epistory07.png,screenshot_game,810000,0,0,19842,0.956737
Euchreshot1.png,screenshot_game,67200,0,0,10,146.14
Euchreshot2.png,screenshot_game,67200,0,0,12,126.534
Euchreshot3.png,screenshot_game,67200,0,0,10,144.646
Eugen_Uskoff.png,screenshot_game,176640,0,0,613,6.74592
Evacshelter.png,screenshot_game,32508,0,0,23,32.2954
Evacshelter_b.png,screenshot_game,12800,0,0,12,24.1017
Everything_screenshot_03.png,screenshot_game,810000,0,0,9849,1.92743
Everything_screnshot_06.png,screenshot_game,810000,0,0,16889,1.12406
Fantastic_Contraption_VR_screenshot_01.png,screenshot_game,810000,0,0,14692,1.29213
Fantastic_Contraption_VR_screenshot_02.png,screenshot_game,810000,0,0,13232,1.4347
Fantastic_Contraption_VR_screenshot_03.png,screenshot_game,810000,0,0,5965,3.18239
Fantastic_Contraption_VR_screenshot_04.png,screenshot_game,810000,0,0,8923,2.12744
Fantastic_Contraption_VR_screenshot_05.png,screenshot_game,810000,0,0,8240,2.30384
Fantastic_Contraption_VR_screenshot_06.png,screenshot_game,810000,0,0,6810,2.78744
Finances_UI_Coffee_Noir.png,screenshot_game,810000,0,0,19820,0.957813
Fkiss.png,screenshot_game,273492,0,0,932,6.87348
Flinthook_screenshot_-_Pax_square_1.png,screenshot_game,640000,0,0,299,50.1412
Flinthook_screenshot_-_Pax_square_2.png,screenshot_game,640000,0,0,514,29.1624
Flinthook_screenshot_-_Pax_square_3.png,screenshot_game,640000,0,0,330,45.4434
Flinthook_screenshot_-_Pax_square_4.png,screenshot_game,640000,0,0,293,51.1123
Flinthook_screenshot_-_Pax_square_5.png,screenshot_game,640000,0,0,325,46.0901
Flinthook_screenshot_-_Pax_start.png,screenshot_game,810000,0,0,6217,3.0533
Flinthook_screenshot_-_Pax_tutorial.png,screenshot_game,810000,0,0,7682,2.47109
Flinthook_screenshot_-_Pax_worm.png,screenshot_game,810000,0,0,7434,2.55349
Flying_Tigers-_Shadows_Over_China_gameplay_screenshot_1.png,screenshot_game,810000,0,0,15532,1.22227
FooBillard_3.0a_on_Linux_sshot20040807.png,screenshot_game,478002,0,0,3566,3.14132
Fragments_of_Him_-_Presskit_screenshot_1.png,screenshot_game,810000,0,0,19322,0.982488
Fragments_of_Him_-_Presskit_screenshot_2.png,screenshot_game,810000,0,0,13296,1.42779
Fragments_of_Him_-_Presskit_screenshot_3.png,screenshot_game,810000,0,0,20853,0.910372
Fragments_of_Him_-_Presskit_screenshot_4.png,screenshot_game,810000,0,0,11071,1.71465
Fragments_of_Him_-_Presskit_screenshot_5.png,screenshot_game,810000,0,0,15424,1.23079
Fragments_of_Him_-_Presskit_screenshot_6.png,screenshot_game,810000,0,0,15866,1.19651
Fragments_of_Him_-_Work_In_Progress_screenshot_1.png,screenshot_game,810000,0,0,9278,2.04601
Fragments_of_Him_-_Work_In_Progress_screenshot_3.png,screenshot_game,810000,0,0,16524,1.14887
Fragments_of_Him_-_Work_In_Progress_screenshot_4.png,screenshot_game,810000,0,0,11263,1.6855
Fragments_of_Him_-_Work_In_Progress_screenshot_5.png,screenshot_game,810000,0,0,13533,1.40277
Fragments_of_Him_-_Work_In_Progress_screenshot_6.png,screenshot_game,810000,0,0,17418,1.08991
FreeOrion-production.png,screenshot_game,786432,0,0,2882,6.39534
Freedom_Planet_Cutscene.png,screenshot_game,408960,0,0,642,14.9295
Freedom_Planet_Milla_screenshot.png,screenshot_game,102240,0,0,2706,0.885311
Frogatto.png,screenshot_game,480000,0,0,820,13.7113
Frotz_ifiction.png,screenshot_game,285310,0,0,947,7.06008
Fullscore5-1.png,screenshot_game,94878,0,0,689,3.2248
GNU_bg_screenshot.png,screenshot_game,1057200,0,0,11103,2.23165
Galak-Z_screenshot_-_explosion_centipede.png,screenshot_game,810000,0,0,21230,0.894194
Galak-Z_screenshot_-_floating_rhino.png,screenshot_game,796800,0,0,20927,0.892349
Galak-Z_screenshot_-_gz_blue.png,screenshot_game,810000,0,0,18360,1.03399
Galak-Z_screenshot_-_lost_in_space.png,screenshot_game,810000,0,0,20862,0.909976
Galak-Z_screenshot_-_missile_porn.png,screenshot_game,810000,0,0,20384,0.931318
Galak-Z_screenshot_-_sentinel_showdown.png,screenshot_game,810000,0,0,15979,1.18805
Galak-Z_screenshot_-_whole_gang.png,screenshot_game,810000,0,0,20407,0.930287
Galaxy_Game_(1971)_-_Title_screen.png,screenshot_game,262144,0,0,21,281.774
Game_Cloud_Screenshot.png,screenshot_game,462400,0,0,10456,1.0364
Gang_Garrison_2.png,screenshot_game,480000,0,0,107,104.71
Glenn_Wichman_Toxic_ravine.png,screenshot_game,43776,0,0,534,1.92109
Gyg.png,screenshot_game,51840,0,0,131,9.26114
HDX_Screenshot.png,screenshot_game,1120800,0,0,25276,1.03925
Hackmud_archaic.png,screenshot_game,906000,0,0,14812,1.43357
Hackmud_hacking.png,screenshot_game,907200,0,0,20487,1.03783
Hackmud_patching.png,screenshot_game,906000,0,0,18506,1.14742
Hanlons_Razor_(Hanlon%27s_Razor)_HRAZOR_Menu_Screen.png,screenshot_game,1152000,0,0,1579,17.0973
Heartlight.png,screenshot_game,64000,0,0,806,1.85964
Hedgeweap.png,screenshot_game,82080,0,0,565,3.39943
Hern%C3%AD_okno_Darkelfa.png,screenshot_game,810000,0,0,21380,0.887936
Htdamg_affinity.png,screenshot_game,237718,0,0,2421,2.30121
Hundreds_(video_game)_-_Level_0.png,screenshot_game,786432,0,0,9533,1.93344
Hundreds_(video_game)_-_Level_61.png,screenshot_game,786432,0,0,9600,1.91983
Hwscreen.png,screenshot_game,456688,0,0,4414,2.42443
IMGP5480_seamless.png,textures_photo,1048576,0,0,29570,0.831087
IMGP5482_seamless.png,textures_photo,1048576,0,0,29873,0.822665
IMGP5487_seamless.png,textures_photo,1048576,0,0,27748,0.885673
IMGP5493_seamless_1.png,textures_photo,1048576,0,0,23996,1.02413
IMGP5493_seamless_2.png,textures_photo,1048576,0,0,24169,1.01683
IMGP5497_seamless.png,textures_photo,1048576,0,0,29483,0.833559
IMGP5498_seamless.png,textures_photo,1048576,0,0,29980,0.819744
IMGP5505_seamless.png,textures_photo,1048576,0,0,29614,0.829867
IMGP5511_seamless.png,textures_photo,1048576,0,0,29811,0.824385
IMGP5514_seamless_1.png,textures_photo,1048576,0,0,29118,0.843986
IMGP5514_seamless_2.png,textures_photo,1048576,0,0,28775,0.854052
IMGP5525_seamless.png,textures_photo,1048576,0,0,29871,0.82273
IMGP5539_almost_seamless.png,textures_photo,1048576,0,0,28633,0.858288
IMGP5546_seamless.png,textures_photo,1048576,0,0,26325,0.933549
Interface-amour-sucre.png,screenshot_game,679992,0,0,12367,1.28863
Interstellar_Force_Lost_in_8-Bit_space_(5455466752).png,screenshot_game,153600,0,0,4109,0.876116
Interton-cassette3-screenshot.png,screenshot_game,85514,0,0,29,68.5987
Invertika_-_Desert.png,screenshot_game,480000,0,0,7776,1.44669
Invertika_-_Nex.png,screenshot_game,480000,0,0,12715,0.884722
Jb_snapshot_3.png,screenshot_game,76800,0,0,389,4.62638
Job_Simulator_screenshot_-_Auto_01.png,screenshot_game,810000,0,0,10942,1.73494
Job_Simulator_screenshot_-_Auto_02.png,screenshot_game,810000,0,0,11492,1.65193
Job_Simulator_screenshot_-_Constore_01.png,screenshot_game,810000,0,0,12637,1.50227
Job_Simulator_screenshot_-_Constore_02.png,screenshot_game,810000,0,0,12852,1.47715
Job_Simulator_screenshot_-_Fun_01.png,screenshot_game,810000,0,0,11943,1.58947
Job_Simulator_screenshot_-_Fun_02.png,screenshot_game,810000,0,0,10239,1.85404
Job_Simulator_screenshot_-_Hero_auto.png,screenshot_game,810000,0,0,10086,1.88211
Job_Simulator_screenshot_-_Hero_convenience.png,screenshot_game,810000,0,0,10769,1.76284
Job_Simulator_screenshot_-_Hero_kitchen.png,screenshot_game,810000,0,0,5852,3.2437
Job_Simulator_screenshot_-_Hero_office.png,screenshot_game,810000,0,0,5593,3.39405
Job_Simulator_screenshot_-_Kitchen_01.png,screenshot_game,810000,0,0,9173,2.06957
Job_Simulator_screenshot_-_Kitchen_02.png,screenshot_game,810000,0,0,9808,1.93543
Job_Simulator_screenshot_-_Office_01.png,screenshot_game,810000,0,0,11611,1.63492
Job_Simulator_screenshot_-_Office_02.png,screenshot_game,810000,0,0,11133,1.70513
Jump_%27n_Bump.png,screenshot_game,409600,0,0,517,18.5501
Jumper_platformer.png,screenshot_game,271502,0,0,188,33.7245
KAtomicScreenShot.png,screenshot_game,331128,0,0,1965,3.94873
KBattleship_Screenshot.png,screenshot_game,512512,0,0,5895,2.03759
KGoldrunner_game_in_progress.png,screenshot_game,809856,0,0,1507,12.5946
KNetWalk.png,screenshot_game,216240,0,0,1435,3.52958
KSpaceDuel1.1.png,screenshot_game,597192,0,0,300,46.6166
Kiki_the_nano_bot_screenshot.png,screenshot_game,480000,0,0,775,14.5112
Kikinanobot.png,screenshot_game,786432,0,0,1185,15.5484
Klondike_(solitare).png,screenshot_game,262300,0,0,3923,1.56701
Konquest.png,screenshot_game,420736,0,0,754,13.0748
Konquest_catal%C3%A0.png,screenshot_game,419146,0,0,5489,1.78959
Kye.png,screenshot_game,176894,0,0,746,5.55156
Labyrinth_for_Sword_of_Fargoal_%22Sword_Level%22.png,screenshot_game,808800,0,0,10877,1.74266
LastBattleForceRates.png,screenshot_game,196608,0,0,126,36.41
Lbreakout2.png,screenshot_game,308945,0,0,8333,0.868918
Lemonade_Stand_1.png,screenshot_game,215040,0,0,69,72.2621
Lemonade_Stand_2.png,screenshot_game,215040,0,0,53,94.7904
Letterpress_previous_games_screenshot.png,screenshot_game,727040,0,0,857,19.8729
Letterpress_screenshot.png,screenshot_game,727040,0,0,1633,10.4305
MEMPTR_Snake.png,screenshot_game,76800,0,0,13,131.544
Maelstrom_screenshot.png,screenshot_game,309444,0,0,52,138.511
ManifoldGarden_10.png,screenshot_game,810000,0,0,13989,1.35704
ManifoldGarden_11.png,screenshot_game,810000,0,0,12256,1.5489
Mapperkmud.png,screenshot_game,562408,0,0,687,19.1617
Mari0_Online_Multiplayer_Co-op_screenshot.png,screenshot_game,810000,0,0,9484,2.00155
Marty%27O.png,screenshot_game,484120,0,0,11789,0.962456
Medieval_Mayhem_(NTSC).png,screenshot_game,67200,0,0,27,57.0116
Meritous-automap.png,screenshot_game,307200,0,0,451,15.9409
Metamorphabet_screenshot_01.png,screenshot_game,786432,0,0,8369,2.20233
Metamorphabet_screenshot_02.png,screenshot_game,786432,0,0,14450,1.27549
Metamorphabet_screenshot_03.png,screenshot_game,786432,0,0,9385,1.96392
Metamorphabet_screenshot_04.png,screenshot_game,786432,0,0,3050,6.04162
Metamorphabet_screenshot_05.png,screenshot_game,786432,0,0,6483,2.84276
Minetest_LazyJ%27s_Forge_at_dusk.png,screenshot_game,810000,0,0,11691,1.62381
Minetest_LazyJ%27s_Forge_in_survival_mode.png,screenshot_game,810000,0,0,14383,1.31983
Minetest_LazyJ%27s_Forge_in_the_afternoon.png,screenshot_game,810000,0,0,14728,1.28895
Minetest_LazyJ%27s_Forge_in_the_evening.png,screenshot_game,810000,0,0,10423,1.82129
Minetest_LazyJ%27s_Forge_with_creative_inventory_opened.png,screenshot_game,810000,0,0,10891,1.74297
Minetest_high-res_texture_pack.png,screenshot_game,608256,0,0,15559,0.916205
Minetest_high-res_texture_pack_2.png,screenshot_game,608256,0,0,13975,1.02006
Mini_Metro_screenshot_0.png,screenshot_game,810000,0,0,8679,2.18721
Mini_Metro_screenshot_1.png,screenshot_game,810000,0,0,8349,2.27376
Mini_Metro_screenshot_2.png,screenshot_game,810000,0,0,8950,2.12105
Mini_Metro_screenshot_3.png,screenshot_game,810000,0,0,10378,1.82921
Mini_Metro_screenshot_4.png,screenshot_game,810000,0,0,7563,2.50985
Mini_Metro_screenshot_5.png,screenshot_game,810000,0,0,3783,5.01763
Minicraft_Title_Screen.png,screenshot_game,172800,0,0,30,131.636
Mode_7_Test-0000.png,screenshot_game,917504,0,0,357,60.2231
Mode_7_on_GBA.png,screenshot_game,614400,0,0,199,72.1162
Monaco_What%27s_Yours_Is_Mine_-_Screenshot_1_(Spotted).png,screenshot_game,810000,0,0,14061,1.35008
Monaco_What%27s_Yours_Is_Mine_-_Screenshot_2_(Lobby).png,screenshot_game,810000,0,0,9332,2.03416
Monaco_What%27s_Yours_Is_Mine_-_Screenshot_3_(The_Lookout_in_Action).png,screenshot_game,900000,0,0,18386,1.14722
Monaco_What%27s_Yours_Is_Mine_-_Screenshot_4_(Casino_Heist).png,screenshot_game,900000,0,0,18256,1.15542
Monaco_What%27s_Yours_Is_Mine_-_Screenshot_5_(Hacking_the_Embassy).png,screenshot_game,900000,0,0,16101,1.31004
Monaco_What%27s_Yours_Is_Mine_-_Screenshot_6_(Character_Selection).png,screenshot_game,810000,0,0,3252,5.83673
Moraffmahjongg.png,screenshot_game,480000,0,0,10158,1.10748
Moria-like-game.png,screenshot_game,33600,0,0,18,43.183
Mouse_in_the_Maze_portion.png,screenshot_game,207935,0,0,1021,4.76925
Moyangyang.png,screenshot_game,162445,0,0,2030,1.87468
Mtp_Target.png,screenshot_game,307200,0,0,6767,1.06389
Muttsworldmine_Survival_spawn.png,screenshot_game,624310,0,0,14714,0.994409
Napoleonic_Empires.png,screenshot_game,1080000,0,0,29036,0.871757
Netrek-client-cow.png,screenshot_game,773056,0,0,617,29.3218
Neverball_Game-Over-Bildschirm.png,screenshot_game,810000,0,0,5721,3.31788
Neverball_Gameplay_Screenshot_1.png,screenshot_game,810000,0,0,14647,1.29609
Neverball_Gameplay_Screenshot_10.png,screenshot_game,786432,0,0,12376,1.48925
Neverball_Gameplay_Screenshot_11.png,screenshot_game,786432,0,0,7364,2.50299
Neverball_Gameplay_Screenshot_12.png,screenshot_game,786432,0,0,11476,1.60612
Neverball_Gameplay_Screenshot_13.png,screenshot_game,786432,0,0,12577,1.46548
Neverball_Gameplay_Screenshot_2.png,screenshot_game,810000,0,0,15505,1.22435
Neverball_Gameplay_Screenshot_3.png,screenshot_game,810000,0,0,15843,1.19825
Neverball_Gameplay_Screenshot_4.png,screenshot_game,810000,0,0,17945,1.05788
Neverball_Gameplay_Screenshot_5.png,screenshot_game,810000,0,0,6369,2.98045
Neverball_Gameplay_Screenshot_6.png,screenshot_game,810000,0,0,13110,1.44802
Neverball_Gameplay_Screenshot_7.png,screenshot_game,810000,0,0,11009,1.72432
Neverball_Gameplay_Screenshot_8.png,screenshot_game,786432,0,0,11973,1.53939
Neverball_Gameplay_Screenshot_9.png,screenshot_game,786432,0,0,11917,1.54661
Neverball_Kursauswahl.png,screenshot_game,786432,0,0,5634,3.27106
Neverball_Pausenmen%C3%BC.png,screenshot_game,810000,0,0,15235,1.24603
Neverball_Sprachauswahl.png,screenshot_game,810000,0,0,1786,10.6295
Neverball_Titelbildschirm.png,screenshot_game,810000,0,0,6032,3.14684
Neverputt_Gameplay_Screenshot_1.png,screenshot_game,810000,0,0,5979,3.17481
Neverputt_Gameplay_Screenshot_2.png,screenshot_game,810000,0,0,4652,4.08061
Neverputt_Gameplay_Screenshot_3.png,screenshot_game,810000,0,0,6712,2.82816
Neverputt_Gameplay_Screenshot_4.png,screenshot_game,810000,0,0,3742,5.07319
Neverputt_Titelbildschirm.png,screenshot_game,810000,0,0,4271,4.44488
Nidhogg_video_game_screenshot_1.png,screenshot_game,400800,0,0,870,10.7902
Nidhogg_video_game_screenshot_2.png,screenshot_game,400000,0,0,1189,7.88401
Nidhogg_video_game_screenshot_3.png,screenshot_game,398400,0,0,1914,4.87762
Noctis_Screenshot.png,screenshot_game,183200,0,0,1305,3.28912
Nuclear_Throne_screenshot_01.png,screenshot_game,810000,0,0,3215,5.90399
Nuclear_Throne_screenshot_02.png,screenshot_game,810000,0,0,8030,2.36412
Nuclear_Throne_screenshot_03.png,screenshot_game,810000,0,0,3572,5.31338
Nuclear_Throne_screenshot_04.png,screenshot_game,810000,0,0,7086,2.67909
Nuclear_Throne_screenshot_05.png,screenshot_game,810000,0,0,7289,2.60435
Nuclear_Throne_screenshot_06.png,screenshot_game,810000,0,0,9517,1.99468
Nuclear_Throne_screenshot_07.png,screenshot_game,810000,0,0,5521,3.43838
Nuclear_Throne_screenshot_08.png,screenshot_game,810000,0,0,3826,4.96172
Nuclear_Throne_screenshot_09.png,screenshot_game,810000,0,0,6023,3.15159
Nuclear_Throne_screenshot_10.png,screenshot_game,810000,0,0,4526,4.19376
Number 2 PNG images free download_PNG14940.png,pngimg,360000,0,0,207,40.6759
OXO_emulated_portion.png,screenshot_game,51983,0,0,33,36.426
One_Hour_One_Life_Screenshot.png,screenshot_game,810000,0,0,23246,0.816668
OpenBVEStartScreen.png,screenshot_game,631538,0,0,1136,13.0205
Open_Ski_Jumping_020.png,screenshot_game,307200,0,0,75,94.9479
Openciv-0.95.png,screenshot_game,444905,0,0,4093,2.54704
Opentyrian_torm.png,screenshot_game,74784,0,0,1035,1.692
Orbithopper.png,screenshot_game,512000,0,0,4667,2.57071
OrionsbeltBattle.png,screenshot_game,217382,0,0,3833,1.32914
OrionsbeltPresentation.png,screenshot_game,298880,0,0,3809,1.83876
Orwell_video_game_screenshot_1.png,screenshot_game,810000,0,0,9363,2.02756
Orwell_video_game_screenshot_10.png,screenshot_game,810000,0,0,12929,1.46832
Orwell_video_game_screenshot_2.png,screenshot_game,810000,0,0,6983,2.71842
Orwell_video_game_screenshot_3.png,screenshot_game,810000,0,0,7910,2.40004
Orwell_video_game_screenshot_4.png,screenshot_game,810000,0,0,8424,2.25358
Orwell_video_game_screenshot_6.png,screenshot_game,810000,0,0,9050,2.09751
Orwell_video_game_screenshot_7.png,screenshot_game,810000,0,0,11324,1.67634
Orwell_video_game_screenshot_9.png,screenshot_game,810000,0,0,10111,1.87749
PAEE_C64.png,screenshot_game,104448,0,0,50,48.7714
PG_battlefield.png,screenshot_game,466560,0,0,7489,1.45995
PVEgen.png,screenshot_game,532800,0,0,6851,1.82248
Pahom_Grim.png,screenshot_game,398266,0,0,9111,1.0245
Paku_Paku.png,screenshot_game,256000,0,0,126,47.6161
Pang_Zero.png,screenshot_game,484610,0,0,1859,6.10924
Passage_3_by_Jason_Rohrer_screenshot.png,screenshot_game,57600,0,0,37,36.1733
PekkaKana2_LevelEditor.png,screenshot_game,196608,0,0,2990,1.54082
PekkaKana2_Scr01.png,screenshot_game,68926,0,0,1129,1.42983
PerOxydScreenshot.png,screenshot_game,256000,0,0,3838,1.56295
PioneerSpaceSim_screenshot.png,screenshot_game,614400,0,0,6269,2.29683
Plunderland2.png,screenshot_game,151680,0,0,890,3.99258
Pong.png,screenshot_game,480000,0,0,25,445.855
PrinceofPersia1989-sdlpop-opensource.png,screenshot_game,384000,0,0,5928,1.51808
Production_UI_Coffee_Noir.png,screenshot_game,810000,0,0,21705,0.874642
ProgressQuest_Screenshot.png,screenshot_game,229670,0,0,204,26.3105
Project_Starfighter.png,screenshot_game,389000,0,0,606,15.0412
Prune_screenshot_wide.png,screenshot_game,640200,0,0,14182,1.05795
Prune_video_game_screenshot_1.png,screenshot_game,1920000,0,0,48574,0.92642
Prune_video_game_screenshot_2.png,screenshot_game,1920000,0,0,52309,0.860264
Prune_video_game_screenshot_3.png,screenshot_game,1920000,0,0,25432,1.76942
Prune_video_game_screenshot_4.png,screenshot_game,1920000,0,0,36525,1.23202
Prune_video_game_screenshot_5.png,screenshot_game,1920000,0,0,44941,1.00131
Push_Me_Pull_You_screenshot_01.png,screenshot_game,810000,0,0,1048,18.0992
Push_Me_Pull_You_screenshot_02.png,screenshot_game,810000,0,0,844,22.477
Push_Me_Pull_You_screenshot_03.png,screenshot_game,810000,0,0,1498,12.6678
Push_Me_Pull_You_screenshot_04.png,screenshot_game,810000,0,0,1187,15.9857
Push_Me_Pull_You_screenshot_05.png,screenshot_game,810000,0,0,812,23.3775
Push_Me_Pull_You_screenshot_06.png,screenshot_game,810000,0,0,2848,6.66355
Push_Me_Pull_You_screenshot_07.png,screenshot_game,810000,0,0,1326,14.3156
Push_Me_Pull_You_screenshot_09.png,screenshot_game,810000,0,0,1450,13.0927
Push_Me_Pull_You_screenshot_10.png,screenshot_game,810000,0,0,5352,3.54692
PySolFC-Bakers-Deal-No-2-Midst-of-Solving-by-fc-solve-with-gi-preset.png,screenshot_game,422770,0,0,7960,1.24473
Pysol-black-hole-solitaire-deal-1000-with-public-domain-tabletile.png,screenshot_game,653072,0,0,11955,1.28027
RGB_OR_1200x1200_001.png,photo_tecnick,1440000,0,0,28412,1.18786
RGB_OR_1200x1200_002.png,photo_tecnick,1440000,0,0,32017,1.05411
RGB_OR_1200x1200_003.png,photo_tecnick,1440000,0,0,37327,0.904157
RGB_OR_1200x1200_004.png,photo_tecnick,1440000,0,0,38417,0.878513
RGB_OR_1200x1200_005.png,photo_tecnick,1440000,0,0,39279,0.859221
RGB_OR_1200x1200_006.png,photo_tecnick,1440000,0,0,39454,0.855426
RGB_OR_1200x1200_007.png,photo_tecnick,1440000,0,0,36362,0.928144
RGB_OR_1200x1200_008.png,photo_tecnick,1440000,0,0,41363,0.815939
RGB_OR_1200x1200_009.png,photo_tecnick,1440000,0,0,31754,1.06284
RGB_OR_1200x1200_010.png,photo_tecnick,1440000,0,0,40350,0.836422
RGB_OR_1200x1200_011.png,photo_tecnick,1440000,0,0,34931,0.966168
RGB_OR_1200x1200_012.png,photo_tecnick,1440000,0,0,37689,0.895476
RGB_OR_1200x1200_013.png,photo_tecnick,1440000,0,0,37041,0.911152
RGB_OR_1200x1200_014.png,photo_tecnick,1440000,0,0,30794,1.09599
RGB_OR_1200x1200_015.png,photo_tecnick,1440000,0,0,34984,0.964715
RGB_OR_1200x1200_016.png,photo_tecnick,1440000,0,0,40098,0.841677
RGB_OR_1200x1200_017.png,photo_tecnick,1440000,0,0,38324,0.880634
RGB_OR_1200x1200_018.png,photo_tecnick,1440000,0,0,39196,0.86104
RGB_OR_1200x1200_019.png,photo_tecnick,1440000,0,0,39786,0.848282
RGB_OR_1200x1200_020.png,photo_tecnick,1440000,0,0,40690,0.829439
RGB_OR_1200x1200_021.png,photo_tecnick,1440000,0,0,29849,1.13067
RGB_OR_1200x1200_022.png,photo_tecnick,1440000,0,0,40404,0.8353
RGB_OR_1200x1200_023.png,photo_tecnick,1440000,0,0,38285,0.881533
RGB_OR_1200x1200_024.png,photo_tecnick,1440000,0,0,37554,0.898693
RGB_OR_1200x1200_025.png,photo_tecnick,1440000,0,0,38358,0.879855
RGB_OR_1200x1200_026.png,photo_tecnick,1440000,0,0,38156,0.884511
RGB_OR_1200x1200_027.png,photo_tecnick,1440000,0,0,38341,0.880238
RGB_OR_1200x1200_028.png,photo_tecnick,1440000,0,0,33180,1.01715
RGB_OR_1200x1200_029.png,photo_tecnick,1440000,0,0,38336,0.880356
RGB_OR_1200x1200_030.png,photo_tecnick,1440000,0,0,41727,0.808817
RGB_OR_1200x1200_031.png,photo_tecnick,1440000,0,0,30560,1.10437
RGB_OR_1200x1200_032.png,photo_tecnick,1440000,0,0,41221,0.818753
RGB_OR_1200x1200_033.png,photo_tecnick,1440000,0,0,39423,0.856079
RGB_OR_1200x1200_034.png,photo_tecnick,1440000,0,0,26334,1.28161
RGB_OR_1200x1200_035.png,photo_tecnick,1440000,0,0,38578,0.874838
RGB_OR_1200x1200_036.png,photo_tecnick,1440000,0,0,27308,1.2359
RGB_OR_1200x1200_037.png,photo_tecnick,1440000,0,0,38748,0.870992
RGB_OR_1200x1200_038.png,photo_tecnick,1440000,0,0,38082,0.886229
RGB_OR_1200x1200_039.png,photo_tecnick,1440000,0,0,38664,0.872903
RGB_OR_1200x1200_040.png,photo_tecnick,1440000,0,0,37925,0.889897
RGB_OR_1200x1200_041.png,photo_tecnick,1440000,0,0,38082,0.886228
RGB_OR_1200x1200_042.png,photo_tecnick,1440000,0,0,38905,0.867494
RGB_OR_1200x1200_043.png,photo_tecnick,1440000,0,0,41914,0.805213
RGB_OR_1200x1200_044.png,photo_tecnick,1440000,0,0,40393,0.835527
RGB_OR_1200x1200_045.png,photo_tecnick,1440000,0,0,40132,0.84097
RGB_OR_1200x1200_046.png,photo_tecnick,1440000,0,0,40280,0.837874
RGB_OR_1200x1200_047.png,photo_tecnick,1440000,0,0,41515,0.812944
RGB_OR_1200x1200_048.png,photo_tecnick,1440000,0,0,40219,0.839148
RGB_OR_1200x1200_049.png,photo_tecnick,1440000,0,0,37663,0.896085
RGB_OR_1200x1200_050.png,photo_tecnick,1440000,0,0,41335,0.816488
RGB_OR_1200x1200_051.png,photo_tecnick,1440000,0,0,41173,0.819708
RGB_OR_1200x1200_052.png,photo_tecnick,1440000,0,0,40402,0.83534
RGB_OR_1200x1200_053.png,photo_tecnick,1440000,0,0,34582,0.975925
RGB_OR_1200x1200_054.png,photo_tecnick,1440000,0,0,35092,0.961737
RGB_OR_1200x1200_055.png,photo_tecnick,1440000,0,0,39660,0.850983
RGB_OR_1200x1200_056.png,photo_tecnick,1440000,0,0,39851,0.8469
RGB_OR_1200x1200_057.png,photo_tecnick,1440000,0,0,36654,0.920757
RGB_OR_1200x1200_058.png,photo_tecnick,1440000,0,0,40063,0.842408
RGB_OR_1200x1200_059.png,photo_tecnick,1440000,0,0,38728,0.871452
RGB_OR_1200x1200_060.png,photo_tecnick,1440000,0,0,36768,0.917907
RGB_OR_1200x1200_061.png,photo_tecnick,1440000,0,0,41343,0.816332
RGB_OR_1200x1200_062.png,photo_tecnick,1440000,0,0,41851,0.806432
RGB_OR_1200x1200_063.png,photo_tecnick,1440000,0,0,38103,0.885748
RGB_OR_1200x1200_064.png,photo_tecnick,1440000,0,0,40009,0.843544
RGB_OR_1200x1200_065.png,photo_tecnick,1440000,0,0,41513,0.812987
RGB_OR_1200x1200_066.png,photo_tecnick,1440000,0,0,41461,0.814004
RGB_OR_1200x1200_067.png,photo_tecnick,1440000,0,0,40821,0.826775
RGB_OR_1200x1200_068.png,photo_tecnick,1440000,0,0,21710,1.55451
RGB_OR_1200x1200_069.png,photo_tecnick,1440000,0,0,37958,0.889138
RGB_OR_1200x1200_070.png,photo_tecnick,1440000,0,0,40791,0.827373
RGB_OR_1200x1200_071.png,photo_tecnick,1440000,0,0,33803,0.998431
RGB_OR_1200x1200_072.png,photo_tecnick,1440000,0,0,36713,0.919292
RGB_OR_1200x1200_073.png,photo_tecnick,1440000,0,0,35247,0.957508
RGB_OR_1200x1200_074.png,photo_tecnick,1440000,0,0,40868,0.82581
RGB_OR_1200x1200_075.png,photo_tecnick,1440000,0,0,39095,0.863268
RGB_OR_1200x1200_076.png,photo_tecnick,1440000,0,0,40291,0.837643
RGB_OR_1200x1200_077.png,photo_tecnick,1440000,0,0,41723,0.808903
RGB_OR_1200x1200_078.png,photo_tecnick,1440000,0,0,37942,0.889504
RGB_OR_1200x1200_079.png,photo_tecnick,1440000,0,0,30920,1.09152
RGB_OR_1200x1200_080.png,photo_tecnick,1440000,0,0,38314,0.880862
RGB_OR_1200x1200_081.png,photo_tecnick,1440000,0,0,39135,0.862398
RGB_OR_1200x1200_082.png,photo_tecnick,1440000,0,0,42047,0.802673
RGB_OR_1200x1200_083.png,photo_tecnick,1440000,0,0,36335,0.928834
RGB_OR_1200x1200_084.png,photo_tecnick,1440000,0,0,40278,0.83792
RGB_OR_1200x1200_085.png,photo_tecnick,1440000,0,0,41239,0.818393
RGB_OR_1200x1200_086.png,photo_tecnick,1440000,0,0,42002,0.803529
RGB_OR_1200x1200_087.png,photo_tecnick,1440000,0,0,38798,0.869883
RGB_OR_1200x1200_088.png,photo_tecnick,1440000,0,0,36121,0.934351
RGB_OR_1200x1200_089.png,photo_tecnick,1440000,0,0,40539,0.83253
RGB_OR_1200x1200_090.png,photo_tecnick,1440000,0,0,41587,0.811545
RGB_OR_1200x1200_091.png,photo_tecnick,1440000,0,0,24537,1.37545
RGB_OR_1200x1200_092.png,photo_tecnick,1440000,0,0,41141,0.820348
RGB_OR_1200x1200_093.png,photo_tecnick,1440000,0,0,27079,1.24631
RGB_OR_1200x1200_094.png,photo_tecnick,1440000,0,0,36403,0.92711
RGB_OR_1200x1200_095.png,photo_tecnick,1440000,0,0,41696,0.809416
RGB_OR_1200x1200_096.png,photo_tecnick,1440000,0,0,40353,0.836359
RGB_OR_1200x1200_097.png,photo_tecnick,1440000,0,0,38837,0.869005
RGB_OR_1200x1200_098.png,photo_tecnick,1440000,0,0,41545,0.812362
RGB_OR_1200x1200_099.png,photo_tecnick,1440000,0,0,41266,0.81785
RGB_OR_1200x1200_100.png,photo_tecnick,1440000,0,0,22449,1.5034
Rail_Route_%E2%80%94_Automate.png,screenshot_game,810000,0,0,18464,1.02816
Rail_Route_%E2%80%94_Build.png,screenshot_game,810000,0,0,18260,1.03961
Rail_Route_%E2%80%94_Control.png,screenshot_game,810000,0,0,18353,1.03438
Rail_Route_%E2%80%94_Editor.png,screenshot_game,810000,0,0,11673,1.62623
Rail_Route_%E2%80%94_Header-image.png,screenshot_game,466800,0,0,12319,0.888079
Rail_Route_%E2%80%94_Logo-black.png,screenshot_game,640000,0,0,95,156.28
Rain_World_screenshot_-_2016-05-31_16_15_34_climbing.png,screenshot_game,810000,0,0,13876,1.36809
Rain_World_screenshot_-_2016-05-31_16_46_49_progress.png,screenshot_game,810000,0,0,14603,1.29995
Rain_World_screenshot_-_Garbage_Wastes_1080.png,screenshot_game,810000,0,0,10523,1.80408
Rain_World_screenshot_-_Line_Farms_2.png,screenshot_game,810000,0,0,10790,1.75928
Rain_World_screenshot_-_Linear_Farms_1080.png,screenshot_game,810000,0,0,9058,2.09587
Rain_World_screenshot_-_SB_F01.png,screenshot_game,807600,0,0,5824,3.24947
Rain_World_screenshot_-_Shadow_Urban_1080.png,screenshot_game,810000,0,0,4668,4.06632
Rain_World_screenshot_-_Shoreline_1.png,screenshot_game,810000,0,0,8995,2.11034
Rain_World_screenshot_-_Shoreline_2.png,screenshot_game,810000,0,0,5155,3.68207
Rain_World_screenshot_-_Shorelne_4.png,screenshot_game,810000,0,0,4301,4.41336
Rain_World_screenshot_-_Sky_Islands_1.png,screenshot_game,810000,0,0,12955,1.46539
Rain_World_screenshot_-_Sky_Islands_4.png,screenshot_game,810000,0,0,13828,1.37283
Rain_World_screenshot_-_Sky_Islands_5.png,screenshot_game,810000,0,0,13918,1.36393
Rain_World_screenshot_-_Underhang_1080.png,screenshot_game,810000,0,0,10183,1.86427
Rain_World_screenshot_-_filtration_sys.png,screenshot_game,664076,0,0,5392,2.88602
Rain_World_screenshot_-_subway.png,screenshot_game,722670,0,0,2014,8.40977
Rain_World_screenshot_-_temple.png,screenshot_game,613473,0,0,6616,2.17302
Rca_studio2_bowling_ss.png,screenshot_game,137408,0,0,7,450.764
ReCaged_project_version_0.7.0_preview_thumbnail.png,screenshot_game,960000,0,0,545,41.2627
Robotfindskitten.png,screenshot_game,152944,0,0,25,140.627
Robots_text_screenshot.png,screenshot_game,309488,0,0,266,27.2186
Roosevelt_Elk_Male_(4837677522).png,screenshot_game,900000,0,0,26146,0.806758
RosAsmGameSpace.png,screenshot_game,480000,0,0,1255,8.96215
Rouge-game.png,screenshot_game,219050,0,0,354,14.4796
Rowlands_Challenge.png,screenshot_game,530400,0,0,644,19.286
Royals_screenshot.png,screenshot_game,384000,0,0,155,57.8742
Rudo.png,screenshot_game,484530,0,0,13548,0.838187
Rymdkapsel_screenshot_1.png,screenshot_game,708000,0,0,629,26.3809
Rymdkapsel_screenshot_2.png,screenshot_game,708000,0,0,564,29.4136
Rymdkapsel_screenshot_3.png,screenshot_game,810000,0,0,2148,8.83642
Rymdkapsel_screenshot_4.png,screenshot_game,810000,0,0,1525,12.4486
Rymdkapsel_screenshot_5.png,screenshot_game,708000,0,0,439,37.7241
SW_Bark01.png,textures_pk,2048,0,0,58,0.819132
SW_Boards01a.png,textures_pk,32768,0,0,899,0.853337
SW_Boards01b.png,textures_pk,32768,0,0,893,0.859318
SW_Boards01c.png,textures_pk,32768,0,0,879,0.872912
SW_Cobble01.png,textures_pk,15360,0,0,427,0.842598
SW_Crate01.png,textures_pk,16384,0,0,441,0.870721
SW_Crate02.png,textures_pk,16384,0,0,424,0.904908
SW_CrateTop.png,textures_pk,16384,0,0,429,0.894862
SW_Door01a.png,textures_pk,8192,0,0,211,0.906049
SW_Door01b.png,textures_pk,8192,0,0,208,0.921334
SW_Door02.png,textures_pk,8192,0,0,211,0.907806
SW_Gate01.png,textures_pk,65536,0,0,1669,0.920204
SW_Gate02.png,textures_pk,65536,0,0,1674,0.917088
SW_Gate03.png,textures_pk,65536,0,0,1728,0.888645
SW_Log01.png,textures_pk,6400,0,0,155,0.967011
SW_Logs01.png,textures_pk,16384,0,0,468,0.820319
SW_Rock01.png,textures_pk,65536,0,0,1719,0.893332
SW_Roof01.png,textures_pk,4096,0,0,108,0.886876
SW_Roof02.png,textures_pk,4096,0,0,97,0.985662
SW_Snow01a.png,textures_pk,65536,0,0,1602,0.958562
SW_Snow01b.png,textures_pk,65536,0,0,1663,0.923197
SW_Wall01a.png,textures_pk,65536,0,0,1788,0.858975
SW_Wall01b.png,textures_pk,65536,0,0,1813,0.846842
SW_Wall01c.png,textures_pk,65536,0,0,1786,0.859836
SW_Wall02a.png,textures_pk,32768,0,0,875,0.877048
SW_Wall02b.png,textures_pk,32768,0,0,841,0.912787
SW_Wall03a.png,textures_pk,32768,0,0,874,0.878311
SW_Wall03b.png,textures_pk,32768,0,0,826,0.929082
SW_Wall04a.png,textures_pk,16384,0,0,451,0.850699
SW_Wall04b.png,textures_pk,16384,0,0,444,0.863317
SW_Wall04c.png,textures_pk,32768,0,0,886,0.866639
SW_Wall05a.png,textures_pk,16384,0,0,441,0.868799
SW_Wall05b.png,textures_pk,16384,0,0,420,0.912271
SW_Window01a.png,textures_pk,2048,0,0,46,1.04087
SW_Window01b.png,textures_pk,2048,0,0,43,1.09704
SW_Wood01.png,textures_pk,4096,0,0,106,0.903804
Samba_of_the_Wolves_Wiley.png,screenshot_game,307200,0,0,6919,1.04061
SaoriFKiss002.png,screenshot_game,492000,0,0,6744,1.70981
Score4ForbiddenPost.png,screenshot_game,226870,0,0,159,33.3322
Score4Zugzwang.png,screenshot_game,228780,0,0,419,12.7887
Scourge_character_creation.png,screenshot_game,210000,0,0,4053,1.21427
Scourge_character_information.png,screenshot_game,392675,0,0,7730,1.19055
Scourge_screenshot_r2315.png,screenshot_game,786432,0,0,19330,0.953509
Screenshot_from_Getting_Over_It_With_Bennett_Foddy.png,screenshot_game,1151280,0,0,30598,0.881833
Screenshot_of_the_Ultima_Ratio_Regum_version_0.7.0._taken_in_2015.png,screenshot_game,734976,0,0,430,40.0285
Sega-Mega-Drive-regional-lockout-error.png,screenshot_game,71680,0,0,6,255.013
Senat.Grepolisfr.png,screenshot_game,86877,0,0,2190,0.929425
Severed_screenshot_01.png,screenshot_game,810000,0,0,10971,1.7303
Severed_screenshot_02.png,screenshot_game,810000,0,0,13304,1.42691
Severed_screenshot_03.png,screenshot_game,810000,0,0,9944,1.90895
Severed_screenshot_04.png,screenshot_game,810000,0,0,13386,1.41818
Severed_screenshot_05.png,screenshot_game,810000,0,0,13817,1.37397
Simple_Simon_Solitiare_PySolFC_100.png,screenshot_game,730236,0,0,14257,1.20043
Sintel_The_Game_Docks.png,screenshot_game,864000,0,0,20798,0.973644
Skrupel.png,screenshot_game,819490,0,0,2403,7.99018
Slingshot.png,screenshot_game,509490,0,0,5027,2.3754
Smiler_in_Arrowe_Land.png,screenshot_game,76800,0,0,20,89.9473
Sn%C3%ADmek_obrazovky_2021-09-05_v_14.06.43.png,screenshot_game,82836,0,0,102,18.8539
Sn%C3%ADmek_obrazovky_2021-09-12_v_16.46.05.png,screenshot_game,356751,0,0,940,8.88986
Sn%C3%ADmek_obrazovky_2021-09-12_v_16.57.06.png,screenshot_game,538289,0,0,1570,8.03165
Sn%C3%ADmek_obrazovky_2021-09-18_v_13.12.59.png,screenshot_game,350464,0,0,2319,3.54116
Sn%C3%ADmek_obrazovky_2021-09-19_v_13.06.08.png,screenshot_game,40656,0,0,159,5.98579
Sn%C3%ADmek_obrazovky_2021-09-24_v_18.07.06.png,screenshot_game,83304,0,0,51,37.9697
SolarWolf-splash.png,screenshot_game,480000,0,0,2792,4.02809
Solarus_Sample_quest_on_Windows.png,screenshot_game,328704,0,0,371,20.7503
Sopwith-screenshot.png,screenshot_game,255600,0,0,21,276.973
Speedway-Joyce_Weisbecker.png,screenshot_game,232263,0,0,120,45.3167
SpellTower_screenshot_-_NightColors.png,screenshot_game,1920000,0,0,5818,7.73421
SpellTower_screenshot_-_PuzzleMode-Lose_1.png,screenshot_game,1920000,0,0,6516,6.906
SpellTower_screenshot_-_PuzzleMode-Lose_2.png,screenshot_game,1920000,0,0,10206,4.4091
SpellTower_screenshot_-_RushMode(2).png,screenshot_game,1920000,0,0,6078,7.40304
SpellTower_screenshot_-_RushMode.png,screenshot_game,614400,0,0,1259,11.4375
SpellTower_screenshot_-_Tutorial.png,screenshot_game,1920000,0,0,7182,6.26544
SpellTower_screenshot_-_VsPlayer1.png,screenshot_game,786432,0,0,3110,5.92489
SpellTower_screenshot_-_VsPlayer2.png,screenshot_game,786432,0,0,2972,6.20093
Spionagebericht.png,screenshot_game,421475,0,0,2219,4.45012
Star_Trek_text_game.png,screenshot_game,157168,0,0,25,142.902
StationSnapshot1.png,screenshot_game,607500,0,0,920,15.4715
StationSnapshot2.png,screenshot_game,607500,0,0,3224,4.4156
Stay_Frosty_(SpiceWare)_1.png,screenshot_game,67200,0,0,217,7.25578
Stella_Shii%27Mori.png,screenshot_game,483080,0,0,13594,0.832824
Supertux-checkpoint.png,screenshot_game,480000,0,0,7604,1.47931
SvsL_01.png,screenshot_game,165600,0,0,1580,2.45556
Synth_video_game_screenshot_D.png,screenshot_game,900000,0,0,19965,1.05651
TMW_Screenshot_15.png,screenshot_game,480000,0,0,10457,1.07574
Tacoma_ConferenceRoom.png,screenshot_game,810000,0,0,11344,1.67339
Tacoma_CrewMeeting.png,screenshot_game,810000,0,0,15160,1.25223
Tacoma_Kitchen.png,screenshot_game,810000,0,0,11530,1.64645
Tacoma_StationCentralHub.png,screenshot_game,810000,0,0,8389,2.26283
Tacoma_StationExterior.png,screenshot_game,810000,0,0,14075,1.34879
Tacoma_ZeroG_Figures.png,screenshot_game,810000,0,0,8318,2.28208
Temporal_game_screenshot.png,screenshot_game,786432,0,0,268,68.7548
Ten_tiles_on_weekly_no_tabs_564x548.png,screenshot_game,309072,0,0,2742,2.64151
Ten_tiles_on_weekly_no_tabs_full_res.png,screenshot_game,549017,0,0,3560,3.61351
TerraMagnusGame.png,screenshot_game,369600,0,0,897,9.65087
Terracota_-_Falando.png,screenshot_game,810000,0,0,13783,1.37733
Terracota_-_Falas.png,screenshot_game,810000,0,0,10484,1.81067
Terracota_-_Jogo_menina.png,screenshot_game,810000,0,0,11146,1.70322
Terracota_-_Jogo_menino.png,screenshot_game,810000,0,0,11103,1.70971
Terracota_-_Mapa_inicial.png,screenshot_game,810000,0,0,17827,1.06488
Terracota_-_Mapa_meio.png,screenshot_game,810000,0,0,18935,1.00256
Testootebfjosa.png,screenshot_game,661200,0,0,11808,1.31234
The_Bub%27s_Brothers.png,screenshot_game,262400,0,0,485,12.6709
This_Is_the_Police_-_Screenshot_01.png,screenshot_game,810000,0,0,7152,2.65422
This_Is_the_Police_-_Screenshot_02.png,screenshot_game,810000,0,0,5718,3.32002
This_Is_the_Police_-_Screenshot_03.png,screenshot_game,810000,0,0,3751,5.06047
This_Is_the_Police_-_Screenshot_04.png,screenshot_game,810000,0,0,3820,4.9687
This_Is_the_Police_-_Screenshot_05.png,screenshot_game,810000,0,0,5798,3.27408
This_Is_the_Police_-_Screenshot_06.png,screenshot_game,810000,0,0,5067,3.74624
This_Is_the_Police_-_Screenshot_07.png,screenshot_game,810000,0,0,6490,2.92476
This_Is_the_Police_-_Screenshot_08.png,screenshot_game,810000,0,0,2892,6.56399
This_Is_the_Police_-_Screenshot_09.png,screenshot_game,810000,0,0,6823,2.7822
This_Is_the_Police_-_Screenshot_10.png,screenshot_game,810000,0,0,5474,3.46752
This_Is_the_Police_-_Screenshot_11.png,screenshot_game,810000,0,0,2621,7.2414
This_Is_the_Police_-_Screenshot_12.png,screenshot_game,810000,0,0,7814,2.42953
This_Is_the_Police_logo_horizontal.png,screenshot_game,823713,0,0,600,32.1647
Threes_development_process_art_mockup_01.png,screenshot_game,614400,0,0,79,181.851
Threes_development_process_art_mockup_02.png,screenshot_game,614400,0,0,157,91.6815
Threes_development_process_art_mockup_03.png,screenshot_game,614400,0,0,277,51.8828
Threes_development_process_art_mockup_04.png,screenshot_game,614400,0,0,132,108.384
Threes_development_process_art_mockup_05.png,screenshot_game,614400,0,0,204,70.3511
Threes_development_process_art_mockup_06.png,screenshot_game,614400,0,0,465,30.9668
Threes_development_process_art_mockup_07.png,screenshot_game,614400,0,0,520,27.6806
Threes_development_process_art_mockup_08.png,screenshot_game,614400,0,0,635,22.6771
Threes_development_process_art_mockup_09.png,screenshot_game,614400,0,0,642,22.4138
Threes_development_process_art_mockup_10.png,screenshot_game,614400,0,0,667,21.5616
Threes_development_process_art_mockup_11.png,screenshot_game,614400,0,0,645,22.3178
Threes_development_process_art_mockup_12.png,screenshot_game,614400,0,0,202,71.2858
Threes_development_process_art_mockup_13.png,screenshot_game,614400,0,0,462,31.1334
Threes_development_process_art_mockup_14.png,screenshot_game,614400,0,0,216,66.5722
Threes_development_process_art_mockup_15.png,screenshot_game,614400,0,0,572,25.139
Threes_development_process_art_mockup_16.png,screenshot_game,614400,0,0,442,32.5729
Threes_development_process_art_mockup_17.png,screenshot_game,614400,0,0,324,44.4426
Threes_development_process_art_mockup_18.png,screenshot_game,614400,0,0,427,33.6947
Threes_development_process_art_mockup_19.png,screenshot_game,614400,0,0,463,31.0637
Threes_development_process_art_mockup_20.png,screenshot_game,614400,0,0,476,30.2157
Threes_development_process_art_mockup_21.png,screenshot_game,614400,0,0,349,41.1839
Threes_development_process_art_mockup_22.png,screenshot_game,614400,0,0,263,54.5602
Threes_development_process_art_mockup_23.png,screenshot_game,614400,0,0,241,59.7334
Threes_development_process_art_mockup_24.png,screenshot_game,614400,0,0,240,59.9023
Threes_development_process_art_mockup_25.png,screenshot_game,614400,0,0,397,36.2332
Threes_development_process_art_mockup_26.png,screenshot_game,614400,0,0,327,43.9471
Thrust_InGame.png,screenshot_game,67200,0,0,65,23.9458
Thrust_Title.png,screenshot_game,67200,0,0,40,39.1532
Tile_World.png,screenshot_game,325038,0,0,649,11.7262
Tooth_and_Tail_-_Development_1.png,screenshot_game,837600,0,0,16512,1.18888
Tooth_and_Tail_-_Development_2.png,screenshot_game,812400,0,0,8747,2.17658
Tooth_and_Tail_-_Development_3.png,screenshot_game,811200,0,0,15240,1.24751
Tooth_and_Tail_-_Development_4.png,screenshot_game,837600,0,0,13923,1.4099
Towdie_Screenshot.png,screenshot_game,786432,0,0,363,50.6915
TowerFall_Backfire.png,screenshot_game,691200,0,0,964,16.7955
TowerFall_Flight.png,screenshot_game,691200,0,0,934,17.3366
TowerFall_Kings_Court.png,screenshot_game,691200,0,0,934,17.3408
TowerFall_Mirage.png,screenshot_game,691200,0,0,646,25.0537
TowerFall_Sacred_Ground.png,screenshot_game,691200,0,0,801,20.2236
TowerFall_Thornwood.png,screenshot_game,691200,0,0,1181,13.7126
TowerFall_Twilight_Spire.png,screenshot_game,691200,0,0,985,16.4354
Town_of_Xenon.png,screenshot_game,230400,0,0,584,9.23282
Trainspotting.png,screenshot_game,51840,0,0,83,14.6293
Trainyard_game_-_Cooksville_Creek_level_screenshot.png,screenshot_game,614400,0,0,5148,2.79695
Trainyard_game_-_Machine_Gun_level_screenshot.png,screenshot_game,614400,0,0,5228,2.75401
Trainyard_game_-_Magic_Carpet_level_screenshot.png,screenshot_game,614400,0,0,5600,2.57108
Trainyard_game_-_Quaddy_prototype_screenshot.png,screenshot_game,153600,0,0,2431,1.48068
Trainyard_game_-_prototype_screenshot_dated_2009_May.png,screenshot_game,153600,0,0,2942,1.2233
Trainyard_game_-_prototype_screenshot_dated_2009_November.png,screenshot_game,392232,0,0,2519,3.64837
Trainyard_game_-_screenshot_of_mixing_colors_-_1_of_3.png,screenshot_game,614400,0,0,4887,2.9462
Trainyard_game_-_screenshot_of_mixing_colors_-_2_of_3.png,screenshot_game,614400,0,0,4765,3.02188
Trainyard_game_-_screenshot_of_mixing_colors_-_3_of_3.png,screenshot_game,614400,0,0,4751,3.0308
Trashmania_2.png,screenshot_game,268800,0,0,25,250.902
Trashmania_3.png,screenshot_game,268800,0,0,28,218.878
Trek73_video_game_screenshot.png,screenshot_game,256000,0,0,52,114.768
Trini_Shii%22Mori.png,screenshot_game,392747,0,0,9408,0.978365
Triplane_Turmoil_screenshot.png,screenshot_game,64000,0,0,131,11.3789
Turbo_Rubber_Ducky_Shootout.png,screenshot_game,76800,0,0,12,140.445
Tutojob.png,screenshot_game,337452,0,0,6529,1.21131
Tux_Racer_gameplay_pre-v0.60.png,screenshot_game,480000,0,0,9735,1.15558
VideoOlympics.png,screenshot_game,922800,0,0,85,251.516
Virtual_portal_or_magic_lens.png,screenshot_game,317440,0,0,1775,4.18961
Volcano.png,screenshot_game,307200,0,0,191,37.619
Wc4source.png,screenshot_game,332416,0,0,370,21.0372
Winners_Dont_Use_Drugs.png,screenshot_game,71680,0,0,49,33.7106
WorldWar3Preview.png,screenshot_game,330752,0,0,7909,0.980038
Wurfel_Engine_screenshot.png,screenshot_game,810000,0,0,22611,0.839608
X-pired.png,screenshot_game,175070,0,0,4832,0.849104
Xjump.png,screenshot_game,378858,0,0,1239,7.16571
Xlogical.png,screenshot_game,480000,0,0,6082,1.84961
YarsRevengeEasterEGG.png,screenshot_game,900000,0,0,33,621.082
Yoda_Soccer_screenshot.png,screenshot_game,307200,0,0,2360,3.05042
academy_awards_PNG9.png,pngimg,532824,0,0,5602,2.22885
actions-address-book-new.png,icon_64,4096,0,0,45,2.11411
actions-address-book-new.png,icon_512,262144,0,0,1036,5.92892
actions-appointment-new.png,icon_64,4096,0,0,67,1.41849
actions-appointment-new.png,icon_512,262144,0,0,1331,4.61599
actions-bookmark-new.png,icon_64,4096,0,0,38,2.49496
actions-bookmark-new.png,icon_512,262144,0,0,903,6.80165
actions-contact-new.png,icon_64,4096,0,0,41,2.28704
actions-contact-new.png,icon_512,262144,0,0,981,6.25682
actions-document-new.png,icon_64,4096,0,0,32,2.99206
actions-document-new.png,icon_512,262144,0,0,1133,5.41904
actions-document-open.png,icon_64,4096,0,0,34,2.80005
actions-document-open.png,icon_512,262144,0,0,336,18.2818
actions-document-print-preview.png,icon_64,4096,0,0,47,2.01344
actions-document-print-preview.png,icon_512,262144,0,0,851,7.21363
actions-document-print.png,icon_64,4096,0,0,27,3.5145
actions-document-print.png,icon_512,262144,0,0,302,20.3201
actions-document-properties.png,icon_64,4096,0,0,32,2.92946
actions-document-properties.png,icon_512,262144,0,0,226,27.0692
actions-document-save-as.png,icon_64,4096,0,0,43,2.19145
actions-document-save-as.png,icon_512,262144,0,0,487,12.6035
actions-document-save.png,icon_64,4096,0,0,50,1.90382
actions-document-save.png,icon_512,262144,0,0,531,11.5588
actions-edit-clear.png,icon_64,4096,0,0,34,2.75833
actions-edit-clear.png,icon_512,262144,0,0,784,7.83301
actions-edit-copy.png,icon_64,4096,0,0,29,3.28578
actions-edit-copy.png,icon_512,262144,0,0,237,25.8478
actions-edit-cut.png,icon_64,4096,0,0,39,2.41409
actions-edit-cut.png,icon_512,262144,0,0,447,13.7157
actions-edit-delete.png,icon_64,4096,0,0,46,2.04881
actions-edit-delete.png,icon_512,262144,0,0,648,9.47186
actions-edit-find-replace.png,icon_64,4096,0,0,50,1.88304
actions-edit-find-replace.png,icon_512,262144,0,0,721,8.51222
actions-edit-find.png,icon_64,4096,0,0,42,2.23403
actions-edit-find.png,icon_512,262144,0,0,676,9.07753
actions-edit-paste.png,icon_64,4096,0,0,39,2.41231
actions-edit-paste.png,icon_512,262144,0,0,376,16.3317
actions-edit-redo.png,icon_64,4096,0,0,26,3.62973
actions-edit-redo.png,icon_512,262144,0,0,309,19.8587
actions-edit-select-all.png,icon_64,4096,0,0,23,4.00407
actions-edit-select-all.png,icon_512,262144,0,0,115,52.9829
actions-edit-undo.png,icon_64,4096,0,0,23,4.17285
actions-edit-undo.png,icon_512,262144,0,0,257,23.8944
actions-folder-new.png,icon_64,4096,0,0,42,2.27988
actions-folder-new.png,icon_512,262144,0,0,1242,4.94404
actions-format-indent-less.png,icon_64,4096,0,0,26,3.67533
actions-format-indent-less.png,icon_512,262144,0,0,180,34.0255
actions-format-indent-more.png,icon_64,4096,0,0,25,3.82998
actions-format-indent-more.png,icon_512,262144,0,0,181,33.927
actions-format-justify-center.png,icon_64,4096,0,0,23,4.00261
actions-format-justify-center.png,icon_512,262144,0,0,114,53.6566
actions-format-justify-fill.png,icon_64,4096,0,0,22,4.2497
actions-format-justify-fill.png,icon_512,262144,0,0,113,54.2283
actions-format-justify-left.png,icon_64,4096,0,0,23,4.07528
actions-format-justify-left.png,icon_512,262144,0,0,113,53.8994
actions-format-justify-right.png,icon_64,4096,0,0,23,4.06669
actions-format-justify-right.png,icon_512,262144,0,0,114,53.5361
actions-format-text-bold.png,icon_64,4096,0,0,42,2.24428
actions-format-text-bold.png,icon_512,262144,0,0,389,15.7559
actions-format-text-italic.png,icon_64,4096,0,0,29,3.24029
actions-format-text-italic.png,icon_512,262144,0,0,290,21.1729
actions-format-text-strikethrough.png,icon_64,4096,0,0,33,2.90428
actions-format-text-strikethrough.png,icon_512,262144,0,0,358,17.1517
actions-format-text-underline.png,icon_64,4096,0,0,37,2.55907
actions-format-text-underline.png,icon_512,262144,0,0,398,15.3985
actions-go-bottom.png,icon_64,4096,0,0,35,2.68443
actions-go-bottom.png,icon_512,262144,0,0,375,16.3596
actions-go-down.png,icon_64,4096,0,0,25,3.70107
actions-go-down.png,icon_512,262144,0,0,279,21.9605
actions-go-first.png,icon_64,4096,0,0,37,2.57132
actions-go-first.png,icon_512,262144,0,0,355,17.2856
actions-go-home.png,icon_64,4096,0,0,42,2.28322
actions-go-home.png,icon_512,262144,0,0,323,18.9718
actions-go-jump.png,icon_64,4096,0,0,19,4.80352
actions-go-jump.png,icon_512,262144,0,0,299,20.5218
actions-go-last.png,icon_64,4096,0,0,35,2.72575
actions-go-last.png,icon_512,262144,0,0,330,18.5629
actions-go-next.png,icon_64,4096,0,0,29,3.25996
actions-go-next.png,icon_512,262144,0,0,296,20.717
actions-go-previous.png,icon_64,4096,0,0,30,3.1385
actions-go-previous.png,icon_512,262144,0,0,307,19.9914
actions-go-top.png,icon_64,4096,0,0,39,2.40912
actions-go-top.png,icon_512,262144,0,0,357,17.2086
actions-go-up.png,icon_64,4096,0,0,27,3.50397
actions-go-up.png,icon_512,262144,0,0,312,19.6542
actions-list-add.png,icon_64,4096,0,0,12,7.90225
actions-list-add.png,icon_512,262144,0,0,90,67.9115
actions-list-remove.png,icon_64,4096,0,0,8,11.8653
actions-list-remove.png,icon_512,262144,0,0,65,94.2978
actions-mail-forward.png,icon_64,4096,0,0,34,2.78198
actions-mail-forward.png,icon_512,262144,0,0,496,12.3767
actions-mail-mark-junk.png,icon_64,4096,0,0,57,1.66736
actions-mail-mark-junk.png,icon_512,262144,0,0,708,8.67245
actions-mail-message-new.png,icon_64,4096,0,0,51,1.8798
actions-mail-message-new.png,icon_512,262144,0,0,1270,4.83626
actions-mail-reply-all.png,icon_64,4096,0,0,51,1.87474
actions-mail-reply-all.png,icon_512,262144,0,0,1043,5.88726
actions-mail-reply-sender.png,icon_64,4096,0,0,32,2.9674
actions-mail-reply-sender.png,icon_512,262144,0,0,538,11.404
actions-mail-send-receive.png,icon_64,4096,0,0,44,2.16839
actions-mail-send-receive.png,icon_512,262144,0,0,512,11.9823
actions-media-eject.png,icon_64,4096,0,0,19,4.89684
actions-media-eject.png,icon_512,262144,0,0,196,31.205
actions-media-playback-pause.png,icon_64,4096,0,0,19,4.9049
actions-media-playback-pause.png,icon_512,262144,0,0,181,33.8799
actions-media-playback-start.png,icon_64,4096,0,0,19,5.05081
actions-media-playback-start.png,icon_512,262144,0,0,197,31.0424
actions-media-playback-stop.png,icon_64,4096,0,0,15,6.23954
actions-media-playback-stop.png,icon_512,262144,0,0,135,45.2336
actions-media-record.png,icon_64,4096,0,0,27,3.47057
actions-media-record.png,icon_512,262144,0,0,222,27.6368
actions-media-seek-backward.png,icon_64,4096,0,0,26,3.5939
actions-media-seek-backward.png,icon_512,262144,0,0,300,20.4167
actions-media-seek-forward.png,icon_64,4096,0,0,26,3.58604
actions-media-seek-forward.png,icon_512,262144,0,0,293,20.9343
actions-media-skip-backward.png,icon_64,4096,0,0,32,2.93813
actions-media-skip-backward.png,icon_512,262144,0,0,350,17.5206
actions-media-skip-forward.png,icon_64,4096,0,0,32,2.93524
actions-media-skip-forward.png,icon_512,262144,0,0,354,17.3445
actions-process-stop.png,icon_64,4096,0,0,43,2.21905
actions-process-stop.png,icon_512,262144,0,0,340,18.0643
actions-system-lock-screen.png,icon_64,4096,0,0,50,1.89589
actions-system-lock-screen.png,icon_512,262144,0,0,675,9.09604
actions-system-log-out.png,icon_64,4096,0,0,56,1.70545
actions-system-log-out.png,icon_512,262144,0,0,994,6.17557
actions-system-search.png,icon_64,4096,0,0,51,1.87689
actions-system-search.png,icon_512,262144,0,0,1266,4.85186
actions-system-shutdown.png,icon_64,4096,0,0,27,3.55453
actions-system-shutdown.png,icon_512,262144,0,0,289,21.2362
actions-tab-new.png,icon_64,4096,0,0,22,4.35764
actions-tab-new.png,icon_512,262144,0,0,710,8.64653
actions-view-fullscreen.png,icon_64,4096,0,0,25,3.71028
actions-view-fullscreen.png,icon_512,262144,0,0,912,6.73611
actions-view-refresh.png,icon_64,4096,0,0,44,2.17069
actions-view-refresh.png,icon_512,262144,0,0,626,9.80781
actions-window-new.png,icon_64,4096,0,0,24,3.98945
actions-window-new.png,icon_512,262144,0,0,897,6.84711
air_pump_PNG5.png,pngimg,771228,0,0,5889,3.06894
amazon.com.png,screenshot_web,8005361,0,0,58080,3.23044
american_football_PNG37.png,pngimg,1741680,0,0,19652,2.07708
american_indian_PNG24.png,pngimg,1198000,0,0,11579,2.42484
anime_girl_PNG22.png,pngimg,251136,0,0,3772,1.5601
apple.com.png,screenshot_web,6243315,0,0,21957,6.66407
apps-accessories-calculator.png,icon_64,4096,0,0,32,2.92894
apps-accessories-calculator.png,icon_512,262144,0,0,307,20.0118
apps-accessories-character-map.png,icon_64,4096,0,0,36,2.65163
apps-accessories-character-map.png,icon_512,262144,0,0,260,23.5623
apps-accessories-text-editor.png,icon_64,4096,0,0,39,2.45147
apps-accessories-text-editor.png,icon_512,262144,0,0,429,14.2922
apps-help-browser.png,icon_64,4096,0,0,60,1.59241
apps-help-browser.png,icon_512,262144,0,0,936,6.56316
apps-internet-group-chat.png,icon_64,4096,0,0,11,8.21322
apps-internet-group-chat.png,icon_512,262144,0,0,84,72.9148
apps-internet-mail.png,icon_64,4096,0,0,41,2.29859
apps-internet-mail.png,icon_512,262144,0,0,316,19.3977
apps-internet-news-reader.png,icon_64,4096,0,0,22,4.19583
apps-internet-news-reader.png,icon_512,262144,0,0,269,22.8357
apps-internet-web-browser.png,icon_64,4096,0,0,56,1.7035
apps-internet-web-browser.png,icon_512,262144,0,0,1250,4.91173
apps-office-calendar.png,icon_64,4096,0,0,28,3.3675
apps-office-calendar.png,icon_512,262144,0,0,207,29.6427
apps-preferences-desktop-accessibility.png,icon_64,4096,0,0,60,1.59706
apps-preferences-desktop-accessibility.png,icon_512,262144,0,0,633,9.69711
apps-preferences-desktop-assistive-technology.png,icon_64,4096,0,0,68,1.39482
apps-preferences-desktop-assistive-technology.png,icon_512,262144,0,0,772,7.95555
apps-preferences-desktop-font.png,icon_64,4096,0,0,23,4.10541
apps-preferences-desktop-font.png,icon_512,262144,0,0,188,32.6585
apps-preferences-desktop-keyboard-shortcuts.png,icon_64,4096,0,0,52,1.82932
apps-preferences-desktop-keyboard-shortcuts.png,icon_512,262144,0,0,513,11.9602
apps-preferences-desktop-locale.png,icon_64,4096,0,0,25,3.75751
apps-preferences-desktop-locale.png,icon_512,262144,0,0,452,13.5752
apps-preferences-desktop-multimedia.png,icon_64,4096,0,0,59,1.61223
apps-preferences-desktop-multimedia.png,icon_512,262144,0,0,2436,2.52206
apps-preferences-desktop-remote-desktop.png,icon_64,4096,0,0,59,1.62486
apps-preferences-desktop-remote-desktop.png,icon_512,262144,0,0,879,6.98434
apps-preferences-desktop-screensaver.png,icon_64,4096,0,0,51,1.85469
apps-preferences-desktop-screensaver.png,icon_512,262144,0,0,655,9.37867
apps-preferences-desktop-theme.png,icon_64,4096,0,0,36,2.6038
apps-preferences-desktop-theme.png,icon_512,262144,0,0,444,13.836
apps-preferences-desktop-wallpaper.png,icon_64,4096,0,0,45,2.12798
apps-preferences-desktop-wallpaper.png,icon_512,262144,0,0,681,9.01401
apps-preferences-system-network-proxy.png,icon_64,4096,0,0,58,1.64056
apps-preferences-system-network-proxy.png,icon_512,262144,0,0,1076,5.70715
apps-preferences-system-session.png,icon_64,4096,0,0,33,2.86042
apps-preferences-system-session.png,icon_512,262144,0,0,331,18.5602
apps-preferences-system-windows.png,icon_64,4096,0,0,15,6.15169
apps-preferences-system-windows.png,icon_512,262144,0,0,177,34.6822
apps-system-file-manager.png,icon_64,4096,0,0,17,5.52425
apps-system-file-manager.png,icon_512,262144,0,0,123,49.6477
apps-system-installer.png,icon_64,4096,0,0,37,2.53198
apps-system-installer.png,icon_512,262144,0,0,614,9.99574
apps-system-software-update.png,icon_64,4096,0,0,47,2.03028
apps-system-software-update.png,icon_512,262144,0,0,1248,4.92053
apps-system-users.png,icon_64,4096,0,0,52,1.8226
apps-system-users.png,icon_512,262144,0,0,1273,4.82439
apps-utilities-system-monitor.png,icon_64,4096,0,0,76,1.25453
apps-utilities-system-monitor.png,icon_512,262144,0,0,961,6.39224
apps-utilities-terminal.png,icon_64,4096,0,0,57,1.67863
apps-utilities-terminal.png,icon_512,262144,0,0,794,7.73273
aquarius_PNG27.png,pngimg,167608,0,0,1068,3.67706
arma_PNG36.png,pngimg,90000,0,0,1595,1.32168
armour_PNG42.png,pngimg,776549,0,0,11570,1.57302
bank_PNG6.png,pngimg,160000,0,0,1018,3.68315
beef_PNG59.png,pngimg,2457600,0,0,40092,1.43668
bell_PNG53465.png,pngimg,4905000,0,0,50295,2.28569
bellflower_PNG12.png,pngimg,332800,0,0,2380,3.27702
birds_PNG49.png,pngimg,9776000,0,0,66824,3.42875
bison_PNG92393.png,pngimg,409600,0,0,4893,1.96197
bone_PNG30.png,pngimg,262144,0,0,27941,1
boots_PNG7802.png,pngimg,810000,0,0,10949,1.73384
bottle_opener_PNG19.png,pngimg,490000,0,0,1759,6.52601
brain_PNG13.png,pngimg,824320,0,0,1610,11.9931
bruce_lee_PNG27.png,pngimg,363814,0,0,4401,1.93728
buddha_PNG53.png,pngimg,120576,0,0,1810,1.56122
bun_PNG13761.png,pngimg,279600,0,0,5091,1.28703
cabbage_PNG99102.png,pngimg,10934790,0,0,207200,1.23689
cacao_PNG27.png,pngimg,202050,0,0,5815,0.81432
candle_PNG7268.png,pngimg,360000,0,0,4225,1.9969
canoe_PNG122.png,pngimg,4000000,0,0,29447,3.18366
carpet_PNG57667.png,pngimg,86800,0,0,2346,0.867131
categories-applications-accessories.png,icon_64,4096,0,0,50,1.88423
categories-applications-accessories.png,icon_512,262144,0,0,621,9.88474
categories-applications-development.png,icon_64,4096,0,0,69,1.38885
categories-applications-development.png,icon_512,262144,0,0,1531,4.01173
categories-applications-games.png,icon_64,4096,0,0,38,2.46327
categories-applications-games.png,icon_512,262144,0,0,295,20.7814
categories-applications-graphics.png,icon_64,4096,0,0,33,2.82954
categories-applications-graphics.png,icon_512,262144,0,0,664,9.24994
categories-applications-internet.png,icon_64,4096,0,0,66,1.44833
categories-applications-internet.png,icon_512,262144,0,0,2237,2.74579
categories-applications-multimedia.png,icon_64,4096,0,0,39,2.46105
categories-applications-multimedia.png,icon_512,262144,0,0,340,18.064
categories-applications-office.png,icon_64,4096,0,0,42,2.24721
categories-applications-office.png,icon_512,262144,0,0,1034,5.9395
categories-applications-other.png,icon_64,4096,0,0,37,2.56528
categories-applications-other.png,icon_512,262144,0,0,369,16.6341
categories-applications-system.png,icon_64,4096,0,0,58,1.64476
categories-applications-system.png,icon_512,262144,0,0,628,9.77453
categories-preferences-desktop-peripherals.png,icon_64,4096,0,0,54,1.77425
categories-preferences-desktop-peripherals.png,icon_512,262144,0,0,637,9.63235
categories-preferences-desktop.png,icon_64,4096,0,0,22,4.29876
categories-preferences-desktop.png,icon_512,262144,0,0,181,33.8673
categories-preferences-system.png,icon_64,4096,0,0,41,2.33097
categories-preferences-system.png,icon_512,262144,0,0,764,8.03511
cd_dvd_PNG102294.png,pngimg,1419093,0,0,17,1945.74
checkers_PNG34.png,pngimg,1048576,0,0,8362,2.93888
chef_PNG37.png,pngimg,15388800,0,0,52527,6.86644
chef_PNG71.png,pngimg,12154520,0,0,21400,13.3115
chevrolet_PNG46.png,pngimg,307200,0,0,2160,3.3326
chocolate_cake_PNG37.png,pngimg,242400,0,0,2929,1.93901
christmas_PNG17253.png,pngimg,2790090,0,0,27260,2.39885
christmas_garland_PNG19.png,pngimg,1110259,0,0,5907,4.4051
christmas_wreath_PNG1.png,pngimg,807801,0,0,10871,1.74147
christmas_wreath_PNG57.png,pngimg,357000,0,0,5636,1.48457
chupa_chups_PNG17.png,pngimg,1048576,0,0,2915,8.43065
clover.png,textures_photo,1048576,0,0,30593,0.803298
cnn.com.png,screenshot_web,6881433,0,0,25154,6.41166
confetti_PNG86980.png,pngimg,1905987,0,0,2302,19.4001
crab_PNG40.png,pngimg,62500,0,0,607,2.40968
creativecommons.org.png,screenshot_web,6753054,0,0,59780,2.6476
cursor_PNG65.png,pngimg,262144,0,0,486,12.6251
cursor_PNG68.png,pngimg,700416,0,0,134,122.15
cutlet_PNG51.png,pngimg,470900,0,0,4510,2.44691
dachshund_PNG57.png,pngimg,838656,0,0,391,50.2695
dagger_PNG49.png,pngimg,668880,0,0,2490,6.29383
dagger_PNG8.png,pngimg,184800,0,0,306,14.1396
darth_vader_PNG6.png,pngimg,3321808,0,0,1189,65.4742
deodorant_PNG38.png,pngimg,3686400,0,0,20557,4.20282
devices-audio-card.png,icon_64,4096,0,0,52,1.83598
devices-audio-card.png,icon_512,262144,0,0,529,11.6009
devices-audio-input-microphone.png,icon_64,4096,0,0,47,2.03368
devices-audio-input-microphone.png,icon_512,262144,0,0,642,9.56771
devices-battery.png,icon_64,4096,0,0,26,3.61372
devices-battery.png,icon_512,262144,0,0,469,13.0896
devices-camera-photo.png,icon_64,4096,0,0,39,2.40064
devices-camera-photo.png,icon_512,262144,0,0,674,9.10809
devices-camera-video.png,icon_64,4096,0,0,46,2.07646
devices-camera-video.png,icon_512,262144,0,0,578,10.6258
devices-computer.png,icon_64,4096,0,0,57,1.65799
devices-computer.png,icon_512,262144,0,0,769,7.98511
devices-drive-harddisk.png,icon_64,4096,0,0,32,2.95322
devices-drive-harddisk.png,icon_512,262144,0,0,232,26.4639
devices-drive-optical.png,icon_64,4096,0,0,28,3.4163
devices-drive-optical.png,icon_512,262144,0,0,272,22.529
devices-drive-removable-media.png,icon_64,4096,0,0,36,2.63288
devices-drive-removable-media.png,icon_512,262144,0,0,212,28.9387
devices-input-gaming.png,icon_64,4096,0,0,31,3.05795
devices-input-gaming.png,icon_512,262144,0,0,434,14.1529
devices-input-keyboard.png,icon_64,4096,0,0,41,2.29827
devices-input-keyboard.png,icon_512,262144,0,0,272,22.5773
devices-input-mouse.png,icon_64,4096,0,0,45,2.10217
devices-input-mouse.png,icon_512,262144,0,0,339,18.0897
devices-media-flash.png,icon_64,4096,0,0,40,2.38163
devices-media-flash.png,icon_512,262144,0,0,535,11.4643
devices-media-floppy.png,icon_64,4096,0,0,43,2.18721
devices-media-floppy.png,icon_512,262144,0,0,285,21.5246
devices-media-optical.png,icon_64,4096,0,0,71,1.33357
devices-media-optical.png,icon_512,262144,0,0,1417,4.3331
devices-multimedia-player.png,icon_64,4096,0,0,43,2.22523
devices-multimedia-player.png,icon_512,262144,0,0,661,9.29096
devices-network-wired.png,icon_64,4096,0,0,23,4.09208
devices-network-wired.png,icon_512,262144,0,0,341,17.9995
devices-network-wireless.png,icon_64,4096,0,0,37,2.58023
devices-network-wireless.png,icon_512,262144,0,0,753,8.15848
devices-printer.png,icon_64,4096,0,0,26,3.64143
devices-printer.png,icon_512,262144,0,0,304,20.1745
devices-video-display.png,icon_64,4096,0,0,49,1.9209
devices-video-display.png,icon_512,262144,0,0,566,10.8381
dna_PNG5.png,pngimg,560950,0,0,590,22.2531
dog_PNG23603.png,pngimg,3420087,0,0,57070,1.40454
donate_PNG42.png,pngimg,114130,0,0,232,11.497
donut_PNG51.png,pngimg,4272048,0,0,10166,9.84861
dreamcatcher_PNG28.png,pngimg,15810000,0,0,102979,3.59826
duckduckgo.com.png,screenshot_web,3773562,0,0,2821,31.341
email_PNG28.png,pngimg,1048576,0,0,248,98.9367
emblems-emblem-favorite.png,icon_64,4096,0,0,30,3.10401
emblems-emblem-favorite.png,icon_512,262144,0,0,423,14.5161
emblems-emblem-important.png,icon_64,4096,0,0,21,4.55892
emblems-emblem-important.png,icon_512,262144,0,0,198,30.9864
emblems-emblem-photos.png,icon_64,4096,0,0,37,2.58124
emblems-emblem-photos.png,icon_512,262144,0,0,525,11.6864
emblems-emblem-readonly.png,icon_64,4096,0,0,16,5.74105
emblems-emblem-readonly.png,icon_512,262144,0,0,136,45.1062
emblems-emblem-symbolic-link.png,icon_64,4096,0,0,17,5.35017
emblems-emblem-symbolic-link.png,icon_512,262144,0,0,147,41.5675
emblems-emblem-system.png,icon_64,4096,0,0,55,1.71878
emblems-emblem-system.png,icon_512,262144,0,0,368,16.6765
emblems-emblem-unreadable.png,icon_64,4096,0,0,57,1.68398
emblems-emblem-unreadable.png,icon_512,262144,0,0,806,7.61488
emotes-face-angel.png,icon_64,4096,0,0,55,1.71653
emotes-face-angel.png,icon_512,262144,0,0,869,7.06705
emotes-face-crying.png,icon_64,4096,0,0,49,1.93622
emotes-face-crying.png,icon_512,262144,0,0,1056,5.81417
emotes-face-devilish.png,icon_64,4096,0,0,47,2.01269
emotes-face-devilish.png,icon_512,262144,0,0,875,7.01871
emotes-face-glasses.png,icon_64,4096,0,0,60,1.59086
emotes-face-glasses.png,icon_512,262144,0,0,1473,4.16909
emotes-face-grin.png,icon_64,4096,0,0,41,2.30636
emotes-face-grin.png,icon_512,262144,0,0,631,9.73393
emotes-face-kiss.png,icon_64,4096,0,0,48,1.96055
emotes-face-kiss.png,icon_512,262144,0,0,1003,6.11958
emotes-face-monkey.png,icon_64,4096,0,0,61,1.55044
emotes-face-monkey.png,icon_512,262144,0,0,1052,5.83512
emotes-face-plain.png,icon_64,4096,0,0,47,2.01616
emotes-face-plain.png,icon_512,262144,0,0,952,6.44858
emotes-face-sad.png,icon_64,4096,0,0,47,2.03646
emotes-face-sad.png,icon_512,262144,0,0,938,6.54365
emotes-face-smile-big.png,icon_64,4096,0,0,46,2.05189
emotes-face-smile-big.png,icon_512,262144,0,0,879,6.98548
emotes-face-smile.png,icon_64,4096,0,0,47,2.01952
emotes-face-smile.png,icon_512,262144,0,0,932,6.59147
emotes-face-surprise.png,icon_64,4096,0,0,50,1.89086
emotes-face-surprise.png,icon_512,262144,0,0,881,6.97345
emotes-face-wink.png,icon_64,4096,0,0,48,1.96467
emotes-face-wink.png,icon_512,262144,0,0,971,6.32328
en.wikipedia.org.png,screenshot_web,3854968,0,0,13164,6.86321
face_PNG5655.png,pngimg,162500,0,0,1672,2.27747
face_PNG5662.png,pngimg,162500,0,0,1494,2.54926
fairy_PNG112.png,pngimg,2709210,0,0,26397,2.40545
fire_truck_PNG41.png,pngimg,6172296,0,0,76701,1.88607
flags_PNG14682.png,pngimg,960000,0,0,4,4703.96
floral_frame_PNG270.png,pngimg,18061716,0,0,90901,4.65691
floral_frame_PNG53.png,pngimg,1008000,0,0,14250,1.65784
football_player_PNG54.png,pngimg,953250,0,0,4119,5.42285
france_PNG16.png,pngimg,180000,0,0,1102,3.82622
gamepad_PNG21.png,pngimg,1000000,0,0,10104,2.31943
gangster_PNG20.png,pngimg,541728,0,0,357,35.5183
gas_stove_PNG10.png,pngimg,960000,0,0,6751,3.33264
gift_PNG100250.png,pngimg,350400,0,0,1281,6.4104
gloves_PNG8323.png,pngimg,758280,0,0,12037,1.47642
goblin_PNG1.png,pngimg,591675,0,0,6407,2.16421
gow_wall1a.png,textures_pk,65536,0,0,1767,0.868916
gow_wall1b.png,textures_pk,65536,0,0,1674,0.917058
gow_wall1c.png,textures_pk,65536,0,0,1703,0.901418
gow_wall1d.png,textures_pk,65536,0,0,1737,0.884136
gow_wall1e.png,textures_pk,65536,0,0,1679,0.914677
gow_wallceiling1.png,textures_pk,65536,0,0,1705,0.900751
gow_wallin1a.png,textures_pk,65536,0,0,1716,0.894714
gow_wallin1b.png,textures_pk,65536,0,0,1664,0.922856
grass1.png,textures_photo,1048576,0,0,30637,0.802146
gym_equipment_PNG131.png,pngimg,250000,0,0,2652,2.20888
gym_equipment_PNG172.png,pngimg,1653780,0,0,15280,2.53664
hGround.png,textures_pk,65536,0,0,1849,0.830553
hGround01.png,textures_pk,65536,0,0,1850,0.830174
hGround01end.png,textures_pk,65536,0,0,1823,0.842115
hGround02.png,textures_pk,65536,0,0,1900,0.808274
hRails01.png,textures_pk,65536,0,0,1774,0.865819
hTiles2.png,textures_pk,15360,0,0,437,0.822013
hTrain01.png,textures_pk,131072,0,0,3425,0.896934
hTrain02.png,textures_pk,131072,0,0,3395,0.904806
hWall07.png,textures_pk,49152,0,0,1334,0.863034
hWall07b.png,textures_pk,49152,0,0,1301,0.885136
hWall07c.png,textures_pk,49152,0,0,1217,0.945914
hWall1.png,textures_pk,65536,0,0,1515,1.01368
hWall1a.png,textures_pk,25600,0,0,666,0.900328
hWall1b.png,textures_pk,25600,0,0,644,0.931156
hWall2.png,textures_pk,25600,0,0,687,0.873211
hWall2b.png,textures_pk,25600,0,0,649,0.923327
hWall2c.png,textures_pk,51200,0,0,1279,0.937751
hWall3.png,textures_pk,25600,0,0,678,0.883956
hWall3b.png,textures_pk,25600,0,0,631,0.949433
hWall4.png,textures_pk,25600,0,0,685,0.875035
hWall4b.png,textures_pk,25600,0,0,621,0.965183
hWoods.png,textures_pk,4096,0,0,109,0.876415
hairbrush_PNG95.png,pngimg,960000,0,0,1985,11.3339
happy_birthday_PNG56.png,pngimg,1440000,0,0,9506,3.55008
hbox01.png,textures_pk,16384,0,0,396,0.967559
hbox03.png,textures_pk,9216,0,0,230,0.938616
hboxtop.png,textures_pk,16384,0,0,451,0.849805
heater_PNG47.png,pngimg,1039071,0,0,9922,2.45433
helicopter_PNG80102.png,pngimg,1306200,0,0,5314,5.76026
her_asphalt_1.png,textures_pk,65536,0,0,1863,0.82446
her_ceil_1.png,textures_pk,65536,0,0,1842,0.833851
her_door_1.png,textures_pk,8192,0,0,217,0.881895
her_door_2.png,textures_pk,8192,0,0,219,0.873841
her_floor_1.png,textures_pk,65536,0,0,1886,0.814341
her_floor_2.png,textures_pk,16384,0,0,463,0.828538
her_grass_1.png,textures_pk,65536,0,0,1880,0.816991
her_gravel_1.png,textures_pk,65536,0,0,1844,0.832877
her_inwall_1a.png,textures_pk,16384,0,0,451,0.850754
her_inwall_1b.png,textures_pk,16384,0,0,457,0.839432
her_inwall_2a.png,textures_pk,16384,0,0,457,0.839432
her_inwall_2b.png,textures_pk,16384,0,0,449,0.854604
her_metal_1.png,textures_pk,16384,0,0,446,0.859626
her_rock_1a.png,textures_pk,65536,0,0,1856,0.827215
her_rock_1b.png,textures_pk,65536,0,0,1816,0.845479
her_trim_1.png,textures_pk,2048,0,0,57,0.835038
her_trim_2.png,textures_pk,8192,0,0,230,0.832228
her_trim_3.png,textures_pk,8192,0,0,229,0.835858
her_wall_1.png,textures_pk,65536,0,0,1812,0.84742
her_wall_2.png,textures_pk,65536,0,0,1843,0.833341
her_wall_3.png,textures_pk,65536,0,0,1765,0.870137
her_wood_1.png,textures_pk,16384,0,0,468,0.820509
hitman_PNG17.png,pngimg,291030,0,0,1959,3.48043
hlog.png,textures_pk,6400,0,0,147,1.01397
hlogs.png,textures_pk,16384,0,0,464,0.826516
hmountain.png,textures_pk,65536,0,0,1817,0.845273
honey_PNG86301.png,pngimg,281112,0,0,2172,3.03311
house_PNG49.png,pngimg,214176,0,0,3660,1.37121
hr00f01.png,textures_pk,4096,0,0,110,0.868517
hr00f02.png,textures_pk,4096,0,0,110,0.868517
htiles.png,textures_pk,65536,0,0,1862,0.824881
hummer_PNG12197.png,pngimg,546816,0,0,7715,1.6611
hwall5a.png,textures_pk,25600,0,0,685,0.875874
hwall5b.png,textures_pk,25600,0,0,666,0.89994
hwoods2.png,textures_pk,12800,0,0,336,0.891205
ice_cream_PNG98208.png,pngimg,10512256,0,0,198033,1.24414
ice_skates_PNG64.png,pngimg,1429200,0,0,13615,2.46024
imdb.com.png,screenshot_web,8457033,0,0,27076,7.32042
iphone_12_PNG37.png,pngimg,2560000,0,0,21839,2.74727
ipod_PNG15.png,pngimg,262144,0,0,373,16.4693
jackal_PNG12.png,pngimg,163682,0,0,3111,1.233
jam_PNG20.png,pngimg,557600,0,0,11961,1.09257
jam_PNG63.png,pngimg,115710,0,0,2724,0.995486
jam_PNG74.png,pngimg,5399220,0,0,70805,1.78722
jeep_PNG105.png,pngimg,1953600,0,0,21466,2.13297
jet_fighter_PNG116.png,pngimg,192800,0,0,616,7.33405
jet_fighter_PNG15.png,pngimg,640000,0,0,2920,5.13642
keychain_PNG54.png,pngimg,640000,0,0,5640,2.65924
klitschko_PNG16.png,pngimg,32400,0,0,507,1.49607
kodim01.png,photo_kodak,393216,0,0,10315,0.893382
kodim02.png,photo_kodak,393216,0,0,9663,0.953725
kodim03.png,photo_kodak,393216,0,0,7954,1.15853
kodim04.png,photo_kodak,393216,0,0,9622,0.957779
kodim05.png,photo_kodak,393216,0,0,10467,0.880456
kodim06.png,photo_kodak,393216,0,0,9896,0.93124
kodim07.png,photo_kodak,393216,0,0,8509,1.08297
kodim08.png,photo_kodak,393216,0,0,10573,0.871643
kodim09.png,photo_kodak,393216,0,0,9544,0.965598
kodim10.png,photo_kodak,393216,0,0,9619,0.958095
kodim11.png,photo_kodak,393216,0,0,9421,0.978189
kodim12.png,photo_kodak,393216,0,0,8982,1.02597
kodim13.png,photo_kodak,393216,0,0,10960,0.840805
kodim14.png,photo_kodak,393216,0,0,10349,0.890492
kodim15.png,photo_kodak,393216,0,0,8861,1.04005
kodim16.png,photo_kodak,393216,0,0,9166,1.00545
kodim17.png,photo_kodak,393216,0,0,9553,0.964625
kodim18.png,photo_kodak,393216,0,0,10864,0.84826
kodim19.png,photo_kodak,393216,0,0,10240,0.899968
kodim20.png,photo_kodak,393216,0,0,8672,1.06269
kodim21.png,photo_kodak,393216,0,0,10207,0.902855
kodim22.png,photo_kodak,393216,0,0,10552,0.873377
kodim23.png,photo_kodak,393216,0,0,9018,1.0219
kodim24.png,photo_kodak,393216,0,0,9266,0.994592
lamp1.png,textures_pk,3072,0,0,13,5.30952
lamp2.png,textures_pk,3072,0,0,12,5.61523
lamp_PNG3700.png,pngimg,4658199,0,0,66968,1.63026
land_rover_PNG21.png,pngimg,2785280,0,0,27122,2.40685
land_rover_PNG51.png,pngimg,1030394,0,0,11675,2.06838
leash_PNG10.png,pngimg,619269,0,0,7347,1.97541
leash_PNG136.png,pngimg,406424,0,0,1357,7.01655
leek_PNG54.png,pngimg,3197151,0,0,35471,2.1125
libra_PNG23.png,pngimg,283800,0,0,1988,3.34509
lighter_PNG11167.png,pngimg,2771228,0,0,39166,1.65833
lightning_PNG48.png,pngimg,409600,0,0,7069,1.35801
lollipop_PNG98263.png,pngimg,75000,0,0,1101,1.59654
m_m_PNG65.png,pngimg,870397,0,0,9139,2.23204
macaron_PNG35.png,pngimg,114000,0,0,1260,2.11991
macaron_PNG9.png,pngimg,250000,0,0,2912,2.01209
machine_gun_PNG15.png,pngimg,234400,0,0,2413,2.27661
mailbox_PNG63.png,pngimg,2108079,0,0,20122,2.45536
man_PNG6522.png,pngimg,3354850,0,0,28922,2.71863
mazfloor.png,textures_pk,65536,0,0,1741,0.881971
mazfloor2.png,textures_pk,65536,0,0,1767,0.868916
mazy_ofloor1.png,textures_pk,65536,0,0,1652,0.929502
mazy_owall1a.png,textures_pk,65536,0,0,1308,1.17401
mazy_owall1b.png,textures_pk,65536,0,0,1458,1.05313
mazy_owall1c.png,textures_pk,65536,0,0,1578,0.973074
mazy_owall1d.png,textures_pk,65536,0,0,1527,1.00559
mazy_owall1e.png,textures_pk,65536,0,0,1425,1.07741
mazy_owall1f.png,textures_pk,65536,0,0,1367,1.12361
mazy_plate1a.png,textures_pk,65536,0,0,1238,1.24035
mazy_plate1b.png,textures_pk,65536,0,0,1237,1.24149
mazy_trim1a.png,textures_pk,8192,0,0,164,1.16931
mazy_trim1b.png,textures_pk,8192,0,0,181,1.05953
mazywall.png,textures_pk,65536,0,0,1569,0.978941
mazywalldirty.png,textures_pk,65536,0,0,1565,0.981244
measure_tape_PNG69.png,pngimg,647040,0,0,2568,5.90465
mechanical_ventilator_PNG13.png,pngimg,3842960,0,0,25636,3.51333
megaphone_PNG112.png,pngimg,765000,0,0,10166,1
microsoft.com.png,screenshot_web,4369664,0,0,19195,5.3352
milk_PNG12713.png,pngimg,320000,0,0,29447,1
mimetypes-application-certificate.png,icon_64,4096,0,0,48,1.96219
mimetypes-application-certificate.png,icon_512,262144,0,0,654,9.39089
mimetypes-application-x-executable.png,icon_64,4096,0,0,40,2.3844
mimetypes-application-x-executable.png,icon_512,262144,0,0,420,14.6265
mimetypes-audio-x-generic.png,icon_64,4096,0,0,23,4.14855
mimetypes-audio-x-generic.png,icon_512,262144,0,0,339,18.1099
mimetypes-font-x-generic.png,icon_64,4096,0,0,32,2.93708
mimetypes-font-x-generic.png,icon_512,262144,0,0,268,22.882
mimetypes-image-x-generic.png,icon_64,4096,0,0,41,2.33579
mimetypes-image-x-generic.png,icon_512,262144,0,0,686,8.94355
mimetypes-package-x-generic.png,icon_64,4096,0,0,28,3.40352
mimetypes-package-x-generic.png,icon_512,262144,0,0,443,13.8433
mimetypes-text-html.png,icon_64,4096,0,0,47,2.03925
mimetypes-text-html.png,icon_512,262144,0,0,1045,5.87593
mimetypes-text-x-generic-template.png,icon_64,4096,0,0,30,3.19324
mimetypes-text-x-generic-template.png,icon_512,262144,0,0,231,26.5497
mimetypes-text-x-generic.png,icon_64,4096,0,0,21,4.5406
mimetypes-text-x-generic.png,icon_512,262144,0,0,141,43.4439
mimetypes-text-x-script.png,icon_64,4096,0,0,33,2.8722
mimetypes-text-x-script.png,icon_512,262144,0,0,310,19.8064
mimetypes-video-x-generic.png,icon_64,4096,0,0,45,2.12508
mimetypes-video-x-generic.png,icon_512,262144,0,0,540,11.3675
mimetypes-x-office-address-book.png,icon_64,4096,0,0,37,2.56267
mimetypes-x-office-address-book.png,icon_512,262144,0,0,444,13.8328
mimetypes-x-office-calendar.png,icon_64,4096,0,0,33,2.87674
mimetypes-x-office-calendar.png,icon_512,262144,0,0,626,9.80965
mimetypes-x-office-document-template.png,icon_64,4096,0,0,55,1.71887
mimetypes-x-office-document-template.png,icon_512,262144,0,0,547,11.217
mimetypes-x-office-document.png,icon_64,4096,0,0,24,3.91603
mimetypes-x-office-document.png,icon_512,262144,0,0,221,27.7729
mimetypes-x-office-drawing-template.png,icon_64,4096,0,0,60,1.57921
mimetypes-x-office-drawing-template.png,icon_512,262144,0,0,776,7.91036
mimetypes-x-office-drawing.png,icon_64,4096,0,0,28,3.40529
mimetypes-x-office-drawing.png,icon_512,262144,0,0,251,24.416
mimetypes-x-office-presentation-template.png,icon_64,4096,0,0,61,1.57367
mimetypes-x-office-presentation-template.png,icon_512,262144,0,0,849,7.23563
mimetypes-x-office-presentation.png,icon_64,4096,0,0,34,2.7967
mimetypes-x-office-presentation.png,icon_512,262144,0,0,641,9.58314
mimetypes-x-office-spreadsheet-template.png,icon_64,4096,0,0,62,1.54343
mimetypes-x-office-spreadsheet-template.png,icon_512,262144,0,0,523,11.7391
mimetypes-x-office-spreadsheet.png,icon_64,4096,0,0,45,2.11711
mimetypes-x-office-spreadsheet.png,icon_512,262144,0,0,522,11.77
mis_beam1a.png,textures_pk,32768,0,0,431,1.78011
mis_com1a.png,textures_pk,32768,0,0,823,0.932112
mis_com1b.png,textures_pk,32768,0,0,787,0.975541
mis_comlay1b.png,textures_pk,32768,0,0,49,15.6498
mis_det1a.png,textures_pk,32768,0,0,802,0.957224
mis_det1b.png,textures_pk,32768,0,0,728,1.05488
mis_detlay1a.png,textures_pk,32768,0,0,2,325.78
mis_detlay1b.png,textures_pk,32768,0,0,26,28.9225
mis_floor1a.png,textures_pk,65536,0,0,1640,0.936329
mis_floor1b.png,textures_pk,32768,0,0,842,0.912063
mis_floor2.png,textures_pk,65536,0,0,1852,0.829325
mis_generic1a.png,textures_pk,4096,0,0,104,0.919941
mis_generic1b.png,textures_pk,4096,0,0,99,0.969678
mis_generic1c.png,textures_pk,1024,0,0,27,0.862618
mis_trim1a.png,textures_pk,8192,0,0,203,0.94202
mis_trim1b.png,textures_pk,4096,0,0,101,0.943733
mis_trim1c.png,textures_pk,4096,0,0,102,0.935222
mis_trim1d.png,textures_pk,4096,0,0,103,0.930891
mis_trim2a.png,textures_pk,8192,0,0,213,0.899989
mis_trim2b.png,textures_pk,8192,0,0,219,0.874657
mis_trim2c.png,textures_pk,4096,0,0,107,0.896705
mis_trim2d.png,textures_pk,4096,0,0,106,0.903455
mis_vent1a.png,textures_pk,4096,0,0,100,0.957298
mis_vent1b.png,textures_pk,4096,0,0,97,0.982617
mis_wall1a.png,textures_pk,65536,0,0,1791,0.857155
mis_wall1b.png,textures_pk,65536,0,0,1599,0.960439
mis_wall2a.png,textures_pk,65536,0,0,1765,0.870207
mis_wall2b.png,textures_pk,65536,0,0,1764,0.87045
mitsubishi_PNG114.png,pngimg,190450,0,0,1532,2.91174
mod_celfloor1a.png,textures_pk,16384,0,0,453,0.847563
mod_celfloor1b.png,textures_pk,16384,0,0,435,0.88091
mod_celfloor1c.png,textures_pk,65536,0,0,1761,0.871794
mod_celfloor1d.png,textures_pk,32768,0,0,874,0.878146
mod_celfloor1e.png,textures_pk,16384,0,0,438,0.876093
mod_celfloor1f.png,textures_pk,16384,0,0,438,0.876093
mod_celfloor1g.png,textures_pk,32768,0,0,830,0.925069
mod_celfloor2a.png,textures_pk,16384,0,0,445,0.861337
mod_celfloor2b.png,textures_pk,16384,0,0,444,0.862982
mod_celwall1a.png,textures_pk,65536,0,0,1450,1.05916
mod_celwall1b.png,textures_pk,65536,0,0,1364,1.12599
mod_comwall1a.png,textures_pk,65536,0,0,1567,0.980121
mod_comwall1b.png,textures_pk,65536,0,0,1558,0.985604
mod_conpan1a.png,textures_pk,16384,0,0,250,1.53215
mod_conpan1b.png,textures_pk,16384,0,0,253,1.51476
mod_door1.png,textures_pk,16384,0,0,407,0.942078
mod_door2a.png,textures_pk,16384,0,0,371,1.03316
mod_door2b.png,textures_pk,16384,0,0,375,1.02141
mod_door3.png,textures_pk,16384,0,0,350,1.09709
mod_door4.png,textures_pk,16384,0,0,338,1.13439
mod_dotfloor1.png,textures_pk,16384,0,0,473,0.811136
mod_dotfloor2.png,textures_pk,16384,0,0,457,0.839502
mod_dotfloor3.png,textures_pk,16384,0,0,472,0.812992
mod_electro1a.png,textures_pk,65536,0,0,1109,1.38497
mod_electro1b.png,textures_pk,65536,0,0,1138,1.34908
mod_electro2a.png,textures_pk,65536,0,0,291,5.27036
mod_electro2b.png,textures_pk,65536,0,0,295,5.19964
mod_fan1.png,textures_pk,65536,0,0,1625,0.944926
mod_glass1.png,textures_pk,65536,0,0,997,1.54042
mod_grate1.png,textures_pk,65536,0,0,1671,0.919193
mod_grate2.png,textures_pk,65536,0,0,1706,0.900111
mod_gratfloor1.png,textures_pk,16384,0,0,468,0.820088
mod_gratfloor2a.png,textures_pk,65536,0,0,1742,0.881326
mod_gratfloor2b.png,textures_pk,65536,0,0,1783,0.86126
mod_labcab1a.png,textures_pk,32768,0,0,651,1.17937
mod_labcab1b.png,textures_pk,32768,0,0,601,1.27774
mod_labcab1c.png,textures_pk,32768,0,0,622,1.23381
mod_labcab1d.png,textures_pk,32768,0,0,649,1.18177
mod_labcab2a.png,textures_pk,32768,0,0,86,8.88694
mod_labcab2b.png,textures_pk,32768,0,0,143,5.35374
mod_labcab2c.png,textures_pk,32768,0,0,145,5.27998
mod_labcab2d.png,textures_pk,32768,0,0,119,6.43856
mod_labcarpet1a.png,textures_pk,65536,0,0,1857,0.827052
mod_labcarpet1b.png,textures_pk,65536,0,0,1857,0.827052
mod_labcon1a.png,textures_pk,32768,0,0,681,1.12752
mod_labcon2a.png,textures_pk,32768,0,0,39,19.5986
mod_labelev1b.png,textures_pk,16384,0,0,367,1.04358
mod_labfloor01a.png,textures_pk,16384,0,0,288,1.32928
mod_labfloor01b.png,textures_pk,16384,0,0,280,1.36842
mod_labframe1a.png,textures_pk,8192,0,0,128,1.49986
mod_labframe1b.png,textures_pk,16384,0,0,246,1.55948
mod_labpipe1a.png,textures_pk,32768,0,0,823,0.932682
mod_labpipe1b.png,textures_pk,32768,0,0,721,1.06372
mod_labpipe1c.png,textures_pk,32768,0,0,693,1.10782
mod_labposter1.png,textures_pk,16384,0,0,366,1.04825
mod_labroof1a.png,textures_pk,65536,0,0,1692,0.907554
mod_labroof1b.png,textures_pk,65536,0,0,1630,0.942058
mod_labroof2.png,textures_pk,16384,0,0,399,0.961716
mod_labroof3a.png,textures_pk,65536,0,0,1752,0.87661
mod_labroof3b.png,textures_pk,65536,0,0,1632,0.94104
mod_labshelf1a.png,textures_pk,12288,0,0,272,1.05565
mod_labshelf1b.png,textures_pk,12288,0,0,271,1.05891
mod_labsideligh.png,textures_pk,4096,0,0,88,1.08894
mod_labtiles2a.png,textures_pk,65536,0,0,1677,0.915858
mod_labtiles2b.png,textures_pk,65536,0,0,1666,0.921576
mod_labtrim1.png,textures_pk,8192,0,0,204,0.938405
mod_labtrim2a.png,textures_pk,4096,0,0,98,0.978831
mod_labtrim2b.png,textures_pk,4096,0,0,98,0.978071
mod_labtrim3.png,textures_pk,2048,0,0,49,0.960169
mod_labtrim4.png,textures_pk,2048,0,0,48,0.996371
mod_labtrim5.png,textures_pk,16384,0,0,332,1.15449
mod_labtrim6.png,textures_pk,16384,0,0,367,1.04404
mod_labtrim7a.png,textures_pk,8192,0,0,200,0.958848
mod_labtrim7b.png,textures_pk,8192,0,0,193,0.992313
mod_labtrim7c.png,textures_pk,8192,0,0,201,0.951194
mod_labtrim8a.png,textures_pk,8192,0,0,198,0.965331
mod_labtrim8b.png,textures_pk,8192,0,0,198,0.96877
mod_labvent1a.png,textures_pk,2048,0,0,33,1.43635
mod_labvent1b.png,textures_pk,4096,0,0,41,2.33329
mod_labvent2a.png,textures_pk,12288,0,0,242,1.18808
mod_labvent2b.png,textures_pk,12288,0,0,186,1.54691
mod_labvertrim1.png,textures_pk,4096,0,0,58,1.65197
mod_labwall01a.png,textures_pk,16384,0,0,289,1.32663
mod_labwall01b.png,textures_pk,16384,0,0,293,1.30862
mod_labwall01bM.png,textures_pk,65536,0,0,40,37.6734
mod_labwall01c.png,textures_pk,16384,0,0,308,1.2464
mod_labwall01cM.png,textures_pk,65536,0,0,94,16.2738
mod_labwall01ta.png,textures_pk,4096,0,0,75,1.27004
mod_labwall01tb.png,textures_pk,2048,0,0,43,1.10392
mod_labwall02a.png,textures_pk,16384,0,0,286,1.3405
mod_labwall02b.png,textures_pk,16384,0,0,307,1.24717
mod_labwall02c.png,textures_pk,16384,0,0,303,1.26434
mod_labwalla.png,textures_pk,16384,0,0,369,1.03822
mod_labwallb.png,textures_pk,16384,0,0,342,1.12055
mod_labwallc.png,textures_pk,16384,0,0,348,1.10157
mod_labwalld.png,textures_pk,16384,0,0,321,1.19483
mod_labwallta.png,textures_pk,2048,0,0,42,1.13725
mod_labwalltb.png,textures_pk,4096,0,0,81,1.17779
mod_lbmetal1a.png,textures_pk,65536,0,0,1433,1.07177
mod_lbmetal1b.png,textures_pk,65536,0,0,1193,1.28704
mod_lbmetal1c.png,textures_pk,65536,0,0,1452,1.05776
mod_lbmetal1d.png,textures_pk,65536,0,0,1562,0.983025
mod_light1a.png,textures_pk,4096,0,0,73,1.29894
mod_light1b.png,textures_pk,4096,0,0,100,0.95476
mod_light2a.png,textures_pk,4096,0,0,71,1.33978
mod_light3a.png,textures_pk,4096,0,0,74,1.28706
mod_light3b.png,textures_pk,4096,0,0,69,1.38468
mod_light4.png,textures_pk,4096,0,0,69,1.37446
mod_lights1a.png,textures_pk,1024,0,0,21,1.13925
mod_lights1b.png,textures_pk,1024,0,0,19,1.20832
mod_lights2a.png,textures_pk,1024,0,0,22,1.06201
mod_lights3a.png,textures_pk,1024,0,0,26,0.894063
mod_lights4a.png,textures_pk,1024,0,0,20,1.16851
mod_metal1a.png,textures_pk,65536,0,0,1849,0.830479
mod_metal1b.png,textures_pk,65536,0,0,1766,0.869299
mod_metcrate1a.png,textures_pk,16384,0,0,395,0.972001
mod_metcrate1b.png,textures_pk,16384,0,0,427,0.898149
mod_metdoor1a.png,textures_pk,65536,0,0,1568,0.97957
mod_metdoor1b.png,textures_pk,65536,0,0,1533,1.00156
mod_metdoor2.png,textures_pk,16384,0,0,417,0.919393
mod_metfloor1a.png,textures_pk,65536,0,0,1867,0.822396
mod_metfloor1b.png,textures_pk,65536,0,0,1874,0.819572
mod_metfloor1c.png,textures_pk,65536,0,0,1874,0.819439
mod_metfloor2a.png,textures_pk,16384,0,0,372,1.03065
mod_metfloor2b.png,textures_pk,16384,0,0,352,1.08833
mod_metfloor2c.png,textures_pk,16384,0,0,355,1.07915
mod_mettrim1a.png,textures_pk,4096,0,0,108,0.887236
mod_pipe2a.png,textures_pk,16384,0,0,282,1.36056
mod_pipe2b.png,textures_pk,16384,0,0,286,1.33831
mod_pipe2c.png,textures_pk,16384,0,0,249,1.53957
mod_pipe2d.png,textures_pk,16384,0,0,251,1.52765
mod_plantg.png,textures_pk,65536,0,0,1857,0.826893
mod_screen1a.png,textures_pk,4096,0,0,99,0.963944
mod_screen1b.png,textures_pk,4096,0,0,104,0.920329
mod_screen1c.png,textures_pk,4096,0,0,92,1.03684
mod_screen1d.png,textures_pk,4096,0,0,100,0.957802
mod_screen1e.png,textures_pk,4096,0,0,99,0.965649
mod_screen1f.png,textures_pk,4096,0,0,90,1.05742
mod_screen1g.png,textures_pk,4096,0,0,95,1.00739
mod_screen1h.png,textures_pk,4096,0,0,98,0.970051
mod_screen1i.png,textures_pk,4096,0,0,104,0.922427
mod_screen1j.png,textures_pk,4096,0,0,103,0.930495
mod_screena.png,textures_pk,4096,0,0,90,1.06167
mod_screenb.png,textures_pk,4096,0,0,95,1.01043
mod_screenc.png,textures_pk,4096,0,0,87,1.09509
mod_screend.png,textures_pk,4096,0,0,92,1.03478
mod_screene.png,textures_pk,4096,0,0,92,1.03822
mod_screenf.png,textures_pk,4096,0,0,90,1.06543
mod_screeng.png,textures_pk,4096,0,0,88,1.08189
mod_screenh.png,textures_pk,4096,0,0,94,1.01585
mod_screeni.png,textures_pk,4096,0,0,99,0.963576
mod_screenj.png,textures_pk,4096,0,0,95,1.00316
mod_screens1a.png,textures_pk,16384,0,0,286,1.34239
mod_screens1b.png,textures_pk,16384,0,0,339,1.13101
mod_screensa.png,textures_pk,16384,0,0,221,1.72992
mod_screensb.png,textures_pk,16384,0,0,277,1.38623
mod_siga.png,textures_pk,1024,0,0,27,0.885271
mod_sigaira.png,textures_pk,2048,0,0,54,0.885685
mod_sigairb.png,textures_pk,2048,0,0,53,0.894437
mod_sigb.png,textures_pk,1024,0,0,26,0.916468
mod_siggen.png,textures_pk,2048,0,0,54,0.888809
mod_sign1.png,textures_pk,8192,0,0,182,1.05262
mod_sigwarn.png,textures_pk,4096,0,0,100,0.956265
mod_spot1.png,textures_pk,4096,0,0,86,1.10801
mod_striptrim1a.png,textures_pk,4096,0,0,104,0.915597
mod_striptrim1b.png,textures_pk,4096,0,0,104,0.915597
mod_thinlighta.png,textures_pk,2048,0,0,27,1.73016
mod_thinlightb.png,textures_pk,2048,0,0,19,2.44258
mod_vents1a.png,textures_pk,4096,0,0,112,0.85139
mod_vents1b.png,textures_pk,4096,0,0,109,0.873705
mod_vtrim01a.png,textures_pk,4096,0,0,99,0.960469
mod_vtrim01b.png,textures_pk,8192,0,0,200,0.956916
mod_walldetail1.png,textures_pk,16384,0,0,446,0.859169
mod_walldetail2.png,textures_pk,16384,0,0,453,0.846573
mod_wallvent1a.png,textures_pk,8192,0,0,163,1.17226
mod_wallvent1b.png,textures_pk,8192,0,0,171,1.11978
multi_tool_PNG3.png,pngimg,1440000,0,0,9699,3.47966
nails_PNG50.png,pngimg,270272,0,0,5095,1.24313
new_year_PNG37.png,pngimg,621120,0,0,1624,8.96055
news.ycombinator.com.png,screenshot_web,1921250,0,0,2431,18.5221
number8_PNG18700.png,pngimg,65536,0,0,264,5.80989
nytimes.com.png,screenshot_web,7589140,0,0,30406,5.84983
palm_tree_PNG93358.png,pngimg,161792,0,0,592,6.39922
peacock_PNG22.png,pngimg,62100,0,0,1205,1.20773
phoboslab.org.png,screenshot_web,27135771,0,0,51565,12.3338
phone_PNG48891.png,pngimg,5700955,0,0,84305,1.58491
phone_hand_PNG32.png,pngimg,1743248,0,0,5120,7.97907
pickup_truck_PNG16304.png,pngimg,2891976,0,0,31361,2.16129
picture_frame_PNG49.png,pngimg,286800,0,0,4341,1.54811
picture_frame_PNG92.png,pngimg,359400,0,0,3218,2.6172
pineapple_PNG2750.png,pngimg,6143800,0,0,127393,1.13032
pistachio_PNG47.png,pngimg,490000,0,0,4045,2.83867
pizza_PNG44037.png,pngimg,12823200,0,0,292889,1.02614
pizza_PNG7128.png,pngimg,3108900,0,0,68468,1.06421
pk01_door01_add.png,textures_pk01,131072,0,0,68,44.9827
pk01_door01_local.png,textures_pk01,131072,0,0,1291,2.37908
pk01_door01_s.png,textures_pk01,131072,0,0,2461,1.24784
pk01_door01a_d.png,textures_pk01,131072,0,0,3731,0.823221
pk01_door01b_d.png,textures_pk01,131072,0,0,3758,0.817327
pk01_floor01_local.png,textures_pk01,262144,0,0,4918,1.24922
pk01_floor01_s.png,textures_pk01,262144,0,0,6179,0.994199
pk01_floor01a_d.png,textures_pk01,262144,0,0,7529,0.816042
pk01_floor01b_d.png,textures_pk01,262144,0,0,7622,0.806081
pk01_floor02_local.png,textures_pk01,65536,0,0,1526,1.00596
pk01_floor02_s.png,textures_pk01,65536,0,0,1720,0.892935
pk01_floor02a_d.png,textures_pk01,65536,0,0,1908,0.804823
pk01_floor02b_d.png,textures_pk01,65536,0,0,1907,0.805301
pk01_gra_floor01_d.png,textures_pk01,131072,0,0,3803,0.807725
pk01_gra_floor01_local.png,textures_pk01,131072,0,0,2719,1.12981
pk01_gra_floor01_s.png,textures_pk01,131072,0,0,1968,1.5605
pk01_gra_floor02_d.png,textures_pk01,65536,0,0,1894,0.81084
pk01_gra_floor02_local.png,textures_pk01,65536,0,0,1866,0.823028
pk01_gra_floor02_s.png,textures_pk01,65536,0,0,1689,0.908978
pk01_pan_floor01_local.png,textures_pk01,65536,0,0,443,3.46713
pk01_pan_floor01_s.png,textures_pk01,65536,0,0,1203,1.27579
pk01_pan_floor01a_d.png,textures_pk01,65536,0,0,1863,0.824262
pk01_pan_floor01b_d.png,textures_pk01,65536,0,0,1859,0.825842
pk01_pan_floor02_local.png,textures_pk01,65536,0,0,1197,1.283
pk01_pan_floor02_s.png,textures_pk01,65536,0,0,1252,1.22653
pk01_pan_floor02a_d.png,textures_pk01,65536,0,0,1885,0.814851
pk01_pan_floor02b_d.png,textures_pk01,65536,0,0,1870,0.821229
pk01_pan_trim01_d.png,textures_pk01,65536,0,0,1892,0.811702
pk01_pan_trim01_local.png,textures_pk01,65536,0,0,643,2.38814
pk01_pan_trim01_s.png,textures_pk01,65536,0,0,965,1.59118
pk01_pan_wall01_d.png,textures_pk01,262144,0,0,7563,0.812271
pk01_pan_wall01_local.png,textures_pk01,262144,0,0,2231,2.75323
pk01_pan_wall02a1_d.png,textures_pk01,131072,0,0,3566,0.861346
pk01_pan_wall02a2_d.png,textures_pk01,131072,0,0,3274,0.938061
pk01_pan_wall02a_local.png,textures_pk01,131072,0,0,627,4.89676
pk01_pan_wall02a_s.png,textures_pk01,131072,0,0,2012,1.52651
pk01_pan_wall02b1_d.png,textures_pk01,131072,0,0,3507,0.875816
pk01_pan_wall02b2_d.png,textures_pk01,131072,0,0,3438,0.893478
pk01_pan_wall02b_local.png,textures_pk01,131072,0,0,809,3.79593
pk01_pan_wall02b_s.png,textures_pk01,131072,0,0,2375,1.29338
pk01_panel01_local.png,textures_pk01,131072,0,0,1034,2.96832
pk01_panel01_s.png,textures_pk01,131072,0,0,2702,1.13671
pk01_panel01a_add.png,textures_pk01,131072,0,0,358,8.57151
pk01_panel01a_d.png,textures_pk01,131072,0,0,3761,0.816654
pk01_panel01b_add.png,textures_pk01,131072,0,0,360,8.51762
pk01_panel01b_d.png,textures_pk01,131072,0,0,3793,0.809763
pk01_panel02_add.png,textures_pk01,131072,0,0,537,5.71351
pk01_panel02_d.png,textures_pk01,131072,0,0,3763,0.816172
pk01_panel02_local.png,textures_pk01,131072,0,0,1121,2.73816
pk01_panel02_s.png,textures_pk01,131072,0,0,2128,1.44322
pk01_panel02a_add.png,textures_pk01,131072,0,0,523,5.86857
pk01_panel03_local.png,textures_pk01,131072,0,0,957,3.20933
pk01_panel03_s.png,textures_pk01,131072,0,0,2214,1.38728
pk01_panel03a_add.png,textures_pk01,131072,0,0,570,5.38613
pk01_panel03a_d.png,textures_pk01,131072,0,0,3768,0.81519
pk01_panel03b_add.png,textures_pk01,131072,0,0,571,5.37809
pk01_panel03b_d.png,textures_pk01,131072,0,0,3735,0.822471
pk01_panel_small01_add.png,textures_pk01,65536,0,0,317,4.84453
pk01_panel_small01_d.png,textures_pk01,65536,0,0,1873,0.819951
pk01_panel_small01_local.png,textures_pk01,65536,0,0,476,3.22306
pk01_panel_small01_s.png,textures_pk01,65536,0,0,1105,1.38896
pk01_panel_small02_add.png,textures_pk01,65536,0,0,57,26.5884
pk01_panel_small02_d.png,textures_pk01,65536,0,0,1877,0.818228
pk01_panel_small02_local.png,textures_pk01,65536,0,0,804,1.90916
pk01_panel_small02_s.png,textures_pk01,65536,0,0,1121,1.36904
pk01_roof01_d.png,textures_pk01,262144,0,0,7598,0.808593
pk01_roof01_local.png,textures_pk01,262144,0,0,1800,3.41204
pk01_roof01_s.png,textures_pk01,262144,0,0,6766,0.908037
pk01_thin_wall01_local.png,textures_pk01,65536,0,0,954,1.60948
pk01_thin_wall01_s.png,textures_pk01,65536,0,0,1094,1.4029
pk01_thin_wall01a_d.png,textures_pk01,65536,0,0,1904,0.806308
pk01_thin_wall01b_d.png,textures_pk01,65536,0,0,1890,0.812598
pk01_thin_wall02_local.png,textures_pk01,65536,0,0,545,2.8162
pk01_thin_wall02_s.png,textures_pk01,65536,0,0,1311,1.17123
pk01_thin_wall02a_d.png,textures_pk01,65536,0,0,1902,0.807515
pk01_thin_wall02b_d.png,textures_pk01,65536,0,0,1896,0.809895
pk01_tile_floor01_local.png,textures_pk01,131072,0,0,797,3.85436
pk01_tile_floor01_s.png,textures_pk01,131072,0,0,1664,1.8458
pk01_tile_floor01a_d.png,textures_pk01,131072,0,0,3685,0.833559
pk01_tile_floor01b_d.png,textures_pk01,131072,0,0,3793,0.80982
pk01_trims01_local.png,textures_pk01,131072,0,0,1561,1.96757
pk01_trims01_s.png,textures_pk01,131072,0,0,2667,1.15166
pk01_trims01_spec.png,textures_pk01,131072,0,0,2764,1.11134
pk01_trims01a_d.png,textures_pk01,131072,0,0,3721,0.825482
pk01_trims01b_add.png,textures_pk01,131072,0,0,98,31.1283
pk01_trims01b_d.png,textures_pk01,131072,0,0,3715,0.826736
pk01_vent_wall01_local.png,textures_pk01,131072,0,0,848,3.62053
pk01_vent_wall01_s.png,textures_pk01,131072,0,0,1671,1.83748
pk01_vent_wall01a_d.png,textures_pk01,131072,0,0,3721,0.825406
pk01_vent_wall01b_d.png,textures_pk01,131072,0,0,3641,0.843671
pk01_vent_wall02_d.png,textures_pk01,131072,0,0,3790,0.810461
pk01_vent_wall02_local.png,textures_pk01,131072,0,0,1017,3.02057
pk01_vent_wall02_s.png,textures_pk01,131072,0,0,1122,2.73606
pk01_vent_wall03_d.png,textures_pk01,262144,0,0,7630,0.80517
pk01_vent_wall03_local.png,textures_pk01,262144,0,0,1661,3.69799
pk01_vent_wall03_s.png,textures_pk01,262144,0,0,2472,2.48501
pk01_wall01_d.png,textures_pk01,131072,0,0,3815,0.805046
pk01_wall01_local.png,textures_pk01,131072,0,0,1361,2.25644
pk01_wall01_s.png,textures_pk01,131072,0,0,2878,1.06734
pk01_wall02_local.png,textures_pk01,131072,0,0,1143,2.68618
pk01_wall02_s.png,textures_pk01,131072,0,0,2441,1.25844
pk01_wall02a_d.png,textures_pk01,131072,0,0,3794,0.809528
pk01_wall02b_d.png,textures_pk01,131072,0,0,3781,0.812429
pk01_wall03_local.png,textures_pk01,262144,0,0,1784,3.44369
pk01_wall03_s.png,textures_pk01,262144,0,0,5377,1.14244
pk01_wall03a_d.png,textures_pk01,262144,0,0,7584,0.810043
pk01_wall03b_d.png,textures_pk01,262144,0,0,7539,0.814935
pk01_wall04a_d.png,textures_pk01,131072,0,0,3809,0.806301
pk01_wall04a_local.png,textures_pk01,131072,0,0,1188,2.58546
pk01_wall04a_s.png,textures_pk01,131072,0,0,3164,0.970847
pk01_wall04b_d.png,textures_pk01,131072,0,0,3807,0.806856
pk01_wall04b_local.png,textures_pk01,131072,0,0,1085,2.82955
pk01_wall04b_s.png,textures_pk01,131072,0,0,2721,1.12863
pk02_ceiling02_C.png,textures_pk02,131072,0,0,3657,0.839903
pk02_ceiling02_I.png,textures_pk02,131072,0,0,518,5.91922
pk02_ceiling02_N.png,textures_pk02,131072,0,0,3420,0.898162
pk02_ceiling02_S.png,textures_pk02,131072,0,0,3471,0.884948
pk02_ceiling03_C.png,textures_pk02,262144,0,0,7566,0.81202
pk02_ceiling03_N.png,textures_pk02,262144,0,0,6607,0.929818
pk02_ceiling03_S.png,textures_pk02,262144,0,0,6538,0.939617
pk02_computer01a_C.png,textures_pk02,131072,0,0,3586,0.856601
pk02_computer01a_I.png,textures_pk02,131072,0,0,457,6.71344
pk02_computer01a_N.png,textures_pk02,131072,0,0,2611,1.17653
pk02_computer01a_S.png,textures_pk02,131072,0,0,2613,1.17526
pk02_computer01b_C.png,textures_pk02,131072,0,0,3685,0.833431
pk02_computer01b_I.png,textures_pk02,131072,0,0,387,7.92852
pk02_computer01b_N.png,textures_pk02,131072,0,0,2951,1.0408
pk02_computer01b_S.png,textures_pk02,131072,0,0,3177,0.966819
pk02_computer01c_C.png,textures_pk02,131072,0,0,3678,0.835205
pk02_computer01c_I.png,textures_pk02,131072,0,0,221,13.8392
pk02_computer01c_N.png,textures_pk02,131072,0,0,3168,0.969632
pk02_computer01c_S.png,textures_pk02,131072,0,0,3143,0.977261
pk02_dec_num00.png,textures_pk02,131072,0,0,3233,0.949969
pk02_dec_num01.png,textures_pk02,131072,0,0,3371,0.911244
pk02_dec_num02.png,textures_pk02,131072,0,0,3380,0.908656
pk02_dec_num03.png,textures_pk02,131072,0,0,3359,0.914512
pk02_dec_num04.png,textures_pk02,131072,0,0,3282,0.936
pk02_dec_num05.png,textures_pk02,131072,0,0,3312,0.927264
pk02_dec_num06.png,textures_pk02,131072,0,0,3284,0.935415
pk02_dec_num07.png,textures_pk02,131072,0,0,3409,0.900982
pk02_dec_num08.png,textures_pk02,131072,0,0,3459,0.888106
pk02_dec_num09.png,textures_pk02,131072,0,0,3135,0.979641
pk02_dec_numA.png,textures_pk02,131072,0,0,3434,0.894358
pk02_dec_numB.png,textures_pk02,131072,0,0,3379,0.909137
pk02_dec_numC.png,textures_pk02,131072,0,0,3423,0.897431
pk02_door01_C.png,textures_pk02,262144,0,0,7606,0.807733
pk02_door01_N.png,textures_pk02,262144,0,0,6312,0.973244
pk02_door01_S.png,textures_pk02,262144,0,0,7000,0.877663
pk02_door02_C.png,textures_pk02,131072,0,0,3786,0.811241
pk02_door02_N.png,textures_pk02,131072,0,0,3160,0.97202
pk02_door02_S.png,textures_pk02,131072,0,0,3465,0.886329
pk02_door03_C.png,textures_pk02,131072,0,0,3772,0.81433
pk02_door03_N.png,textures_pk02,131072,0,0,3162,0.971354
pk02_door03_S.png,textures_pk02,131072,0,0,3377,0.909616
pk02_floor01_C.png,textures_pk02,262144,0,0,7160,0.858014
pk02_floor01_N.png,textures_pk02,262144,0,0,7279,0.843991
pk02_floor01_S.png,textures_pk02,262144,0,0,6801,0.903305
pk02_floor02_C.png,textures_pk02,1048576,0,0,30441,0.807317
pk02_floor02_N.png,textures_pk02,1048576,0,0,30257,0.812217
pk02_floor02_S.png,textures_pk02,1048576,0,0,11250,2.18449
pk02_floor03_C.png,textures_pk02,65536,0,0,1761,0.872078
pk02_floor03_N.png,textures_pk02,65536,0,0,1312,1.1707
pk02_floor03_S.png,textures_pk02,65536,0,0,1233,1.24521
pk02_floor04_C.png,textures_pk02,262144,0,0,7601,0.808309
pk02_floor04_N.png,textures_pk02,262144,0,0,6673,0.920664
pk02_floor04_S.png,textures_pk02,262144,0,0,7150,0.859183
pk02_floor05_C.png,textures_pk02,262144,0,0,6902,0.890149
pk02_floor05_N.png,textures_pk02,262144,0,0,7072,0.868668
pk02_floor05_S.png,textures_pk02,262144,0,0,3794,1.61913
pk02_floor06a_C.png,textures_pk02,65536,0,0,1180,1.3016
pk02_floor06a_N.png,textures_pk02,65536,0,0,1670,0.91957
pk02_floor06a_S.png,textures_pk02,65536,0,0,868,1.76798
pk02_floor06b_C.png,textures_pk02,65536,0,0,1284,1.19569
pk02_floor07_C.png,textures_pk02,262144,0,0,6837,0.898583
pk02_floor07_N.png,textures_pk02,262144,0,0,6679,0.919814
pk02_floor07_S.png,textures_pk02,262144,0,0,3970,1.54743
pk02_floor08a_C.png,textures_pk02,262144,0,0,7324,0.83881
pk02_floor08a_N.png,textures_pk02,262144,0,0,6252,0.982713
pk02_floor08a_S.png,textures_pk02,262144,0,0,6521,0.942186
pk02_floor08b_C.png,textures_pk02,262144,0,0,7504,0.818749
pk02_floor08b_N.png,textures_pk02,262144,0,0,6302,0.974786
pk02_floor08b_S.png,textures_pk02,262144,0,0,6447,0.952875
pk02_floor09_N.png,textures_pk02,1048576,0,0,30570,0.803911
pk02_floor09_S.png,textures_pk02,1048576,0,0,26070,0.94268
pk02_floor09a_C.png,textures_pk02,1048576,0,0,29665,0.828431
pk02_floor09b_C.png,textures_pk02,1048576,0,0,30491,0.805984
pk02_floor10_C.png,textures_pk02,65536,0,0,1318,1.1646
pk02_floor10_N.png,textures_pk02,65536,0,0,1260,1.21828
pk02_floor10_S.png,textures_pk02,65536,0,0,991,1.54964
pk02_floor11_C.png,textures_pk02,65536,0,0,1913,0.802694
pk02_floor11_N.png,textures_pk02,65536,0,0,1525,1.00716
pk02_floor11_S.png,textures_pk02,65536,0,0,1811,0.84771
pk02_floor12_N.png,textures_pk02,65536,0,0,1895,0.810458
pk02_floor12_S.png,textures_pk02,65536,0,0,1854,0.828331
pk02_floor12a_C.png,textures_pk02,65536,0,0,1914,0.802174
pk02_floor12b_C.png,textures_pk02,65536,0,0,1917,0.80084
pk02_floor13_N.png,textures_pk02,65536,0,0,1914,0.802506
pk02_floor13_S.png,textures_pk02,65536,0,0,1261,1.21718
pk02_floor13a_C.png,textures_pk02,65536,0,0,1834,0.837084
pk02_floor13b_C.png,textures_pk02,65536,0,0,1876,0.818731
pk02_floor_cyl01_C.png,textures_pk02,1048576,0,0,29575,0.83096
pk02_floor_cyl01_N.png,textures_pk02,1048576,0,0,28707,0.856072
pk02_floor_cyl01_S.png,textures_pk02,1048576,0,0,16150,1.52168
pk02_floor_cyl02_C.png,textures_pk02,1048576,0,0,29468,0.833964
pk02_floor_cyl02_N.png,textures_pk02,1048576,0,0,28590,0.8596
pk02_floor_cyl02_S.png,textures_pk02,1048576,0,0,27071,0.907833
pk02_generic01_N.png,textures_pk02,262144,0,0,6116,1.00449
pk02_generic01_S.png,textures_pk02,262144,0,0,3887,1.5804
pk02_generic01a_C.png,textures_pk02,262144,0,0,6372,0.964109
pk02_generic01b_C.png,textures_pk02,262144,0,0,4200,1.46251
pk02_light01_N.png,textures_pk02,8192,0,0,162,1.17867
pk02_light01_S.png,textures_pk02,8192,0,0,186,1.02913
pk02_light01a_C.png,textures_pk02,8192,0,0,214,0.897168
pk02_light01b_C.png,textures_pk02,8192,0,0,197,0.970104
pk02_light02_C.png,textures_pk02,65536,0,0,1814,0.846288
pk02_light02_I.png,textures_pk02,65536,0,0,632,2.42727
pk02_light02_N.png,textures_pk02,65536,0,0,1674,0.917148
pk02_light02_S.png,textures_pk02,65536,0,0,1370,1.1204
pk02_light02a_C.png,textures_pk02,65536,0,0,1801,0.852762
pk02_light02b_C.png,textures_pk02,65536,0,0,1814,0.846288
pk02_light02c_C.png,textures_pk02,65536,0,0,1711,0.897313
pk02_light03_C.png,textures_pk02,65536,0,0,1864,0.823904
pk02_light03_I.png,textures_pk02,65536,0,0,445,3.44644
pk02_light03_N.png,textures_pk02,65536,0,0,1679,0.914435
pk02_light03_S.png,textures_pk02,65536,0,0,1773,0.86623
pk02_panels01a_C.png,textures_pk02,262144,0,0,7592,0.809184
pk02_panels01a_N.png,textures_pk02,262144,0,0,6742,0.911243
pk02_panels01a_S.png,textures_pk02,262144,0,0,6972,0.88121
pk02_panels01b_C.png,textures_pk02,262144,0,0,7591,0.809298
pk02_panels01b_N.png,textures_pk02,262144,0,0,6680,0.919744
pk02_panels01b_S.png,textures_pk02,262144,0,0,6999,0.877839
pk02_panels01c_C.png,textures_pk02,262144,0,0,7600,0.808326
pk02_panels01c_N.png,textures_pk02,262144,0,0,6703,0.916526
pk02_panels01c_S.png,textures_pk02,262144,0,0,7076,0.868236
pk02_pipes01_C.png,textures_pk02,262144,0,0,7145,0.859818
pk02_pipes01_I.png,textures_pk02,262144,0,0,861,7.13296
pk02_pipes01_N.png,textures_pk02,262144,0,0,7469,0.822597
pk02_pipes01_S.png,textures_pk02,262144,0,0,5294,1.16035
pk02_plates01a_C.png,textures_pk02,262144,0,0,7527,0.816176
pk02_plates01a_N.png,textures_pk02,262144,0,0,7470,0.822486
pk02_plates01a_S.png,textures_pk02,262144,0,0,6900,0.890426
pk02_plates01b_C.png,textures_pk02,262144,0,0,7561,0.812577
pk02_plates01b_N.png,textures_pk02,262144,0,0,7504,0.818749
pk02_plates01b_S.png,textures_pk02,262144,0,0,6943,0.884899
pk02_rock01_C.png,textures_pk02,1048576,0,0,30198,0.813822
pk02_rock01_N.png,textures_pk02,1048576,0,0,30593,0.803301
pk02_rock01_S.png,textures_pk02,1048576,0,0,22168,1.10862
pk02_sand01_C.png,textures_pk02,1048576,0,0,30602,0.803076
pk02_sand01_N.png,textures_pk02,1048576,0,0,30478,0.806351
pk02_sand01_S.png,textures_pk02,1048576,0,0,22208,1.10659
pk02_switches01a_C.png,textures_pk02,32768,0,0,642,1.19553
pk02_switches01a_N.png,textures_pk02,32768,0,0,337,2.27495
pk02_switches01a_S.png,textures_pk02,32768,0,0,751,1.02179
pk02_switches01b_C.png,textures_pk02,32768,0,0,820,0.93618
pk02_switches01b_I.png,textures_pk02,32768,0,0,99,7.74848
pk02_switches01b_N.png,textures_pk02,32768,0,0,397,1.93127
pk02_switches01b_S.png,textures_pk02,32768,0,0,772,0.993675
pk02_switches01c_C.png,textures_pk02,32768,0,0,866,0.886314
pk02_switches01c_I.png,textures_pk02,32768,0,0,65,11.7518
pk02_switches01c_N.png,textures_pk02,32768,0,0,254,3.01843
pk02_switches01c_S.png,textures_pk02,32768,0,0,684,1.12199
pk02_trim01_C.png,textures_pk02,65536,0,0,1901,0.807873
pk02_trim01_N.png,textures_pk02,65536,0,0,1509,1.01765
pk02_trim01_S.png,textures_pk02,65536,0,0,1902,0.807435
pk02_trim02_C.png,textures_pk02,32768,0,0,903,0.849639
pk02_trim02_N.png,textures_pk02,32768,0,0,426,1.80202
pk02_trim02_S.png,textures_pk02,32768,0,0,804,0.954874
pk02_trim03_C.png,textures_pk02,262144,0,0,7531,0.815785
pk02_trim03_N.png,textures_pk02,262144,0,0,6688,0.918572
pk02_trim03_S.png,textures_pk02,262144,0,0,6967,0.881748
pk02_trim04a_C.png,textures_pk02,8192,0,0,233,0.821257
pk02_trim04a_N.png,textures_pk02,8192,0,0,170,1.12586
pk02_trim04a_S.png,textures_pk02,8192,0,0,187,1.02425
pk02_trim04b_C.png,textures_pk02,8192,0,0,181,1.0606
pk02_trim04b_N.png,textures_pk02,8192,0,0,192,0.99798
pk02_trim04b_S.png,textures_pk02,8192,0,0,116,1.6447
pk02_trim_set01_N.png,textures_pk02,262144,0,0,6122,1.00359
pk02_trim_set01_S.png,textures_pk02,262144,0,0,6637,0.925705
pk02_trim_set01a_C.png,textures_pk02,262144,0,0,7353,0.835489
pk02_trim_set01b_C.png,textures_pk02,262144,0,0,7616,0.806689
pk02_trim_set02_N.png,textures_pk02,262144,0,0,6121,1.00369
pk02_trim_set02_S.png,textures_pk02,262144,0,0,6589,0.93242
pk02_trim_set02a_C.png,textures_pk02,262144,0,0,6717,0.914654
pk02_trim_set02b_C.png,textures_pk02,262144,0,0,7523,0.816651
pk02_wall01_C.png,textures_pk02,262144,0,0,7552,0.813453
pk02_wall01_N.png,textures_pk02,262144,0,0,6829,0.899633
pk02_wall01_S.png,textures_pk02,262144,0,0,7200,0.853248
pk02_wall02a_C.png,textures_pk02,262144,0,0,7523,0.816625
pk02_wall02a_I.png,textures_pk02,262144,0,0,151,40.4593
pk02_wall02a_N.png,textures_pk02,262144,0,0,6861,0.895421
pk02_wall02a_S.png,textures_pk02,262144,0,0,7085,0.867085
pk02_wall02b_C.png,textures_pk02,262144,0,0,7516,0.817377
pk02_wall02b_I.png,textures_pk02,262144,0,0,107,57.4096
pk02_wall02b_N.png,textures_pk02,262144,0,0,6851,0.89676
pk02_wall02b_S.png,textures_pk02,262144,0,0,7096,0.865779
pk02_wall02c_C.png,textures_pk02,262144,0,0,7487,0.820622
pk02_wall02c_I.png,textures_pk02,262144,0,0,46,133.265
pk02_wall02c_N.png,textures_pk02,262144,0,0,6867,0.894677
pk02_wall02c_S.png,textures_pk02,262144,0,0,7021,0.875079
pk02_wall03a_C.png,textures_pk02,524288,0,0,15199,0.808467
pk02_wall03a_N.png,textures_pk02,524288,0,0,12770,0.962235
pk02_wall03a_S.png,textures_pk02,524288,0,0,14480,0.848583
pk02_wall03b_C.png,textures_pk02,524288,0,0,15083,0.814687
pk02_wall03b_N.png,textures_pk02,524288,0,0,12744,0.964179
pk02_wall03b_S.png,textures_pk02,524288,0,0,14406,0.852924
pk02_wall04a_C.png,textures_pk02,262144,0,0,7575,0.811032
pk02_wall04a_N.png,textures_pk02,262144,0,0,6505,0.944436
pk02_wall04a_S.png,textures_pk02,262144,0,0,7123,0.862529
pk02_wall04b_C.png,textures_pk02,262144,0,0,7609,0.807453
pk02_wall04b_N.png,textures_pk02,262144,0,0,6626,0.927162
pk02_wall04b_S.png,textures_pk02,262144,0,0,7165,0.85747
pk02_wall05a_C.png,textures_pk02,262144,0,0,7632,0.804934
pk02_wall05a_N.png,textures_pk02,262144,0,0,6619,0.928228
pk02_wall05a_S.png,textures_pk02,262144,0,0,7087,0.86684
pk02_wall05b_C.png,textures_pk02,262144,0,0,7633,0.804892
pk02_wall05b_N.png,textures_pk02,262144,0,0,6840,0.898132
pk02_wall05b_S.png,textures_pk02,262144,0,0,6746,0.910685
pk02_wall05c_C.png,textures_pk02,262144,0,0,7647,0.803435
pk02_wall05c_N.png,textures_pk02,262144,0,0,7006,0.876935
pk02_wall05c_S.png,textures_pk02,262144,0,0,7152,0.858982
pk02_wall06a_C.png,textures_pk02,262144,0,0,7544,0.814361
pk02_wall06a_N.png,textures_pk02,262144,0,0,6407,0.958812
pk02_wall06a_S.png,textures_pk02,262144,0,0,6959,0.882879
pk02_wall06b_C.png,textures_pk02,262144,0,0,7572,0.811356
pk02_wall06b_N.png,textures_pk02,262144,0,0,6248,0.983351
pk02_wall06b_S.png,textures_pk02,262144,0,0,6688,0.918531
pk02_wall07a_C.png,textures_pk02,262144,0,0,7544,0.814399
pk02_wall07a_N.png,textures_pk02,262144,0,0,6378,0.963181
pk02_wall07a_S.png,textures_pk02,262144,0,0,6668,0.921366
pk02_wall07b_C.png,textures_pk02,262144,0,0,7545,0.814208
pk02_wall07b_N.png,textures_pk02,262144,0,0,6380,0.962949
pk02_wall07b_S.png,textures_pk02,262144,0,0,6695,0.917656
pk02_wall08_N.png,textures_pk02,524288,0,0,12720,0.965998
pk02_wall08_S.png,textures_pk02,524288,0,0,12362,0.993958
pk02_wall08a_C.png,textures_pk02,524288,0,0,13839,0.887884
pk02_wall08b_C.png,textures_pk02,524288,0,0,14296,0.859516
pk02_wall_big01a_C.png,textures_pk02,1048576,0,0,27628,0.889516
pk02_wall_big01a_N.png,textures_pk02,1048576,0,0,27028,0.909248
pk02_wall_big01a_S.png,textures_pk02,1048576,0,0,26773,0.917935
pk02_wall_big01b_C.png,textures_pk02,1048576,0,0,28368,0.866323
pk02_wall_big01b_N.png,textures_pk02,1048576,0,0,20300,1.21061
pk02_wall_big01b_S.png,textures_pk02,1048576,0,0,27933,0.879804
pk02_wall_big02a_C.png,textures_pk02,1048576,0,0,30248,0.812472
pk02_wall_big02a_N.png,textures_pk02,1048576,0,0,28968,0.848374
pk02_wall_big02a_S.png,textures_pk02,1048576,0,0,26648,0.922215
pk02_wall_big02b_C.png,textures_pk02,1048576,0,0,29646,0.828967
pk02_wall_big02b_N.png,textures_pk02,1048576,0,0,29056,0.845786
pk02_wall_big02b_S.png,textures_pk02,1048576,0,0,24435,1.00574
pk_chcobb1a.png,textures_pk,65536,0,0,1828,0.83993
pk_chcobb1b.png,textures_pk,65536,0,0,1808,0.84937
pk_chcobb2a.png,textures_pk,65536,0,0,1824,0.841847
pk_chcobb2b.png,textures_pk,65536,0,0,1810,0.848275
pk_chcobb2c.png,textures_pk,65536,0,0,1802,0.852003
pk_chcobb2d.png,textures_pk,65536,0,0,1807,0.849706
pk_chcobb3a.png,textures_pk,65536,0,0,1815,0.846122
pk_chcobb3b.png,textures_pk,65536,0,0,1836,0.836372
pk_chcobb3c.png,textures_pk,65536,0,0,1829,0.839701
pk_chcomcar1a.png,textures_pk,65536,0,0,1871,0.820617
pk_chcomcar1b.png,textures_pk,65536,0,0,1875,0.818966
pk_chcomcar1c.png,textures_pk,65536,0,0,1868,0.821843
pk_chcomcar1d.png,textures_pk,65536,0,0,1868,0.82204
pk_chcomcar2.png,textures_pk,65536,0,0,1917,0.801093
pk_chcomwood1a.png,textures_pk,16384,0,0,455,0.842199
pk_chcomwood1b.png,textures_pk,16384,0,0,453,0.846857
pk_chcomwood2a.png,textures_pk,16384,0,0,457,0.840105
pk_chcomwood2b.png,textures_pk,16384,0,0,458,0.837694
pk_chcomwood3a.png,textures_pk,65536,0,0,1756,0.874572
pk_chcomwood3b.png,textures_pk,65536,0,0,1799,0.85358
pk_chcomwood3c.png,textures_pk,65536,0,0,1752,0.876377
pk_chconcrete1a.png,textures_pk,65536,0,0,1873,0.819647
pk_chconcrete1b.png,textures_pk,65536,0,0,1871,0.82057
pk_chconcrete1c.png,textures_pk,65536,0,0,1874,0.819509
pk_chcrowall1a.png,textures_pk,65536,0,0,1859,0.825817
pk_chcrowall1b.png,textures_pk,65536,0,0,1834,0.837183
pk_chcrowall1c.png,textures_pk,65536,0,0,1852,0.829173
pk_chcrowall1d.png,textures_pk,65536,0,0,1808,0.849196
pk_chcrowall1e.png,textures_pk,65536,0,0,1839,0.835213
pk_chcrowall1g.png,textures_pk,65536,0,0,1785,0.860049
pk_chcrowall1h.png,textures_pk,65536,0,0,1812,0.847466
pk_chgrass1.png,textures_pk,65536,0,0,1866,0.822958
pk_chindoor1.png,textures_pk,8192,0,0,228,0.841979
pk_chinflc1a.png,textures_pk,16384,0,0,449,0.853841
pk_chinflc1b.png,textures_pk,32768,0,0,895,0.857266
pk_chinflc2a.png,textures_pk,32768,0,0,894,0.858485
pk_chinflc2b.png,textures_pk,32768,0,0,895,0.857347
pk_chinflc2c.png,textures_pk,32768,0,0,896,0.856219
pk_chinflc2d.png,textures_pk,32768,0,0,894,0.858738
pk_chinflw1a.png,textures_pk,65536,0,0,1678,0.915223
pk_chinflw1b.png,textures_pk,65536,0,0,1705,0.900551
pk_chinflw2a.png,textures_pk,65536,0,0,1825,0.841298
pk_chinflw2b.png,textures_pk,65536,0,0,1845,0.832198
pk_chinflw2c.png,textures_pk,65536,0,0,1832,0.838415
pk_chinflw3a.png,textures_pk,65536,0,0,1745,0.879842
pk_chinflw3b.png,textures_pk,65536,0,0,1736,0.884761
pk_chinflw3c.png,textures_pk,65536,0,0,1763,0.870922
pk_chinflw3d.png,textures_pk,65536,0,0,1756,0.874426
pk_chinhobeam1a.png,textures_pk,2048,0,0,53,0.899396
pk_chinhobeam1b.png,textures_pk,2048,0,0,54,0.885877
pk_chinhobeam2a.png,textures_pk,2048,0,0,54,0.877714
pk_chinhobeam2b.png,textures_pk,2048,0,0,54,0.884538
pk_chinpillow1a.png,textures_pk,4096,0,0,107,0.896092
pk_chinpillow1b.png,textures_pk,4096,0,0,105,0.907056
pk_chinpillow2a.png,textures_pk,16384,0,0,218,1.76104
pk_chinpillow2b.png,textures_pk,16384,0,0,199,1.92847
pk_chinpillow2c.png,textures_pk,16384,0,0,205,1.86588
pk_chinroof1a.png,textures_pk,16384,0,0,449,0.853446
pk_chinroof1b.png,textures_pk,16384,0,0,447,0.858168
pk_chinroof1c1.png,textures_pk,16384,0,0,437,0.87746
pk_chinroof1c2.png,textures_pk,16384,0,0,443,0.866645
pk_chinroof1d1.png,textures_pk,16384,0,0,441,0.869082
pk_chinroof1d2.png,textures_pk,16384,0,0,443,0.866468
pk_chinroof1e1.png,textures_pk,16384,0,0,450,0.852492
pk_chinroof1e2.png,textures_pk,16384,0,0,452,0.849513
pk_chinshad1a.png,textures_pk,65536,0,0,1342,1.14433
pk_chinshad1b.png,textures_pk,65536,0,0,1371,1.12031
pk_chinshad1c.png,textures_pk,65536,0,0,1398,1.09852
pk_chintable1l.png,textures_pk,4096,0,0,105,0.91208
pk_chintable1s.png,textures_pk,2048,0,0,53,0.89278
pk_chintable1t.png,textures_pk,32768,0,0,638,1.20303
pk_chinvebeam1a.png,textures_pk,2048,0,0,57,0.835038
pk_chinvebeam1b.png,textures_pk,2048,0,0,57,0.834698
pk_chinvebeam2a.png,textures_pk,2048,0,0,56,0.849455
pk_chinvebeam2b.png,textures_pk,2048,0,0,55,0.863649
pk_chinvebeam3a.png,textures_pk,2048,0,0,55,0.866069
pk_chinvebeam3b.png,textures_pk,2048,0,0,52,0.915529
pk_chinvebeam3c.png,textures_pk,2048,0,0,52,0.909683
pk_chinvebeam4.png,textures_pk,4096,0,0,105,0.911725
pk_chinwall1.png,textures_pk,16384,0,0,371,1.03228
pk_chinwall2a.png,textures_pk,65536,0,0,1729,0.888374
pk_chinwall2b.png,textures_pk,65536,0,0,1647,0.93242
pk_chinwall2c.png,textures_pk,65536,0,0,1711,0.897216
pk_chinwall2d.png,textures_pk,65536,0,0,1696,0.905417
pk_chinwall2e.png,textures_pk,65536,0,0,1698,0.904566
pk_chinwall2f.png,textures_pk,65536,0,0,1646,0.932972
pk_chinwall2g.png,textures_pk,65536,0,0,1642,0.935035
pk_chinwall2h.png,textures_pk,65536,0,0,1645,0.93349
pk_chinwall2i.png,textures_pk,65536,0,0,1654,0.92842
pk_chinwall2j.png,textures_pk,65536,0,0,1643,0.934727
pk_chinwall2k.png,textures_pk,65536,0,0,1647,0.932338
pk_chinwall2l.png,textures_pk,65536,0,0,1645,0.933196
pk_chinwall3a.png,textures_pk,65536,0,0,1561,0.983945
pk_chinwall3b.png,textures_pk,65536,0,0,1583,0.969972
pk_chinwall3c.png,textures_pk,65536,0,0,1551,0.990266
pk_chinwall3d.png,textures_pk,65536,0,0,1583,0.970272
pk_chinwall4a.png,textures_pk,65536,0,0,1747,0.878959
pk_chinwall4b.png,textures_pk,65536,0,0,1743,0.881143
pk_chinwall5.png,textures_pk,65536,0,0,1738,0.883478
pk_chinwpaper1a.png,textures_pk,16384,0,0,439,0.873978
pk_chinwpaper1b.png,textures_pk,16384,0,0,449,0.854091
pk_chlightswitch1.png,textures_pk,512,0,0,13,0.923008
pk_chmarb1a.png,textures_pk,16384,0,0,453,0.846512
pk_chmarb1b.png,textures_pk,16384,0,0,456,0.841383
pk_chmetal1a.png,textures_pk,32768,0,0,910,0.843274
pk_chmetal1b.png,textures_pk,32768,0,0,899,0.854004
pk_chmud1.png,textures_pk,65536,0,0,1842,0.833867
pk_chogroset1a.png,textures_pk,65536,0,0,1861,0.825338
pk_chogroset1b.png,textures_pk,65536,0,0,1757,0.873898
pk_chogroset1c.png,textures_pk,65536,0,0,1704,0.901404
pk_chouttil1a.png,textures_pk,65536,0,0,1793,0.85661
pk_chouttil1b.png,textures_pk,65536,0,0,1795,0.855528
pk_chpipe1a.png,textures_pk,16384,0,0,404,0.949916
pk_chpipe1b.png,textures_pk,16384,0,0,413,0.929485
pk_chrock1.png,textures_pk,65536,0,0,1836,0.836531
pk_chroofs1a.png,textures_pk,8192,0,0,214,0.895733
pk_chroofs1b.png,textures_pk,8192,0,0,216,0.887569
pk_chroofs1c.png,textures_pk,8192,0,0,208,0.921956
pk_chrooft1a.png,textures_pk,65536,0,0,1728,0.888755
pk_chrooft1b.png,textures_pk,65536,0,0,1728,0.888755
pk_chrooft1c.png,textures_pk,65536,0,0,1728,0.888746
pk_chtrim1.png,textures_pk,16384,0,0,433,0.885283
pk_chvertbeam1.png,textures_pk,8192,0,0,218,0.878974
pk_chwall2.png,textures_pk,65536,0,0,1760,0.872341
pk_chwall3.png,textures_pk,65536,0,0,1688,0.909451
pk_chwallr1a.png,textures_pk,65536,0,0,1817,0.844934
pk_chwallr1b.png,textures_pk,65536,0,0,1690,0.908551
pk_chwoodwall1a.png,textures_pk,65536,0,0,1727,0.889343
pk_chwoodwall1b.png,textures_pk,65536,0,0,1727,0.889343
pk_conbuild01a.png,textures_pk,65536,0,0,1798,0.85408
pk_conbuild01b.png,textures_pk,65536,0,0,1728,0.888531
pk_conbuild01c.png,textures_pk,65536,0,0,1730,0.887352
pk_conbuild01d.png,textures_pk,65536,0,0,1693,0.907122
pk_concrete01a.png,textures_pk,65536,0,0,1846,0.831673
pk_concrete01b.png,textures_pk,65536,0,0,1825,0.841354
pk_concrete02a.png,textures_pk,65536,0,0,1852,0.829157
pk_concrete02b.png,textures_pk,65536,0,0,1827,0.840592
pk_concrete03.png,textures_pk,65536,0,0,1838,0.835318
pk_concrete04.png,textures_pk,65536,0,0,1845,0.832431
pk_concrete05.png,textures_pk,65536,0,0,1877,0.818164
pk_concrete06.png,textures_pk,65536,0,0,1863,0.824437
pk_hlrmud1a.png,textures_pk,65536,0,0,1860,0.825431
pk_hlrmud1b.png,textures_pk,65536,0,0,1818,0.84472
pk_hlrmud1c.png,textures_pk,65536,0,0,1815,0.845978
pk_hlrmud2.png,textures_pk,65536,0,0,1861,0.825321
pk_hlrmud3.png,textures_pk,65536,0,0,1833,0.837697
pk_hlrmudd.png,textures_pk,65536,0,0,1819,0.844357
pk_hlrroad1a.png,textures_pk,65536,0,0,1793,0.856335
pk_hlrroad1b.png,textures_pk,65536,0,0,1794,0.855791
pk_hlrroad1c.png,textures_pk,65536,0,0,1806,0.850497
pk_hlrroad1d.png,textures_pk,65536,0,0,1826,0.841044
pk_hlrroad1e.png,textures_pk,65536,0,0,1801,0.852665
pk_metalpipe01a.png,textures_pk,65536,0,0,1673,0.917627
pk_metalpipe01b.png,textures_pk,65536,0,0,1671,0.91918
pke_tuwall01a.png,textures_pk,65536,0,0,1755,0.874891
pke_tuwall01b.png,textures_pk,65536,0,0,1711,0.897238
pke_tuwall01c.png,textures_pk,65536,0,0,1689,0.909134
pke_tuwall01d.png,textures_pk,65536,0,0,1730,0.887736
pke_tuwall01e.png,textures_pk,65536,0,0,1672,0.918163
pke_tuwall01f.png,textures_pk,65536,0,0,1667,0.920995
pkev_ciwall_1a.png,textures_pk,262144,0,0,7661,0.801889
pkf_bark1.png,textures_pk,8192,0,0,233,0.820917
pkf_bark2.png,textures_pk,16384,0,0,464,0.826657
pkf_box1a.png,textures_pk,6400,0,0,171,0.872341
pkf_box1b.png,textures_pk,6400,0,0,170,0.878523
pkf_box2a.png,textures_pk,6400,0,0,159,0.94295
pkf_box2b.png,textures_pk,6400,0,0,106,1.41247
pkf_box3a.png,textures_pk,6400,0,0,171,0.872608
pkf_box3b.png,textures_pk,6400,0,0,170,0.879066
pkf_brush1a.png,textures_pk,8192,0,0,231,0.828849
pkf_brush1b.png,textures_pk,8192,0,0,231,0.828849
pkf_concrete1.png,textures_pk,65536,0,0,1845,0.832513
pkf_concrete2.png,textures_pk,65536,0,0,1850,0.830019
pkf_concrete3.png,textures_pk,65536,0,0,1815,0.846096
pkf_concrete4.png,textures_pk,65536,0,0,1845,0.832179
pkf_concrete5a.png,textures_pk,65536,0,0,1865,0.823539
pkf_concrete5b.png,textures_pk,65536,0,0,1851,0.829641
pkf_containr1a.png,textures_pk,32768,0,0,816,0.940512
pkf_containr1b.png,textures_pk,16384,0,0,383,1.00046
pkf_containr1c.png,textures_pk,32768,0,0,820,0.936367
pkf_containr2a.png,textures_pk,32768,0,0,802,0.956857
pkf_containr2b.png,textures_pk,16384,0,0,364,1.05452
pkf_containr2c.png,textures_pk,32768,0,0,805,0.953481
pkf_containr3a.png,textures_pk,32768,0,0,808,0.949523
pkf_containr3b.png,textures_pk,16384,0,0,379,1.01272
pkf_containr3c.png,textures_pk,32768,0,0,812,0.945803
pkf_creds.png,textures_pk,16384,0,0,349,1.09989
pkf_door1a.png,textures_pk,7168,0,0,150,1.11363
pkf_door1b.png,textures_pk,7168,0,0,148,1.12805
pkf_door2a.png,textures_pk,8192,0,0,210,0.911378
pkf_door2b.png,textures_pk,8192,0,0,209,0.914915
pkf_door3a.png,textures_pk,8192,0,0,210,0.913729
pkf_door3b.png,textures_pk,8192,0,0,204,0.936849
pkf_door4a.png,textures_pk,8192,0,0,212,0.904998
pkf_door4b.png,textures_pk,8192,0,0,209,0.917528
pkf_door5.png,textures_pk,8192,0,0,213,0.898188
pkf_facility1a.png,textures_pk,65536,0,0,1810,0.848448
pkf_facility1b.png,textures_pk,65536,0,0,1770,0.867566
pkf_facility1c.png,textures_pk,65536,0,0,1766,0.869469
pkf_facility1d.png,textures_pk,65536,0,0,1693,0.906736
pkf_facility1e.png,textures_pk,65536,0,0,1659,0.925474
pkf_facility1f.png,textures_pk,65536,0,0,1650,0.930414
pkf_facility2a.png,textures_pk,65536,0,0,1694,0.906335
pkf_facility2b.png,textures_pk,65536,0,0,1662,0.92369
pkf_facility2c.png,textures_pk,65536,0,0,1655,0.927548
pkf_facility2d.png,textures_pk,65536,0,0,1619,0.948305
pkf_facility2e.png,textures_pk,65536,0,0,1593,0.963888
pkf_facility2f.png,textures_pk,65536,0,0,1587,0.967629
pkf_grass1.png,textures_pk,65536,0,0,1867,0.822493
pkf_grassmud1a.png,textures_pk,65536,0,0,1794,0.855887
pkf_grassmud1b.png,textures_pk,65536,0,0,1798,0.854078
pkf_infloor1a.png,textures_pk,16384,0,0,471,0.814356
pkf_infloor1b.png,textures_pk,16384,0,0,468,0.818895
pkf_inroof1a.png,textures_pk,16384,0,0,387,0.990376
pkf_inroof1b.png,textures_pk,16384,0,0,421,0.910262
pkf_inwall1a.png,textures_pk,16384,0,0,447,0.858258
pkf_inwall1b.png,textures_pk,16384,0,0,437,0.878701
pkf_inwall1c.png,textures_pk,16384,0,0,442,0.867351
pkf_inwall1d.png,textures_pk,16384,0,0,433,0.886732
pkf_inwall2.png,textures_pk,16384,0,0,413,0.928057
pkf_inwall2b.png,textures_pk,16384,0,0,440,0.871671
pkf_inwall3a.png,textures_pk,16384,0,0,413,0.928333
pkf_inwall3b.png,textures_pk,16384,0,0,399,0.961752
pkf_inwall3c.png,textures_pk,16384,0,0,393,0.975066
pkf_inwall3d.png,textures_pk,16384,0,0,377,1.01614
pkf_light1a.png,textures_pk,1024,0,0,22,1.04976
pkf_light1b.png,textures_pk,1024,0,0,24,0.972845
pkf_light2a.png,textures_pk,4096,0,0,51,1.84622
pkf_light2b.png,textures_pk,4096,0,0,70,1.35502
pkf_metall1a.png,textures_pk,16384,0,0,466,0.823893
pkf_metall1b.png,textures_pk,16384,0,0,454,0.844739
pkf_metaltrim1.png,textures_pk,8192,0,0,213,0.897573
pkf_metaltrim1b.png,textures_pk,8192,0,0,214,0.895268
pkf_mud1.png,textures_pk,65536,0,0,1820,0.843612
pkf_mud2.png,textures_pk,65536,0,0,1820,0.843612
pkf_outdoor1a.png,textures_pk,7168,0,0,168,0.994836
pkf_outdoor1b.png,textures_pk,7168,0,0,167,1.00126
pkf_planks1a.png,textures_pk,65536,0,0,1779,0.863212
pkf_planks1b.png,textures_pk,65536,0,0,1779,0.863148
pkf_road1a.png,textures_pk,65536,0,0,1810,0.848346
pkf_road1b.png,textures_pk,65536,0,0,1808,0.849392
pkf_road2a.png,textures_pk,65536,0,0,1827,0.84044
pkf_road2b.png,textures_pk,65536,0,0,1828,0.840196
pkf_roadsign1.png,textures_pk,1024,0,0,27,0.871613
pkf_roadsign2.png,textures_pk,1024,0,0,27,0.885941
pkf_roadsign3.png,textures_pk,1024,0,0,26,0.894844
pkf_roadsign4.png,textures_pk,1024,0,0,27,0.885079
pkf_roof1a.png,textures_pk,16384,0,0,441,0.869526
pkf_roof1b.png,textures_pk,16384,0,0,438,0.876609
pkf_roof1c.png,textures_pk,16384,0,0,435,0.882576
pkf_roof2a.png,textures_pk,65536,0,0,1718,0.893848
pkf_roof2b.png,textures_pk,65536,0,0,1682,0.912963
pkf_roof2c.png,textures_pk,65536,0,0,1741,0.881793
pkf_roof3a.png,textures_pk,65536,0,0,1476,1.04062
pkf_roof3b.png,textures_pk,65536,0,0,1522,1.00906
pkf_roofside1.png,textures_pk,2048,0,0,55,0.869378
pkf_shopwall1a.png,textures_pk,65536,0,0,1737,0.884169
pkf_shopwall1b.png,textures_pk,65536,0,0,1565,0.981123
pkf_shopwall1c.png,textures_pk,65536,0,0,1466,1.04749
pkf_shopwall1d.png,textures_pk,65536,0,0,1492,1.02887
pkf_shopwall1e.png,textures_pk,65536,0,0,1520,1.01026
pkf_shopwall1f.png,textures_pk,65536,0,0,1625,0.944773
pkf_shopwall1g.png,textures_pk,65536,0,0,1622,0.946769
pkf_shopwall1h.png,textures_pk,65536,0,0,1557,0.986198
pkf_shopwin1a.png,textures_pk,16384,0,0,423,0.906755
pkf_shopwin1b.png,textures_pk,16384,0,0,409,0.938396
pkf_sign1.png,textures_pk,32768,0,0,854,0.89857
pkf_sign2.png,textures_pk,16384,0,0,374,1.02423
pkf_sign3.png,textures_pk,8192,0,0,211,0.90904
pkf_sign4.png,textures_pk,16384,0,0,413,0.928235
pkf_sign5.png,textures_pk,8192,0,0,226,0.84796
pkf_sign6.png,textures_pk,8192,0,0,207,0.926675
pkf_sign7.png,textures_pk,16384,0,0,400,0.958243
pkf_sign8a.png,textures_pk,32768,0,0,94,8.11374
pkf_sign8b.png,textures_pk,32768,0,0,98,7.81245
pkf_sign8c.png,textures_pk,32768,0,0,878,0.874683
pkf_tiles1a.png,textures_pk,65536,0,0,1795,0.855565
pkf_tiles1b.png,textures_pk,65536,0,0,1815,0.846007
pkf_tiles2a.png,textures_pk,65536,0,0,1779,0.863087
pkf_tiles2b.png,textures_pk,65536,0,0,1700,0.90343
pkf_tiles2c.png,textures_pk,65536,0,0,1693,0.906886
pkf_tilewall1a.png,textures_pk,65536,0,0,1738,0.883513
pkf_tilewall1a2.png,textures_pk,65536,0,0,1801,0.852576
pkf_tilewall1b.png,textures_pk,65536,0,0,1663,0.923527
pkf_tilewall1c.png,textures_pk,65536,0,0,1620,0.948116
pkf_tilewall1d.png,textures_pk,65536,0,0,1560,0.984019
pkf_tilewall1d2.png,textures_pk,65536,0,0,1593,0.963726
pkf_tilewall1e.png,textures_pk,65536,0,0,1536,0.999414
pkf_tilewall1e2.png,textures_pk,65536,0,0,1573,0.976197
pkf_tilewall1f.png,textures_pk,65536,0,0,1579,0.972579
pkf_tilewall1f2.png,textures_pk,65536,0,0,1611,0.953005
pkf_tilewall1g.png,textures_pk,65536,0,0,1525,1.00666
pkf_tilewall1g2.png,textures_pk,65536,0,0,1565,0.981255
pkf_trashcan1a.png,textures_pk,2048,0,0,56,0.845771
pkf_trashcan1b.png,textures_pk,1024,0,0,28,0.853719
pkf_trim1a.png,textures_pk,4096,0,0,113,0.842827
pkf_trim1b.png,textures_pk,4096,0,0,113,0.842827
pkf_trimpavemen.png,textures_pk,2048,0,0,56,0.850248
pkf_vent1a.png,textures_pk,3072,0,0,82,0.873141
pkf_vent1b.png,textures_pk,3072,0,0,81,0.880744
pkf_wall1a.png,textures_pk,65536,0,0,1743,0.880901
pkf_wall1b.png,textures_pk,65536,0,0,1699,0.903757
pkf_wall1c.png,textures_pk,32768,0,0,851,0.902188
pkf_wall1d.png,textures_pk,32768,0,0,836,0.917785
pkf_wall1e.png,textures_pk,65536,0,0,1662,0.92417
pkf_wall1f.png,textures_pk,65536,0,0,1618,0.949148
pkf_wall1g.png,textures_pk,32768,0,0,771,0.995222
pkf_wall1h.png,textures_pk,32768,0,0,756,1.0149
pkf_wall1i.png,textures_pk,65536,0,0,1625,0.944893
pkf_wall1j.png,textures_pk,65536,0,0,1581,0.97105
pkf_wall1k.png,textures_pk,65536,0,0,1677,0.915733
pkf_wall1l.png,textures_pk,65536,0,0,1632,0.940797
pkf_wall1m.png,textures_pk,65536,0,0,1611,0.953338
pkf_wall1n.png,textures_pk,65536,0,0,1561,0.983406
pkf_wall2a.png,textures_pk,65536,0,0,1738,0.883339
pkf_wall2b.png,textures_pk,65536,0,0,1676,0.916375
pkf_wall2c.png,textures_pk,65536,0,0,1655,0.92786
pkf_wall2d.png,textures_pk,65536,0,0,1649,0.931452
pkf_wall2e.png,textures_pk,65536,0,0,1619,0.948221
pkf_wall2f.png,textures_pk,65536,0,0,1662,0.923861
pkf_wall2g.png,textures_pk,65536,0,0,1585,0.96851
pkf_wall2h.png,textures_pk,65536,0,0,1569,0.978539
pkf_wall3a.png,textures_pk,65536,0,0,1759,0.873027
pkf_wall3b.png,textures_pk,65536,0,0,1695,0.905932
pkf_wall3c.png,textures_pk,65536,0,0,1680,0.914074
pkf_wall3d.png,textures_pk,65536,0,0,1648,0.931939
pkf_wall3e.png,textures_pk,32768,0,0,881,0.871493
pkf_wall3f.png,textures_pk,32768,0,0,858,0.894434
pkf_wall3g.png,textures_pk,32768,0,0,845,0.908406
pkf_wall3h.png,textures_pk,65536,0,0,1718,0.893898
pkf_wall3i.png,textures_pk,65536,0,0,1634,0.939853
pkf_wall3j.png,textures_pk,65536,0,0,1620,0.947945
pkf_wall4a.png,textures_pk,65536,0,0,1730,0.887597
pkf_wall4b.png,textures_pk,65536,0,0,1686,0.910871
pkf_wall4c.png,textures_pk,65536,0,0,1632,0.940611
pkf_wall4d.png,textures_pk,65536,0,0,1593,0.963829
pkf_wall4e.png,textures_pk,65536,0,0,1565,0.981242
pkf_wall4f.png,textures_pk,65536,0,0,1508,1.01813
pkf_wall4g.png,textures_pk,65536,0,0,1503,1.02138
pkf_wall4h.png,textures_pk,65536,0,0,1501,1.02328
pkf_wall4i.png,textures_pk,65536,0,0,1519,1.01103
pkf_wall4j.png,textures_pk,65536,0,0,1681,0.913506
pkf_wall4k.png,textures_pk,65536,0,0,1639,0.937059
pkf_wall4l.png,textures_pk,65536,0,0,1503,1.02151
pkf_wall4m.png,textures_pk,65536,0,0,1525,1.00681
pkf_wall4n.png,textures_pk,65536,0,0,1605,0.956608
pkf_wall4o.png,textures_pk,65536,0,0,1660,0.925088
pkf_wall4p.png,textures_pk,65536,0,0,1620,0.947641
pkf_wall4q.png,textures_pk,65536,0,0,1599,0.960527
pkf_wall4r.png,textures_pk,65536,0,0,1561,0.983781
pkf_wall5a.png,textures_pk,65536,0,0,1690,0.908716
pkf_wall5b.png,textures_pk,65536,0,0,1635,0.939366
pkf_wall5c.png,textures_pk,65536,0,0,1562,0.983331
pkf_wall5d.png,textures_pk,65536,0,0,1536,0.999358
pkf_wall5e.png,textures_pk,65536,0,0,1512,1.01572
pkf_wall5f.png,textures_pk,65536,0,0,1472,1.04334
pkf_wall5g.png,textures_pk,65536,0,0,1455,1.05542
pkf_wall5h.png,textures_pk,65536,0,0,1437,1.06874
pkf_wall5i.png,textures_pk,65536,0,0,1440,1.06641
pkf_wall6a.png,textures_pk,65536,0,0,1554,0.988058
pkf_wall6b.png,textures_pk,65536,0,0,1494,1.02783
pkf_wall6c.png,textures_pk,65536,0,0,1496,1.02639
pkf_wall6d.png,textures_pk,65536,0,0,1496,1.02648
pkf_wall6e.png,textures_pk,65536,0,0,1465,1.04844
pkf_wall6f.png,textures_pk,65536,0,0,1447,1.06095
pkf_wall7a.png,textures_pk,65536,0,0,1662,0.923998
pkf_wall7b.png,textures_pk,65536,0,0,1587,0.967438
pkf_wall7c.png,textures_pk,65536,0,0,1530,1.00385
pkf_wall7d.png,textures_pk,65536,0,0,1538,0.998561
pkf_wall7e.png,textures_pk,65536,0,0,1501,1.02331
pkf_wall7f.png,textures_pk,65536,0,0,1511,1.01653
pkf_window1a.png,textures_pk,2048,0,0,44,1.0734
pkf_window1b.png,textures_pk,2048,0,0,52,0.918351
pkf_window2a.png,textures_pk,2048,0,0,49,0.963274
pkf_window2b.png,textures_pk,2048,0,0,51,0.93823
pkf_woodfloor1.png,textures_pk,65536,0,0,1842,0.833623
pkf_woodtrim1a.png,textures_pk,8192,0,0,228,0.839907
pkf_woodtrim1b.png,textures_pk,8192,0,0,224,0.854093
pkground1a.png,textures_pk,262144,0,0,7672,0.800743
pkground1b.png,textures_pk,262144,0,0,7671,0.800861
pkh_tiles01a.png,textures_pk,262144,0,0,7658,0.802204
pkh_tiles01b.png,textures_pk,262144,0,0,7634,0.804781
pkh_tiles02a.png,textures_pk,262144,0,0,7658,0.802273
pkh_tiles02b.png,textures_pk,262144,0,0,7674,0.800556
pkh_tiles02c.png,textures_pk,262144,0,0,7652,0.802859
pkh_wall01a.png,textures_pk,262144,0,0,7669,0.801054
pkh_wall01b.png,textures_pk,262144,0,0,7670,0.800947
pkh_wall01c.png,textures_pk,262144,0,0,7672,0.800746
pkh_window01a.png,textures_pk,32768,0,0,952,0.806605
pkh_window01b.png,textures_pk,32768,0,0,953,0.805869
pktilesang1a.png,textures_pk,65536,0,0,1794,0.855725
pktilesang1b.png,textures_pk,65536,0,0,1770,0.867632
pktilesang1c.png,textures_pk,65536,0,0,1774,0.865654
pktilesang1d.png,textures_pk,65536,0,0,1753,0.875879
pktilesang1e.png,textures_pk,65536,0,0,1745,0.879991
pktilesang1f.png,textures_pk,65536,0,0,1753,0.876083
pktilesang1ta.png,textures_pk,8192,0,0,223,0.858558
pktilesang1tb.png,textures_pk,8192,0,0,226,0.846372
pktrim1a.png,textures_pk,65536,0,0,1917,0.800986
pktrim1b.png,textures_pk,65536,0,0,1909,0.804419
pkw_arch01.png,textures_pk,32768,0,0,910,0.843724
pkw_arch02a.png,textures_pk,65536,0,0,1813,0.847065
pkw_arch02b.png,textures_pk,32768,0,0,678,1.13271
pkw_arch02c.png,textures_pk,8192,0,0,214,0.894486
pkw_arch02d.png,textures_pk,65536,0,0,1597,0.96142
pkw_arch03.png,textures_pk,65536,0,0,1691,0.908219
pkw_barrel01a.png,textures_pk,16384,0,0,426,0.900661
pkw_barrel01b.png,textures_pk,16384,0,0,442,0.868069
pkw_barrel02a.png,textures_pk,16384,0,0,447,0.858888
pkw_barrel02b.png,textures_pk,16384,0,0,454,0.8445
pkw_barrel03a.png,textures_pk,16384,0,0,441,0.869306
pkw_barrel03b.png,textures_pk,16384,0,0,450,0.852963
pkw_bomb1.png,textures_pk,65536,0,0,1801,0.852389
pkw_bomb2.png,textures_pk,65536,0,0,1814,0.846527
pkw_crate01a.png,textures_pk,16384,0,0,437,0.8778
pkw_crate01b.png,textures_pk,16384,0,0,439,0.874008
pkw_datrim01a.png,textures_pk,4096,0,0,114,0.835095
pkw_datrim01b.png,textures_pk,2048,0,0,58,0.826695
pkw_door01a.png,textures_pk,8192,0,0,226,0.848674
pkw_door01b.png,textures_pk,8192,0,0,226,0.84728
pkw_door02a.png,textures_pk,8192,0,0,222,0.862944
pkw_door02b.png,textures_pk,8192,0,0,225,0.853026
pkw_door02c.png,textures_pk,8192,0,0,221,0.8652
pkw_doorfr01a.png,textures_pk,8192,0,0,206,0.928737
pkw_doorfr01b.png,textures_pk,8192,0,0,202,0.946509
pkw_doors01a.png,textures_pk,65536,0,0,1756,0.874554
pkw_doors01b.png,textures_pk,65536,0,0,1757,0.873823
pkw_doortrim01.png,textures_pk,2048,0,0,57,0.836189
pkw_food1a.png,textures_pk,2048,0,0,55,0.857726
pkw_food1b.png,textures_pk,2048,0,0,56,0.842639
pkw_food1c.png,textures_pk,2048,0,0,55,0.867536
pkw_food1d.png,textures_pk,2048,0,0,56,0.85571
pkw_grass01.png,textures_pk,65536,0,0,1832,0.838067
pkw_ground01a.png,textures_pk,65536,0,0,1874,0.819416
pkw_ground01b.png,textures_pk,65536,0,0,1851,0.82976
pkw_ground02a.png,textures_pk,32768,0,0,916,0.838231
pkw_ground02b.png,textures_pk,32768,0,0,916,0.837551
pkw_gwall01a.png,textures_pk,65536,0,0,1814,0.846295
pkw_gwall01b.png,textures_pk,65536,0,0,1828,0.839873
pkw_gwall02a.png,textures_pk,65536,0,0,1832,0.83828
pkw_gwall02b.png,textures_pk,65536,0,0,1843,0.833276
pkw_gwall03a.png,textures_pk,65536,0,0,1848,0.830874
pkw_gwall03b.png,textures_pk,65536,0,0,1818,0.844481
pkw_light01.png,textures_pk,1024,0,0,26,0.911066
pkw_metal.png,textures_pk,16384,0,0,441,0.869312
pkw_metal01.png,textures_pk,16384,0,0,441,0.869312
pkw_pave01a.png,textures_pk,16384,0,0,455,0.842903
pkw_pave01a2.png,textures_pk,16384,0,0,453,0.846786
pkw_pave01b.png,textures_pk,65536,0,0,1835,0.836741
pkw_pave01b2.png,textures_pk,65536,0,0,1803,0.85172
pkw_plank01a.png,textures_pk,8192,0,0,229,0.835187
pkw_plank01b.png,textures_pk,8192,0,0,224,0.855029
pkw_road01.png,textures_pk,65536,0,0,1880,0.816754
pkw_rock01a.png,textures_pk,65536,0,0,1834,0.837263
pkw_rock01b.png,textures_pk,65536,0,0,1814,0.846516
pkw_roof1.png,textures_pk,16384,0,0,458,0.837496
pkw_tiles01a.png,textures_pk,65536,0,0,1837,0.835756
pkw_tiles01b.png,textures_pk,65536,0,0,1842,0.833704
pkw_tiles02a.png,textures_pk,65536,0,0,1841,0.833997
pkw_tiles02b.png,textures_pk,65536,0,0,1847,0.831252
pkw_tiles02c.png,textures_pk,65536,0,0,1811,0.848024
pkw_tiles02d.png,textures_pk,65536,0,0,1809,0.848829
pkw_tiles02e.png,textures_pk,65536,0,0,1812,0.847469
pkw_trim01a.png,textures_pk,8192,0,0,218,0.879292
pkw_trim01b.png,textures_pk,8192,0,0,209,0.916258
pkw_trim02.png,textures_pk,8192,0,0,213,0.898878
pkw_trim03a.png,textures_pk,8192,0,0,214,0.896726
pkw_trim03b.png,textures_pk,8192,0,0,214,0.894535
pkw_trim03c.png,textures_pk,8192,0,0,216,0.888182
pkw_trim04.png,textures_pk,4096,0,0,110,0.865055
pkw_trim05.png,textures_pk,4096,0,0,112,0.850992
pkw_trim06.png,textures_pk,8192,0,0,220,0.871192
pkw_wall011.png,textures_pk,65536,0,0,1821,0.843365
pkw_wall01a.png,textures_pk,65536,0,0,1830,0.839131
pkw_wall01b.png,textures_pk,65536,0,0,1824,0.842068
pkw_wall01c.png,textures_pk,65536,0,0,1824,0.842088
pkw_wall01d.png,textures_pk,65536,0,0,1816,0.845538
pkw_wall01e.png,textures_pk,65536,0,0,1822,0.842598
pkw_wall01f.png,textures_pk,65536,0,0,1806,0.850059
pkw_wall01g.png,textures_pk,65536,0,0,1821,0.84306
pkw_wall01h.png,textures_pk,65536,0,0,1816,0.845699
pkw_wall01i.png,textures_pk,65536,0,0,1811,0.847917
pkw_wall01j.png,textures_pk,65536,0,0,1829,0.839626
pkw_wall01k.png,textures_pk,65536,0,0,1828,0.840066
pkw_wall01l.png,textures_pk,65536,0,0,1824,0.841949
pkw_wall02aa.png,textures_pk,65536,0,0,1814,0.846694
pkw_wall02ab.png,textures_pk,65536,0,0,1804,0.851166
pkw_wall02ac.png,textures_pk,65536,0,0,1793,0.856367
pkw_wall02ad.png,textures_pk,65536,0,0,1804,0.851105
pkw_wall02ae.png,textures_pk,65536,0,0,1797,0.854377
pkw_wall02af.png,textures_pk,65536,0,0,1810,0.848497
pkw_wall02ag.png,textures_pk,65536,0,0,1805,0.850954
pkw_wall02ba.png,textures_pk,65536,0,0,1818,0.844483
pkw_wall02bb.png,textures_pk,65536,0,0,1805,0.850749
pkw_wall02bc.png,textures_pk,65536,0,0,1796,0.855185
pkw_wall02bd.png,textures_pk,65536,0,0,1792,0.857042
pkw_wall02be.png,textures_pk,65536,0,0,1803,0.8519
pkw_wall02bf.png,textures_pk,65536,0,0,1813,0.847007
pkw_wall02bg.png,textures_pk,65536,0,0,1802,0.852332
pkw_wall02bh.png,textures_pk,65536,0,0,1787,0.859279
pkw_wall02bi.png,textures_pk,65536,0,0,1792,0.856788
pkw_wall02bj.png,textures_pk,65536,0,0,1800,0.853287
pkw_wall02bk.png,textures_pk,65536,0,0,1802,0.852045
pkw_wall03a.png,textures_pk,65536,0,0,1792,0.856733
pkw_wall03b.png,textures_pk,65536,0,0,1781,0.862111
pkw_wall03c.png,textures_pk,65536,0,0,1780,0.862559
pkw_wall03d.png,textures_pk,65536,0,0,1774,0.865571
pkw_wall03e.png,textures_pk,65536,0,0,1780,0.862481
pkw_wall03f.png,textures_pk,65536,0,0,1771,0.867214
pkw_wall03g.png,textures_pk,65536,0,0,1768,0.868418
pkw_wall03h.png,textures_pk,65536,0,0,1758,0.873627
pkw_wall03i.png,textures_pk,65536,0,0,1769,0.867925
pkw_wall03j.png,textures_pk,65536,0,0,1767,0.86918
pkw_wall03k.png,textures_pk,65536,0,0,1765,0.870234
pkw_wall03l.png,textures_pk,65536,0,0,1733,0.88601
pkw_wall04a.png,textures_pk,65536,0,0,1779,0.863079
pkw_wall04b.png,textures_pk,65536,0,0,1772,0.866576
pkw_wall04c.png,textures_pk,65536,0,0,1763,0.870749
pkw_wall04d.png,textures_pk,65536,0,0,1762,0.871422
pkw_wall04e.png,textures_pk,65536,0,0,1772,0.866455
pkw_wall04f.png,textures_pk,65536,0,0,1773,0.86595
pkw_wall04g.png,textures_pk,65536,0,0,1771,0.867161
pkw_wall04h.png,textures_pk,65536,0,0,1772,0.866377
pkw_wall04i.png,textures_pk,65536,0,0,1775,0.865266
pkw_wall04j.png,textures_pk,65536,0,0,1763,0.870807
pkw_wall04k.png,textures_pk,65536,0,0,1768,0.868447
pkw_wall04l.png,textures_pk,65536,0,0,1770,0.867691
pkw_wall04m.png,textures_pk,65536,0,0,1769,0.867939
pkw_wall04n.png,textures_pk,32768,0,0,874,0.878261
pkw_wall05a.png,textures_pk,65536,0,0,1828,0.840137
pkw_wall05b.png,textures_pk,65536,0,0,1812,0.847424
pkw_wall05c.png,textures_pk,65536,0,0,1811,0.848119
pkw_wall05d.png,textures_pk,65536,0,0,1812,0.847641
pkw_wall05e.png,textures_pk,65536,0,0,1805,0.850572
pkw_wall05f.png,textures_pk,65536,0,0,1816,0.845521
pkw_wall05g.png,textures_pk,65536,0,0,1813,0.846939
pkw_wall05h.png,textures_pk,65536,0,0,1806,0.850467
pkw_wall06a.png,textures_pk,65536,0,0,1821,0.843444
pkw_wall06b.png,textures_pk,65536,0,0,1792,0.856897
pkw_wall06c.png,textures_pk,65536,0,0,1774,0.865775
pkw_wall06d.png,textures_pk,65536,0,0,1765,0.870145
pkw_wall06e.png,textures_pk,65536,0,0,1762,0.871483
pkw_wall06f.png,textures_pk,65536,0,0,1756,0.874344
pkw_wall06g.png,textures_pk,65536,0,0,1803,0.851456
pkw_wall06h.png,textures_pk,65536,0,0,1774,0.865534
pkw_wall06i.png,textures_pk,65536,0,0,1788,0.858765
pkw_wall07a.png,textures_pk,65536,0,0,1783,0.861179
pkw_wall07b.png,textures_pk,65536,0,0,1763,0.870856
pkw_wall07c.png,textures_pk,65536,0,0,1752,0.876219
pkw_wall07d.png,textures_pk,65536,0,0,1748,0.87862
pkw_wall07e.png,textures_pk,65536,0,0,1744,0.880313
pkw_wall07f.png,textures_pk,65536,0,0,1765,0.870158
pkw_wall07g.png,textures_pk,65536,0,0,1762,0.87148
pkw_wall07h.png,textures_pk,65536,0,0,1764,0.870405
pkw_wall07i.png,textures_pk,65536,0,0,1732,0.886399
pkw_wall07j.png,textures_pk,65536,0,0,1730,0.887511
pkw_wall07k.png,textures_pk,65536,0,0,1743,0.881074
pkw_wall08a.png,textures_pk,65536,0,0,1817,0.845266
pkw_wall08b.png,textures_pk,65536,0,0,1835,0.836929
pkw_wall08c.png,textures_pk,65536,0,0,1851,0.829716
pkw_wall09a.png,textures_pk,65536,0,0,1861,0.825316
pkw_wall10a.png,textures_pk,65536,0,0,1817,0.845125
pkw_wall10b.png,textures_pk,65536,0,0,1794,0.85588
pkw_wall10c.png,textures_pk,65536,0,0,1796,0.855022
pkw_wall10d.png,textures_pk,65536,0,0,1797,0.854451
pkw_wall10e.png,textures_pk,65536,0,0,1796,0.855111
pkw_wall10f.png,textures_pk,65536,0,0,1782,0.861533
pkw_wall10g.png,textures_pk,65536,0,0,1779,0.863327
pkw_wall10h.png,textures_pk,65536,0,0,1774,0.865495
pkw_wall10i.png,textures_pk,65536,0,0,1785,0.860485
pkw_wall10j.png,textures_pk,65536,0,0,1757,0.873903
pkw_wall10k.png,textures_pk,65536,0,0,1782,0.861722
pkw_wall10l.png,textures_pk,65536,0,0,1769,0.868231
pkw_wall11a.png,textures_pk,65536,0,0,1820,0.843717
pkw_wall11b.png,textures_pk,65536,0,0,1814,0.846369
pkw_wall11c.png,textures_pk,65536,0,0,1806,0.850186
pkw_wall11d.png,textures_pk,65536,0,0,1803,0.851893
pkw_wall11e.png,textures_pk,65536,0,0,1808,0.849229
pkw_wall11f.png,textures_pk,65536,0,0,1810,0.848388
pkw_wall11g.png,textures_pk,65536,0,0,1797,0.8547
pkw_wall11h.png,textures_pk,65536,0,0,1792,0.856739
pkw_wall11i.png,textures_pk,65536,0,0,1784,0.860803
pkw_wall11j.png,textures_pk,65536,0,0,1790,0.857995
pkw_wall11k.png,textures_pk,65536,0,0,1785,0.860227
pkw_winlay01a.png,textures_pk,65536,0,0,162,9.43394
pkw_winlay01b.png,textures_pk,65536,0,0,81,18.9064
pkw_winlay03a.png,textures_pk,65536,0,0,319,4.80814
pkw_winlay03b.png,textures_pk,65536,0,0,213,7.19527
pkw_winlay04a.png,textures_pk,65536,0,0,74,20.5131
pkw_winlay04b.png,textures_pk,65536,0,0,112,13.6737
pkw_winlay06.png,textures_pk,65536,0,0,176,8.69586
pkw_winlay07a.png,textures_pk,65536,0,0,210,7.29133
pkw_winlay07b.png,textures_pk,65536,0,0,309,4.96557
pkw_winlay10a.png,textures_pk,65536,0,0,140,10.9177
pkw_winlay10b.png,textures_pk,65536,0,0,211,7.27353
pkw_winlay11a.png,textures_pk,65536,0,0,221,6.93845
pkw_winlay11b.png,textures_pk,65536,0,0,330,4.64084
pkw_wood01a.png,textures_pk,4096,0,0,115,0.829304
pkw_wood01b.png,textures_pk,32768,0,0,910,0.843578
pkw_wood02.png,textures_pk,16384,0,0,435,0.881988
pkw_wooden01.png,textures_pk,2048,0,0,56,0.849059
pkwall1a.png,textures_pk,262144,0,0,7672,0.800804
pkwall1b.png,textures_pk,262144,0,0,7665,0.801515
places-folder-remote.png,icon_64,4096,0,0,34,2.78647
places-folder-remote.png,icon_512,262144,0,0,388,15.8339
places-folder-saved-search.png,icon_64,4096,0,0,34,2.75717
places-folder-saved-search.png,icon_512,262144,0,0,360,17.0472
places-folder.png,icon_64,4096,0,0,25,3.74463
places-folder.png,icon_512,262144,0,0,253,24.2825
places-network-server.png,icon_64,4096,0,0,18,5.22977
places-network-server.png,icon_512,262144,0,0,170,36.0796
places-network-workgroup.png,icon_64,4096,0,0,30,3.12473
places-network-workgroup.png,icon_512,262144,0,0,303,20.2767
places-start-here.png,icon_64,4096,0,0,20,4.65212
places-start-here.png,icon_512,262144,0,0,197,31.0337
places-user-desktop.png,icon_64,4096,0,0,32,2.9623
places-user-desktop.png,icon_512,262144,0,0,238,25.8004
places-user-home.png,icon_64,4096,0,0,30,3.11819
places-user-home.png,icon_512,262144,0,0,329,18.6292
places-user-trash.png,icon_64,4096,0,0,53,1.78702
places-user-trash.png,icon_512,262144,0,0,554,11.0883
plant_01.png,textures_plants,169652,0,0,599,6.6285
plant_02.png,textures_plants,1347584,0,0,10712,2.9482
plant_03.png,textures_plants,719940,0,0,4915,3.43249
plant_04.png,textures_plants,1116720,0,0,16804,1.55751
plant_05.png,textures_plants,823480,0,0,5391,3.57955
plant_06.png,textures_plants,2908160,0,0,10119,6.73527
plant_07.png,textures_plants,1484800,0,0,4517,7.70286
plant_08.png,textures_plants,740352,0,0,6695,2.5915
plant_09.png,textures_plants,987136,0,0,6773,3.41582
plant_10.png,textures_plants,796672,0,0,7839,2.38193
plant_11.png,textures_plants,924672,0,0,1000,21.6526
plant_12.png,textures_plants,1495040,0,0,12513,2.80025
plant_13.png,textures_plants,1593344,0,0,7979,4.67994
plant_14.png,textures_plants,1131174,0,0,9949,2.66454
plant_15.png,textures_plants,1697985,0,0,19149,2.07816
plant_16.png,textures_plants,1619946,0,0,22623,1.67824
plant_17.png,textures_plants,2220032,0,0,29157,1.7845
plant_18.png,textures_plants,572880,0,0,16341,0.821665
plant_19.png,textures_plants,2481152,0,0,31939,1.8207
plant_20.png,textures_plants,423728,0,0,5549,1.78951
plant_21.png,textures_plants,323400,0,0,3166,2.39405
plant_22.png,textures_plants,749568,0,0,13453,1.30585
plant_23.png,textures_plants,332514,0,0,4694,1.6602
plant_24.png,textures_plants,860160,0,0,4885,4.12637
plant_25.png,textures_plants,264320,0,0,3068,2.01912
plant_26.png,textures_plants,92430,0,0,1025,2.11302
plant_27.png,textures_plants,248443,0,0,3763,1.54701
plant_28.png,textures_plants,1419264,0,0,13395,2.48318
plant_29.png,textures_plants,1021952,0,0,3147,7.6102
plant_30.png,textures_plants,1241088,0,0,10510,2.76744
plant_31.png,textures_plants,1738752,0,0,27184,1.4991
plant_32.png,textures_plants,291648,0,0,3962,1.72509
plant_33.png,textures_plants,100308,0,0,1830,1.28432
plant_34.png,textures_plants,1400832,0,0,17474,1.87883
plant_35.png,textures_plants,1510400,0,0,4952,7.14739
plant_36.png,textures_plants,1501184,0,0,17379,2.02444
plant_37.png,textures_plants,1807360,0,0,15535,2.72665
plant_38.png,textures_plants,1553408,0,0,4445,8.18941
plant_39.png,textures_plants,1714176,0,0,13563,2.96205
plant_40.png,textures_plants,449952,0,0,12612,0.836168
plant_41.png,textures_plants,1815552,0,0,6922,6.14713
plant_42.png,textures_plants,98280,0,0,2622,0.87839
plant_43.png,textures_plants,825600,0,0,23755,0.814553
plant_44.png,textures_plants,622905,0,0,5698,2.56205
plant_45.png,textures_plants,89661,0,0,2530,0.830289
plant_46.png,textures_plants,248724,0,0,6983,0.834758
plant_47.png,textures_plants,334152,0,0,3174,2.4668
plant_48.png,textures_plants,1130496,0,0,14866,1.78222
plant_49.png,textures_plants,225780,0,0,2415,2.19083
plant_50.png,textures_plants,940032,0,0,17217,1.27963
plant_51.png,textures_plants,1380352,0,0,10809,2.99283
plant_52.png,textures_plants,1278976,0,0,4901,6.11525
plant_53.png,textures_plants,1759104,0,0,37695,1.09373
plant_54.png,textures_plants,1686528,0,0,8593,4.59995
plant_55.png,textures_plants,1594368,0,0,28396,1.31592
plant_56.png,textures_plants,786432,0,0,12877,1.43129
plant_57.png,textures_plants,1842176,0,0,29779,1.44987
plant_58.png,textures_plants,1410048,0,0,23917,1.38175
plant_59.png,textures_plants,948224,0,0,10430,2.13069
plant_60.png,textures_plants,940032,0,0,16608,1.32654
pluto_disney_PNG10.png,pngimg,204216,0,0,1676,2.85458
police_car_PNG12.png,pngimg,177408,0,0,1588,2.61835
pork_PNG65.png,pngimg,4557500,0,0,103970,1.02737
power_socket_PNG19332.png,pngimg,985054,0,0,12613,1.83032
praying_hands_PNG10.png,pngimg,538248,0,0,603,20.911
pyramid_PNG11.png,pngimg,41120,0,0,405,2.37522
radish_PNG50.png,pngimg,498960,0,0,1692,6.90789
razor_blade_PNG17804.png,pngimg,40000,0,0,357,1
reddit.com.png,screenshot_web,10514504,0,0,36369,6.77575
rhino_PNG25.png,pngimg,592091,0,0,1446,9.59629
rock01.png,textures_photo,1048576,0,0,29780,0.825226
rock02.png,textures_photo,1048576,0,0,30238,0.812744
rock02_2.png,textures_photo,1048576,0,0,30261,0.812133
rock03.png,textures_photo,1048576,0,0,29959,0.820298
rubber_duck_PNG17.png,pngimg,462960,0,0,2156,5.03141
rubber_stamp_PNG2.png,pngimg,304584,0,0,4081,1.74887
rubik_cube_PNG1.png,pngimg,394060,0,0,2736,3.37527
sausage_PNG5198.png,pngimg,169000,0,0,2999,1.32033
scanner_PNG11354.png,pngimg,1228800,0,0,12850,2.24108
scooter_PNG11292.png,pngimg,591600,0,0,4498,3.0821
scroll_modwater.png,textures_pk,65536,0,0,1456,1.0547
seashell_PNG29.png,pngimg,1020000,0,0,17292,1.38243
silver_PNG17125.png,pngimg,423720,0,0,3327,2.98493
skeleton_PNG42629.png,pngimg,138600,0,0,728,4.462
skoda_PNG12334.png,pngimg,261120,0,0,2657,2.30278
skoda_PNG12336.png,pngimg,67760,0,0,1125,1.41136
smartphone_PNG8547.png,pngimg,811500,0,0,7173,2.65143
snapchat_PNG35.png,pngimg,262144,0,0,57,107.262
snowdoor1.png,textures_pk,8192,0,0,212,0.901437
snowdoor2.png,textures_pk,8192,0,0,199,0.961493
snowwall.png,textures_pk,25600,0,0,691,0.867864
snowwall2.png,textures_pk,25600,0,0,653,0.917922
snowwall3.png,textures_pk,25600,0,0,700,0.856149
snowwall4.png,textures_pk,25600,0,0,660,0.9086
socks_PNG8220.png,pngimg,128700,0,0,191,15.7288
sofa_PNG6947.png,pngimg,2865960,0,0,63552,1.05694
solar_panel_PNG110.png,pngimg,448900,0,0,7492,1.40416
solar_panel_PNG149.png,pngimg,1000000,0,0,9064,2.58571
sony_playstation_PNG17534.png,pngimg,384000,0,0,1942,4.63236
soybean_PNG7.png,pngimg,360000,0,0,2892,2.91749
spinach_PNG15.png,pngimg,151200,0,0,2447,1.44762
spinner_PNG17.png,pngimg,1048576,0,0,4302,5.71238
spinner_PNG51.png,pngimg,563040,0,0,852,15.488
status-audio-volume-high.png,icon_64,4096,0,0,49,1.92847
status-audio-volume-high.png,icon_512,262144,0,0,1243,4.93922
status-audio-volume-low.png,icon_64,4096,0,0,44,2.1779
status-audio-volume-low.png,icon_512,262144,0,0,1101,5.57751
status-audio-volume-medium.png,icon_64,4096,0,0,46,2.06196
status-audio-volume-medium.png,icon_512,262144,0,0,1164,5.27687
status-audio-volume-muted.png,icon_64,4096,0,0,44,2.17342
status-audio-volume-muted.png,icon_512,262144,0,0,1031,5.95769
status-battery-caution.png,icon_64,4096,0,0,35,2.72892
status-battery-caution.png,icon_512,262144,0,0,492,12.4697
status-dialog-error.png,icon_64,4096,0,0,42,2.2682
status-dialog-error.png,icon_512,262144,0,0,331,18.5273
status-dialog-information.png,icon_64,4096,0,0,42,2.24952
status-dialog-information.png,icon_512,262144,0,0,1244,4.93685
status-dialog-warning.png,icon_64,4096,0,0,22,4.18778
status-dialog-warning.png,icon_512,262144,0,0,173,35.476
status-folder-drag-accept.png,icon_64,4096,0,0,34,2.81714
status-folder-drag-accept.png,icon_512,262144,0,0,307,19.9688
status-folder-open.png,icon_64,4096,0,0,26,3.68857
status-folder-open.png,icon_512,262144,0,0,248,24.7496
status-folder-visiting.png,icon_64,4096,0,0,13,7.2007
status-folder-visiting.png,icon_512,262144,0,0,129,47.5883
status-image-loading.png,icon_64,4096,0,0,38,2.48399
status-image-loading.png,icon_512,262144,0,0,432,14.2056
status-image-missing.png,icon_64,4096,0,0,28,3.33256
status-image-missing.png,icon_512,262144,0,0,170,36.0505
status-mail-attachment.png,icon_64,4096,0,0,27,3.543
status-mail-attachment.png,icon_512,262144,0,0,235,26.1075
status-network-error.png,icon_64,4096,0,0,69,1.39014
status-network-error.png,icon_512,262144,0,0,958,6.41222
status-network-idle.png,icon_64,4096,0,0,63,1.513
status-network-idle.png,icon_512,262144,0,0,981,6.26168
status-network-offline.png,icon_64,4096,0,0,59,1.61908
status-network-offline.png,icon_512,262144,0,0,843,7.283
status-network-receive.png,icon_64,4096,0,0,62,1.54183
status-network-receive.png,icon_512,262144,0,0,947,6.48288
status-network-transmit-receive.png,icon_64,4096,0,0,59,1.6135
status-network-transmit-receive.png,icon_512,262144,0,0,907,6.76798
status-network-transmit.png,icon_64,4096,0,0,60,1.57936
status-network-transmit.png,icon_512,262144,0,0,927,6.62085
status-network-wireless-encrypted.png,icon_64,4096,0,0,51,1.86897
status-network-wireless-encrypted.png,icon_512,262144,0,0,828,7.4166
status-printer-error.png,icon_64,4096,0,0,36,2.59535
status-printer-error.png,icon_512,262144,0,0,394,15.5843
status-software-update-available.png,icon_64,4096,0,0,28,3.42415
status-software-update-available.png,icon_512,262144,0,0,318,19.2982
status-software-update-urgent.png,icon_64,4096,0,0,21,4.50007
status-software-update-urgent.png,icon_512,262144,0,0,193,31.7444
status-user-trash-full.png,icon_64,4096,0,0,69,1.37642
status-user-trash-full.png,icon_512,262144,0,0,925,6.64178
status-weather-clear-night.png,icon_64,4096,0,0,27,3.5266
status-weather-clear-night.png,icon_512,262144,0,0,346,17.7167
status-weather-clear.png,icon_64,4096,0,0,42,2.23281
status-weather-clear.png,icon_512,262144,0,0,1154,5.32316
status-weather-few-clouds-night.png,icon_64,4096,0,0,42,2.25045
status-weather-few-clouds-night.png,icon_512,262144,0,0,1102,5.57046
status-weather-few-clouds.png,icon_64,4096,0,0,52,1.8327
status-weather-few-clouds.png,icon_512,262144,0,0,1621,3.78992
status-weather-overcast.png,icon_64,4096,0,0,42,2.25106
status-weather-overcast.png,icon_512,262144,0,0,1459,4.20923
status-weather-severe-alert.png,icon_64,4096,0,0,50,1.89414
status-weather-severe-alert.png,icon_512,262144,0,0,1412,4.34981
status-weather-showers-scattered.png,icon_64,4096,0,0,53,1.79869
status-weather-showers-scattered.png,icon_512,262144,0,0,1654,3.71338
status-weather-showers.png,icon_64,4096,0,0,58,1.63174
status-weather-showers.png,icon_512,262144,0,0,2216,2.77236
status-weather-snow.png,icon_64,4096,0,0,50,1.89348
status-weather-snow.png,icon_512,262144,0,0,1498,4.10131
status-weather-storm.png,icon_64,4096,0,0,57,1.67477
status-weather-storm.png,icon_512,262144,0,0,2072,2.9647
stewardess_PNG20.png,pngimg,250000,0,0,972,6.02258
sticky_note_PNG18888.png,pngimg,1914066,0,0,301,148.757
street_light_PNG11515.png,pngimg,3650400,0,0,9154,9.34594
stripe.com.png,screenshot_web,8669739,0,0,11652,17.4387
sublime.png,screenshot_web,9589104,0,0,12712,17.6797
suitcase_PNG10767.png,pngimg,14085760,0,0,41306,7.99226
superman_PNG43.png,pngimg,614400,0,0,4475,3.21742
superman_PNG60.png,pngimg,202540,0,0,2836,1.6734
surfing_PNG9717.png,pngimg,132308,0,0,2106,1.47244
sushi_PNG9205.png,pngimg,5343012,0,0,93315,1.34197
teddy_bear_PNG88.png,pngimg,1407600,0,0,24464,1.34849
tent_PNG10.png,pngimg,5322000,0,0,67064,1.85992
tequila_PNG96.png,pngimg,829040,0,0,5255,3.69726
thug_life_PNG15.png,pngimg,1000000,0,0,4,5537.61
towel_PNG64.png,pngimg,269360,0,0,4085,1.54544
towel_PNG99.png,pngimg,2666000,0,0,27941,2.23628
transformers_PNG74.png,pngimg,628800,0,0,2153,6.8444
treasure_chest_PNG69.png,pngimg,201500,0,0,4127,1.14412
trekking_pole_PNG19.png,pngimg,1440000,0,0,5348,6.31073
ts_tilez1a.png,textures_pk,65536,0,0,1725,0.889946
ts_tilez1b.png,textures_pk,65536,0,0,1725,0.889946
tshirt_PNG5454.png,pngimg,78000,0,0,1069,1.7088
vaccine_PNG11.png,pngimg,129500,0,0,88,34.4304
viber_PNG2.png,pngimg,262144,0,0,487,12.6142
vitamins_PNG43.png,pngimg,40000,0,0,17,54.0024
walkie_talkie_PNG18.png,pngimg,1506000,0,0,5640,6.2583
wedding_cake_PNG19470.png,pngimg,95328,0,0,1950,1.14526
wheelchair_PNG82760.png,pngimg,8154535,0,0,116345,1.64271
wifi_PNG62328.png,pngimg,262144,0,0,10,569.002
window_PNG17659.png,pngimg,4671304,0,0,30011,3.64812
window_PNG17682.png,pngimg,102000,0,0,2161,1.10581
wineglass_PNG2911.png,pngimg,13498198,0,0,2582,122.503
{SW_Tree01.png,textures_pk,65536,0,0,706,2.17323
{SW_Tree02.png,textures_pk,40960,0,0,620,1.54711
{SW_Tree03.png,textures_pk,49152,0,0,701,1.64188
{SW_Tree04.png,textures_pk,49152,0,0,772,1.49065
{SW_Tree05.png,textures_pk,65536,0,0,987,1.55578
{SW_Tree06.png,textures_pk,65536,0,0,263,5.8305
{SW_Tree07.png,textures_pk,65536,0,0,344,4.45317
{blaztree1.png,textures_pk,65536,0,0,696,2.2062
{blaztree2.png,textures_pk,65536,0,0,997,1.53925
{blaztree3.png,textures_pk,65536,0,0,1025,1.49828
{blaztree4.png,textures_pk,49152,0,0,843,1.36639
{blaztree5.png,textures_pk,49152,0,0,706,1.62943
{blaztree6.png,textures_pk,40960,0,0,608,1.57869
{blaztree7.png,textures_pk,65536,0,0,728,2.10919
{her_bar_1.png,textures_pk,768,0,0,7,2.26577
{her_for_1.png,textures_pk,65536,0,0,1428,1.07544
{maz_leaves.png,textures_pk,16384,0,0,88,4.34363
{maz_leaves1a.png,textures_pk,65536,0,0,492,3.117
{maz_leaves1b.png,textures_pk,32768,0,0,459,1.67201
{maz_leaves1c.png,textures_pk,131072,0,0,1128,2.72315
{maz_leaves2.png,textures_pk,65536,0,0,345,4.44584
{mazy_ofloor1.png,textures_pk,65536,0,0,1176,1.30549
{mod_labfloor1.png,textures_pk,65536,0,0,1779,0.863033
{mod_labgrate1.png,textures_pk,65536,0,0,811,1.89366
{mod_labgrate2.png,textures_pk,65536,0,0,826,1.8588
{mod_labgrate3.png,textures_pk,65536,0,0,679,2.25978
{mod_window1.png,textures_pk,8192,0,0,108,1.7693
{mod_window2.png,textures_pk,8192,0,0,60,3.17571
{pk_chbamboo1a.png,textures_pk,8192,0,0,173,1.10838
{pk_chbamboo1b.png,textures_pk,8192,0,0,172,1.11194
{pk_chcomwood1.png,textures_pk,65536,0,0,930,1.65086
{pk_chincarpet1.png,textures_pk,16384,0,0,275,1.39495
{pk_chleaves1a.png,textures_pk,16384,0,0,66,5.762
{pk_chleaves1b.png,textures_pk,65536,0,0,425,3.60629
{pk_chleaves1c.png,textures_pk,65536,0,0,692,2.21673
{pk_chleaves1d.png,textures_pk,65536,0,0,1176,1.30514
{pk_chleaves1e.png,textures_pk,32768,0,0,509,1.50781
{pk_chleaves2a.png,textures_pk,16384,0,0,67,5.66047
{pk_chleaves2b.png,textures_pk,65536,0,0,341,4.49633
{pk_chleaves2c.png,textures_pk,65536,0,0,985,1.55781
{pk_chleaves2d.png,textures_pk,32768,0,0,330,2.32346
{pk_chvines1a.png,textures_pk,32768,0,0,314,2.44383
{pk_chvines1b.png,textures_pk,8192,0,0,83,2.29655
{pkf_auttrees1a.png,textures_pk,65536,0,0,1259,1.21996
{pkf_auttrees1b.png,textures_pk,65536,0,0,610,2.51769
{pkf_auttrees1c.png,textures_pk,65536,0,0,982,1.5626
{pkf_fence1.png,textures_pk,4096,0,0,66,1.44316
{pkf_fence2a.png,textures_pk,65536,0,0,601,2.55189
{pkf_fence2b.png,textures_pk,65536,0,0,643,2.38517
{pkf_fence2c.png,textures_pk,65536,0,0,662,2.32012
{pkf_planks1a.png,textures_pk,65536,0,0,1680,0.914179
{pkf_planks1b.png,textures_pk,65536,0,0,1459,1.05237
{pkf_planks1c.png,textures_pk,65536,0,0,1168,1.31479
{pkf_shopgrate1.png,textures_pk,16384,0,0,175,2.19292
{pkf_shopgrate2.png,textures_pk,16384,0,0,266,1.4434
{pkf_tree1a.png,textures_pk,65536,0,0,694,2.21256
{pkf_tree1b.png,textures_pk,65536,0,0,694,2.21256
{pkf_tree2a.png,textures_pk,65536,0,0,488,3.14119
{pkf_tree2b.png,textures_pk,65536,0,0,487,3.14796
{pkf_tree2c.png,textures_pk,65536,0,0,484,3.16735
{pkw_fence.png,textures_pk,16384,0,0,133,2.88199
{pkw_fence01.png,textures_pk,8192,0,0,72,2.6407
{pkw_wheel01.png,textures_pk,4096,0,0,81,1.17656
{pkw_wood01a.png,textures_pk,32768,0,0,605,1.26808
{pkw_wood01b.png,textures_pk,32768,0,0,728,1.05466
{pkw_wooden01.png,textures_pk,16384,0,0,374,1.02618
