filename,category,dimensions,encode_ms,decode_ms,size_kb,rate
IMGP5493_seamless_2.png,textures_photo,1024x1024,236.3,21.8,911,29.7
IMGP5497_seamless.png,textures_photo,1024x1024,270.1,17.1,1612,52.5
clover.png,textures_photo,1024x1024,175.3,19.9,2504,81.5
grass1.png,textures_photo,1024x1024,170.1,20.2,2767,90.1
IMGP5546_seamless.png,textures_photo,1024x1024,235.8,21.1,1108,36.1
rock02_2.png,textures_photo,1024x1024,216.4,19.2,2326,75.7
IMGP5487_seamless.png,textures_photo,1024x1024,258.1,23.3,1246,40.6
IMGP5539_almost_seamless.png,textures_photo,1024x1024,321.2,26.2,1551,50.5
IMGP5498_seamless.png,textures_photo,1024x1024,289.2,18.3,2037,66.3
IMGP5482_seamless.png,textures_photo,1024x1024,243.3,19.1,2145,69.9
IMGP5514_seamless_2.png,textures_photo,1024x1024,255.5,24.2,1579,51.4
rock02.png,textures_photo,1024x1024,219.3,19.2,2295,74.7
IMGP5505_seamless.png,textures_photo,1024x1024,255.1,21.8,1874,61.0
IMGP5493_seamless_1.png,textures_photo,1024x1024,239.9,21.5,910,29.6
IMGP5511_seamless.png,textures_photo,1024x1024,273.5,19.7,1970,64.1
rock01.png,textures_photo,1024x1024,257.4,18.4,2022,65.8
IMGP5514_seamless_1.png,textures_photo,1024x1024,262.1,20.0,1750,57.0
rock03.png,textures_photo,1024x1024,229.0,24.7,1983,64.6
IMGP5525_seamless.png,textures_photo,1024x1024,246.9,19.4,2169,70.6
IMGP5480_seamless.png,textures_photo,1024x1024,256.7,18.4,1955,63.6
Flinthook_screenshot_-_Pax_square_5.png,screenshot_game,800x800,18.3,4.6,29,1.6
Rain_World_screenshot_-_Shadow_Urban_1080.png,screenshot_game,1200x675,96.1,12.6,316,10.0
SpellTower_screenshot_-_Tutorial.png,screenshot_game,1200x1600,104.4,17.0,277,3.7
Tacoma_StationCentralHub.png,screenshot_game,1200x675,152.2,12.8,577,18.3
KSpaceDuel1.1.png,screenshot_game,894x668,16.6,3.7,28,1.6
Heartlight.png,screenshot_game,320x200,3.1,0.2,7,4.2
"Dr._Langeskov,_The_Tiger,_and_The_Terribly_Cursed_Emerald_Screenshot_4.png",screenshot_game,1200x675,288.6,21.9,1005,31.8
Broforce_boss_rocket.png,screenshot_game,1200x675,99.8,14.5,473,15.0
Robots_text_screenshot.png,screenshot_game,667x464,8.8,2.3,18,2.0
Tacoma_ConferenceRoom.png,screenshot_game,1200x675,191.3,17.3,722,22.8
Hanlons_Razor_(Hanlon%27s_Razor)_HRAZOR_Menu_Screen.png,screenshot_game,1200x960,38.8,8.5,80,2.4
BananaDash2.png,screenshot_game,575x375,6.7,0.8,22,3.5
Contraption_8.png,screenshot_game,1200x675,101.3,12.6,337,10.7
Spionagebericht.png,screenshot_game,733x575,19.0,1.8,61,5.0
Threes_development_process_art_mockup_19.png,screenshot_game,640x960,20.8,4.4,58,3.2
Blek_-_Level_3_screenshot.png,screenshot_game,1104x778,136.8,8.2,437,17.4
Contraption_4.png,screenshot_game,1200x675,93.1,11.5,278,8.8
TowerFall_Backfire.png,screenshot_game,960x720,25.3,3.4,77,3.8
Htdamg_affinity.png,screenshot_game,533x446,41.0,4.6,189,20.4
Threes_development_process_art_mockup_26.png,screenshot_game,640x960,18.0,4.2,40,2.2
Blackwood_Crossing_announcement_screenshot_05.png,screenshot_game,1200x675,338.6,22.8,1100,34.8
ProgressQuest_Screenshot.png,screenshot_game,595x386,7.2,1.2,10,1.5
Blobby_volley_2_alpha_6.png,screenshot_game,797x599,77.6,4.7,491,35.2
Neverputt_Gameplay_Screenshot_1.png,screenshot_game,1200x675,102.6,9.8,370,15.6
Frotz_ifiction.png,screenshot_game,515x554,10.9,2.6,69,8.4
DeSmuME_0.9.11_emulating_Diamond_Trust_of_London_on_macOS_High_Sierra.png,screenshot_game,369x590,22.4,3.7,120,14.2
Tooth_and_Tail_-_Development_1.png,screenshot_game,1200x698,200.0,17.4,777,31.7
The_Bub%27s_Brothers.png,screenshot_game,656x400,13.0,2.7,40,5.3
Ten_tiles_on_weekly_no_tabs_full_res.png,screenshot_game,749x733,41.1,6.9,217,10.1
Hackmud_hacking.png,screenshot_game,1200x756,300.4,22.2,1114,31.5
BioRust_Screenshot_01.png,screenshot_game,1200x675,333.3,20.2,1597,50.5
FooBillard_3.0a_on_Linux_sshot20040807.png,screenshot_game,798x599,66.2,6.5,228,16.3
Neverball_Game-Over-Bildschirm.png,screenshot_game,1200x675,78.2,8.6,257,10.8
Benkid77_CNPD.png,screenshot_game,320x240,2.0,0.4,1,0.6
Alto%27s_Adventure_screenshot_-_B03_Spine.png,screenshot_game,1200x675,96.5,11.8,304,9.6
Neverputt_Gameplay_Screenshot_4.png,screenshot_game,1200x675,62.7,8.9,225,9.5
Nuclear_Throne_screenshot_05.png,screenshot_game,1200x675,73.5,11.0,356,15.0
Cw3.png,screenshot_game,1023x767,39.4,4.9,121,5.3
Threes_development_process_art_mockup_11.png,screenshot_game,640x960,19.9,4.3,57,3.2
Nidhogg_video_game_screenshot_1.png,screenshot_game,800x501,19.2,4.4,61,5.3
Terracota_-_Falas.png,screenshot_game,1200x675,159.2,15.7,588,18.6
EB_battle.png,screenshot_game,797x600,139.3,12.0,763,54.5
Trainyard_game_-_screenshot_of_mixing_colors_-_1_of_3.png,screenshot_game,640x960,33.4,6.6,105,4.4
Contraption_5.png,screenshot_game,1200x675,128.4,14.3,528,16.7
Neverputt_Gameplay_Screenshot_3.png,screenshot_game,1200x675,102.3,10.5,388,16.4
Broforce_parachute_mooks.png,screenshot_game,1200x675,105.2,14.7,520,16.5
CRIM_%E6%AD%A6%E5%99%A8NPC%E5%9C%96.png,screenshot_game,1060x611,44.1,4.2,139,5.5
Everything_screenshot_03.png,screenshot_game,1200x675,178.8,15.6,521,16.5
"Dr._Langeskov,_The_Tiger,_and_The_Terribly_Cursed_Emerald_Screenshot_6.png",screenshot_game,1200x675,166.8,16.0,684,28.9
Absolver_screenshot_Fight02.png,screenshot_game,1200x675,266.3,17.7,1037,43.7
StationSnapshot1.png,screenshot_game,900x675,23.1,2.5,77,4.4
Fantastic_Contraption_VR_screenshot_01.png,screenshot_game,1200x675,224.1,17.6,891,28.2
Jb_snapshot_3.png,screenshot_game,240x320,2.9,0.3,7,3.2
Monaco_What%27s_Yours_Is_Mine_-_Screenshot_3_(The_Lookout_in_Action).png,screenshot_game,1200x750,180.3,16.2,782,29.7
Atlantik.png,screenshot_game,1024x721,24.8,3.5,93,4.3
SaoriFKiss002.png,screenshot_game,1000x492,87.5,10.8,397,27.6
Kiki_the_nano_bot_screenshot.png,screenshot_game,800x600,27.3,2.2,66,3.5
Threes_development_process_art_mockup_12.png,screenshot_game,640x960,17.4,4.1,21,1.2
Cuyo.png,screenshot_game,322x664,14.6,2.0,62,10.0
Alto%27s_Adventure_screenshot_-_B07_Island.png,screenshot_game,1200x675,102.6,11.7,323,10.2
Rain_World_screenshot_-_Shorelne_4.png,screenshot_game,1200x675,80.0,12.6,305,9.7
Trainyard_game_-_Magic_Carpet_level_screenshot.png,screenshot_game,640x960,54.6,9.6,281,11.7
Minicraft_Title_Screen.png,screenshot_game,480x360,4.4,0.5,2,0.5
Celeste_screenshot_08.png,screenshot_game,1200x675,107.8,13.2,401,12.7
Rain_World_screenshot_-_Line_Farms_2.png,screenshot_game,1200x675,181.3,17.0,754,23.9
Job_Simulator_screenshot_-_Hero_kitchen.png,screenshot_game,1200x675,78.7,10.9,320,13.5
Finances_UI_Coffee_Noir.png,screenshot_game,1200x675,310.2,23.5,1259,39.8
YarsRevengeEasterEGG.png,screenshot_game,1200x750,25.2,4.9,5,0.2
Wurfel_Engine_screenshot.png,screenshot_game,1200x675,171.0,14.3,794,33.5
EmpireOriginal.png,screenshot_game,632x400,9.8,1.8,14,1.4
Neverball_Gameplay_Screenshot_4.png,screenshot_game,1200x675,231.9,15.9,866,36.5
Invertika_-_Nex.png,screenshot_game,800x600,25.6,3.5,165,11.8
Nuclear_Throne_screenshot_08.png,screenshot_game,1200x675,59.5,11.3,234,7.4
PG_battlefield.png,screenshot_game,864x540,86.1,9.3,560,30.7
Rymdkapsel_screenshot_3.png,screenshot_game,1200x675,36.5,6.6,134,4.3
Benkid77_SpaceWhale.png,screenshot_game,320x240,2.0,0.4,1,0.5
Sn%C3%ADmek_obrazovky_2021-09-18_v_13.12.59.png,screenshot_game,592x592,36.4,4.8,170,12.5
AssaultCube_screenshot.png,screenshot_game,1200x709,288.6,21.7,1271,38.2
Job_Simulator_screenshot_-_Office_02.png,screenshot_game,1200x675,183.2,17.2,804,25.4
Score4ForbiddenPost.png,screenshot_game,490x463,8.3,0.8,17,2.6
Konquest.png,screenshot_game,608x692,19.0,4.5,62,3.8
Royals_screenshot.png,screenshot_game,800x480,13.3,2.7,8,0.6
CompliKATEd_screenshot_3.png,screenshot_game,1200x675,190.1,18.0,968,40.8
Town_of_Xenon.png,screenshot_game,480x480,11.3,0.8,17,2.0
Metamorphabet_screenshot_03.png,screenshot_game,1024x768,172.3,12.4,554,24.1
Broforce_four_players.png,screenshot_game,1200x675,132.9,16.2,669,21.2
RosAsmGameSpace.png,screenshot_game,800x600,22.1,4.0,124,8.9
Rymdkapsel_screenshot_5.png,screenshot_game,1200x590,18.8,5.2,35,1.7
OrionsbeltBattle.png,screenshot_game,451x482,47.8,3.9,229,36.0
Monaco_What%27s_Yours_Is_Mine_-_Screenshot_1_(Spotted).png,screenshot_game,1200x675,152.0,14.3,663,28.0
Alto%27s_Adventure_screenshot_-_A07_Ruins.png,screenshot_game,1200x675,80.5,10.6,291,12.3
Push_Me_Pull_You_screenshot_04.png,screenshot_game,1200x675,28.4,6.2,102,4.3
Towdie_Screenshot.png,screenshot_game,1024x768,20.7,4.5,15,0.7
Metamorphabet_screenshot_01.png,screenshot_game,1024x768,178.2,12.3,496,21.5
Severed_screenshot_02.png,screenshot_game,1200x675,199.5,17.3,788,33.2
Project_Starfighter.png,screenshot_game,778x500,25.9,4.0,51,3.4
Mini_Metro_screenshot_1.png,screenshot_game,1200x675,162.3,13.7,515,21.7
Threes_development_process_art_mockup_23.png,screenshot_game,640x960,17.3,4.4,32,1.8
Sintel_The_Game_Docks.png,screenshot_game,1200x720,309.7,19.9,1153,34.2
Neverputt_Gameplay_Screenshot_2.png,screenshot_game,1200x675,75.7,8.7,314,13.2
Alto%27s_Adventure_screenshot_-_B05_Grind_Hop.png,screenshot_game,1200x675,65.0,9.4,242,10.2
Trashmania_3.png,screenshot_game,640x420,6.9,1.1,2,0.3
Alchemistpic.png,screenshot_game,1000x518,53.9,8.3,248,12.3
Broforce_miniboss.png,screenshot_game,1200x675,64.4,10.3,243,7.7
Rain_World_screenshot_-_Sky_Islands_5.png,screenshot_game,1200x675,222.9,19.9,978,30.9
Prune_video_game_screenshot_3.png,screenshot_game,1200x1600,351.8,23.2,1287,22.9
Fragments_of_Him_-_Presskit_screenshot_3.png,screenshot_game,1200x675,268.6,16.9,1045,44.1
StationSnapshot2.png,screenshot_game,900x675,43.4,4.1,202,11.4
Severed_screenshot_04.png,screenshot_game,1200x675,187.5,16.5,839,35.4
Nuclear_Throne_screenshot_07.png,screenshot_game,1200x675,61.7,10.7,336,14.2
Rca_studio2_bowling_ss.png,screenshot_game,452x304,3.7,0.4,1,0.3
Metamorphabet_screenshot_05.png,screenshot_game,1024x768,153.0,15.0,501,21.8
Hern%C3%AD_okno_Darkelfa.png,screenshot_game,1200x675,234.4,18.4,1756,55.5
Monaco_What%27s_Yours_Is_Mine_-_Screenshot_6_(Character_Selection).png,screenshot_game,1200x675,45.4,7.8,148,6.3
Alto%27s_Adventure_screenshot_-_B10_Coins.png,screenshot_game,1200x675,77.1,9.8,262,11.0
Dwarf_Fortress_-_mapa_%C5%9Bwiata.png,screenshot_game,264x396,5.1,0.6,9,3.0
Agar.io_gameplay.png,screenshot_game,960x624,21.8,2.5,82,4.7
Blocks_on_ice_gameplay_1.png,screenshot_game,320x480,58.9,4.4,202,33.7
Neverball_Kursauswahl.png,screenshot_game,1024x768,77.8,9.6,388,16.9
Blek_-_Level_4_screenshot.png,screenshot_game,1104x778,132.8,8.1,429,17.1
Threes_development_process_art_mockup_04.png,screenshot_game,640x960,17.2,3.7,18,1.0
Alto%27s_Adventure_screenshot_-_B13_Wingsuit.png,screenshot_game,1200x675,80.2,9.8,278,11.7
Battle_for_Mandicor_0.0.5.png,screenshot_game,1024x768,83.5,10.2,422,18.3
Cw0.png,screenshot_game,1023x767,50.9,5.8,209,9.1
This_Is_the_Police_-_Screenshot_12.png,screenshot_game,1200x675,101.9,11.8,425,17.9
Blek_screenshot_collection_4.png,screenshot_game,1200x897,90.8,6.8,244,7.7
Terracota_-_Mapa_inicial.png,screenshot_game,1200x675,258.9,19.5,1001,31.6
Severed_screenshot_05.png,screenshot_game,1200x675,201.1,17.0,834,35.2
Rain_World_screenshot_-_2016-05-31_16_46_49_progress.png,screenshot_game,1200x675,262.5,20.1,910,28.8
Alto%27s_Adventure_screenshot_-_A06_Forest.png,screenshot_game,1200x675,238.0,16.8,780,32.9
BioRust_Screenshot_02.png,screenshot_game,1200x675,202.6,15.4,824,26.1
Amulets_%26_armor_-03.png,screenshot_game,640x400,15.8,2.6,55,7.4
Orwell_video_game_screenshot_6.png,screenshot_game,1200x675,136.2,13.7,534,22.5
Fragments_of_Him_-_Presskit_screenshot_5.png,screenshot_game,1200x675,219.3,17.2,748,31.5
Sopwith-screenshot.png,screenshot_game,639x400,6.9,0.8,2,0.3
Rowlands_Challenge.png,screenshot_game,800x663,21.5,2.0,47,2.3
"Tux_Racer_gameplay,_pre-v0.60.png",screenshot_game,800x600,93.0,5.6,344,24.5
Trini_Shii%22Mori.png,screenshot_game,841x467,153.4,8.7,716,46.7
Alto%27s_Adventure_screenshot_-_B06_Camp.png,screenshot_game,1200x675,64.6,10.1,210,6.7
SvsL_01.png,screenshot_game,480x345,9.8,1.1,66,13.7
Hedgeweap.png,screenshot_game,240x342,5.4,1.2,55,22.9
Threes_development_process_art_mockup_20.png,screenshot_game,640x960,19.4,4.7,53,3.0
Monaco_What%27s_Yours_Is_Mine_-_Screenshot_5_(Hacking_the_Embassy).png,screenshot_game,1200x750,208.7,17.7,783,22.3
OXO_emulated_portion.png,screenshot_game,229x227,1.7,0.2,2,1.1
Rain_World_screenshot_-_2016-05-31_16_15_34_climbing.png,screenshot_game,1200x675,261.7,19.2,835,26.4
Terracota_-_Falando.png,screenshot_game,1200x675,210.1,16.7,695,22.0
Dark_Scavenger_screenshot_6.png,screenshot_game,800x600,115.9,8.5,655,46.6
Skrupel.png,screenshot_game,1018x805,44.7,9.6,179,5.6
X-pired.png,screenshot_game,410x427,14.1,2.0,96,18.9
Blek_screenshot_collection_2.png,screenshot_game,1200x899,63.0,5.8,145,4.6
Sn%C3%ADmek_obrazovky_2021-09-19_v_13.06.08.png,screenshot_game,264x154,3.4,0.6,19,12.1
Clonk-Endeavour-4.9.5.4-deutsch-screen.png,screenshot_game,1120x641,115.3,5.4,839,39.9
A7xpg-continue.png,screenshot_game,640x480,25.3,3.9,106,11.9
TowerFall_Kings_Court.png,screenshot_game,960x720,24.6,3.5,71,3.5
KGoldrunner_game_in_progress.png,screenshot_game,1152x703,24.2,7.5,52,2.2
This_Is_the_Police_-_Screenshot_04.png,screenshot_game,1200x675,58.0,9.9,273,11.5
Fantastic_Contraption_VR_screenshot_04.png,screenshot_game,1200x675,139.1,14.4,535,16.9
CompliKATEd_screenshot_4.png,screenshot_game,1200x675,130.2,15.4,719,30.3
Ai_dungeon_with_a_custom_setting.png,screenshot_game,1200x678,21.9,5.6,46,1.9
Flinthook_screenshot_-_Pax_square_2.png,screenshot_game,800x800,19.9,5.0,44,2.4
Flinthook_screenshot_-_Pax_square_3.png,screenshot_game,800x800,17.8,4.6,22,1.2
Threes_development_process_art_mockup_17.png,screenshot_game,640x960,18.4,3.8,37,2.1
Euchreshot2.png,screenshot_game,320x210,1.8,0.2,1,0.6
Blackwood_Crossing_announcement_screenshot_02.png,screenshot_game,1200x675,266.5,20.0,892,28.2
Stay_Frosty_(SpiceWare)_1.png,screenshot_game,320x210,3.5,0.7,13,5.3
Threes_development_process_art_mockup_18.png,screenshot_game,640x960,19.5,4.3,54,3.0
Threes_development_process_art_mockup_08.png,screenshot_game,640x960,19.6,4.0,48,2.7
Absolver_screenshot_Fight03.png,screenshot_game,1200x675,293.8,19.8,1072,45.2
Dark_Scavenger_screenshot_2.png,screenshot_game,800x600,111.8,8.1,661,47.0
KAtomicScreenShot.png,screenshot_game,567x584,20.4,2.0,103,10.6
Fkiss.png,screenshot_game,642x426,12.9,1.1,35,4.4
Neverball_Titelbildschirm.png,screenshot_game,1200x675,82.7,10.2,448,18.9
Rouge-game.png,screenshot_game,650x337,6.3,1.6,10,1.7
Neverball_Gameplay_Screenshot_11.png,screenshot_game,1024x768,109.2,9.8,349,15.2
TowerFall_Twilight_Spire.png,screenshot_game,960x720,24.5,3.6,76,3.8
CompliKATEd_screenshot_1.png,screenshot_game,1200x675,189.0,17.9,968,40.8
Tacoma_ZeroG_Figures.png,screenshot_game,1200x675,130.3,11.5,507,21.4
Threes_development_process_art_mockup_02.png,screenshot_game,640x960,17.3,4.2,21,1.2
Neverball_Gameplay_Screenshot_6.png,screenshot_game,1200x675,167.4,14.1,755,31.8
Alto%27s_Adventure_screenshot_-_B08_Forest_Dawn.png,screenshot_game,1200x675,85.2,11.5,265,8.4
Rain_World_screenshot_-_Linear_Farms_1080.png,screenshot_game,1200x675,146.4,16.6,643,20.4
Neverball_Gameplay_Screenshot_2.png,screenshot_game,1200x675,193.8,15.1,775,32.7
Sn%C3%ADmek_obrazovky_2021-09-24_v_18.07.06.png,screenshot_game,356x234,3.2,0.5,4,1.2
This_Is_the_Police_-_Screenshot_03.png,screenshot_game,1200x675,65.9,9.7,206,8.7
Job_Simulator_screenshot_-_Kitchen_02.png,screenshot_game,1200x675,145.4,15.1,781,24.7
Celeste_screenshot_10.png,screenshot_game,1200x675,84.1,12.4,300,9.5
Trainyard_game_-_prototype_screenshot_dated_2009_May.png,screenshot_game,320x480,9.2,1.6,53,11.8
Hackmud_patching.png,screenshot_game,1200x755,307.6,20.8,931,26.3
Tile_World.png,screenshot_game,654x497,13.2,2.3,29,2.3
Production_UI_Coffee_Noir.png,screenshot_game,1200x675,318.1,21.7,1208,38.2
Blackwood_Crossing_August_reveal_screenshot_03_Treehouse.png,screenshot_game,1200x675,252.9,18.2,1083,45.6
Rymdkapsel_screenshot_4.png,screenshot_game,1200x675,33.0,7.0,104,3.3
Job_Simulator_screenshot_-_Hero_office.png,screenshot_game,1200x675,97.5,11.0,321,13.5
Job_Simulator_screenshot_-_Constore_02.png,screenshot_game,1200x675,197.5,19.1,973,30.8
Blackwood_Crossing_announcement_screenshot_01.png,screenshot_game,1200x675,203.5,16.6,632,26.6
Alto%27s_Adventure_screenshot_-_B00_Kicker.png,screenshot_game,1200x675,76.0,9.8,242,10.2
Tutojob.png,screenshot_game,732x461,65.5,5.3,322,32.6
LastBattleForceRates.png,screenshot_game,512x384,5.8,0.6,6,1.0
Broforce_landmine.png,screenshot_game,1200x675,108.0,15.0,541,17.1
Agar.io_gameplay1.png,screenshot_game,960x624,21.7,4.1,81,4.6
Orwell_video_game_screenshot_10.png,screenshot_game,1200x675,181.7,16.4,804,33.9
CityBattle_Virtual_Earth_Screenshot2.png,screenshot_game,1200x675,268.1,20.6,1055,33.4
EnigmaScreenshot.png,screenshot_game,640x480,30.3,3.5,110,12.2
PioneerSpaceSim_screenshot.png,screenshot_game,1024x600,94.2,9.2,461,25.7
Nuclear_Throne_screenshot_03.png,screenshot_game,1200x675,48.6,9.8,219,9.2
Mini_Metro_screenshot_5.png,screenshot_game,1200x675,101.8,10.2,375,11.9
Broforce_blade_vs_truck.png,screenshot_game,1200x675,108.2,15.5,557,17.6
Dark_Scavenger_screenshot_1.png,screenshot_game,800x600,142.8,9.1,730,52.0
Marty%27O.png,screenshot_game,931x520,183.9,11.0,904,47.8
Prune_video_game_screenshot_5.png,screenshot_game,1200x1600,595.0,36.8,2442,43.4
Noctis_Screenshot.png,screenshot_game,916x200,19.5,1.1,99,18.6
Epistory07.png,screenshot_game,1200x675,280.0,19.7,1331,42.1
Trainyard_game_-_Quaddy_prototype_screenshot.png,screenshot_game,320x480,14.7,1.6,75,12.6
Celeste_screenshot_03.png,screenshot_game,1200x675,59.6,9.8,204,6.5
Jumper_platformer.png,screenshot_game,602x451,11.2,2.2,28,2.7
20XX_Menu_picture.png,screenshot_game,634x406,34.0,4.2,171,17.1
Trashmania_2.png,screenshot_game,640x420,6.8,1.2,2,0.3
Neverball_Gameplay_Screenshot_12.png,screenshot_game,1024x768,134.9,13.4,544,23.7
Rain_World_screenshot_-_SB_F01.png,screenshot_game,1200x673,106.0,14.0,466,14.8
Opentyrian_torm.png,screenshot_game,328x228,13.4,0.6,53,18.3
Fragments_of_Him_-_Work_In_Progress_screenshot_1.png,screenshot_game,1200x675,141.2,14.0,513,21.6
Briquolo.png,screenshot_game,1024x768,242.1,20.1,1227,53.3
Antimage.png,screenshot_game,1018x528,32.8,4.5,117,5.6
Hackmud_archaic.png,screenshot_game,1200x755,223.2,19.0,975,27.6
Tacoma_Kitchen.png,screenshot_game,1200x675,195.6,17.1,697,22.0
DOTGv0.31screenshot.png,screenshot_game,640x480,47.1,5.0,160,17.9
Ten_tiles_on_weekly_no_tabs_564x548.png,screenshot_game,564x548,33.1,4.8,228,19.0
Napoleonic_Empires.png,screenshot_game,1200x900,264.8,21.4,1942,61.4
Battle_for_the_Galaxy_gameplay.png,screenshot_game,400x300,18.3,2.4,282,80.3
Neverball_Gameplay_Screenshot_10.png,screenshot_game,1024x768,162.1,14.1,653,28.3
Eugen_Uskoff.png,screenshot_game,640x276,11.2,1.0,47,9.2
"Dr._Langeskov,_The_Tiger,_and_The_Terribly_Cursed_Emerald_Screenshot_2.png",screenshot_game,1200x675,306.5,22.8,1248,39.5
Freedom_Planet_Milla_screenshot.png,screenshot_game,426x240,30.7,2.3,197,49.5
Lbreakout2.png,screenshot_game,637x485,49.2,4.7,230,25.5
Freedom_Planet_Cutscene.png,screenshot_game,852x480,17.8,1.7,49,4.1
Chasing_Aurora_screenshot_12_(Freeze).png,screenshot_game,1200x675,181.6,12.5,725,30.6
Flinthook_screenshot_-_Pax_tutorial.png,screenshot_game,1200x675,80.8,12.1,411,17.4
Prune_video_game_screenshot_2.png,screenshot_game,1200x1600,694.8,33.2,2648,47.1
Chasing_Aurora_screenshot_07_(Wii_U).png,screenshot_game,1200x675,171.9,16.4,651,20.6
Hundreds_(video_game)_-_Level_61.png,screenshot_game,1024x768,154.2,9.7,464,15.1
Yoda_Soccer_screenshot.png,screenshot_game,640x480,40.0,3.0,114,12.7
Orwell_video_game_screenshot_2.png,screenshot_game,1200x675,110.3,14.1,536,17.0
Screenshot_of_the_Ultima_Ratio_Regum_version_0.7.0._taken_in_2015.png,screenshot_game,1056x696,26.9,5.3,36,1.3
Mapperkmud.png,screenshot_game,913x616,16.7,1.8,25,1.6
Blackwood_Crossing_August_reveal_screenshot_01_Finn.png,screenshot_game,1200x675,256.5,19.8,995,31.5
Celeste_screenshot_05.png,screenshot_game,1200x675,167.3,17.7,710,22.5
KNetWalk.png,screenshot_game,408x530,25.4,3.4,113,13.4
Neverball_Gameplay_Screenshot_1.png,screenshot_game,1200x675,165.6,13.0,727,30.7
Trainyard_game_-_prototype_screenshot_dated_2009_November.png,screenshot_game,708x554,35.3,6.1,150,9.9
Lemonade_Stand_2.png,screenshot_game,560x384,7.3,0.8,4,0.5
Absolver_screenshot_Fight01.png,screenshot_game,1200x675,274.4,17.1,955,40.3
Dnd8won.png,screenshot_game,512x512,8.4,2.0,8,1.1
Nuclear_Throne_screenshot_04.png,screenshot_game,1200x675,74.5,11.2,331,14.0
Sega-Mega-Drive-regional-lockout-error.png,screenshot_game,320x224,2.4,0.2,1,0.5
Ambient_lights_cube_engine.png,screenshot_game,1200x1800,563.0,47.0,2660,42.0
Xjump.png,screenshot_game,542x699,9.9,2.8,7,0.7
Mini_Metro_screenshot_0.png,screenshot_game,1200x675,189.2,15.1,577,18.3
Darkelf_-_tituln%C3%AD_str%C3%A1nka.png,screenshot_game,934x860,116.6,14.2,636,27.0
Rain_World_screenshot_-_Shoreline_1.png,screenshot_game,1200x675,159.1,16.6,601,19.0
Scourge_character_creation.png,screenshot_game,500x420,52.5,4.6,187,30.5
3dcursedlabyrinth-mazegame.png,screenshot_game,343x480,5.9,1.2,22,4.6
Galak-Z_screenshot_-_whole_gang.png,screenshot_game,1200x675,321.8,22.1,1188,37.5
This_Is_the_Police_-_Screenshot_10.png,screenshot_game,1200x675,88.3,12.6,458,14.5
Job_Simulator_screenshot_-_Constore_01.png,screenshot_game,1200x675,198.2,18.9,910,28.8
Celeste_screenshot_11.png,screenshot_game,1200x675,159.8,17.6,692,21.9
Flinthook_screenshot_-_Pax_square_4.png,screenshot_game,800x800,17.9,4.7,25,1.3
"Dr._Langeskov,_The_Tiger,_and_The_Terribly_Cursed_Emerald_Screenshot_5.png",screenshot_game,1200x675,204.0,12.4,918,38.7
CityBattle_Virtual_Earth_Screenshot1.png,screenshot_game,1200x669,303.9,23.7,1317,42.0
Trainyard_game_-_Machine_Gun_level_screenshot.png,screenshot_game,640x960,44.5,7.9,195,8.2
Meritous-automap.png,screenshot_game,640x480,10.9,3.3,25,2.9
OpenBVEStartScreen.png,screenshot_game,937x674,28.2,6.6,59,2.4
Trainspotting.png,screenshot_game,240x216,2.0,0.4,3,2.6
Trainyard_game_-_screenshot_of_mixing_colors_-_2_of_3.png,screenshot_game,640x960,32.4,6.5,102,4.3
Pong.png,screenshot_game,800x600,12.0,1.6,3,0.2
TowerFall_Thornwood.png,screenshot_game,960x720,25.2,3.6,81,4.0
TowerFall_Flight.png,screenshot_game,960x720,24.4,3.7,71,3.5
Threes_development_process_art_mockup_13.png,screenshot_game,640x960,18.6,4.3,42,2.4
Fragments_of_Him_-_Presskit_screenshot_4.png,screenshot_game,1200x675,180.5,15.3,651,27.5
Sn%C3%ADmek_obrazovky_2021-09-05_v_14.06.43.png,screenshot_game,351x236,3.1,0.7,14,4.5
"Dr._Langeskov,_The_Tiger,_and_The_Terribly_Cursed_Emerald_Screenshot_1.png",screenshot_game,1200x675,210.6,17.0,1165,49.1
DayZ.png,screenshot_game,701x178,5.5,0.5,18,3.9
Contraption_2.png,screenshot_game,1200x675,103.0,13.1,433,13.7
Tacoma_CrewMeeting.png,screenshot_game,1200x675,235.6,20.2,965,30.5
TowerFall_Sacred_Ground.png,screenshot_game,960x720,23.0,3.4,60,3.0
PekkaKana2_Scr01.png,screenshot_game,286x241,8.5,0.6,77,38.3
Severed_screenshot_01.png,screenshot_game,1200x675,176.8,14.6,616,26.0
Threes_development_process_art_mockup_05.png,screenshot_game,640x960,17.3,3.6,23,1.3
TMW_Screenshot_15.png,screenshot_game,800x600,72.5,9.2,683,48.6
Thrust_InGame.png,screenshot_game,320x210,2.2,0.2,2,1.1
Contraption_9.png,screenshot_game,1200x675,114.0,13.1,365,11.5
One_Hour_One_Life_Screenshot.png,screenshot_game,1200x675,298.3,25.3,1773,56.1
Neverball_Gameplay_Screenshot_3.png,screenshot_game,1200x675,205.2,14.2,738,31.1
Push_Me_Pull_You_screenshot_07.png,screenshot_game,1200x675,38.4,7.3,130,4.1
Rail_Route_%E2%80%94_Control.png,screenshot_game,1200x675,229.1,15.5,920,38.8
HDX_Screenshot.png,screenshot_game,1200x934,278.3,24.3,2023,46.2
Trainyard_game_-_screenshot_of_mixing_colors_-_3_of_3.png,screenshot_game,640x960,32.0,6.5,100,4.2
Minetest_LazyJ%27s_Forge_with_creative_inventory_opened.png,screenshot_game,1200x675,131.0,13.5,639,27.0
Push_Me_Pull_You_screenshot_10.png,screenshot_game,1200x675,59.2,9.4,428,18.1
Blackwood_Crossing_August_reveal_screenshot_04_Planetarium.png,screenshot_game,1200x675,266.8,18.7,1173,49.5
Kye.png,screenshot_game,482x367,5.6,1.3,14,2.8
Broforce_boss_fight.png,screenshot_game,1200x675,119.3,15.4,589,18.6
Broforce_mooks_in_air.png,screenshot_game,1200x675,71.9,11.9,406,17.1
Actsmudwintinnet.png,screenshot_game,659x420,10.9,2.6,20,1.9
SpellTower_screenshot_-_VsPlayer2.png,screenshot_game,768x1024,43.8,8.8,101,3.3
Blackwood_Crossing_announcement_screenshot_03.png,screenshot_game,1200x675,342.8,23.0,1113,35.2
Scourge_character_information.png,screenshot_game,695x565,95.0,8.6,380,33.1
3dbrick2.png,screenshot_game,320x240,2.4,0.5,5,2.5
Broforce_explosion.png,screenshot_game,1200x675,104.6,14.6,499,15.8
Orbithopper.png,screenshot_game,800x640,45.3,6.4,181,12.1
Alto%27s_Adventure_screenshot_-_B09_Roof_Rain.png,screenshot_game,1200x675,99.9,11.1,369,15.5
Interstellar_Force_Lost_in_8-Bit_space_(5455466752).png,screenshot_game,480x320,11.6,2.2,56,9.5
Netrek-client-cow.png,screenshot_game,1028x752,28.1,5.7,47,2.1
Rain_World_screenshot_-_filtration_sys.png,screenshot_game,1036x641,116.7,7.7,484,18.7
Fragments_of_Him_-_Work_In_Progress_screenshot_5.png,screenshot_game,1200x675,249.1,18.2,723,22.9
Close_Castles_screenshot.png,screenshot_game,1200x676,84.8,11.5,382,12.1
Fantastic_Contraption_VR_screenshot_06.png,screenshot_game,1200x675,89.7,10.6,350,14.8
Chasing_Aurora_screenshot_10_(Chase).png,screenshot_game,1200x675,101.9,12.3,421,13.3
Galak-Z_screenshot_-_sentinel_showdown.png,screenshot_game,1200x675,257.1,18.4,923,29.2
Job_Simulator_screenshot_-_Auto_02.png,screenshot_game,1200x675,180.7,17.5,899,28.4
WorldWar3Preview.png,screenshot_game,646x512,53.1,5.5,592,61.2
Chasing_Aurora_screenshot_11_(Freeze).png,screenshot_game,1200x675,142.5,13.7,513,21.6
Alto%27s_Adventure_screenshot_-_A03_Sunrise.png,screenshot_game,1200x675,68.4,7.2,203,8.6
Tooth_and_Tail_-_Development_3.png,screenshot_game,1200x676,201.4,17.9,835,35.2
SolarWolf-splash.png,screenshot_game,800x600,46.5,3.0,286,15.3
Threes_development_process_art_mockup_09.png,screenshot_game,640x960,20.2,3.9,49,2.7
Terracota_-_Jogo_menino.png,screenshot_game,1200x675,172.8,16.1,602,19.1
SpellTower_screenshot_-_PuzzleMode-Lose_1.png,screenshot_game,1200x1600,99.3,18.2,290,3.9
Moyangyang.png,screenshot_game,613x265,24.1,3.1,120,25.3
Slingshot.png,screenshot_game,810x629,93.4,7.7,439,22.1
ReCaged_project_version_0.7.0_preview_thumbnail.png,screenshot_game,1200x800,30.1,7.6,48,1.7
Rain_World_screenshot_-_Sky_Islands_4.png,screenshot_game,1200x675,230.6,20.3,965,30.5
Actsmudgnome.png,screenshot_game,888x614,16.7,4.4,52,3.3
Celeste_screenshot_09.png,screenshot_game,1200x675,114.9,13.0,389,12.3
Dcss.0.21.webtiles.Elven-Halls.png,screenshot_game,1200x614,112.6,13.6,643,22.3
Rail_Route_%E2%80%94_Logo-black.png,screenshot_game,800x800,16.5,4.1,16,0.9
Mini_Metro_screenshot_4.png,screenshot_game,1200x675,121.0,13.8,466,14.7
SpellTower_screenshot_-_RushMode(2).png,screenshot_game,1200x1600,101.1,18.0,330,4.4
Credits.png,screenshot_game,1200x675,187.2,17.0,512,16.2
Mode_7_on_GBA.png,screenshot_game,960x640,16.3,3.5,10,0.6
Fragments_of_Him_-_Work_In_Progress_screenshot_4.png,screenshot_game,1200x675,183.4,13.8,578,24.4
Terracota_-_Mapa_meio.png,screenshot_game,1200x675,282.5,20.5,996,31.5
Threes_development_process_art_mockup_24.png,screenshot_game,640x960,17.2,4.1,32,1.8
Galak-Z_screenshot_-_floating_rhino.png,screenshot_game,1200x664,322.8,21.1,1349,43.3
Rymdkapsel_screenshot_2.png,screenshot_game,1200x590,19.4,5.0,50,2.5
Fragments_of_Him_-_Presskit_screenshot_1.png,screenshot_game,1200x675,246.3,16.7,976,41.2
Senat.Grepolisfr.png,screenshot_game,591x147,26.0,2.6,166,49.1
Klondike_(solitare).png,screenshot_game,610x430,16.6,1.1,75,7.4
Prune_video_game_screenshot_1.png,screenshot_game,1200x1600,631.8,30.6,2487,44.2
FreeOrion-production.png,screenshot_game,1024x768,41.0,8.2,236,10.3
Push_Me_Pull_You_screenshot_09.png,screenshot_game,1200x675,30.8,7.2,118,5.0
This_Is_the_Police_-_Screenshot_06.png,screenshot_game,1200x675,70.9,11.0,426,18.0
Celeste_screenshot_04.png,screenshot_game,1200x675,127.3,14.9,520,16.4
Alto%27s_Adventure_screenshot_-_B01_Roof.png,screenshot_game,1200x675,75.5,8.7,278,11.7
Fantastic_Contraption_VR_screenshot_05.png,screenshot_game,1200x675,111.6,12.9,516,21.8
PerOxydScreenshot.png,screenshot_game,640x400,24.7,1.1,131,17.5
Rain_World_screenshot_-_Sky_Islands_1.png,screenshot_game,1200x675,196.7,19.7,942,29.8
OrionsbeltPresentation.png,screenshot_game,640x467,48.8,3.7,289,24.8
BFM-screenshot01.png,screenshot_game,1024x768,62.1,8.2,265,11.5
Galaxy_Game_(1971)_-_Title_screen.png,screenshot_game,512x512,7.4,1.4,1,0.2
Monaco_What%27s_Yours_Is_Mine_-_Screenshot_4_(Casino_Heist).png,screenshot_game,1200x750,230.3,19.4,899,25.6
Mode_7_Test-0000.png,screenshot_game,1024x896,24.2,3.8,17,0.6
Job_Simulator_screenshot_-_Fun_02.png,screenshot_game,1200x675,172.5,16.1,791,25.0
Rudo.png,screenshot_game,930x521,174.2,12.1,1057,55.9
Neverputt_Titelbildschirm.png,screenshot_game,1200x675,61.0,8.0,265,11.2
Fragments_of_Him_-_Presskit_screenshot_2.png,screenshot_game,1200x675,195.5,15.0,707,29.8
This_Is_the_Police_-_Screenshot_11.png,screenshot_game,1200x675,41.3,8.8,138,5.8
Rain_World_screenshot_-_Underhang_1080.png,screenshot_game,1200x675,163.8,16.9,726,23.0
Trainyard_game_-_Cooksville_Creek_level_screenshot.png,screenshot_game,640x960,48.4,8.6,235,9.8
SpellTower_screenshot_-_RushMode.png,screenshot_game,640x960,30.2,6.1,91,3.8
Rail_Route_%E2%80%94_Automate.png,screenshot_game,1200x675,226.9,16.5,958,40.4
"Dwarf_Fortress_-_mapa_%C5%9Bwiata,_fragment.png",screenshot_game,106x133,0.8,0.1,1,3.2
Galak-Z_screenshot_-_gz_blue.png,screenshot_game,1200x675,235.2,16.7,1000,42.2
Orwell_video_game_screenshot_9.png,screenshot_game,1200x675,178.2,17.4,721,22.8
Nuclear_Throne_screenshot_01.png,screenshot_game,1200x675,47.1,9.6,204,8.6
Rain_World_screenshot_-_Shoreline_2.png,screenshot_game,1200x675,91.4,12.8,359,11.4
Screenshot_from_Getting_Over_It_With_Bennett_Foddy.png,screenshot_game,1107x1040,473.0,27.5,2069,46.0
EmpireOpenSource_windowless.png,screenshot_game,560x375,8.2,1.4,17,2.2
Invertika_-_Desert.png,screenshot_game,800x600,33.8,4.4,195,13.9
Dungeon_crawl_stone_soup.png,screenshot_game,800x481,28.2,5.7,136,9.1
Kikinanobot.png,screenshot_game,1024x768,42.3,7.0,121,5.3
EmpireOpenSource.png,screenshot_game,579x428,11.0,2.5,30,3.2
Rain_World_screenshot_-_subway.png,screenshot_game,1105x654,59.4,5.0,275,9.7
BeamWars--.png,screenshot_game,300x215,12.2,1.2,49,26.1
Bankai.png,screenshot_game,791x711,39.4,2.9,176,10.7
Cibele_video_game_screenshot_1.png,screenshot_game,1200x675,295.1,18.9,995,31.5
Temporal_game_screenshot.png,screenshot_game,1024x768,23.9,6.7,41,1.8
Bethewumpus_screenshot.png,screenshot_game,622x676,10.4,2.6,4,0.4
Flinthook_screenshot_-_Pax_start.png,screenshot_game,1200x675,68.5,11.2,356,15.0
Blek_screenshot_collection_3.png,screenshot_game,1200x899,86.9,7.1,249,7.9
Monaco_What%27s_Yours_Is_Mine_-_Screenshot_2_(Lobby).png,screenshot_game,1200x675,121.7,12.5,448,18.9
Minetest_high-res_texture_pack.png,screenshot_game,1024x594,180.7,14.1,813,45.7
Tacoma_StationExterior.png,screenshot_game,1200x675,198.4,15.9,743,31.3
This_Is_the_Police_-_Screenshot_08.png,screenshot_game,1200x675,47.5,9.8,219,9.3
B.A.L.L.Z.png,screenshot_game,648x511,11.0,1.1,25,2.6
Threes_development_process_art_mockup_01.png,screenshot_game,640x960,16.8,3.6,11,0.6
Cree.png,screenshot_game,932x523,180.3,10.7,899,47.2
Nuclear_Throne_screenshot_02.png,screenshot_game,1200x675,76.3,11.7,420,17.7
Absolver_screenshot_Forest.png,screenshot_game,1200x675,306.3,17.3,1089,34.4
Pahom_Grim.png,screenshot_game,842x473,162.2,9.0,667,42.9
Mini_Metro_screenshot_2.png,screenshot_game,1200x675,164.0,13.0,562,23.7
Threes_development_process_art_mockup_16.png,screenshot_game,640x960,19.3,4.2,42,2.4
Fantastic_Contraption_VR_screenshot_02.png,screenshot_game,1200x675,175.0,13.9,653,27.6
Lemonade_Stand_1.png,screenshot_game,560x384,7.4,0.8,4,0.6
Alto%27s_Adventure_screenshot_-_A05_Night.png,screenshot_game,1200x675,63.5,8.4,209,8.8
Disim_tutorial_04.png,screenshot_game,696x696,102.4,10.1,580,30.7
Alto%27s_Adventure_screenshot_-_B02_Village.png,screenshot_game,1200x675,74.7,9.1,289,12.2
Wc4source.png,screenshot_game,784x424,8.8,1.1,16,1.7
Celeste_screenshot_01.png,screenshot_game,1200x675,99.0,12.7,332,10.5
Contraption_7.png,screenshot_game,1200x675,140.6,13.8,482,15.3
Chmatakovonline.png,screenshot_game,799x589,64.8,4.4,479,34.8
Pang_Zero.png,screenshot_game,805x602,43.1,5.7,138,9.7
Samba_of_the_Wolves_Wiley.png,screenshot_game,640x480,29.7,3.4,160,17.9
Job_Simulator_screenshot_-_Hero_convenience.png,screenshot_game,1200x675,150.4,13.3,593,25.0
Job_Simulator_screenshot_-_Kitchen_01.png,screenshot_game,1200x675,115.2,13.0,671,28.3
Fragments_of_Him_-_Work_In_Progress_screenshot_6.png,screenshot_game,1200x675,239.4,17.2,790,33.3
Battalen-screen.png,screenshot_game,200x244,2.7,0.6,20,14.6
Neverball_Gameplay_Screenshot_7.png,screenshot_game,1200x675,137.7,13.6,607,25.6
MEMPTR_Snake.png,screenshot_game,320x240,2.1,0.4,1,0.6
Broforce_boss_destructing.png,screenshot_game,1200x675,110.3,15.0,556,17.6
SpellTower_screenshot_-_PuzzleMode-Lose_2.png,screenshot_game,1200x1600,110.9,18.4,344,4.6
Push_Me_Pull_You_screenshot_06.png,screenshot_game,1200x675,43.8,8.2,235,9.9
Minetest_LazyJ%27s_Forge_in_the_evening.png,screenshot_game,1200x675,153.2,11.3,555,23.4
Contraption_6.png,screenshot_game,1200x675,136.0,13.5,425,13.4
Supertux-checkpoint.png,screenshot_game,800x600,49.2,7.6,309,22.0
Dark_Scavenger_screenshot_4.png,screenshot_game,800x600,116.6,7.8,479,34.1
Winners_Dont_Use_Drugs.png,screenshot_game,320x224,2.9,0.3,6,3.3
Rain_World_screenshot_-_temple.png,screenshot_game,917x669,119.5,8.0,504,21.0
Christopher_Strachey%27s_Draughts_Program.png,screenshot_game,409x404,28.5,2.3,154,23.9
Roosevelt_Elk_Male_(4837677522).png,screenshot_game,1200x750,171.2,15.8,1883,71.4
Robotfindskitten.png,screenshot_game,484x316,5.1,1.1,3,0.5
C4_Solids_Demo.png,screenshot_game,256x224,1.8,0.3,2,1.6
Galak-Z_screenshot_-_missile_porn.png,screenshot_game,1200x675,302.1,22.9,1234,39.0
Minetest_high-res_texture_pack_2.png,screenshot_game,1024x594,162.3,14.3,754,42.4
Neverball_Gameplay_Screenshot_9.png,screenshot_game,1024x768,145.1,13.8,562,24.4
BioRust_Screenshot_03.png,screenshot_game,1200x675,181.2,15.9,671,21.2
Job_Simulator_screenshot_-_Fun_01.png,screenshot_game,1200x675,136.7,15.3,824,34.8
Ankh_Grim.png,screenshot_game,837x467,156.3,8.5,625,41.0
Score4Zugzwang.png,screenshot_game,492x465,14.2,0.9,41,6.2
Speedway-Joyce_Weisbecker.png,screenshot_game,591x393,8.2,1.9,7,0.8
Virtual_portal_or_magic_lens.png,screenshot_game,620x512,30.3,4.2,76,6.2
Alto%27s_Adventure_screenshot_-_A04_Ice.png,screenshot_game,1200x675,99.1,11.1,362,11.4
Neverball_Gameplay_Screenshot_13.png,screenshot_game,1024x768,161.4,13.7,573,24.9
DungeonmodeB.png,screenshot_game,521x271,16.8,1.2,166,40.4
TowerFall_Mirage.png,screenshot_game,960x720,21.3,3.3,45,2.2
Muttsworldmine_Survival_spawn.png,screenshot_game,838x745,113.7,8.9,876,47.9
Glenn_Wichman_Toxic_ravine.png,screenshot_game,256x171,5.1,0.3,44,34.9
American_Sammy_Corp.png,screenshot_game,160x161,1.3,0.2,8,10.7
Neverball_Pausenmen%C3%BC.png,screenshot_game,1200x675,187.9,15.8,744,31.4
Dark_Scavenger_screenshot_3.png,screenshot_game,800x600,108.4,7.6,534,38.0
Stella_Shii%27Mori.png,screenshot_game,929x520,168.6,12.0,1058,56.1
Konquest_catal%C3%A0.png,screenshot_game,611x686,79.9,7.4,377,30.8
Threes_development_process_art_mockup_07.png,screenshot_game,640x960,19.0,4.1,39,2.2
Neverball_Gameplay_Screenshot_8.png,screenshot_game,1024x768,148.9,13.9,577,25.1
Broforce_on_the_helicopter.png,screenshot_game,1200x675,103.3,15.0,553,17.5
This_Is_the_Police_logo_horizontal.png,screenshot_game,1199x687,23.5,6.8,70,2.9
Blackwood_Crossing_announcement_screenshot_04.png,screenshot_game,1200x675,284.2,20.1,1083,45.7
Pysol-black-hole-solitaire-deal-1000-with-public-domain-tabletile.png,screenshot_game,952x686,110.4,9.0,1045,41.0
Xlogical.png,screenshot_game,800x600,27.5,3.5,61,4.4
Fragments_of_Him_-_Presskit_screenshot_6.png,screenshot_game,1200x675,218.4,17.5,853,36.0
Terracota_-_Jogo_menina.png,screenshot_game,1200x675,171.8,16.1,605,19.1
Mtp_Target.png,screenshot_game,640x480,80.0,6.7,364,40.5
Tooth_and_Tail_-_Development_2.png,screenshot_game,1200x677,112.7,12.9,468,19.7
PySolFC-Bakers-Deal-No-2-Midst-of-Solving-by-fc-solve-with-gi-preset.png,screenshot_game,631x670,52.9,5.8,207,12.6
Threes_development_process_art_mockup_21.png,screenshot_game,640x960,18.6,4.5,48,2.7
TerraMagnusGame.png,screenshot_game,700x528,15.6,3.7,63,5.9
VideoOlympics.png,screenshot_game,1200x769,30.3,7.0,8,0.2
Evacshelter.png,screenshot_game,129x252,1.1,0.2,1,1.2
Celeste_screenshot_06.png,screenshot_game,1200x675,59.7,9.4,209,6.6
Passage_3_by_Jason_Rohrer_screenshot.png,screenshot_game,600x96,1.7,0.2,2,1.6
"Dr._Langeskov,_The_Tiger,_and_The_Terribly_Cursed_Emerald_Screenshot_3.png",screenshot_game,1200x675,288.1,20.9,1057,33.4
Fullscore5-1.png,screenshot_game,378x251,6.4,1.3,56,20.3
Star_Trek_text_game.png,screenshot_game,517x304,4.4,0.6,2,0.5
Frogatto.png,screenshot_game,800x600,21.8,1.8,82,5.8
Threes_development_process_art_mockup_06.png,screenshot_game,640x960,19.0,3.6,30,1.7
Ballerburg.png,screenshot_game,400x250,5.4,0.5,23,5.9
Celeste_screenshot_07.png,screenshot_game,1200x675,121.8,14.0,431,13.6
Nidhogg_video_game_screenshot_3.png,screenshot_game,800x498,25.5,4.2,90,7.7
Metamorphabet_screenshot_04.png,screenshot_game,1024x768,86.4,4.6,269,11.7
Dungeon_Crawl_Stone_Soup_-_Musu.png,screenshot_game,1187x802,63.9,11.3,282,7.6
Rail_Route_%E2%80%94_Build.png,screenshot_game,1200x675,244.3,17.3,828,34.9
Darkelf_ligy.png,screenshot_game,1200x675,85.8,10.7,454,19.1
Prune_video_game_screenshot_4.png,screenshot_game,1200x1600,551.1,29.3,1599,28.4
Jump_%27n_Bump.png,screenshot_game,800x512,23.2,4.5,74,4.7
BOSscreen.png,screenshot_game,800x600,58.4,7.5,471,33.5
Orwell_video_game_screenshot_3.png,screenshot_game,1200x675,93.7,12.8,540,22.8
Tooth_and_Tail_-_Development_4.png,screenshot_game,1200x698,156.8,16.8,903,36.8
Mouse_in_the_Maze_portion.png,screenshot_game,457x455,14.9,1.5,71,11.7
Job_Simulator_screenshot_-_Office_01.png,screenshot_game,1200x675,186.5,17.5,910,28.8
Moria-like-game.png,screenshot_game,210x160,0.9,0.1,0,0.8
ManifoldGarden_10.png,screenshot_game,1200x675,136.0,13.6,1141,48.1
Moraffmahjongg.png,screenshot_game,800x600,98.1,11.6,655,46.6
Alto%27s_Adventure_screenshot_-_B11_Volcano.png,screenshot_game,1200x675,57.6,8.2,184,7.8
Thrust_Title.png,screenshot_game,320x210,1.7,0.2,1,0.9
Minetest_LazyJ%27s_Forge_in_the_afternoon.png,screenshot_game,1200x675,123.9,13.0,1008,42.5
Sn%C3%ADmek_obrazovky_2021-09-12_v_16.46.05.png,screenshot_game,543x657,17.6,3.1,66,4.7
Bradley_Trainer_screenshot.png,screenshot_game,640x480,8.5,1.7,11,1.3
Chasing_Aurora_screenshot_08_(Thorn).png,screenshot_game,1200x675,119.1,14.1,610,25.7
CS-Menu-Snatch.png,screenshot_game,512x384,10.5,2.4,54,9.4
Push_Me_Pull_You_screenshot_03.png,screenshot_game,1200x675,30.4,6.5,132,5.6
Nuclear_Throne_screenshot_09.png,screenshot_game,1200x675,86.4,13.2,448,14.2
Benkid77_GoldenEgg.png,screenshot_game,320x240,2.0,0.5,1,0.6
PekkaKana2_LevelEditor.png,screenshot_game,512x384,23.5,1.4,198,34.5
Minetest_LazyJ%27s_Forge_in_survival_mode.png,screenshot_game,1200x675,182.2,16.5,1141,36.1
Severed_screenshot_03.png,screenshot_game,1200x675,187.3,16.3,704,22.3
Job_Simulator_screenshot_-_Auto_01.png,screenshot_game,1200x675,123.7,15.1,804,33.9
Abyss_scratch_3.0.png,screenshot_game,478x358,5.7,0.5,2,0.4
ADR1FT_gameplay_screenshot.png,screenshot_game,1111x625,196.4,11.3,966,47.5
Nuclear_Throne_screenshot_10.png,screenshot_game,1200x675,68.1,11.7,294,9.3
Absolver_screenshot_Help.png,screenshot_game,1200x675,338.1,18.8,1084,34.3
Flinthook_screenshot_-_Pax_square_1.png,screenshot_game,800x800,18.2,4.7,27,1.5
This_Is_the_Police_-_Screenshot_05.png,screenshot_game,1200x675,82.3,11.2,349,14.7
GNU_bg_screenshot.png,screenshot_game,1200x881,158.6,19.1,774,18.8
Trek73_video_game_screenshot.png,screenshot_game,640x400,7.2,0.9,5,0.7
Able_builders_intro2.png,screenshot_game,320x240,2.3,0.3,2,0.9
KBattleship_Screenshot.png,screenshot_game,896x572,30.8,6.5,87,4.4
Job_Simulator_screenshot_-_Hero_auto.png,screenshot_game,1200x675,135.6,14.4,593,25.0
PVEgen.png,screenshot_game,1200x444,81.6,9.8,423,27.1
Threes_development_process_art_mockup_22.png,screenshot_game,640x960,18.8,4.4,38,2.2
Contraption_3.png,screenshot_game,1200x675,178.4,20.6,589,18.6
This_Is_the_Police_-_Screenshot_09.png,screenshot_game,1200x675,106.7,12.7,497,21.0
Push_Me_Pull_You_screenshot_01.png,screenshot_game,1200x675,38.6,7.5,111,3.5
Blackwood_Crossing_August_reveal_screenshot_02_Train.png,screenshot_game,1200x675,221.0,17.6,1225,51.6
Behaviour_Tree.png,screenshot_game,1200x675,64.9,10.7,319,13.5
Celeste_screenshot_00.png,screenshot_game,1200x675,69.7,11.8,273,8.6
Threes_development_process_art_mockup_25.png,screenshot_game,640x960,19.4,4.5,46,2.6
Contraption_1.png,screenshot_game,1200x675,119.4,13.1,333,10.5
Galak-Z_screenshot_-_explosion_centipede.png,screenshot_game,1200x675,332.5,23.3,1383,43.7
Neverball_Gameplay_Screenshot_5.png,screenshot_game,1200x675,100.2,9.9,421,17.8
Air_Raid_(1979_game)_Screen.png,screenshot_game,525x390,5.2,0.7,3,0.5
Prune_screenshot_wide.png,screenshot_game,1067x600,194.1,13.5,730,38.9
Rain_World_screenshot_-_Garbage_Wastes_1080.png,screenshot_game,1200x675,166.1,17.0,753,23.8
Dark_Scavenger_screenshot_5.png,screenshot_game,800x600,114.1,7.9,706,50.3
Synth_video_game_screenshot_D.png,screenshot_game,1200x750,278.4,18.2,1467,41.7
Cave_Troll_Level_Of_Sintel_The_Game.png,screenshot_game,1200x573,267.1,16.0,836,31.2
Hundreds_(video_game)_-_Level_0.png,screenshot_game,1024x768,152.3,7.5,408,13.3
A_House_in_California.png,screenshot_game,1200x637,24.2,7.4,38,1.7
Letterpress_screenshot.png,screenshot_game,640x1136,31.6,6.7,111,5.2
Dstroy.png,screenshot_game,512x384,5.9,0.7,9,1.6
Rail_Route_%E2%80%94_Header-image.png,screenshot_game,1200x389,148.6,12.0,718,52.5
Volcano.png,screenshot_game,640x480,9.3,2.2,14,1.6
Mini_Metro_screenshot_3.png,screenshot_game,1200x675,207.8,16.5,628,19.9
Openciv-0.95.png,screenshot_game,881x505,36.7,1.7,95,7.3
Plunderland2.png,screenshot_game,474x320,14.7,2.6,66,11.2
Blek_-_Level_2_screenshot.png,screenshot_game,1104x778,156.7,9.0,495,19.7
Nidhogg_video_game_screenshot_2.png,screenshot_game,800x500,21.8,4.0,68,5.9
Nuclear_Throne_screenshot_06.png,screenshot_game,1200x675,89.3,12.4,502,21.2
Cibele_video_game_screenshot_2.png,screenshot_game,1200x675,169.5,14.2,958,40.4
Orwell_video_game_screenshot_4.png,screenshot_game,1200x675,105.9,12.9,587,24.7
SpellTower_screenshot_-_NightColors.png,screenshot_game,1200x1600,100.3,18.7,294,3.9
Dre2.png,screenshot_game,320x200,1.9,0.4,2,1.4
Celeste_screenshot_02.png,screenshot_game,1200x675,67.2,11.9,267,8.4
Interface-amour-sucre.png,screenshot_game,977x696,185.9,12.2,871,32.8
Minetest_LazyJ%27s_Forge_at_dusk.png,screenshot_game,1200x675,201.3,14.5,702,22.2
Everything_screnshot_06.png,screenshot_game,1200x675,281.9,20.4,996,31.5
Blackwood_Crossing_announcement_screenshot_06.png,screenshot_game,1200x675,312.4,22.4,1149,36.3
Metamorphabet_screenshot_02.png,screenshot_game,1024x768,234.2,17.9,687,29.9
Scourge_screenshot_r2315.png,screenshot_game,1024x768,264.2,20.9,1242,40.4
CompliKATEd_screenshot_2.png,screenshot_game,1200x675,233.9,21.0,1068,33.8
Evacshelter_b.png,screenshot_game,80x160,1.0,0.3,0,1.3
Maelstrom_screenshot.png,screenshot_game,642x482,8.2,1.4,6,0.7
Push_Me_Pull_You_screenshot_05.png,screenshot_game,1200x675,33.9,8.3,87,2.8
DRAGON32_Shock_Trooper_1Titles.png,screenshot_game,640x480,7.8,1.0,4,0.5
Alto%27s_Adventure_screenshot_-_B04_Quarter_Pipe.png,screenshot_game,1200x675,107.2,11.9,351,11.1
Crack_Attack!_ingame.png,screenshot_game,689x711,32.3,6.3,161,11.3
Hwscreen.png,screenshot_game,782x584,57.5,7.2,251,18.8
Dre.png,screenshot_game,320x200,2.6,0.4,7,3.9
Ayner.png,screenshot_game,931x522,187.2,10.4,825,43.5
Gyg.png,screenshot_game,240x216,1.7,0.3,3,2.1
Blek_-_Level_5_screenshot.png,screenshot_game,1104x778,130.4,8.1,425,16.9
Orwell_video_game_screenshot_7.png,screenshot_game,1200x675,201.0,18.2,773,24.5
This_Is_the_Police_-_Screenshot_07.png,screenshot_game,1200x675,95.3,11.2,377,15.9
Game_Cloud_Screenshot.png,screenshot_game,680x680,144.2,5.2,678,37.6
Interton-cassette3-screenshot.png,screenshot_game,338x253,2.3,0.3,2,1.2
Turbo_Rubber_Ducky_Shootout.png,screenshot_game,320x240,2.0,0.4,1,0.7
Cibele_video_game_screenshot_3.png,screenshot_game,1200x651,221.4,19.0,842,27.6
PrinceofPersia1989-sdlpop-opensource.png,screenshot_game,800x480,25.8,3.6,52,3.5
Threes_development_process_art_mockup_10.png,screenshot_game,640x960,20.1,4.5,46,2.6
Letterpress_previous_games_screenshot.png,screenshot_game,640x1136,24.9,6.0,90,4.3
Flying_Tigers-_Shadows_Over_China_gameplay_screenshot_1.png,screenshot_game,1200x675,225.5,17.4,775,32.7
Medieval_Mayhem_(NTSC).png,screenshot_game,320x210,1.8,0.3,2,1.1
Solarus_Sample_quest_on_Windows.png,screenshot_game,642x512,19.3,2.6,35,2.8
Threes_development_process_art_mockup_15.png,screenshot_game,640x960,20.9,4.3,59,3.3
Threes_development_process_art_mockup_14.png,screenshot_game,640x960,18.5,4.1,27,1.6
Push_Me_Pull_You_screenshot_02.png,screenshot_game,1200x675,34.6,8.0,93,3.0
Orwell_video_game_screenshot_1.png,screenshot_game,1200x675,108.8,14.1,650,27.4
Gang_Garrison_2.png,screenshot_game,800x600,13.7,1.7,14,1.1
Chasing_Aurora_screenshot_09_(Wii_U).png,screenshot_game,1200x675,134.7,13.8,570,24.0
Triplane_Turmoil_screenshot.png,screenshot_game,320x200,3.4,0.3,11,6.1
Simple_Simon_Solitiare_PySolFC_100.png,screenshot_game,906x806,58.0,4.1,278,13.0
Flinthook_screenshot_-_Pax_worm.png,screenshot_game,1200x675,94.8,13.9,410,13.0
SpellTower_screenshot_-_VsPlayer1.png,screenshot_game,768x1024,42.0,6.9,106,3.5
Paku_Paku.png,screenshot_game,640x400,7.3,0.8,5,0.7
Cyclops-cover.png,screenshot_game,1200x675,177.8,16.1,711,22.5
PAEE_C64.png,screenshot_game,384x272,3.4,0.4,4,1.5
Galak-Z_screenshot_-_lost_in_space.png,screenshot_game,1200x675,330.4,18.1,1108,35.0
Threes_development_process_art_mockup_03.png,screenshot_game,640x960,17.9,4.0,29,1.6
Fantastic_Contraption_VR_screenshot_03.png,screenshot_game,1200x675,87.7,10.8,329,13.9
ManifoldGarden_11.png,screenshot_game,1200x675,130.7,13.3,1070,45.1
Core_War_PMars_Screenshot.png,screenshot_game,328x228,2.4,0.4,4,2.1
Fragments_of_Him_-_Work_In_Progress_screenshot_3.png,screenshot_game,1200x675,223.7,17.7,822,34.6
Rymdkapsel_screenshot_1.png,screenshot_game,1200x590,19.7,5.2,55,2.7
Labyrinth_for_Sword_of_Fargoal_%22Sword_Level%22.png,screenshot_game,1200x674,104.5,13.0,656,20.8
Mari0_Online_Multiplayer_Co-op_screenshot.png,screenshot_game,1200x675,144.5,16.3,639,20.2
Open_Ski_Jumping_020.png,screenshot_game,640x480,10.9,4.2,14,1.2
Rail_Route_%E2%80%94_Editor.png,screenshot_game,1200x675,155.4,14.0,569,24.0
Biniax2_screenshot.png,screenshot_game,600x450,28.2,4.1,193,24.4
Testootebfjosa.png,screenshot_game,1200x551,175.5,14.8,813,31.5
CRITICAL_HIT!!.png,screenshot_game,440x480,7.6,0.7,10,1.2
Euchreshot1.png,screenshot_game,320x210,1.8,0.2,1,0.6
Neverball_Sprachauswahl.png,screenshot_game,1200x675,40.4,8.2,143,6.1
This_Is_the_Police_-_Screenshot_01.png,screenshot_game,1200x675,78.4,11.4,566,23.9
This_Is_the_Police_-_Screenshot_02.png,screenshot_game,1200x675,98.0,13.4,460,14.6
Crusader_Tetra.png,screenshot_game,195x146,1.8,0.3,9,8.9
Blackwood_Crossing_August_reveal_screenshot_06_Island.png,screenshot_game,1200x675,129.5,15.2,1304,55.0
Smiler_in_Arrowe_Land.png,screenshot_game,320x240,2.1,0.4,2,1.0
Sn%C3%ADmek_obrazovky_2021-09-12_v_16.57.06.png,screenshot_game,691x779,30.7,6.5,114,5.4
Euchreshot3.png,screenshot_game,320x210,1.8,0.2,1,0.6
Blackwood_Crossing_August_reveal_screenshot_05_Island.png,screenshot_game,1200x675,127.3,14.9,1276,53.8
pkf_tilewall1f.png,textures_pk,256x256,12.3,0.6,113,59.4
{SW_Tree02.png,textures_pk,160x256,4.1,0.3,60,50.3
her_gravel_1.png,textures_pk,256x256,10.0,0.6,150,78.2
pkf_inwall3c.png,textures_pk,128x128,3.8,0.2,26,54.8
mod_labframe1a.png,textures_pk,64x128,1.7,0.1,8,34.4
hWall2b.png,textures_pk,160x160,3.7,0.2,53,71.1
mod_fan1.png,textures_pk,256x256,19.6,0.6,82,43.0
hlog.png,textures_pk,80x80,0.6,0.1,13,72.9
pkw_wall10f.png,textures_pk,256x256,10.0,0.6,148,77.1
pkw_winlay04b.png,textures_pk,256x256,2.2,0.3,7,3.9
mod_sigairb.png,textures_pk,64x32,0.3,0.0,4,76.6
pkw_wall03c.png,textures_pk,256x256,10.0,0.6,136,71.1
pk_chinhobeam2a.png,textures_pk,128x16,0.3,0.0,2,48.6
pk_chinvebeam3c.png,textures_pk,16x128,0.2,0.0,3,60.5
pkh_wall01c.png,textures_pk,512x512,71.5,5.9,643,62.8
pk_chinvebeam2a.png,textures_pk,16x128,0.2,0.0,3,57.4
mod_celwall1a.png,textures_pk,256x256,22.8,0.7,81,42.2
mod_labfloor01a.png,textures_pk,128x128,4.3,0.2,16,34.7
pkf_facility2d.png,textures_pk,256x256,12.4,0.7,111,58.2
pkf_containr1a.png,textures_pk,256x128,9.1,0.3,45,47.9
pkf_shopwall1a.png,textures_pk,256x256,19.0,0.7,98,51.3
pkh_window01a.png,textures_pk,128x256,9.2,0.9,83,64.9
pkw_wall05c.png,textures_pk,256x256,9.4,0.6,145,76.0
mazfloor2.png,textures_pk,256x256,13.3,0.6,137,71.5
mod_grate2.png,textures_pk,256x256,18.5,0.7,93,48.6
SW_Wall05a.png,textures_pk,128x128,2.2,0.2,37,78.5
pk_chroofs1c.png,textures_pk,256x32,1.0,0.1,13,57.7
pkw_winlay01b.png,textures_pk,256x256,2.0,0.2,8,4.3
pk_chlightswitch1.png,textures_pk,16x32,0.1,0.0,0,52.0
pkf_grassmud1b.png,textures_pk,256x256,9.2,0.6,156,81.4
pk_chmetal1a.png,textures_pk,256x128,5.4,0.3,61,64.6
pkf_wall1c.png,textures_pk,256x128,5.8,0.3,56,58.8
mod_labwallc.png,textures_pk,128x128,3.1,0.2,20,42.1
{pk_chleaves2d.png,textures_pk,256x128,2.6,0.2,29,30.4
pkw_wall02ac.png,textures_pk,256x256,9.6,0.6,150,78.5
pkw_wall02aa.png,textures_pk,256x256,9.4,0.6,148,77.6
pkw_wall03g.png,textures_pk,256x256,10.0,0.6,141,73.8
{SW_Tree01.png,textures_pk,256x256,6.0,0.4,66,34.5
pkw_arch02c.png,textures_pk,32x256,1.1,0.1,18,75.8
mod_labroof2.png,textures_pk,128x128,3.7,0.2,22,47.7
SW_Snow01b.png,textures_pk,256x256,11.4,0.6,134,69.9
mod_screeni.png,textures_pk,64x64,0.5,0.0,9,80.4
hWall2c.png,textures_pk,320x160,6.0,0.4,68,45.7
SW_Bark01.png,textures_pk,32x64,0.2,0.0,4,75.9
pktrim1b.png,textures_pk,512x128,16.7,1.5,176,68.8
mod_lights1a.png,textures_pk,32x32,0.1,0.0,1,51.1
mod_labwalla.png,textures_pk,128x128,2.8,0.2,23,49.4
hWall3.png,textures_pk,160x160,3.7,0.2,49,65.3
pkw_wall07c.png,textures_pk,256x256,11.6,0.6,140,73.3
pkw_food1a.png,textures_pk,64x32,0.2,0.0,5,91.0
pkf_brush1b.png,textures_pk,128x64,0.9,0.1,21,88.2
SW_Wall01a.png,textures_pk,256x256,12.8,0.6,147,76.7
pkw_wall05d.png,textures_pk,256x256,9.3,0.6,144,75.2
mod_dotfloor1.png,textures_pk,128x128,2.1,0.1,34,71.4
pkf_light1a.png,textures_pk,32x32,0.1,0.0,1,62.0
mod_walldetail1.png,textures_pk,128x128,2.0,0.2,33,70.3
pkw_wall06b.png,textures_pk,256x256,9.8,0.6,139,72.8
pk_chwoodwall1b.png,textures_pk,256x256,10.7,0.7,121,63.5
pkf_metall1b.png,textures_pk,128x128,2.3,0.1,32,68.7
mod_labvent1b.png,textures_pk,64x64,0.2,0.0,2,19.3
pk_chinroof1c1.png,textures_pk,128x128,3.4,0.2,23,49.5
mis_trim2a.png,textures_pk,32x256,1.4,0.1,15,65.9
pk_chinwall3a.png,textures_pk,256x256,21.0,0.7,79,41.5
hr00f02.png,textures_pk,64x64,0.5,0.0,8,70.0
pkw_wall02bk.png,textures_pk,256x256,10.8,0.6,144,75.4
pkf_wall3a.png,textures_pk,256x256,12.0,0.6,121,63.4
pk_chinflc2d.png,textures_pk,128x256,7.4,0.3,52,54.8
mis_generic1b.png,textures_pk,64x64,1.0,0.1,4,36.3
pkf_tiles2c.png,textures_pk,256x256,24.7,0.7,87,45.7
pkw_gwall02b.png,textures_pk,256x256,9.4,0.6,151,79.0
mis_wall2b.png,textures_pk,256x256,17.4,0.6,125,65.5
pk_chtrim1.png,textures_pk,256x64,3.1,0.2,26,54.8
her_door_2.png,textures_pk,64x128,1.3,0.1,13,57.7
pk_concrete02b.png,textures_pk,256x256,10.2,0.6,143,74.7
pk_conbuild01a.png,textures_pk,256x256,10.7,0.6,127,66.2
pk_chinwpaper1b.png,textures_pk,128x128,3.0,0.2,30,63.7
pkf_facility2a.png,textures_pk,256x256,13.2,0.6,119,62.4
{pkf_auttrees1a.png,textures_pk,256x256,9.6,0.6,103,53.7
pk_chwall2.png,textures_pk,256x256,11.3,0.6,124,65.1
hWall1.png,textures_pk,256x256,13.2,0.7,93,48.9
pk_chwoodwall1a.png,textures_pk,256x256,13.3,0.6,114,59.6
pke_tuwall01f.png,textures_pk,256x256,11.0,0.6,138,72.1
pkw_gwall03b.png,textures_pk,256x256,9.4,0.6,151,78.9
mazfloor.png,textures_pk,256x256,13.3,0.6,121,63.2
pkw_wall03b.png,textures_pk,256x256,10.2,0.6,136,71.2
pkf_door3b.png,textures_pk,64x128,2.0,0.1,10,42.9
pkw_wall04a.png,textures_pk,256x256,9.5,0.6,136,71.2
mod_gratfloor2a.png,textures_pk,256x256,15.3,0.6,116,60.4
pkf_window2b.png,textures_pk,32x64,0.3,0.0,3,51.0
mazy_owall1d.png,textures_pk,256x256,18.2,0.7,82,43.2
pkf_inwall1c.png,textures_pk,128x128,2.9,0.2,28,59.3
{blaztree1.png,textures_pk,256x256,5.7,0.4,62,32.7
pkw_wall05b.png,textures_pk,256x256,9.4,0.7,143,74.7
pkw_wall04e.png,textures_pk,256x256,9.7,0.6,143,74.9
pkh_tiles02c.png,textures_pk,512x512,106.9,5.5,545,53.3
ts_tilez1b.png,textures_pk,256x256,13.6,0.7,119,62.3
pkf_box1a.png,textures_pk,80x80,0.8,0.1,12,66.7
mod_labwall02b.png,textures_pk,128x128,2.8,0.2,21,44.4
pkh_tiles02a.png,textures_pk,512x512,106.3,5.6,546,53.3
pkw_winlay11b.png,textures_pk,256x256,2.5,0.3,20,10.8
pkw_ground01b.png,textures_pk,256x256,9.3,0.6,154,80.6
pkw_wall04c.png,textures_pk,256x256,9.5,0.6,140,73.0
hwall5a.png,textures_pk,160x160,3.8,0.2,47,63.7
pke_tuwall01b.png,textures_pk,256x256,10.5,0.6,139,72.7
mod_lights2a.png,textures_pk,32x32,0.1,0.0,1,57.1
pkw_wall01j.png,textures_pk,256x256,9.2,0.6,153,80.2
mod_door2a.png,textures_pk,128x128,3.9,0.2,26,55.3
pkf_containr3b.png,textures_pk,128x128,3.7,0.2,23,49.1
pkw_wall07d.png,textures_pk,256x256,10.1,0.6,135,70.8
mod_labtrim1.png,textures_pk,256x32,1.3,0.1,12,54.2
her_inwall_1a.png,textures_pk,128x128,2.7,0.1,30,63.2
mod_labpipe1b.png,textures_pk,256x128,6.4,0.4,52,54.5
pkw_wall11i.png,textures_pk,256x256,9.5,0.6,148,77.6
pkf_wall5a.png,textures_pk,256x256,21.5,0.7,95,49.9
SW_Wall01b.png,textures_pk,256x256,10.4,0.6,156,81.6
pkw_winlay03b.png,textures_pk,256x256,2.8,0.3,21,11.0
pkw_barrel03b.png,textures_pk,128x128,2.0,0.1,37,79.1
mod_vtrim01a.png,textures_pk,16x256,0.6,0.1,6,55.7
pkw_wall08a.png,textures_pk,256x256,12.0,0.6,125,65.4
pkw_arch01.png,textures_pk,256x128,4.4,0.3,73,76.5
pk_chintable1t.png,textures_pk,256x128,7.1,0.3,37,39.5
pk_chinvebeam3b.png,textures_pk,16x128,0.3,0.0,2,45.3
pkw_trim03b.png,textures_pk,256x32,1.1,0.1,15,65.5
pkw_winlay01a.png,textures_pk,256x256,2.3,0.3,10,5.4
pk_chmud1.png,textures_pk,256x256,10.1,0.6,150,78.1
pk_chcrowall1d.png,textures_pk,256x256,10.4,0.6,144,75.4
mis_det1a.png,textures_pk,128x256,7.0,0.3,59,61.6
pkw_wall01a.png,textures_pk,256x256,9.2,0.6,153,79.8
{SW_Tree05.png,textures_pk,256x256,6.9,0.5,97,50.7
gow_wallin1b.png,textures_pk,256x256,12.5,0.6,122,63.8
pk_chinroof1d2.png,textures_pk,128x128,3.3,0.2,25,52.5
pk_chinroof1b.png,textures_pk,128x128,3.6,0.2,23,49.8
pkf_sign7.png,textures_pk,64x256,2.4,0.2,33,70.7
hbox01.png,textures_pk,128x128,2.8,0.2,27,57.2
pkw_wall04g.png,textures_pk,256x256,9.7,0.6,144,75.4
pkf_shopwall1f.png,textures_pk,256x256,17.5,0.7,97,51.0
mod_screen1e.png,textures_pk,64x64,0.6,0.0,9,78.1
snowdoor1.png,textures_pk,64x128,1.5,0.1,12,50.5
pkw_wall10k.png,textures_pk,256x256,9.5,0.6,145,75.8
mod_pipe2b.png,textures_pk,128x128,4.1,0.2,18,37.9
pkf_facility2f.png,textures_pk,256x256,12.5,0.7,109,56.9
pkf_planks1a.png,textures_pk,256x256,19.4,0.6,101,52.6
pkf_brush1a.png,textures_pk,128x64,0.9,0.1,21,87.9
{pk_chleaves2c.png,textures_pk,256x256,8.3,0.6,103,54.1
SW_Wall03a.png,textures_pk,256x128,5.0,0.3,71,74.4
pk_chcrowall1a.png,textures_pk,256x256,11.1,0.6,127,66.7
SW_CrateTop.png,textures_pk,128x128,3.0,0.2,32,66.8
mod_labwall02c.png,textures_pk,128x128,2.8,0.2,20,43.1
mod_labwalld.png,textures_pk,128x128,2.6,0.2,21,44.4
{pkf_fence2b.png,textures_pk,256x256,5.9,0.5,74,39.0
her_rock_1b.png,textures_pk,256x256,10.3,0.6,146,76.4
mazy_ofloor1.png,textures_pk,256x256,16.5,0.6,106,55.5
pkf_wall3g.png,textures_pk,256x128,5.6,0.3,60,62.6
pkf_inroof1a.png,textures_pk,128x128,4.3,0.2,17,36.8
pkw_wall02bi.png,textures_pk,256x256,11.2,0.6,146,76.3
pk_metalpipe01a.png,textures_pk,256x256,11.8,0.6,126,65.8
pkw_wall05f.png,textures_pk,256x256,9.3,0.6,141,73.9
pkf_roof1a.png,textures_pk,128x128,2.7,0.1,28,60.2
SW_Gate03.png,textures_pk,256x256,17.0,0.6,107,55.9
{pk_chbamboo1b.png,textures_pk,64x128,1.0,0.1,14,60.3
mod_lights3a.png,textures_pk,32x32,0.1,0.0,1,58.0
pkf_wall1e.png,textures_pk,256x256,13.6,0.6,108,56.6
pkw_wall07j.png,textures_pk,256x256,12.0,0.6,136,71.1
mod_celfloor1b.png,textures_pk,128x128,3.0,0.1,31,64.9
pk_conbuild01b.png,textures_pk,256x256,13.3,0.7,121,63.2
SW_Gate02.png,textures_pk,256x256,16.2,0.6,129,67.2
pkw_wall02ad.png,textures_pk,256x256,9.6,0.6,150,78.1
mod_labwall01c.png,textures_pk,128x128,2.9,0.2,20,43.5
mod_metfloor2c.png,textures_pk,128x128,2.7,0.2,22,47.0
SW_Door02.png,textures_pk,64x128,1.4,0.1,14,59.1
mod_lbmetal1b.png,textures_pk,256x256,21.8,0.7,67,34.9
pkf_wall5b.png,textures_pk,256x256,21.1,0.6,88,46.3
mod_celfloor1e.png,textures_pk,128x128,2.5,0.2,33,70.6
pk_chinwall2j.png,textures_pk,256x256,20.5,0.7,94,49.2
pk_hlrmud1c.png,textures_pk,256x256,10.4,0.6,135,70.7
pkf_door1b.png,textures_pk,64x112,1.1,0.1,10,51.7
her_wood_1.png,textures_pk,256x64,2.4,0.1,29,60.7
pkw_barrel01a.png,textures_pk,128x128,2.1,0.2,33,69.9
pkw_wall10a.png,textures_pk,256x256,9.4,0.6,146,76.4
pkw_barrel02a.png,textures_pk,128x128,2.2,0.1,31,65.4
pkf_tilewall1g.png,textures_pk,256x256,12.8,0.6,111,58.0
pkf_infloor1b.png,textures_pk,128x128,2.4,0.1,35,73.0
pkw_wall09a.png,textures_pk,256x256,9.3,0.6,157,82.2
pk_concrete05.png,textures_pk,256x256,10.1,0.6,155,80.8
mod_door4.png,textures_pk,128x128,4.5,0.2,19,40.8
pk_chcomwood3a.png,textures_pk,256x256,12.5,0.6,117,61.2
pkw_wall03f.png,textures_pk,256x256,10.1,0.6,137,71.8
mis_beam1a.png,textures_pk,128x256,2.8,0.2,35,36.9
pkf_roof1b.png,textures_pk,128x128,2.4,0.1,27,58.1
her_inwall_1b.png,textures_pk,128x128,2.6,0.2,29,61.5
pk_chinflw3a.png,textures_pk,256x256,12.3,0.6,107,55.8
pkw_wall07b.png,textures_pk,256x256,10.5,0.6,141,73.7
pkw_tiles02d.png,textures_pk,256x256,10.4,0.6,142,74.3
pkf_wall6c.png,textures_pk,256x256,19.3,0.7,88,46.0
SW_Roof02.png,textures_pk,64x64,0.4,0.0,8,73.8
pkw_wall04h.png,textures_pk,256x256,9.5,0.6,142,74.1
pk_chintable1s.png,textures_pk,128x16,0.2,0.0,3,60.2
pkf_wall4d.png,textures_pk,256x256,12.1,0.6,105,55.0
pkf_wall3h.png,textures_pk,256x256,12.1,0.7,121,63.4
mod_celwall1b.png,textures_pk,256x256,19.4,0.7,85,44.3
pkf_tilewall1a2.png,textures_pk,256x256,12.2,0.6,123,64.4
pk_chinwall5.png,textures_pk,256x256,14.8,0.7,114,59.5
mod_gratfloor1.png,textures_pk,128x128,3.2,0.2,29,62.1
pkw_doors01a.png,textures_pk,256x256,12.7,0.6,126,65.8
mod_screen1j.png,textures_pk,64x64,0.5,0.0,10,84.5
pk_chinflw2a.png,textures_pk,256x256,12.6,0.6,119,62.3
{mod_labgrate3.png,textures_pk,256x256,8.0,0.5,40,21.1
pkw_plank01b.png,textures_pk,32x256,1.1,0.1,16,70.7
mod_sign1.png,textures_pk,128x64,1.2,0.1,14,59.8
mod_labcab2d.png,textures_pk,128x256,1.6,0.2,12,12.6
hmountain.png,textures_pk,256x256,9.5,0.6,167,87.0
pkw_food1d.png,textures_pk,64x32,0.2,0.0,4,78.9
pkf_wall5i.png,textures_pk,256x256,15.1,0.6,81,42.7
pkw_datrim01b.png,textures_pk,16x128,0.2,0.0,5,89.7
pk_chcomwood1b.png,textures_pk,128x128,2.4,0.2,31,65.0
her_grass_1.png,textures_pk,256x256,8.8,0.6,162,84.7
mod_labtrim6.png,textures_pk,256x64,3.6,0.2,24,50.9
pk_chinpillow2b.png,textures_pk,128x128,3.1,0.1,11,24.4
pktilesang1ta.png,textures_pk,32x256,1.2,0.1,15,65.3
pkw_wall03d.png,textures_pk,256x256,10.8,0.7,139,72.4
mis_wall2a.png,textures_pk,256x256,18.1,0.7,126,66.1
pk_chcomwood1a.png,textures_pk,128x128,2.6,0.2,30,63.1
pk_chinflc2b.png,textures_pk,128x256,8.0,0.3,52,54.9
pkf_box3a.png,textures_pk,80x80,0.9,0.1,11,60.6
hGround01.png,textures_pk,256x256,10.7,0.6,160,83.5
pk_chinwall3c.png,textures_pk,256x256,23.0,0.8,76,39.8
mod_electro2a.png,textures_pk,256x256,4.0,0.4,29,15.2
mis_trim1d.png,textures_pk,32x128,0.7,0.1,7,59.2
her_inwall_2a.png,textures_pk,128x128,2.4,0.2,30,63.2
pkf_wall4l.png,textures_pk,256x256,13.2,0.7,104,54.4
mod_labtrim3.png,textures_pk,128x16,0.3,0.0,3,50.9
pk_chinvebeam3a.png,textures_pk,16x128,0.3,0.0,2,47.9
pkf_wall2g.png,textures_pk,256x256,14.2,0.7,100,52.1
pk_chinflc1b.png,textures_pk,128x256,6.4,0.3,54,56.6
hWall07b.png,textures_pk,256x192,6.9,0.5,107,74.7
mod_labfloor01b.png,textures_pk,128x128,3.9,0.2,17,35.6
pkf_facility1d.png,textures_pk,256x256,14.1,0.6,102,53.6
her_wall_1.png,textures_pk,256x256,14.1,0.6,143,74.8
pkf_roof1c.png,textures_pk,128x128,2.4,0.2,29,61.5
pk_chinwall3b.png,textures_pk,256x256,19.0,0.7,86,45.0
pk_chinroof1c2.png,textures_pk,128x128,3.8,0.2,23,49.5
pk_chinwall2c.png,textures_pk,256x256,13.7,0.6,108,56.8
pkf_shopwall1b.png,textures_pk,256x256,16.9,0.7,96,50.2
mis_trim2d.png,textures_pk,16x256,0.6,0.1,7,66.2
{blaztree3.png,textures_pk,256x256,6.9,0.5,92,48.1
pkw_tiles02b.png,textures_pk,256x256,10.0,0.6,137,71.5
hlogs.png,textures_pk,128x128,1.9,0.1,41,86.2
SW_Crate01.png,textures_pk,128x128,2.8,0.2,28,59.4
SW_Wall04b.png,textures_pk,128x128,1.9,0.1,41,85.8
SW_Crate02.png,textures_pk,128x128,2.8,0.2,32,68.0
pk_hlrroad1e.png,textures_pk,256x256,12.9,0.6,127,66.3
pkw_road01.png,textures_pk,256x256,9.6,0.6,144,75.5
pkw_wall011.png,textures_pk,256x256,9.1,0.6,149,78.1
pkwall1a.png,textures_pk,512x512,65.3,5.9,721,70.5
pkf_wall4q.png,textures_pk,256x256,11.8,0.7,112,58.5
pk_concrete01a.png,textures_pk,256x256,10.2,0.6,139,72.8
mod_dotfloor2.png,textures_pk,128x128,2.3,0.2,33,70.1
mod_metal1b.png,textures_pk,256x256,23.1,0.6,91,47.9
{maz_leaves2.png,textures_pk,256x256,3.9,0.4,38,19.8
{pkf_auttrees1b.png,textures_pk,256x256,6.1,0.5,64,33.5
mod_celfloor2b.png,textures_pk,128x128,3.5,0.2,29,60.8
mod_screen1b.png,textures_pk,64x64,0.5,0.0,10,84.5
mod_screena.png,textures_pk,64x64,0.5,0.0,8,69.1
mis_trim2c.png,textures_pk,16x256,0.6,0.1,8,66.8
mod_plantg.png,textures_pk,256x256,9.3,0.5,151,79.2
pkf_door2b.png,textures_pk,64x128,1.4,0.1,13,54.8
mod_screen1d.png,textures_pk,64x64,0.5,0.0,9,79.1
pk_chcomcar1b.png,textures_pk,256x256,10.2,0.6,141,73.5
pkf_wall5d.png,textures_pk,256x256,18.2,0.6,88,46.1
pkw_tiles01a.png,textures_pk,256x256,6.7,0.4,73,38.2
gow_wall1b.png,textures_pk,256x256,9.9,0.6,133,69.6
mis_detlay1b.png,textures_pk,128x256,1.1,0.1,2,2.8
mod_labwall01ta.png,textures_pk,32x128,0.7,0.1,4,38.6
pk_chcomcar1a.png,textures_pk,256x256,10.6,0.6,140,73.1
pkf_wall4f.png,textures_pk,256x256,11.8,0.6,96,50.5
pkf_wall1k.png,textures_pk,256x256,13.7,0.6,110,57.5
pkf_tiles2b.png,textures_pk,256x256,24.7,0.7,88,45.9
pkf_roadsign3.png,textures_pk,64x16,0.1,0.0,2,78.3
mod_lbmetal1c.png,textures_pk,256x256,22.7,0.7,69,36.1
pkf_grass1.png,textures_pk,256x256,9.0,0.6,175,91.2
mod_screene.png,textures_pk,64x64,0.5,0.0,8,72.5
pk_chcobb3b.png,textures_pk,256x256,10.3,0.6,149,78.0
pkw_trim06.png,textures_pk,256x32,0.9,0.1,17,72.9
pkw_doorfr01b.png,textures_pk,64x128,1.2,0.1,15,63.4
pkw_wall02bb.png,textures_pk,256x256,11.0,0.6,146,76.1
pkf_wall4k.png,textures_pk,256x256,12.4,0.6,115,60.2
mod_celfloor1f.png,textures_pk,128x128,2.3,0.2,38,79.8
pkf_sign8a.png,textures_pk,256x128,1.7,0.2,8,8.7
pkh_tiles01b.png,textures_pk,512x512,108.0,5.8,542,52.9
pkw_wall04m.png,textures_pk,256x256,9.5,0.6,138,72.0
{pkw_wheel01.png,textures_pk,64x64,0.4,0.0,8,67.3
pk_chinflw3d.png,textures_pk,256x256,12.1,0.6,116,60.7
pkf_wall6b.png,textures_pk,256x256,21.1,0.7,86,45.2
pkw_doorfr01a.png,textures_pk,64x128,1.1,0.1,17,71.2
pkf_door2a.png,textures_pk,64x128,1.4,0.1,13,55.8
hwoods2.png,textures_pk,160x80,1.7,0.1,25,67.8
mazywall.png,textures_pk,256x256,18.3,0.7,92,48.3
pkf_wall1i.png,textures_pk,256x256,13.1,0.7,109,56.9
pkw_wall07k.png,textures_pk,256x256,10.5,0.6,141,73.5
pkf_tilewall1b.png,textures_pk,256x256,11.8,0.6,116,60.7
pk_chinwall1.png,textures_pk,128x128,3.8,0.2,21,44.2
mod_labtrim5.png,textures_pk,256x64,4.0,0.2,20,42.8
pk_conbuild01d.png,textures_pk,256x256,11.4,0.7,123,64.2
mod_lights1b.png,textures_pk,32x32,0.1,0.0,1,39.9
SW_Wood01.png,textures_pk,128x32,0.5,0.0,8,74.3
{pkf_shopgrate2.png,textures_pk,128x128,1.4,0.2,10,22.7
pkf_metaltrim1.png,textures_pk,32x256,1.3,0.1,16,67.5
pkf_wall4b.png,textures_pk,256x256,12.5,0.6,113,58.9
{pk_chleaves2a.png,textures_pk,128x128,0.8,0.1,8,17.5
mod_pipe2d.png,textures_pk,128x128,4.0,0.2,17,36.0
mod_sigaira.png,textures_pk,64x32,0.3,0.0,4,74.9
pk_chcobb3a.png,textures_pk,256x256,11.4,0.6,137,71.4
pkw_pave01b2.png,textures_pk,256x256,9.6,0.6,145,76.0
pkf_concrete2.png,textures_pk,256x256,14.7,0.6,127,66.4
pkf_facility1e.png,textures_pk,256x256,13.9,0.7,103,54.0
mod_labtrim8b.png,textures_pk,256x32,1.6,0.1,9,41.6
pkf_inwall2.png,textures_pk,128x128,5.2,0.2,21,44.2
pk_hlrmud1a.png,textures_pk,256x256,10.1,0.6,141,73.5
pkw_wall06g.png,textures_pk,256x256,9.4,0.6,139,72.5
mod_labcab1a.png,textures_pk,128x256,7.4,0.4,40,42.6
pkf_shopwall1c.png,textures_pk,256x256,17.3,0.7,91,47.6
pkw_grass01.png,textures_pk,256x256,8.8,0.6,159,83.2
pkf_planks1b.png,textures_pk,256x256,19.5,0.6,101,53.0
pkw_door02a.png,textures_pk,64x128,1.1,0.1,16,67.2
mis_trim1c.png,textures_pk,32x128,0.6,0.1,7,63.4
pk_chinflc2c.png,textures_pk,128x256,7.4,0.3,52,54.9
mod_labposter1.png,textures_pk,128x128,3.6,0.2,25,53.0
mod_metdoor2.png,textures_pk,128x128,4.3,0.2,24,52.0
SW_Roof01.png,textures_pk,64x64,0.4,0.0,9,76.4
pkf_wall2a.png,textures_pk,256x256,16.5,0.6,99,51.9
pkw_wall06d.png,textures_pk,256x256,10.0,0.6,139,72.9
mod_screensa.png,textures_pk,256x64,2.3,0.1,19,39.8
pkw_wall04f.png,textures_pk,256x256,9.6,0.6,143,74.6
mod_labelev1b.png,textures_pk,128x128,4.0,0.2,24,50.1
pkf_wall2b.png,textures_pk,256x256,15.5,0.7,100,52.3
pk_chouttil1b.png,textures_pk,256x256,13.0,0.6,119,62.3
mod_screen1i.png,textures_pk,64x64,0.5,0.0,10,83.9
SW_Cobble01.png,textures_pk,160x96,2.0,0.1,40,89.5
pkf_inwall3d.png,textures_pk,128x128,3.5,0.2,27,56.8
pkf_box3b.png,textures_pk,80x80,0.9,0.1,11,59.2
{SW_Tree07.png,textures_pk,256x256,3.9,0.3,40,21.2
pkf_wall1d.png,textures_pk,256x128,5.8,0.3,56,59.1
pk_chindoor1.png,textures_pk,64x128,1.5,0.1,12,52.9
pk_chmarb1a.png,textures_pk,128x128,2.3,0.1,33,69.2
pktilesang1e.png,textures_pk,256x256,13.5,0.6,122,63.8
pk_chcomwood2b.png,textures_pk,256x64,2.6,0.1,31,64.8
pkw_winlay06.png,textures_pk,256x256,2.5,0.3,12,6.4
her_trim_3.png,textures_pk,256x32,1.1,0.1,15,66.0
pkw_metal.png,textures_pk,128x128,2.6,0.2,30,63.4
pkw_wall06a.png,textures_pk,256x256,9.4,0.6,136,71.2
pkf_wall3f.png,textures_pk,256x128,5.6,0.3,60,63.5
pkh_wall01b.png,textures_pk,512x512,79.0,5.8,621,60.7
pkf_wall1n.png,textures_pk,256x256,13.3,0.7,107,56.0
mod_labroof1b.png,textures_pk,256x256,11.7,0.6,111,58.0
pkf_concrete5b.png,textures_pk,256x256,11.3,0.6,119,62.3
pkf_sign3.png,textures_pk,128x64,1.4,0.1,14,61.9
pk_chpipe1b.png,textures_pk,64x256,3.5,0.2,25,53.6
mod_screenh.png,textures_pk,64x64,0.4,0.0,8,75.0
mod_labtrim8a.png,textures_pk,256x32,1.7,0.1,9,39.5
pkw_doortrim01.png,textures_pk,16x128,0.2,0.0,4,73.6
pkf_concrete1.png,textures_pk,256x256,11.5,0.6,139,72.7
{pk_chvines1a.png,textures_pk,128x256,3.0,0.2,35,36.7
pk_chconcrete1c.png,textures_pk,256x256,10.6,0.6,155,80.8
{pkf_fence2a.png,textures_pk,256x256,5.5,0.5,71,37.4
mod_labvertrim1.png,textures_pk,16x256,0.6,0.1,2,20.8
pkw_crate01b.png,textures_pk,128x128,2.3,0.1,32,67.7
pktilesang1a.png,textures_pk,256x256,12.3,0.6,126,65.9
pkw_winlay07a.png,textures_pk,256x256,2.7,0.3,19,10.0
hWall1b.png,textures_pk,160x160,3.9,0.3,50,68.0
pkf_vent1a.png,textures_pk,64x48,0.4,0.0,4,55.5
pkw_wall08c.png,textures_pk,256x256,9.8,0.6,138,71.9
pkf_wall4c.png,textures_pk,256x256,12.3,0.7,109,57.3
pkw_trim04.png,textures_pk,128x32,0.4,0.0,9,78.4
pkf_concrete3.png,textures_pk,256x256,16.7,0.6,117,61.2
mod_lights4a.png,textures_pk,32x32,0.1,0.0,1,49.2
mis_det1b.png,textures_pk,128x256,5.4,0.3,55,58.0
pkf_sign8c.png,textures_pk,256x128,10.4,0.3,48,50.2
pk_hlrroad1b.png,textures_pk,256x256,14.6,0.7,123,64.2
pk_chinflw3c.png,textures_pk,256x256,12.1,0.6,104,54.5
pkf_inwall2b.png,textures_pk,128x128,4.2,0.2,24,50.0
pk_chinwall2k.png,textures_pk,256x256,20.2,0.7,96,50.4
pkf_wall1a.png,textures_pk,256x256,13.7,0.6,110,57.8
pkw_food1c.png,textures_pk,64x32,0.2,0.0,5,90.4
pkw_wall10h.png,textures_pk,256x256,9.7,0.6,147,76.6
mod_metfloor2a.png,textures_pk,128x128,3.1,0.2,22,47.6
mis_floor1b.png,textures_pk,128x256,5.8,0.3,68,71.2
pkf_road2a.png,textures_pk,256x256,19.6,0.6,102,53.3
pk_concrete06.png,textures_pk,256x256,10.5,0.6,139,72.9
snowwall3.png,textures_pk,160x160,3.8,0.2,51,68.9
mod_sigwarn.png,textures_pk,64x64,0.5,0.0,9,77.9
scroll_modwater.png,textures_pk,256x256,21.9,0.7,76,39.6
pkf_sign6.png,textures_pk,128x64,1.2,0.1,16,68.5
{pk_chvines1b.png,textures_pk,64x128,0.8,0.1,10,45.0
pk_chogroset1a.png,textures_pk,256x256,8.8,0.6,161,84.2
mod_labwall01tb.png,textures_pk,16x128,0.4,0.0,2,46.5
mod_wallvent1b.png,textures_pk,64x128,1.5,0.1,9,38.8
mod_metfloor1c.png,textures_pk,256x256,13.8,0.6,136,71.0
her_wall_2.png,textures_pk,256x256,9.5,1.2,109,56.9
pkh_tiles01a.png,textures_pk,512x512,105.5,5.7,550,53.8
{pkw_wooden01.png,textures_pk,128x128,2.1,0.1,27,56.3
pkw_trim05.png,textures_pk,16x256,0.5,0.1,8,67.6
pk_chinpillow2c.png,textures_pk,128x128,3.1,0.1,11,23.3
mod_celfloor1d.png,textures_pk,128x256,7.0,0.3,62,64.9
pkw_ground01a.png,textures_pk,256x256,9.1,0.5,157,81.8
{mod_window1.png,textures_pk,64x128,0.9,0.1,5,23.3
pkf_facility2c.png,textures_pk,256x256,13.0,0.6,116,60.8
her_door_1.png,textures_pk,64x128,1.2,0.1,14,60.7
pkf_vent1b.png,textures_pk,64x48,0.4,0.0,5,57.2
pk_chwallr1a.png,textures_pk,256x256,10.2,0.6,134,70.1
pk_hlrmudd.png,textures_pk,256x256,10.6,0.6,135,70.3
mod_screenf.png,textures_pk,64x64,0.5,0.0,8,68.1
SW_Gate01.png,textures_pk,256x256,16.3,0.7,128,67.0
mazy_trim1b.png,textures_pk,256x32,1.6,0.1,10,44.8
pkw_arch02d.png,textures_pk,256x256,8.4,0.6,128,66.9
mod_labtiles2b.png,textures_pk,256x256,13.1,0.6,119,62.4
pkf_tilewall1d2.png,textures_pk,256x256,11.9,0.6,113,59.2
mod_labroof1a.png,textures_pk,256x256,16.1,0.7,103,53.9
pkw_wall10b.png,textures_pk,256x256,9.4,0.6,146,76.3
her_rock_1a.png,textures_pk,256x256,10.0,0.6,151,78.8
pkground1a.png,textures_pk,512x512,68.6,5.8,687,67.1
mis_comlay1b.png,textures_pk,256x128,1.2,0.1,5,5.6
pk_chinwall2f.png,textures_pk,256x256,20.3,0.7,95,49.8
pkf_facility1a.png,textures_pk,256x256,15.7,0.6,108,56.3
{pkf_tree2a.png,textures_pk,256x256,4.8,0.3,41,21.4
pkf_wall2f.png,textures_pk,256x256,15.5,0.7,100,52.1
pk_chinvebeam1a.png,textures_pk,16x128,0.2,0.0,4,71.2
pkw_trim03a.png,textures_pk,256x32,1.1,0.1,15,65.2
pkf_mud2.png,textures_pk,256x256,9.4,0.6,147,77.0
mod_door2b.png,textures_pk,128x128,3.9,0.2,26,55.6
pkw_wall07a.png,textures_pk,256x256,10.2,0.6,141,73.8
pkw_wall02ab.png,textures_pk,256x256,9.4,0.6,149,78.1
pkw_wall01e.png,textures_pk,256x256,9.2,0.6,155,80.8
mod_screeng.png,textures_pk,64x64,0.5,0.0,8,71.7
pkf_wall4n.png,textures_pk,256x256,12.0,0.6,104,54.4
+amod_button1.png,textures_pk,64x64,0.5,0.0,5,46.6
pkf_box2b.png,textures_pk,80x80,1.4,0.1,6,32.7
pkf_light2a.png,textures_pk,128x32,0.5,0.0,3,26.6
pk_chcobb2c.png,textures_pk,256x256,11.7,0.6,130,68.2
gow_wall1a.png,textures_pk,256x256,9.7,0.6,140,73.3
pkf_wall4o.png,textures_pk,256x256,11.2,0.6,103,53.7
pk_chconcrete1a.png,textures_pk,256x256,10.7,0.6,154,80.3
mod_labwall01a.png,textures_pk,128x128,3.6,0.2,16,34.8
pkw_wall10l.png,textures_pk,256x256,9.5,0.6,146,76.1
her_trim_2.png,textures_pk,256x32,1.0,0.1,17,74.9
!pkf_water1.png,textures_pk,128x128,4.0,0.2,22,46.7
mod_gratfloor2b.png,textures_pk,256x256,14.0,0.6,126,65.9
pk_chcrowall1e.png,textures_pk,256x256,9.8,0.6,147,76.9
pkw_winlay03a.png,textures_pk,256x256,3.1,0.3,27,14.4
pkw_wall02af.png,textures_pk,256x256,9.4,0.6,149,77.8
pkf_wall5e.png,textures_pk,256x256,17.2,0.7,88,46.3
pktilesang1d.png,textures_pk,256x256,13.1,0.6,123,64.2
pkw_door01a.png,textures_pk,64x128,1.1,0.1,16,69.0
{SW_Tree06.png,textures_pk,256x256,3.7,0.4,24,13.0
pke_tuwall01e.png,textures_pk,256x256,10.8,0.6,138,72.2
pkw_wall02bd.png,textures_pk,256x256,11.4,0.6,145,75.7
pkf_roadsign4.png,textures_pk,64x16,0.1,0.0,2,75.9
pk_chcobb2b.png,textures_pk,256x256,10.3,0.6,137,71.4
mazy_owall1e.png,textures_pk,256x256,18.6,0.7,79,41.3
pkw_wooden01.png,textures_pk,16x128,0.2,0.0,3,66.3
pk_hlrroad1d.png,textures_pk,256x256,12.6,0.6,130,67.9
pk_chcobb3c.png,textures_pk,256x256,10.1,0.6,150,78.6
pkf_wall6f.png,textures_pk,256x256,17.9,0.7,84,44.0
pkw_wall10d.png,textures_pk,256x256,9.9,0.6,146,76.5
SW_Log01.png,textures_pk,80x80,0.6,0.1,15,85.0
pk_hlrmud1b.png,textures_pk,256x256,10.7,0.6,133,69.5
pkf_wall2e.png,textures_pk,256x256,15.1,0.7,101,53.0
pkf_wall1l.png,textures_pk,256x256,13.3,0.6,110,57.4
pkf_wall7a.png,textures_pk,256x256,12.7,0.6,116,60.6
pk_hlrroad1a.png,textures_pk,256x256,14.7,0.6,122,63.9
pk_chinshad1b.png,textures_pk,256x256,16.3,0.7,79,41.6
pkf_wall3b.png,textures_pk,256x256,11.9,0.6,121,63.3
hGround01end.png,textures_pk,256x256,10.1,0.6,149,78.1
pkw_datrim01a.png,textures_pk,32x128,0.4,0.0,10,85.9
pkw_arch02a.png,textures_pk,256x256,9.6,0.6,144,75.2
her_asphalt_1.png,textures_pk,256x256,10.5,0.6,127,66.4
{mod_window2.png,textures_pk,64x128,0.5,0.1,3,14.1
{pkf_fence1.png,textures_pk,128x32,0.4,0.0,4,41.6
pkw_wood01a.png,textures_pk,64x64,0.4,0.0,9,77.6
pkf_door4b.png,textures_pk,64x128,1.6,0.1,12,52.3
pkw_pave01a.png,textures_pk,64x256,2.3,0.2,36,75.4
pkw_wall03i.png,textures_pk,256x256,10.3,0.6,135,70.4
{blaztree4.png,textures_pk,192x256,5.3,0.4,81,56.3
{maz_leaves.png,textures_pk,128x128,0.9,0.1,11,23.4
pk_chinwall2a.png,textures_pk,256x256,13.6,0.7,108,56.6
mod_conpan1b.png,textures_pk,128x128,2.9,0.2,17,36.9
pkf_sign1.png,textures_pk,256x128,5.1,0.3,71,74.0
pkw_barrel01b.png,textures_pk,128x128,2.2,0.1,34,72.5
pkf_door1a.png,textures_pk,64x112,1.1,0.1,10,51.9
{mod_labgrate1.png,textures_pk,256x256,8.5,0.5,45,23.8
mod_metfloor2b.png,textures_pk,128x128,2.8,0.2,22,46.5
mod_dotfloor3.png,textures_pk,128x128,2.0,0.2,36,75.7
gow_wall1c.png,textures_pk,256x256,10.0,0.6,137,71.4
pkw_wall01f.png,textures_pk,256x256,9.2,0.6,155,81.2
mod_screen1c.png,textures_pk,64x64,0.5,0.1,8,73.6
mis_wall1b.png,textures_pk,256x256,15.4,0.7,114,59.4
pkw_wood02.png,textures_pk,64x256,2.5,0.2,33,70.7
lamp1.png,textures_pk,48x64,0.2,0.0,0,10.3
pkf_roadsign2.png,textures_pk,64x16,0.1,0.0,2,74.8
pkw_pave01b.png,textures_pk,256x256,10.1,0.6,139,72.8
mod_labwalltb.png,textures_pk,32x128,0.7,0.1,4,38.8
mazy_owall1c.png,textures_pk,256x256,15.8,0.7,95,49.6
mod_vtrim01b.png,textures_pk,32x256,1.6,0.1,12,50.9
pkw_wall11j.png,textures_pk,256x256,9.7,0.6,146,76.2
pkf_wall7d.png,textures_pk,256x256,12.2,0.7,111,58.1
mod_door1.png,textures_pk,128x128,4.1,0.2,25,52.5
{pkf_fence2c.png,textures_pk,256x256,5.9,0.6,76,39.7
mod_comwall1b.png,textures_pk,256x256,21.1,0.7,80,42.0
mod_labvent2a.png,textures_pk,128x96,1.8,0.1,9,27.2
pk_chrooft1a.png,textures_pk,256x256,12.2,0.6,125,65.3
pkh_tiles02b.png,textures_pk,512x512,74.0,5.8,618,60.4
pkw_wall01l.png,textures_pk,256x256,9.0,0.6,155,80.8
{pk_chcomwood1.png,textures_pk,256x256,6.5,0.5,91,47.8
mod_electro2b.png,textures_pk,256x256,3.6,0.3,30,15.9
pkf_tilewall1d.png,textures_pk,256x256,12.2,0.6,112,58.7
pkw_winlay11a.png,textures_pk,256x256,2.5,0.3,19,10.3
{pk_chleaves2b.png,textures_pk,256x256,3.9,0.3,38,20.2
mod_walldetail2.png,textures_pk,128x128,2.4,0.2,34,72.8
pkw_wall11f.png,textures_pk,256x256,9.5,0.6,148,77.4
mod_electro1b.png,textures_pk,256x256,14.0,0.7,71,37.0
pkf_wall1m.png,textures_pk,256x256,13.4,0.7,108,56.4
pkw_wall01k.png,textures_pk,256x256,9.3,0.6,153,80.0
hWoods.png,textures_pk,128x32,0.4,0.0,8,71.6
her_wall_3.png,textures_pk,256x256,14.4,0.6,121,63.2
{pkf_planks1a.png,textures_pk,256x256,18.7,0.6,96,50.3
mod_striptrim1b.png,textures_pk,32x128,0.6,0.0,7,63.0
pk_chinwall3d.png,textures_pk,256x256,19.3,0.7,84,44.0
pk_chcomwood2a.png,textures_pk,256x64,2.2,0.1,31,64.7
mazy_owall1b.png,textures_pk,256x256,18.1,0.7,77,40.6
pkw_wall04i.png,textures_pk,256x256,9.5,0.6,142,74.4
pkf_light2b.png,textures_pk,128x32,0.7,0.1,3,30.0
pk_chinroof1a.png,textures_pk,128x128,3.2,0.2,25,52.7
hWall4.png,textures_pk,160x160,4.8,0.3,47,63.8
pkf_trimpavemen.png,textures_pk,128x16,0.2,0.0,3,61.6
SW_Wall04a.png,textures_pk,128x128,1.9,0.1,40,84.5
pkf_tilewall1a.png,textures_pk,256x256,12.1,0.6,122,63.9
{pkw_fence01.png,textures_pk,256x32,0.5,0.1,7,31.5
pkf_wall1b.png,textures_pk,256x256,13.7,0.7,111,58.1
pkw_wall10c.png,textures_pk,256x256,9.9,0.6,146,76.5
pkf_concrete4.png,textures_pk,256x256,11.5,0.6,130,68.1
hbox03.png,textures_pk,96x96,1.4,0.1,15,57.5
{pkf_planks1c.png,textures_pk,256x256,12.1,0.5,71,37.4
pkw_wall03l.png,textures_pk,256x256,11.1,0.6,137,71.7
pkf_tiles1b.png,textures_pk,256x256,18.5,0.7,103,53.8
pk_chinpillow2a.png,textures_pk,128x128,3.2,0.1,11,24.8
pkf_outdoor1b.png,textures_pk,64x112,1.2,0.1,11,52.9
pkw_door02c.png,textures_pk,64x128,1.3,0.1,14,61.7
SW_Boards01b.png,textures_pk,128x256,7.9,0.3,66,69.0
pkw_food1b.png,textures_pk,64x32,0.2,0.0,5,91.0
SW_Window01a.png,textures_pk,32x64,0.2,0.0,3,63.4
mod_labcab1d.png,textures_pk,128x256,7.2,0.4,42,44.6
mis_vent1b.png,textures_pk,64x64,0.6,0.0,6,53.4
pk_chinflc1a.png,textures_pk,128x128,2.8,0.2,28,58.9
mod_labwall01cM.png,textures_pk,256x256,2.5,0.3,10,5.5
pkev_ciwall_1a.png,textures_pk,512x512,97.2,5.5,562,54.9
pkw_wall02be.png,textures_pk,256x256,10.9,0.6,145,75.9
mod_screens1b.png,textures_pk,256x64,2.7,0.2,28,58.4
{pk_chbamboo1a.png,textures_pk,64x128,1.0,0.1,14,59.4
{pkw_wood01b.png,textures_pk,128x256,5.2,0.3,71,74.5
pkf_roofside1.png,textures_pk,128x16,0.2,0.0,3,64.5
pkw_wall06i.png,textures_pk,256x256,9.4,0.6,148,77.2
pk_chinvebeam2b.png,textures_pk,16x128,0.3,0.0,3,54.1
{pk_chleaves1e.png,textures_pk,256x128,4.1,0.3,52,55.0
mod_labroof3a.png,textures_pk,256x256,17.3,0.7,103,54.0
pkw_wall11a.png,textures_pk,256x256,9.6,0.6,146,76.3
pk_chcobb2d.png,textures_pk,256x256,13.0,0.6,132,69.1
pkf_wall2d.png,textures_pk,256x256,14.6,0.7,102,53.4
{pkf_auttrees1c.png,textures_pk,256x256,9.2,0.6,85,44.5
pkw_wall06c.png,textures_pk,256x256,9.9,0.6,142,74.0
mod_labshelf1b.png,textures_pk,64x192,2.4,0.1,18,50.3
pkw_barrel03a.png,textures_pk,128x128,2.0,0.1,37,78.3
pkf_woodtrim1a.png,textures_pk,32x256,1.4,0.1,14,59.4
pk_chcobb1b.png,textures_pk,256x256,10.0,0.6,141,73.9
pkf_wall5c.png,textures_pk,256x256,19.0,0.6,89,46.5
SW_Wall04c.png,textures_pk,256x128,4.5,0.3,80,84.3
pk_hlrmud3.png,textures_pk,256x256,9.6,0.5,148,77.5
{pkf_tree2b.png,textures_pk,256x256,4.5,0.3,45,23.7
pkf_wall6d.png,textures_pk,256x256,19.1,0.7,88,46.1
pkw_wall02bc.png,textures_pk,256x256,10.7,0.6,146,76.4
pkf_box2a.png,textures_pk,80x80,0.9,0.1,11,62.3
mod_comwall1a.png,textures_pk,256x256,14.0,0.7,78,41.0
pkf_wall3i.png,textures_pk,256x256,11.6,0.7,119,62.2
SW_Door01a.png,textures_pk,64x128,1.1,0.1,18,78.8
pkf_inwall1a.png,textures_pk,128x128,2.8,0.1,29,61.7
SW_Rock01.png,textures_pk,256x256,10.3,0.6,160,83.7
mod_labwall02a.png,textures_pk,128x128,3.2,0.2,16,35.3
pkground1b.png,textures_pk,512x512,67.0,5.9,701,68.5
mazy_plate1b.png,textures_pk,256x256,18.0,0.7,76,39.9
mis_trim1a.png,textures_pk,32x256,1.3,0.1,15,65.8
pk_chcobb2a.png,textures_pk,256x256,10.2,0.6,141,73.5
pkw_wall04j.png,textures_pk,256x256,9.8,0.6,143,74.8
pk_chinroof1e1.png,textures_pk,128x128,2.8,0.2,29,62.3
pkw_wall07f.png,textures_pk,256x256,10.1,0.6,142,74.3
mod_screen1g.png,textures_pk,64x64,0.5,0.0,9,75.8
pk_chgrass1.png,textures_pk,256x256,8.7,0.6,166,86.8
pkw_wall03a.png,textures_pk,256x256,10.1,0.6,134,70.1
mod_light4.png,textures_pk,32x128,0.5,0.1,4,41.7
pkw_wall05a.png,textures_pk,256x256,9.3,0.6,141,73.5
{pkf_tree1b.png,textures_pk,256x256,5.4,0.4,65,34.2
hr00f01.png,textures_pk,64x64,0.5,0.0,8,69.9
pk_chcrowall1h.png,textures_pk,256x256,9.0,0.7,151,78.9
mazy_owall1a.png,textures_pk,256x256,20.5,0.8,71,37.2
gow_wallin1a.png,textures_pk,256x256,13.6,0.7,121,63.3
pkw_wall02ae.png,textures_pk,256x256,10.0,0.6,150,78.6
pkf_door5.png,textures_pk,64x128,1.6,0.1,12,52.5
pkf_wall6e.png,textures_pk,256x256,19.1,0.7,85,44.8
pkw_wall06f.png,textures_pk,256x256,11.0,0.6,141,73.9
mod_lbmetal1d.png,textures_pk,256x256,24.0,0.7,73,38.1
pk_chinwall2d.png,textures_pk,256x256,13.6,0.6,108,56.7
pkf_wall3j.png,textures_pk,256x256,12.8,0.8,118,62.0
{maz_leaves1c.png,textures_pk,512x256,9.2,0.6,71,18.7
pkf_wall1h.png,textures_pk,256x128,6.1,0.3,53,55.4
{blaztree6.png,textures_pk,160x256,4.2,0.3,55,45.9
pkf_concrete5a.png,textures_pk,256x256,11.6,0.7,119,62.3
mazy_trim1a.png,textures_pk,256x32,2.0,0.1,8,36.1
mod_screen1f.png,textures_pk,64x64,0.5,0.0,8,69.5
her_ceil_1.png,textures_pk,256x256,11.3,0.6,120,62.6
{pk_chincarpet1.png,textures_pk,128x128,1.6,0.1,20,43.7
{SW_Tree03.png,textures_pk,192x256,5.9,0.4,68,47.8
pkw_light01.png,textures_pk,32x32,0.2,0.0,2,71.7
pkw_wall08b.png,textures_pk,256x256,10.2,0.6,136,70.8
pkw_wall10j.png,textures_pk,256x256,10.4,0.6,147,76.6
pke_tuwall01d.png,textures_pk,256x256,11.3,0.7,139,72.4
mod_labtrim7a.png,textures_pk,256x32,1.6,0.1,11,47.1
mod_light3b.png,textures_pk,32x128,0.5,0.1,5,47.2
pk_chinvebeam4.png,textures_pk,16x256,0.6,0.1,7,61.3
htiles.png,textures_pk,256x256,10.5,0.6,138,72.1
pkf_tilewall1f2.png,textures_pk,256x256,12.3,0.7,116,60.5
pk_chinflw3b.png,textures_pk,256x256,12.4,0.7,117,61.0
hTiles2.png,textures_pk,160x96,2.0,0.1,38,84.6
pkw_ground02b.png,textures_pk,128x256,4.8,0.3,77,81.1
pkw_bomb2.png,textures_pk,256x256,11.3,0.6,139,72.9
hWall1a.png,textures_pk,160x160,4.1,0.3,50,67.6
pk_chinwall2l.png,textures_pk,256x256,19.9,0.7,98,51.5
mis_trim1b.png,textures_pk,32x128,0.6,0.1,7,60.5
mod_door3.png,textures_pk,128x128,3.8,0.2,24,50.9
pkf_wall4g.png,textures_pk,256x256,11.7,0.6,97,50.9
pkw_wall02ag.png,textures_pk,256x256,9.5,0.6,150,78.3
hTrain01.png,textures_pk,512x256,26.3,1.1,226,58.9
mod_celfloor1g.png,textures_pk,128x256,5.8,0.3,69,72.8
mod_labcab2b.png,textures_pk,128x256,2.0,0.2,13,13.6
pke_tuwall01c.png,textures_pk,256x256,11.6,0.6,139,72.5
ts_tilez1a.png,textures_pk,256x256,16.2,0.7,112,58.4
pkf_tiles2a.png,textures_pk,256x256,25.5,0.7,89,46.7
pkf_bark2.png,textures_pk,128x128,2.1,0.1,38,80.5
hWall4b.png,textures_pk,160x160,4.3,0.3,46,62.0
mod_celfloor2a.png,textures_pk,128x128,3.9,0.2,28,60.0
{pkw_wood01a.png,textures_pk,128x256,4.8,0.3,57,59.6
mod_labshelf1a.png,textures_pk,64x192,2.6,0.1,16,47.0
pkw_wall11k.png,textures_pk,256x256,9.6,0.6,148,77.4
pk_concrete03.png,textures_pk,256x256,9.8,0.6,144,75.3
SW_Wall03b.png,textures_pk,256x128,5.1,0.3,70,73.0
mod_light1b.png,textures_pk,32x128,0.6,0.0,6,54.7
mod_pipe2a.png,textures_pk,128x128,4.1,0.2,17,36.6
pkw_wall07e.png,textures_pk,256x256,10.4,0.6,132,69.2
pkf_containr2b.png,textures_pk,128x128,3.9,0.2,22,46.3
SW_Boards01a.png,textures_pk,128x256,8.6,0.3,55,57.8
pkf_containr1c.png,textures_pk,256x128,8.6,0.3,45,47.2
hWall3b.png,textures_pk,160x160,3.9,0.3,49,65.3
pkf_woodfloor1.png,textures_pk,256x256,10.0,0.6,149,77.8
pke_tuwall01a.png,textures_pk,256x256,10.0,0.6,141,73.5
mod_mettrim1a.png,textures_pk,128x32,0.6,0.0,6,55.7
pkw_crate01a.png,textures_pk,128x128,2.4,0.1,31,65.5
pk_chinflw1a.png,textures_pk,256x256,20.2,0.6,87,45.5
mod_metdoor1a.png,textures_pk,256x256,18.0,0.7,83,43.3
pk_chinflw2c.png,textures_pk,256x256,13.2,0.6,118,61.5
pkf_window2a.png,textures_pk,32x64,0.3,0.0,3,52.0
pkf_outdoor1a.png,textures_pk,64x112,1.3,0.1,10,50.0
pkw_wood01b.png,textures_pk,256x128,5.1,0.3,70,73.3
{pkf_tree2c.png,textures_pk,256x256,4.2,0.3,47,24.6
pk_chcomcar1c.png,textures_pk,256x256,10.4,0.6,140,73.3
her_metal_1.png,textures_pk,128x128,3.4,0.2,26,54.2
mod_labframe1b.png,textures_pk,128x128,3.7,0.2,14,30.5
pk_chrooft1b.png,textures_pk,256x256,12.0,0.6,124,65.0
pkf_trim1a.png,textures_pk,128x32,0.5,0.0,7,58.5
pkw_wall11b.png,textures_pk,256x256,9.5,0.6,148,77.3
{pk_chleaves1a.png,textures_pk,128x128,0.8,0.1,8,18.1
pk_chcrowall1b.png,textures_pk,256x256,10.3,0.6,151,79.1
mod_screenc.png,textures_pk,64x64,0.5,0.0,8,68.7
pkf_wall7f.png,textures_pk,256x256,12.5,0.7,106,55.5
mis_trim2b.png,textures_pk,32x256,1.2,0.1,17,73.8
mod_labcab2c.png,textures_pk,128x256,1.9,0.2,16,16.8
pkw_wall07g.png,textures_pk,256x256,10.2,0.6,143,74.6
pkw_wall11d.png,textures_pk,256x256,9.5,0.6,148,77.6
pkf_road2b.png,textures_pk,256x256,22.1,0.6,100,52.2
pkw_tiles02a.png,textures_pk,256x256,9.9,0.6,146,76.4
pk_chinwall4b.png,textures_pk,256x256,19.6,0.7,92,48.2
mod_wallvent1a.png,textures_pk,64x128,1.2,0.1,8,37.1
pkw_wall10i.png,textures_pk,256x256,9.5,0.6,146,76.0
pkf_wall4e.png,textures_pk,256x256,12.2,0.6,103,53.8
pkw_wall03j.png,textures_pk,256x256,10.3,0.6,139,72.8
mod_labwall01bM.png,textures_pk,256x256,2.0,0.3,4,2.5
pkf_wall3c.png,textures_pk,256x256,11.7,0.7,122,63.7
lamp2.png,textures_pk,48x64,0.2,0.0,0,10.8
pkf_roof3a.png,textures_pk,256x256,24.6,0.7,77,40.4
pkw_gwall03a.png,textures_pk,256x256,9.3,0.6,154,80.5
pk_chinflw1b.png,textures_pk,256x256,21.5,0.6,86,45.0
pkw_wall03h.png,textures_pk,256x256,10.6,0.6,140,73.4
pkw_wall05e.png,textures_pk,256x256,9.9,0.6,147,76.8
pkf_containr3a.png,textures_pk,256x128,6.8,0.3,52,54.4
snowwall2.png,textures_pk,160x160,3.9,0.3,52,69.6
pk_chintable1l.png,textures_pk,32x128,0.8,0.1,5,45.4
pkw_roof1.png,textures_pk,128x128,2.2,0.1,37,77.4
pkf_wall2c.png,textures_pk,256x256,15.6,0.7,99,51.9
mis_com1b.png,textures_pk,256x128,6.7,0.3,59,61.9
pkw_door02b.png,textures_pk,64x128,1.2,0.1,16,67.1
hWall07.png,textures_pk,256x192,7.6,0.5,102,71.2
pkw_winlay07b.png,textures_pk,256x256,3.0,0.3,18,9.8
pkf_wall2h.png,textures_pk,256x256,15.1,0.7,99,51.7
pk_chcomwood3b.png,textures_pk,256x256,20.5,0.6,87,45.7
pk_chinvebeam1b.png,textures_pk,16x128,0.2,0.0,4,74.9
her_floor_1.png,textures_pk,256x256,10.0,1.2,136,71.1
pkf_roof2b.png,textures_pk,256x256,21.1,0.7,96,50.1
pkf_roadsign1.png,textures_pk,64x16,0.2,0.0,2,73.5
pkf_sign5.png,textures_pk,256x32,1.4,0.1,14,61.6
{pkf_tree1a.png,textures_pk,256x256,6.1,0.4,62,32.4
pkf_window1b.png,textures_pk,32x64,0.3,0.0,2,46.9
{pk_chleaves1c.png,textures_pk,256x256,6.2,0.5,74,38.7
pk_chinwpaper1a.png,textures_pk,128x128,3.4,0.2,28,60.4
pkf_containr1b.png,textures_pk,128x128,4.0,0.2,22,46.8
pkw_wall04k.png,textures_pk,256x256,9.7,0.6,138,71.9
pk_chrooft1c.png,textures_pk,256x256,14.4,0.6,124,64.9
pkw_wall01c.png,textures_pk,256x256,9.8,0.6,154,80.6
pk_chinwall2i.png,textures_pk,256x256,20.5,0.7,106,55.5
mod_labcon1a.png,textures_pk,256x128,7.0,0.4,47,49.2
mod_labwallta.png,textures_pk,16x128,0.3,0.0,2,44.6
pkw_wall04n.png,textures_pk,128x256,6.3,0.3,62,65.3
mod_screenj.png,textures_pk,64x64,0.5,0.1,9,78.4
SW_Window01b.png,textures_pk,32x64,0.3,0.0,3,61.5
SW_Wall05b.png,textures_pk,128x128,2.4,0.2,37,78.1
mod_labtiles2a.png,textures_pk,256x256,13.6,0.7,123,64.4
pk_chinhobeam1a.png,textures_pk,128x16,0.3,0.0,3,55.1
{pk_chleaves1d.png,textures_pk,256x256,11.1,0.7,112,58.9
pkf_wall5g.png,textures_pk,256x256,16.3,0.7,85,44.3
mod_celfloor1a.png,textures_pk,128x128,3.0,0.2,31,65.3
pkf_containr3c.png,textures_pk,256x128,6.5,0.3,50,52.5
mod_labpipe1a.png,textures_pk,256x128,7.3,0.4,53,55.8
pkw_trim02.png,textures_pk,256x32,1.1,0.1,16,67.1
pk_chcobb1a.png,textures_pk,256x256,10.5,0.6,144,75.1
mod_labvent1a.png,textures_pk,32x64,0.2,0.0,2,36.0
pkw_wall11g.png,textures_pk,256x256,9.6,0.6,149,77.7
mod_metcrate1b.png,textures_pk,128x128,5.0,0.2,22,46.7
pkf_door3a.png,textures_pk,64x128,1.6,0.1,11,49.2
pkf_containr2c.png,textures_pk,256x128,6.7,0.3,41,42.8
pkf_roof2c.png,textures_pk,256x256,23.9,0.6,86,45.0
pkh_window01b.png,textures_pk,128x256,7.3,1.0,101,79.0
pkw_wall06e.png,textures_pk,256x256,10.1,0.6,139,72.8
pkf_grassmud1a.png,textures_pk,256x256,9.3,0.6,157,82.1
pk_chinpillow1b.png,textures_pk,64x64,0.6,0.0,7,66.1
pkf_wall4h.png,textures_pk,256x256,10.9,0.6,95,49.7
her_inwall_2b.png,textures_pk,128x128,2.3,0.1,31,65.2
pk_chinhobeam1b.png,textures_pk,128x16,0.2,0.0,3,60.7
snowdoor2.png,textures_pk,64x128,1.7,0.1,11,48.3
hwall5b.png,textures_pk,160x160,5.1,0.3,46,61.6
pk_conbuild01c.png,textures_pk,256x256,11.3,0.7,124,65.0
pkf_shopwall1g.png,textures_pk,256x256,16.5,0.7,104,54.2
pkw_wall11c.png,textures_pk,256x256,10.1,0.6,146,76.5
pkf_inwall3b.png,textures_pk,128x128,3.3,0.2,28,59.9
+0mod_button1.png,textures_pk,64x64,0.5,0.0,5,46.9
mod_labvent2b.png,textures_pk,128x96,1.8,0.2,9,26.4
pkf_tilewall1g2.png,textures_pk,256x256,12.8,0.7,113,59.2
{pkf_shopgrate1.png,textures_pk,128x128,1.1,0.1,6,14.2
pk_chroofs1a.png,textures_pk,256x32,1.0,0.1,14,60.8
pkw_wall04b.png,textures_pk,256x256,10.1,0.6,139,72.8
pk_chroofs1b.png,textures_pk,256x32,1.0,0.1,14,59.4
pkw_bomb1.png,textures_pk,256x256,7.1,0.4,79,41.3
pkw_ground02a.png,textures_pk,128x256,4.5,0.3,77,80.8
pkw_winlay04a.png,textures_pk,256x256,2.2,0.3,7,3.8
mod_striptrim1a.png,textures_pk,32x128,0.6,0.0,7,64.1
pkf_inwall1b.png,textures_pk,128x128,2.8,0.1,30,63.7
pkf_metall1a.png,textures_pk,128x128,3.3,0.2,32,68.0
pkf_box1b.png,textures_pk,80x80,0.9,0.1,12,65.1
mod_celfloor1c.png,textures_pk,256x256,11.3,0.6,86,44.9
pkf_light1b.png,textures_pk,32x32,0.2,0.0,1,60.3
pkf_wall5f.png,textures_pk,256x256,16.5,0.7,84,43.8
mod_metfloor1a.png,textures_pk,256x256,12.6,0.6,147,77.1
pkw_arch03.png,textures_pk,256x256,12.4,0.7,127,66.4
mod_light1a.png,textures_pk,32x128,0.5,0.0,5,43.3
mod_screen1a.png,textures_pk,64x64,0.5,0.0,9,75.3
hboxtop.png,textures_pk,128x128,3.1,0.1,29,60.6
{pkw_fence.png,textures_pk,256x64,1.0,0.1,11,23.6
pkf_inwall3a.png,textures_pk,128x128,3.3,0.2,28,59.3
pkw_gwall01b.png,textures_pk,256x256,10.2,0.6,139,72.4
mod_vents1b.png,textures_pk,64x64,0.6,0.0,7,59.5
SW_Snow01a.png,textures_pk,256x256,11.5,0.6,127,66.5
pkf_shopwall1e.png,textures_pk,256x256,17.7,0.7,93,48.9
hGround.png,textures_pk,256x256,11.0,0.6,153,79.9
her_floor_2.png,textures_pk,128x128,2.2,0.2,33,70.7
pk_chwall3.png,textures_pk,256x256,13.9,0.7,115,60.1
pk_chpipe1a.png,textures_pk,64x256,4.4,0.2,23,49.7
pkw_rock01b.png,textures_pk,256x256,9.6,0.6,157,82.0
hGround02.png,textures_pk,256x256,9.1,0.6,154,80.5
pkf_road1a.png,textures_pk,256x256,20.0,0.6,102,53.6
{blaztree5.png,textures_pk,192x256,5.7,0.4,62,43.4
pkf_sign8b.png,textures_pk,256x128,2.0,0.2,9,10.2
pk_chinwall2g.png,textures_pk,256x256,19.8,0.8,100,52.2
pkf_facility1b.png,textures_pk,256x256,15.4,0.7,108,56.5
mod_grate1.png,textures_pk,256x256,12.0,0.7,116,60.9
pk_chconcrete1b.png,textures_pk,256x256,10.3,0.6,149,77.9
pk_chinroof1d1.png,textures_pk,128x128,3.6,0.2,25,53.7
mod_labroof3b.png,textures_pk,256x256,21.8,0.7,93,48.9
pkf_inwall1d.png,textures_pk,128x128,2.8,0.2,29,62.1
SW_Wall02a.png,textures_pk,256x128,5.5,0.3,67,70.1
mod_labtrim7b.png,textures_pk,256x32,1.5,0.1,11,47.7
pkf_mud1.png,textures_pk,256x256,9.9,0.6,141,73.5
pk_chinwall2b.png,textures_pk,256x256,19.9,0.7,96,50.4
hWall2.png,textures_pk,160x160,3.6,0.2,54,72.6
pkf_wall5h.png,textures_pk,256x256,15.9,0.7,82,43.2
pk_chcrowall1c.png,textures_pk,256x256,9.6,0.7,155,80.9
pkw_wall02ba.png,textures_pk,256x256,11.5,0.6,144,75.1
pkf_roof2a.png,textures_pk,256x256,19.9,0.7,99,51.6
{mod_labfloor1.png,textures_pk,256x256,9.7,0.4,69,36.3
pkw_doors01b.png,textures_pk,256x256,12.2,0.6,133,69.6
hRails01.png,textures_pk,256x256,10.0,0.7,142,74.3
pk_chmarb1b.png,textures_pk,128x128,2.3,0.2,33,69.4
mod_siga.png,textures_pk,32x32,0.2,0.0,1,66.6
pkw_plank01a.png,textures_pk,32x256,1.1,0.1,17,72.0
pk_concrete04.png,textures_pk,256x256,9.6,0.6,150,78.5
pkf_facility1f.png,textures_pk,256x256,13.5,0.7,104,54.2
pkf_trashcan1b.png,textures_pk,32x32,0.1,0.0,1,60.0
pkw_wall06h.png,textures_pk,256x256,10.3,0.6,139,72.6
pkf_tilewall1e.png,textures_pk,256x256,13.5,0.7,110,57.7
mod_vents1a.png,textures_pk,64x64,0.6,0.0,6,53.6
pkw_wall01i.png,textures_pk,256x256,9.3,0.6,154,80.3
SW_Boards01c.png,textures_pk,128x256,7.5,0.3,65,68.6
pkw_wall01g.png,textures_pk,256x256,9.5,0.6,153,79.8
pk_hlrroad1c.png,textures_pk,256x256,12.8,0.6,128,66.8
mis_wall1a.png,textures_pk,256x256,9.8,0.6,154,80.3
pk_concrete01b.png,textures_pk,256x256,10.6,0.6,138,72.1
pk_chinshad1a.png,textures_pk,256x256,17.4,0.7,74,38.8
pk_chouttil1a.png,textures_pk,256x256,11.3,0.6,127,66.4
pkw_tiles02e.png,textures_pk,256x256,10.4,0.6,143,74.8
pk_chcrowall1g.png,textures_pk,256x256,9.8,0.7,147,76.9
pkf_door4a.png,textures_pk,64x128,1.7,0.1,12,52.8
pk_chogroset1b.png,textures_pk,256x256,13.1,0.6,118,61.7
pkf_wall3d.png,textures_pk,256x256,12.8,0.7,118,61.5
{SW_Tree04.png,textures_pk,192x256,5.8,0.4,77,54.0
pk_chcomcar1d.png,textures_pk,256x256,10.8,0.6,144,75.1
pk_hlrmud2.png,textures_pk,256x256,10.8,0.6,134,70.0
pkf_wall4m.png,textures_pk,256x256,12.0,0.6,106,55.7
mod_labtrim4.png,textures_pk,128x16,0.3,0.0,2,42.7
pkw_wall01d.png,textures_pk,256x256,10.0,0.6,156,81.3
pktrim1a.png,textures_pk,512x128,16.2,1.6,189,73.9
pkf_facility2b.png,textures_pk,256x256,13.2,0.6,117,61.3
pkw_wall07i.png,textures_pk,256x256,10.7,0.7,139,72.6
pkw_trim01b.png,textures_pk,256x32,1.0,0.1,16,67.3
pkf_wall1f.png,textures_pk,256x256,13.6,0.7,108,56.6
{pkf_planks1b.png,textures_pk,256x256,16.3,0.6,86,44.8
pkw_wall01h.png,textures_pk,256x256,9.4,0.6,152,79.6
pkf_wall7c.png,textures_pk,256x256,12.0,0.6,108,56.5
pkf_creds.png,textures_pk,256x64,3.5,0.2,26,55.0
mis_detlay1a.png,textures_pk,128x256,0.9,0.1,0,0.5
mis_vent1a.png,textures_pk,64x64,0.6,0.0,6,52.9
her_trim_1.png,textures_pk,16x128,0.2,0.0,4,75.7
pkf_shopwin1a.png,textures_pk,128x128,4.0,0.2,24,51.4
{pk_chleaves1b.png,textures_pk,256x256,4.8,0.4,47,24.9
pk_chinwall2e.png,textures_pk,256x256,14.0,0.7,108,56.8
mod_screens1a.png,textures_pk,256x64,2.7,0.2,26,55.5
mod_labwallb.png,textures_pk,128x128,3.4,0.2,17,35.8
pkw_wall05h.png,textures_pk,256x256,9.4,0.6,145,75.6
mod_spot1.png,textures_pk,64x64,0.5,0.0,6,53.3
pkf_shopwall1h.png,textures_pk,256x256,16.2,0.7,102,53.6
mod_labcab1b.png,textures_pk,128x256,7.2,0.4,40,42.7
gow_wall1e.png,textures_pk,256x256,9.8,0.6,136,70.9
pkf_wall4r.png,textures_pk,256x256,12.2,0.7,108,56.6
pktilesang1tb.png,textures_pk,256x32,1.1,0.1,15,65.4
pkf_wall4j.png,textures_pk,256x256,12.5,0.7,109,57.2
pkf_bark1.png,textures_pk,64x128,0.9,0.1,20,83.9
mazy_plate1a.png,textures_pk,256x256,19.3,0.7,76,40.0
pkf_trim1b.png,textures_pk,128x32,0.4,0.0,7,60.7
pkf_shopwall1d.png,textures_pk,256x256,17.3,0.7,92,48.2
pk_chmetal1b.png,textures_pk,256x128,5.6,0.3,60,63.1
pkw_rock01a.png,textures_pk,256x256,9.6,0.6,158,82.6
pkf_wall4a.png,textures_pk,256x256,11.4,0.6,99,52.0
pkf_woodtrim1b.png,textures_pk,32x256,1.3,0.1,14,61.5
pkf_sign4.png,textures_pk,256x64,2.6,0.2,31,64.6
mod_labcarpet1b.png,textures_pk,256x256,10.1,0.6,128,66.9
pkh_wall01a.png,textures_pk,512x512,86.5,6.0,608,59.4
mod_labcab2a.png,textures_pk,128x256,1.5,0.2,8,8.5
pkw_wall11e.png,textures_pk,256x256,9.8,0.6,148,77.1
pkw_trim03c.png,textures_pk,256x32,1.0,0.1,15,65.3
mod_siggen.png,textures_pk,64x32,0.3,0.0,4,75.8
mod_labtrim2a.png,textures_pk,128x32,0.6,0.0,5,49.2
pkw_wall10g.png,textures_pk,256x256,10.2,0.6,148,77.4
mod_thinlightb.png,textures_pk,128x16,0.2,0.0,1,21.6
pk_chcomcar2.png,textures_pk,256x256,10.3,0.6,133,69.7
mod_metcrate1a.png,textures_pk,128x128,4.3,0.2,22,47.0
pkw_tiles02c.png,textures_pk,256x256,9.9,0.6,142,74.5
pkf_tiles1a.png,textures_pk,256x256,20.5,0.6,100,52.3
pk_chvertbeam1.png,textures_pk,32x256,1.1,0.1,18,78.1
{mod_labgrate2.png,textures_pk,256x256,8.3,0.5,47,25.0
mis_floor1a.png,textures_pk,256x256,16.8,0.6,103,54.0
mis_com1a.png,textures_pk,256x128,6.0,0.3,63,66.2
pk_chrock1.png,textures_pk,256x256,9.3,0.6,164,85.6
pkf_trashcan1a.png,textures_pk,32x64,0.2,0.0,3,57.8
pkw_gwall02a.png,textures_pk,256x256,9.5,0.6,149,77.9
pkw_wall04d.png,textures_pk,256x256,9.6,0.6,142,74.0
mod_conpan1a.png,textures_pk,128x128,3.1,0.2,17,36.7
pkw_pave01a2.png,textures_pk,64x256,2.3,0.2,36,75.6
pkw_door01b.png,textures_pk,64x128,1.1,0.1,16,68.1
pkf_wall7e.png,textures_pk,256x256,12.0,0.6,104,54.2
SW_Wall01c.png,textures_pk,256x256,10.4,0.6,155,81.2
pkw_wall02bf.png,textures_pk,256x256,10.8,0.6,144,75.4
pkw_wall04l.png,textures_pk,256x256,9.6,0.6,143,74.9
{maz_leaves1b.png,textures_pk,256x128,3.7,0.3,43,45.4
pkw_arch02b.png,textures_pk,128x256,3.8,0.3,55,58.0
hTrain02.png,textures_pk,512x256,26.1,1.1,224,58.5
mod_labtrim2b.png,textures_pk,128x32,0.5,0.0,5,49.8
mod_labcon2a.png,textures_pk,256x128,1.1,0.1,4,4.2
pktilesang1f.png,textures_pk,256x256,13.2,0.6,123,64.2
pkf_roof3b.png,textures_pk,256x256,25.0,0.7,80,42.0
pkw_trim01a.png,textures_pk,256x32,1.0,0.1,16,69.4
{maz_leaves1a.png,textures_pk,256x256,5.0,0.4,51,26.7
pkf_tilewall1e2.png,textures_pk,256x256,12.3,0.7,113,59.1
mod_pipe2c.png,textures_pk,128x128,4.1,0.2,16,34.8
pkf_road1b.png,textures_pk,256x256,20.0,0.7,102,53.4
pkw_wall03e.png,textures_pk,256x256,10.2,0.6,137,71.4
mis_generic1a.png,textures_pk,64x64,0.8,0.0,5,43.3
pkf_containr2a.png,textures_pk,256x128,7.6,0.3,49,51.2
SW_Door01b.png,textures_pk,64x128,1.1,0.1,18,78.8
mod_metal1a.png,textures_pk,256x256,19.8,0.6,101,52.8
pkf_wall1j.png,textures_pk,256x256,13.1,0.7,108,56.6
pkf_wall4p.png,textures_pk,256x256,11.1,0.6,98,51.5
hWall07c.png,textures_pk,256x192,7.0,0.5,100,69.9
pkw_wall03k.png,textures_pk,256x256,10.3,0.6,135,70.8
pk_concrete02a.png,textures_pk,256x256,10.7,0.6,144,75.2
pk_chinwall2h.png,textures_pk,256x256,18.3,0.7,102,53.2
{blaztree7.png,textures_pk,256x256,6.0,0.5,77,40.6
pkw_wall05g.png,textures_pk,256x256,9.3,0.6,142,74.5
{her_for_1.png,textures_pk,256x256,12.5,0.6,117,61.3
pkf_wall4i.png,textures_pk,256x256,10.9,0.6,94,49.4
{mazy_ofloor1.png,textures_pk,256x256,9.5,0.6,77,40.6
pkf_metaltrim1b.png,textures_pk,32x256,1.2,0.1,16,69.8
mod_labpipe1c.png,textures_pk,256x128,7.1,0.4,49,51.9
pk_chinpillow1a.png,textures_pk,64x64,0.5,0.0,7,63.9
pk_chinhobeam2b.png,textures_pk,128x16,0.3,0.0,3,58.9
mod_lbmetal1a.png,textures_pk,256x256,22.7,0.7,82,42.8
{blaztree2.png,textures_pk,256x256,6.5,0.5,95,49.7
pk_chcomwood3c.png,textures_pk,256x256,14.0,0.6,112,58.4
pkf_infloor1a.png,textures_pk,128x128,2.3,0.2,35,74.2
pkw_wall11h.png,textures_pk,256x256,9.7,0.6,146,76.2
mod_metdoor1b.png,textures_pk,256x256,15.9,0.7,89,46.6
pkf_facility1c.png,textures_pk,256x256,15.1,0.6,108,56.7
pkw_winlay10b.png,textures_pk,256x256,2.4,0.3,10,5.3
mod_screensb.png,textures_pk,256x64,2.2,0.1,22,46.0
mod_screend.png,textures_pk,64x64,0.5,0.0,8,73.3
pkw_gwall01a.png,textures_pk,256x256,9.8,0.6,142,74.1
pk_chinshad1c.png,textures_pk,256x256,16.7,0.7,77,40.2
pkf_shopwin1b.png,textures_pk,128x128,3.9,0.2,24,52.0
pkf_wall3e.png,textures_pk,256x128,5.6,0.3,60,62.8
pk_metalpipe01b.png,textures_pk,256x256,10.3,0.6,135,70.3
snowwall.png,textures_pk,160x160,3.6,0.2,52,70.2
SW_Logs01.png,textures_pk,128x128,1.9,0.1,45,94.5
pkw_metal01.png,textures_pk,128x128,2.5,0.2,30,63.4
pkf_inroof1b.png,textures_pk,128x128,4.2,0.2,19,41.1
snowwall4.png,textures_pk,160x160,3.8,0.2,51,68.3
mazywalldirty.png,textures_pk,256x256,18.2,0.7,88,46.2
pk_chinwall4a.png,textures_pk,256x256,21.1,0.7,84,43.9
mod_light3a.png,textures_pk,32x128,0.5,0.1,5,47.5
pkwall1b.png,textures_pk,512x512,63.6,6.0,769,75.1
mod_electro1a.png,textures_pk,256x256,14.3,1.5,68,35.5
mod_glass1.png,textures_pk,256x256,18.9,0.7,59,31.0
mod_metfloor1b.png,textures_pk,256x256,10.3,0.6,158,82.8
mod_labcab1c.png,textures_pk,128x256,6.8,0.4,44,46.8
pk_chinflc2a.png,textures_pk,128x256,7.8,0.3,52,54.3
pkf_wall6a.png,textures_pk,256x256,23.3,0.7,86,45.1
pkf_wall1g.png,textures_pk,256x128,5.8,0.3,53,55.8
pkf_tilewall1c.png,textures_pk,256x256,12.0,0.6,115,60.3
mod_labtrim7c.png,textures_pk,256x32,1.7,0.1,10,45.2
mod_light2a.png,textures_pk,32x128,0.5,0.1,5,43.1
mis_generic1c.png,textures_pk,32x32,0.1,0.0,1,49.1
pkf_wall7b.png,textures_pk,256x256,12.4,0.6,112,58.4
pk_chinroof1e2.png,textures_pk,128x128,2.7,0.1,30,63.9
SW_Wall02b.png,textures_pk,256x128,5.3,0.3,68,71.2
pktilesang1b.png,textures_pk,256x256,12.9,0.6,124,65.0
pkw_wall02bg.png,textures_pk,256x256,10.7,0.6,146,76.1
gow_wallceiling1.png,textures_pk,256x256,11.7,0.7,124,64.7
pkf_sign2.png,textures_pk,256x64,3.6,0.2,26,56.2
mod_sigb.png,textures_pk,32x32,0.1,0.0,1,63.7
mod_labsideligh.png,textures_pk,32x128,0.7,0.1,5,46.6
{her_bar_1.png,textures_pk,16x48,0.1,0.0,0,25.9
gow_wall1d.png,textures_pk,256x256,10.0,0.6,136,71.1
mod_screen1h.png,textures_pk,64x64,0.5,0.0,9,79.2
mod_labcarpet1a.png,textures_pk,256x256,10.5,0.6,130,67.9
pk_chwallr1b.png,textures_pk,256x256,13.7,0.7,122,63.6
mod_thinlighta.png,textures_pk,128x16,0.2,0.0,1,29.0
pkw_wall02bh.png,textures_pk,256x256,11.3,0.6,145,76.0
mis_floor2.png,textures_pk,256x256,9.9,0.6,152,79.7
pkf_facility2e.png,textures_pk,256x256,12.4,0.7,110,57.5
pktilesang1c.png,textures_pk,256x256,12.2,0.6,125,65.4
pkw_wall01b.png,textures_pk,256x256,9.2,0.6,154,80.6
pkw_wall10e.png,textures_pk,256x256,9.8,0.6,147,77.0
pk_chinflw2b.png,textures_pk,256x256,13.0,0.6,120,62.5
pk_chogroset1c.png,textures_pk,256x256,15.8,0.6,119,62.3
pkw_wall02bj.png,textures_pk,256x256,10.8,0.6,144,75.4
mazy_owall1f.png,textures_pk,256x256,16.0,0.7,83,43.3
pkf_window1a.png,textures_pk,32x64,0.4,0.0,2,42.2
pkw_wall07h.png,textures_pk,256x256,10.2,0.6,140,73.3
pkw_barrel02b.png,textures_pk,128x128,2.2,0.1,32,67.5
pkw_winlay10a.png,textures_pk,256x256,2.3,0.3,9,5.2
mod_screenb.png,textures_pk,64x64,0.4,0.0,9,77.7
pkw_tiles01b.png,textures_pk,256x256,6.9,0.4,69,36.0
mod_labwall01b.png,textures_pk,128x128,2.6,0.2,20,42.2
kodim12.png,photo_kodak,768x512,120.7,7.0,561,48.8
kodim07.png,photo_kodak,768x512,114.9,9.7,560,48.7
kodim08.png,photo_kodak,768x512,88.3,10.2,773,67.1
kodim11.png,photo_kodak,768x512,96.4,7.4,627,54.5
kodim20.png,photo_kodak,768x512,89.7,6.4,499,43.4
kodim02.png,photo_kodak,768x512,126.2,7.8,606,52.7
kodim23.png,photo_kodak,768x512,138.2,7.4,549,47.7
kodim14.png,photo_kodak,768x512,101.5,8.8,725,62.9
kodim22.png,photo_kodak,768x512,108.2,9.4,687,59.6
kodim18.png,photo_kodak,512x768,98.9,8.0,763,66.3
kodim01.png,photo_kodak,768x512,94.8,7.6,764,66.4
kodim05.png,photo_kodak,768x512,89.2,8.5,791,68.7
kodim21.png,photo_kodak,768x512,119.6,7.7,667,57.9
kodim10.png,photo_kodak,512x768,120.3,8.8,584,50.7
kodim13.png,photo_kodak,768x512,73.0,8.7,871,75.7
kodim15.png,photo_kodak,768x512,107.1,8.7,603,52.4
kodim24.png,photo_kodak,768x512,98.1,9.3,694,60.3
kodim04.png,photo_kodak,512x768,111.9,8.2,625,54.3
kodim03.png,photo_kodak,768x512,117.1,6.7,536,46.6
kodim17.png,photo_kodak,512x768,124.1,7.5,613,53.3
kodim19.png,photo_kodak,512x768,115.9,8.2,658,57.2
kodim06.png,photo_kodak,768x512,98.2,7.5,657,57.1
kodim16.png,photo_kodak,768x512,112.6,7.0,567,49.3
kodim09.png,photo_kodak,512x768,125.0,8.3,574,49.8
plant_01.png,textures_plants,166x1022,12.1,1.5,55,8.4
plant_11.png,textures_plants,903x1024,40.3,6.9,124,3.4
plant_20.png,textures_plants,568x746,94.5,9.1,452,27.4
plant_32.png,textures_plants,294x992,70.9,5.8,244,21.5
plant_44.png,textures_plants,655x951,74.8,8.2,524,21.5
plant_56.png,textures_plants,1024x768,225.2,11.7,755,24.6
plant_51.png,textures_plants,1348x1024,155.0,19.8,953,17.7
plant_25.png,textures_plants,413x640,38.5,5.2,278,26.9
plant_48.png,textures_plants,1024x1104,220.2,15.5,860,19.5
plant_16.png,textures_plants,1179x1374,337.2,37.0,1393,22.0
plant_55.png,textures_plants,1024x1557,515.4,36.0,1678,27.0
plant_30.png,textures_plants,1212x1024,121.8,21.9,1151,23.8
plant_43.png,textures_plants,516x1600,299.6,25.1,1852,57.4
plant_41.png,textures_plants,1024x1773,137.1,18.5,513,7.2
plant_40.png,textures_plants,688x654,189.0,14.3,823,46.8
plant_05.png,textures_plants,865x952,89.7,10.0,454,14.1
plant_34.png,textures_plants,1024x1368,226.8,27.5,1945,35.5
plant_57.png,textures_plants,1024x1799,507.6,29.0,1769,24.6
plant_22.png,textures_plants,732x1024,214.0,15.1,832,28.4
plant_04.png,textures_plants,720x1551,241.7,26.4,1557,35.7
plant_42.png,textures_plants,312x315,36.1,3.3,196,51.1
plant_35.png,textures_plants,1024x1475,109.7,6.0,608,10.3
plant_59.png,textures_plants,1024x926,197.7,16.0,589,15.9
plant_47.png,textures_plants,442x756,58.1,5.9,309,23.7
plant_12.png,textures_plants,1024x1460,200.9,25.1,825,14.1
plant_46.png,textures_plants,378x658,93.1,6.8,524,54.0
plant_23.png,textures_plants,546x609,74.0,6.1,324,25.0
plant_21.png,textures_plants,588x550,49.1,4.8,297,23.5
plant_50.png,textures_plants,459x2048,316.2,19.0,951,25.9
plant_31.png,textures_plants,1024x1698,435.5,32.8,1606,23.7
plant_17.png,textures_plants,1084x2048,508.6,38.3,1580,18.2
plant_37.png,textures_plants,1024x1765,217.7,26.3,1607,22.8
plant_28.png,textures_plants,1024x1386,224.7,19.6,1067,19.3
plant_52.png,textures_plants,1024x1249,89.2,16.1,405,8.1
plant_38.png,textures_plants,1024x1517,101.6,14.6,607,10.0
plant_29.png,textures_plants,1024x998,63.1,9.6,302,7.6
plant_60.png,textures_plants,1024x918,272.7,21.7,1098,29.9
plant_33.png,textures_plants,156x643,31.0,2.7,138,35.3
plant_45.png,textures_plants,209x429,33.4,2.5,198,56.6
plant_10.png,textures_plants,778x1024,113.4,13.2,681,21.9
plant_09.png,textures_plants,1024x964,103.6,12.6,617,16.0
plant_27.png,textures_plants,377x659,53.7,5.2,358,36.9
plant_08.png,textures_plants,723x1024,116.6,11.1,426,14.7
plant_54.png,textures_plants,1647x1024,143.2,18.4,1242,18.9
plant_06.png,textures_plants,1420x2048,189.9,29.5,1319,11.6
plant_13.png,textures_plants,778x2048,142.5,19.2,670,10.8
plant_19.png,textures_plants,1024x2423,554.9,47.8,2021,20.9
plant_58.png,textures_plants,1024x1377,382.1,34.0,1526,27.7
plant_36.png,textures_plants,1024x1466,279.8,21.2,1491,25.4
plant_03.png,textures_plants,780x923,77.4,10.8,461,16.4
plant_02.png,textures_plants,1024x1316,171.8,17.4,839,15.9
plant_15.png,textures_plants,1167x1455,276.4,32.5,1198,18.1
plant_07.png,textures_plants,1024x1450,87.4,15.7,616,10.6
plant_39.png,textures_plants,1024x1674,187.7,20.5,1370,20.5
plant_18.png,textures_plants,616x930,212.5,13.0,1238,55.4
plant_26.png,textures_plants,195x474,14.3,1.4,90,25.1
plant_14.png,textures_plants,957x1182,144.9,19.9,659,14.9
plant_49.png,textures_plants,530x426,49.5,4.7,193,21.9
plant_53.png,textures_plants,864x2036,593.4,42.8,2428,35.3
plant_24.png,textures_plants,840x1024,69.1,11.0,541,16.1
news.ycombinator.com.png,screenshot_web,1325x1450,78.9,8.3,289,3.9
reddit.com.png,screenshot_web,1313x8008,736.0,71.9,2821,6.9
nytimes.com.png,screenshot_web,1313x5780,556.4,53.0,2672,9.0
phoboslab.org.png,screenshot_web,1313x20667,1488.4,119.0,6199,5.8
microsoft.com.png,screenshot_web,1313x3328,380.1,30.0,1518,8.9
cnn.com.png,screenshot_web,1313x5241,478.5,36.2,2246,8.4
sublime.png,screenshot_web,1008x9513,427.4,38.0,1579,4.2
creativecommons.org.png,screenshot_web,1551x4354,915.4,63.6,4788,18.2
amazon.com.png,screenshot_web,1313x6097,852.2,66.4,4589,14.7
imdb.com.png,screenshot_web,1313x6441,548.3,43.0,2264,6.9
duckduckgo.com.png,screenshot_web,1313x2874,148.8,13.0,333,2.3
en.wikipedia.org.png,screenshot_web,1313x2936,230.7,21.7,1342,8.9
apple.com.png,screenshot_web,1313x4755,430.4,34.3,1941,8.0
stripe.com.png,screenshot_web,1313x6603,418.7,40.2,1054,3.1
aquarius_PNG27.png,pngimg,328x511,26.4,3.0,82,12.5
wineglass_PNG2911.png,pngimg,2359x5722,453.6,103.9,311,0.6
sticky_note_PNG18888.png,pngimg,1381x1386,63.9,10.3,101,1.4
donut_PNG51.png,pngimg,2088x2046,295.0,30.4,688,4.1
iphone_12_PNG37.png,pngimg,1600x1600,294.3,19.9,1021,10.2
land_rover_PNG51.png,pngimg,1354x761,182.8,17.6,860,21.4
ice_skates_PNG64.png,pngimg,1200x1191,227.9,25.5,803,14.4
measure_tape_PNG69.png,pngimg,960x674,48.9,6.7,170,6.8
hummer_PNG12197.png,pngimg,1024x534,115.8,12.3,574,26.9
walkie_talkie_PNG18.png,pngimg,1004x1500,125.3,6.2,604,10.3
bruce_lee_PNG27.png,pngimg,506x719,58.6,7.3,336,23.7
beef_PNG59.png,pngimg,1920x1280,511.7,46.5,2887,30.1
candle_PNG7268.png,pngimg,600x600,61.0,6.0,361,25.7
face_PNG5662.png,pngimg,500x325,19.4,2.1,117,18.5
towel_PNG99.png,pngimg,2000x1333,499.8,13.8,2659,25.5
leash_PNG10.png,pngimg,797x777,103.0,9.4,594,24.6
pineapple_PNG2750.png,pngimg,1768x3475,2133.1,157.9,8214,34.2
dog_PNG23603.png,pngimg,2013x1699,559.5,55.4,5284,39.6
dachshund_PNG57.png,pngimg,1024x819,36.6,6.4,51,1.6
libra_PNG23.png,pngimg,600x473,26.3,3.6,111,10.0
radish_PNG50.png,pngimg,693x720,44.8,5.2,164,8.4
christmas_wreath_PNG57.png,pngimg,600x595,56.6,6.9,565,40.6
street_light_PNG11515.png,pngimg,900x4056,221.5,37.7,532,3.7
armour_PNG42.png,pngimg,437x1777,132.8,15.3,704,23.2
thug_life_PNG15.png,pngimg,1000x1000,37.2,4.2,4,0.1
football_player_PNG54.png,pngimg,750x1271,84.2,14.4,532,14.3
machine_gun_PNG15.png,pngimg,800x293,35.0,4.3,176,19.3
gym_equipment_PNG172.png,pngimg,1282x1290,207.4,33.3,1092,16.9
keychain_PNG54.png,pngimg,800x800,74.3,4.1,467,18.7
sushi_PNG9205.png,pngimg,2307x2316,1202.6,134.5,8544,40.9
bison_PNG92393.png,pngimg,640x640,87.5,8.8,314,19.7
macaron_PNG35.png,pngimg,380x300,14.3,2.3,111,25.0
wifi_PNG62328.png,pngimg,512x512,9.9,0.7,12,1.2
vaccine_PNG11.png,pngimg,350x370,5.4,1.0,19,3.9
christmas_garland_PNG19.png,pngimg,1369x811,130.1,7.3,700,16.2
academy_awards_PNG9.png,pngimg,447x1192,85.7,9.3,365,17.6
honey_PNG86301.png,pngimg,636x442,35.5,4.3,157,14.3
chupa_chups_PNG17.png,pngimg,1024x1024,67.5,3.8,355,8.7
chocolate_cake_PNG37.png,pngimg,404x600,43.0,4.0,179,18.9
hitman_PNG17.png,pngimg,445x654,38.6,2.3,199,17.6
dagger_PNG49.png,pngimg,929x720,53.8,8.3,192,7.4
rubber_duck_PNG17.png,pngimg,643x720,50.8,4.7,168,9.3
sausage_PNG5198.png,pngimg,500x338,44.1,3.0,215,32.6
lightning_PNG48.png,pngimg,640x640,103.8,10.7,531,33.2
skoda_PNG12336.png,pngimg,308x220,15.5,1.6,79,30.2
bottle_opener_PNG19.png,pngimg,700x700,38.6,2.0,140,7.3
smartphone_PNG8547.png,pngimg,750x1082,121.8,16.5,496,15.7
france_PNG16.png,pngimg,800x225,17.6,2.8,99,14.1
dna_PNG5.png,pngimg,650x863,24.8,4.2,72,3.3
sofa_PNG6947.png,pngimg,2280x1257,782.4,67.4,4136,37.0
socks_PNG8220.png,pngimg,330x390,7.9,0.5,20,4.1
spinner_PNG51.png,pngimg,782x720,25.9,4.4,114,5.2
arma_PNG36.png,pngimg,300x300,19.7,2.0,149,42.5
crab_PNG40.png,pngimg,250x250,7.8,1.0,71,29.2
snapchat_PNG35.png,pngimg,512x512,10.8,0.9,18,1.8
house_PNG49.png,pngimg,736x291,46.3,5.3,305,36.5
rubik_cube_PNG1.png,pngimg,610x646,42.1,5.9,241,15.7
christmas_PNG17253.png,pngimg,2138x1305,471.8,52.2,2328,21.4
gym_equipment_PNG131.png,pngimg,500x500,42.6,4.4,187,19.2
cutlet_PNG51.png,pngimg,850x554,73.2,2.8,503,27.4
phone_hand_PNG32.png,pngimg,1156x1508,149.0,6.6,568,8.3
window_PNG17659.png,pngimg,1948x2398,473.6,72.2,1748,9.6
stewardess_PNG20.png,pngimg,500x500,17.2,3.2,85,8.7
gas_stove_PNG10.png,pngimg,1200x800,127.8,15.6,465,12.4
picture_frame_PNG49.png,pngimg,600x478,42.9,5.8,408,36.4
american_football_PNG37.png,pngimg,885x1968,279.5,35.0,1225,18.0
nails_PNG50.png,pngimg,412x656,83.9,6.9,314,29.8
lighter_PNG11167.png,pngimg,1796x1543,445.6,56.7,3557,32.9
chef_PNG37.png,pngimg,3200x4809,982.8,227.4,4291,7.1
email_PNG28.png,pngimg,1024x1024,44.8,9.5,56,1.4
scanner_PNG11354.png,pngimg,1280x960,231.8,20.4,827,17.2
pistachio_PNG47.png,pngimg,700x700,68.2,7.5,305,16.0
mitsubishi_PNG114.png,pngimg,586x325,24.1,2.8,138,18.6
solar_panel_PNG110.png,pngimg,670x670,104.7,9.4,530,30.2
bell_PNG53465.png,pngimg,1635x3000,804.6,96.4,3122,16.3
skeleton_PNG42629.png,pngimg,280x495,10.1,2.0,81,15.0
flags_PNG14682.png,pngimg,1200x800,24.5,3.1,4,0.2
tequila_PNG96.png,pngimg,860x964,99.6,14.7,429,13.3
wedding_cake_PNG19470.png,pngimg,288x331,28.5,3.9,148,39.8
power_socket_PNG19332.png,pngimg,994x991,179.4,16.4,582,15.1
rubber_stamp_PNG2.png,pngimg,392x777,77.3,6.9,235,19.8
cabbage_PNG99102.png,pngimg,3890x2811,3919.4,293.3,11274,26.4
lollipop_PNG98263.png,pngimg,125x600,15.4,1.4,63,21.6
solar_panel_PNG149.png,pngimg,1000x1000,141.7,16.4,635,16.3
birds_PNG49.png,pngimg,4000x2444,1259.5,167.3,4178,10.9
viber_PNG2.png,pngimg,512x512,14.6,4.9,57,5.7
donate_PNG42.png,pngimg,505x226,5.2,0.5,13,3.1
surfing_PNG9717.png,pngimg,682x194,40.5,2.6,125,24.2
soybean_PNG7.png,pngimg,600x600,49.9,4.9,194,13.8
tshirt_PNG5454.png,pngimg,260x300,15.6,0.9,50,16.6
palm_tree_PNG93358.png,pngimg,316x512,12.8,1.8,45,7.2
pyramid_PNG11.png,pngimg,257x160,6.1,0.3,39,24.4
multi_tool_PNG3.png,pngimg,1200x1200,165.2,21.5,681,12.1
mechanical_ventilator_PNG13.png,pngimg,1588x2420,449.7,57.5,1713,11.4
towel_PNG64.png,pngimg,560x481,45.7,5.7,327,31.1
leek_PNG54.png,pngimg,2007x1593,434.2,56.0,2708,21.7
superman_PNG43.png,pngimg,640x960,71.4,9.4,314,13.1
silver_PNG17125.png,pngimg,660x642,46.2,3.1,193,11.7
milk_PNG12713.png,pngimg,2000x160,29.2,2.9,94,7.5
new_year_PNG37.png,pngimg,960x647,38.6,2.2,178,7.4
confetti_PNG86980.png,pngimg,1587x1201,82.5,19.5,204,2.8
tent_PNG10.png,pngimg,3000x1774,1065.0,67.8,3806,18.3
anime_girl_PNG22.png,pngimg,436x576,57.8,6.4,321,32.8
gift_PNG100250.png,pngimg,600x584,29.4,3.2,77,5.6
superman_PNG60.png,pngimg,533x380,45.3,4.3,202,25.6
pickup_truck_PNG16304.png,pngimg,2939x984,561.0,55.3,2063,18.3
helicopter_PNG80102.png,pngimg,1400x933,100.8,16.2,451,8.8
hairbrush_PNG95.png,pngimg,800x1200,53.2,11.8,143,3.8
floral_frame_PNG53.png,pngimg,1200x840,154.0,23.4,1442,36.6
ice_cream_PNG98208.png,pngimg,2176x4831,3567.8,265.9,11706,28.5
deodorant_PNG38.png,pngimg,1920x1920,304.1,56.2,1338,9.3
floral_frame_PNG270.png,pngimg,4278x4222,1416.5,261.9,8502,12.1
teddy_bear_PNG88.png,pngimg,1200x1173,271.0,29.4,2080,37.8
ipod_PNG15.png,pngimg,512x512,12.0,2.4,21,2.1
suitcase_PNG10767.png,pngimg,4160x3386,1087.0,166.3,3513,6.4
boots_PNG7802.png,pngimg,900x900,125.8,13.8,868,27.4
phone_PNG48891.png,pngimg,2977x1915,1476.4,131.8,5040,22.6
seashell_PNG29.png,pngimg,1020x1000,260.4,26.4,930,23.3
praying_hands_PNG10.png,pngimg,547x984,24.3,4.7,81,3.9
jet_fighter_PNG15.png,pngimg,800x800,54.5,5.4,232,9.3
picture_frame_PNG92.png,pngimg,600x599,44.7,5.9,247,17.6
sony_playstation_PNG17534.png,pngimg,800x480,47.3,6.6,196,13.1
vitamins_PNG43.png,pngimg,200x200,2.0,0.3,4,3.2
brain_PNG13.png,pngimg,1024x805,44.1,4.6,163,5.1
jeep_PNG105.png,pngimg,1600x1221,339.8,37.4,1672,21.9
bun_PNG13761.png,pngimg,600x466,60.3,6.0,394,36.1
dagger_PNG8.png,pngimg,462x400,8.5,1.5,33,4.7
rhino_PNG25.png,pngimg,1063x557,31.3,7.7,116,5.0
heater_PNG47.png,pngimg,1369x759,150.8,13.0,844,20.8
jackal_PNG12.png,pngimg,367x446,35.1,2.8,233,36.6
bone_PNG30.png,pngimg,512x512,10.0,0.9,6,0.6
wheelchair_PNG82760.png,pngimg,2645x3083,1730.1,179.5,7793,24.5
christmas_wreath_PNG1.png,pngimg,879x919,108.5,14.1,1120,35.5
fairy_PNG112.png,pngimg,1358x1995,401.9,41.1,1885,17.8
goblin_PNG1.png,pngimg,735x805,82.8,10.9,491,21.3
lamp_PNG3700.png,pngimg,1469x3171,1165.7,103.9,3858,21.2
peacock_PNG22.png,pngimg,276x225,12.4,1.4,136,56.2
jam_PNG20.png,pngimg,697x800,176.2,13.1,702,32.3
pluto_disney_PNG10.png,pngimg,381x536,25.7,3.3,133,16.7
pizza_PNG44037.png,pngimg,3600x3562,3620.1,217.8,21183,42.3
treasure_chest_PNG69.png,pngimg,500x403,66.1,5.3,267,34.0
carpet_PNG57667.png,pngimg,400x217,22.5,2.4,210,62.1
air_pump_PNG5.png,pngimg,999x772,89.3,11.0,351,11.7
transformers_PNG74.png,pngimg,800x786,45.4,8.3,230,9.4
american_indian_PNG24.png,pngimg,1000x1198,151.9,22.0,972,20.8
cursor_PNG65.png,pngimg,512x512,15.9,1.3,44,4.3
man_PNG6522.png,pngimg,1465x2290,414.7,61.4,1920,14.7
macaron_PNG9.png,pngimg,500x500,38.5,4.3,184,18.8
happy_birthday_PNG56.png,pngimg,1600x900,161.0,19.3,472,8.4
skoda_PNG12334.png,pngimg,640x408,41.3,4.4,196,19.3
megaphone_PNG112.png,pngimg,765x1000,27.9,4.4,34,1.1
cursor_PNG68.png,pngimg,684x1024,24.3,2.0,31,1.1
buddha_PNG53.png,pngimg,314x384,23.0,2.5,146,31.1
bank_PNG6.png,pngimg,400x400,19.0,2.2,83,13.3
darth_vader_PNG6.png,pngimg,1784x1862,127.5,11.7,191,1.5
scooter_PNG11292.png,pngimg,600x986,66.4,7.6,330,14.3
klitschko_PNG16.png,pngimg,180x180,6.1,0.7,40,31.8
chevrolet_PNG46.png,pngimg,640x480,36.7,3.9,149,12.4
spinner_PNG17.png,pngimg,1024x1024,88.6,10.7,309,7.6
dreamcatcher_PNG28.png,pngimg,2635x6000,1724.4,288.5,8675,14.0
pork_PNG65.png,pngimg,2500x1823,1497.2,108.6,7031,39.5
gangster_PNG20.png,pngimg,684x792,22.4,2.2,56,2.6
razor_blade_PNG17804.png,pngimg,200x200,1.7,0.1,3,2.2
m_m_PNG65.png,pngimg,737x1181,147.6,16.9,538,15.8
mailbox_PNG63.png,pngimg,1467x1437,362.8,39.4,1163,14.1
land_rover_PNG21.png,pngimg,2048x1360,453.5,43.1,1609,14.8
checkers_PNG34.png,pngimg,1024x1024,119.8,15.7,549,13.4
jam_PNG74.png,pngimg,2140x2523,1449.3,124.5,4039,19.2
bellflower_PNG12.png,pngimg,416x800,31.0,4.8,235,18.1
number8_PNG18700.png,pngimg,256x256,7.1,0.6,27,10.7
cacao_PNG27.png,pngimg,449x450,63.0,6.1,507,64.3
spinach_PNG15.png,pngimg,400x378,35.2,3.8,175,29.7
chef_PNG71.png,pngimg,4184x2905,857.1,122.5,1759,3.7
gamepad_PNG21.png,pngimg,1000x1000,149.1,14.8,708,18.1
cd_dvd_PNG102294.png,pngimg,1521x933,51.1,10.2,44,0.8
Number 2 PNG images free download_PNG14940.png,pngimg,600x600,15.5,1.3,27,2.0
canoe_PNG122.png,pngimg,2000x2000,462.8,61.4,1891,12.1
window_PNG17682.png,pngimg,400x255,36.8,2.3,118,29.7
face_PNG5655.png,pngimg,500x325,20.1,2.4,140,22.2
pizza_PNG7128.png,pngimg,2580x1205,788.6,74.0,5325,43.9
jet_fighter_PNG116.png,pngimg,482x400,13.1,1.8,45,6.1
jam_PNG63.png,pngimg,290x399,36.7,3.3,218,48.4
fire_truck_PNG41.png,pngimg,3523x1752,1415.4,78.9,4757,19.7
leash_PNG136.png,pngimg,1006x404,22.4,4.1,136,8.6
police_car_PNG12.png,pngimg,616x288,23.7,3.1,134,19.4
trekking_pole_PNG19.png,pngimg,1200x1200,93.5,20.4,440,7.8
gloves_PNG8323.png,pngimg,712x1065,188.2,20.1,695,23.5
RGB_OR_1200x1200_094.png,photo_tecnick,1200x1200,425.0,25.4,2213,52.5
RGB_OR_1200x1200_098.png,photo_tecnick,1200x1200,307.3,25.8,2855,67.7
RGB_OR_1200x1200_052.png,photo_tecnick,1200x1200,471.6,24.3,2231,52.9
RGB_OR_1200x1200_059.png,photo_tecnick,1200x1200,315.9,24.5,2698,64.0
RGB_OR_1200x1200_048.png,photo_tecnick,1200x1200,369.0,25.2,2543,60.3
RGB_OR_1200x1200_092.png,photo_tecnick,1200x1200,590.0,21.9,2017,47.8
RGB_OR_1200x1200_023.png,photo_tecnick,1200x1200,421.4,25.0,2352,55.8
RGB_OR_1200x1200_015.png,photo_tecnick,1200x1200,488.6,21.5,1466,34.8
RGB_OR_1200x1200_064.png,photo_tecnick,1200x1200,407.3,24.5,2341,55.5
RGB_OR_1200x1200_018.png,photo_tecnick,1200x1200,381.6,24.5,2525,59.9
RGB_OR_1200x1200_040.png,photo_tecnick,1200x1200,412.5,23.9,2233,52.9
RGB_OR_1200x1200_056.png,photo_tecnick,1200x1200,574.2,23.2,1832,43.4
RGB_OR_1200x1200_077.png,photo_tecnick,1200x1200,394.8,22.0,2204,52.2
RGB_OR_1200x1200_058.png,photo_tecnick,1200x1200,349.3,23.5,2256,53.5
RGB_OR_1200x1200_050.png,photo_tecnick,1200x1200,488.6,22.8,2169,51.4
RGB_OR_1200x1200_019.png,photo_tecnick,1200x1200,396.5,23.8,2341,55.5
RGB_OR_1200x1200_020.png,photo_tecnick,1200x1200,358.8,24.0,2491,59.1
RGB_OR_1200x1200_074.png,photo_tecnick,1200x1200,558.0,22.6,2030,48.1
RGB_OR_1200x1200_057.png,photo_tecnick,1200x1200,478.0,23.0,1882,44.6
RGB_OR_1200x1200_079.png,photo_tecnick,1200x1200,406.8,23.6,1796,42.6
RGB_OR_1200x1200_084.png,photo_tecnick,1200x1200,580.0,21.4,1649,39.1
RGB_OR_1200x1200_069.png,photo_tecnick,1200x1200,451.0,24.8,2160,51.2
RGB_OR_1200x1200_013.png,photo_tecnick,1200x1200,442.7,23.8,1984,47.0
RGB_OR_1200x1200_086.png,photo_tecnick,1200x1200,284.4,24.0,2684,63.6
RGB_OR_1200x1200_039.png,photo_tecnick,1200x1200,441.3,23.3,2118,50.2
RGB_OR_1200x1200_037.png,photo_tecnick,1200x1200,494.4,23.0,2004,47.5
RGB_OR_1200x1200_096.png,photo_tecnick,1200x1200,380.5,22.3,2179,51.7
RGB_OR_1200x1200_011.png,photo_tecnick,1200x1200,388.7,24.2,2150,51.0
RGB_OR_1200x1200_080.png,photo_tecnick,1200x1200,452.6,22.1,1855,44.0
RGB_OR_1200x1200_025.png,photo_tecnick,1200x1200,520.4,23.3,1858,44.0
RGB_OR_1200x1200_062.png,photo_tecnick,1200x1200,274.2,25.2,2895,68.6
RGB_OR_1200x1200_007.png,photo_tecnick,1200x1200,399.3,23.7,2067,49.0
RGB_OR_1200x1200_038.png,photo_tecnick,1200x1200,510.6,24.0,1876,44.5
RGB_OR_1200x1200_090.png,photo_tecnick,1200x1200,325.7,26.1,2674,63.4
RGB_OR_1200x1200_070.png,photo_tecnick,1200x1200,510.9,23.3,2117,50.2
RGB_OR_1200x1200_088.png,photo_tecnick,1200x1200,416.2,24.4,2042,48.4
RGB_OR_1200x1200_027.png,photo_tecnick,1200x1200,432.9,24.2,2214,52.5
RGB_OR_1200x1200_095.png,photo_tecnick,1200x1200,286.0,26.0,2891,68.5
RGB_OR_1200x1200_051.png,photo_tecnick,1200x1200,594.5,22.8,1938,46.0
RGB_OR_1200x1200_036.png,photo_tecnick,1200x1200,456.9,21.5,1428,33.9
RGB_OR_1200x1200_072.png,photo_tecnick,1200x1200,418.6,25.0,2194,52.0
RGB_OR_1200x1200_031.png,photo_tecnick,1200x1200,267.7,23.4,2018,47.8
RGB_OR_1200x1200_068.png,photo_tecnick,1200x1200,199.1,21.0,1294,30.7
RGB_OR_1200x1200_024.png,photo_tecnick,1200x1200,360.8,24.3,2456,58.2
RGB_OR_1200x1200_008.png,photo_tecnick,1200x1200,410.2,24.9,2405,57.0
RGB_OR_1200x1200_041.png,photo_tecnick,1200x1200,425.8,23.9,2144,50.8
RGB_OR_1200x1200_003.png,photo_tecnick,1200x1200,442.7,24.1,2143,50.8
RGB_OR_1200x1200_026.png,photo_tecnick,1200x1200,361.4,25.5,2542,60.3
RGB_OR_1200x1200_034.png,photo_tecnick,1200x1200,332.9,22.3,1535,36.4
RGB_OR_1200x1200_030.png,photo_tecnick,1200x1200,369.0,24.6,2539,60.2
RGB_OR_1200x1200_061.png,photo_tecnick,1200x1200,329.9,25.3,2615,62.0
RGB_OR_1200x1200_066.png,photo_tecnick,1200x1200,477.1,23.0,2216,52.5
RGB_OR_1200x1200_045.png,photo_tecnick,1200x1200,525.0,23.7,1892,44.9
RGB_OR_1200x1200_005.png,photo_tecnick,1200x1200,460.6,24.0,2172,51.5
RGB_OR_1200x1200_022.png,photo_tecnick,1200x1200,505.2,23.8,2147,50.9
RGB_OR_1200x1200_063.png,photo_tecnick,1200x1200,531.9,23.2,1767,41.9
RGB_OR_1200x1200_046.png,photo_tecnick,1200x1200,337.4,23.7,2408,57.1
RGB_OR_1200x1200_016.png,photo_tecnick,1200x1200,320.3,24.3,2687,63.7
RGB_OR_1200x1200_033.png,photo_tecnick,1200x1200,433.7,23.6,2264,53.7
RGB_OR_1200x1200_093.png,photo_tecnick,1200x1200,333.7,20.5,1507,35.7
RGB_OR_1200x1200_060.png,photo_tecnick,1200x1200,438.3,23.6,1990,47.2
RGB_OR_1200x1200_097.png,photo_tecnick,1200x1200,489.6,23.5,2188,51.9
RGB_OR_1200x1200_073.png,photo_tecnick,1200x1200,511.3,22.5,1759,41.7
RGB_OR_1200x1200_044.png,photo_tecnick,1200x1200,423.4,23.1,2125,50.4
RGB_OR_1200x1200_002.png,photo_tecnick,1200x1200,461.1,21.7,1497,35.5
RGB_OR_1200x1200_006.png,photo_tecnick,1200x1200,442.3,22.7,2114,50.1
RGB_OR_1200x1200_091.png,photo_tecnick,1200x1200,270.5,22.4,1419,33.6
RGB_OR_1200x1200_043.png,photo_tecnick,1200x1200,324.0,24.2,2743,65.0
RGB_OR_1200x1200_078.png,photo_tecnick,1200x1200,530.3,23.5,1977,46.9
RGB_OR_1200x1200_067.png,photo_tecnick,1200x1200,457.0,23.0,2203,52.2
RGB_OR_1200x1200_012.png,photo_tecnick,1200x1200,480.2,25.9,1975,46.8
RGB_OR_1200x1200_076.png,photo_tecnick,1200x1200,614.9,22.7,1960,46.5
RGB_OR_1200x1200_071.png,photo_tecnick,1200x1200,487.7,27.5,1972,46.8
RGB_OR_1200x1200_054.png,photo_tecnick,1200x1200,374.5,24.4,2045,48.5
RGB_OR_1200x1200_049.png,photo_tecnick,1200x1200,439.0,23.3,1969,46.7
RGB_OR_1200x1200_032.png,photo_tecnick,1200x1200,334.2,24.9,2615,62.0
RGB_OR_1200x1200_081.png,photo_tecnick,1200x1200,539.5,23.5,1994,47.3
RGB_OR_1200x1200_042.png,photo_tecnick,1200x1200,480.6,24.3,2066,49.0
RGB_OR_1200x1200_035.png,photo_tecnick,1200x1200,415.9,24.4,2192,52.0
RGB_OR_1200x1200_065.png,photo_tecnick,1200x1200,509.9,23.7,2261,53.6
RGB_OR_1200x1200_028.png,photo_tecnick,1200x1200,465.0,22.7,1687,40.0
RGB_OR_1200x1200_017.png,photo_tecnick,1200x1200,391.9,22.5,2167,51.4
RGB_OR_1200x1200_100.png,photo_tecnick,1200x1200,328.5,19.0,1014,24.0
RGB_OR_1200x1200_085.png,photo_tecnick,1200x1200,475.5,23.2,2110,50.0
RGB_OR_1200x1200_087.png,photo_tecnick,1200x1200,263.3,25.5,2796,66.3
RGB_OR_1200x1200_029.png,photo_tecnick,1200x1200,487.7,24.0,2041,48.4
RGB_OR_1200x1200_053.png,photo_tecnick,1200x1200,465.4,23.0,1651,39.2
RGB_OR_1200x1200_010.png,photo_tecnick,1200x1200,491.9,24.9,2199,52.1
RGB_OR_1200x1200_089.png,photo_tecnick,1200x1200,439.8,24.9,2392,56.7
RGB_OR_1200x1200_099.png,photo_tecnick,1200x1200,467.3,24.2,2303,54.6
RGB_OR_1200x1200_082.png,photo_tecnick,1200x1200,275.9,26.5,2808,66.6
RGB_OR_1200x1200_021.png,photo_tecnick,1200x1200,425.4,24.7,1773,42.0
RGB_OR_1200x1200_075.png,photo_tecnick,1200x1200,527.5,24.2,2060,48.8
RGB_OR_1200x1200_004.png,photo_tecnick,1200x1200,545.7,22.5,1808,42.9
RGB_OR_1200x1200_014.png,photo_tecnick,1200x1200,419.0,23.3,1729,41.0
RGB_OR_1200x1200_047.png,photo_tecnick,1200x1200,426.8,25.8,2283,54.1
RGB_OR_1200x1200_083.png,photo_tecnick,1200x1200,486.0,22.6,1841,43.6
RGB_OR_1200x1200_055.png,photo_tecnick,1200x1200,478.6,25.0,2196,52.1
RGB_OR_1200x1200_009.png,photo_tecnick,1200x1200,450.3,23.4,1625,38.5
RGB_OR_1200x1200_001.png,photo_tecnick,1200x1200,366.5,23.1,1609,38.1
025.png,photo_wikipedia,1388x926,338.6,32.4,2206,58.6
013.png,photo_wikipedia,1586x752,256.1,22.6,2357,67.5
008.png,photo_wikipedia,1152x858,362.9,17.4,1343,46.4
028.png,photo_wikipedia,1232x816,266.9,25.9,1639,55.7
042.png,photo_wikipedia,1300x900,390.8,21.5,1804,52.6
021.png,photo_wikipedia,1272x994,311.8,25.1,2170,58.6
002.png,photo_wikipedia,1260x806,314.2,25.3,1680,56.5
045.png,photo_wikipedia,864x1296,422.4,25.8,1335,40.7
047.png,photo_wikipedia,1204x904,368.4,21.9,1722,54.0
018.png,photo_wikipedia,1402x934,362.3,26.1,2125,55.4
030.png,photo_wikipedia,1036x1240,429.2,28.3,1879,49.9
026.png,photo_wikipedia,1250x832,248.4,25.9,2071,68.0
001.png,photo_wikipedia,1276x850,292.0,20.0,1628,51.3
015.png,photo_wikipedia,900x1100,203.9,20.6,1927,66.4
004.png,photo_wikipedia,1428x714,173.9,23.6,2277,76.2
023.png,photo_wikipedia,1296x864,445.7,21.6,1517,46.3
039.png,photo_wikipedia,1296x864,304.5,28.5,1928,58.8
027.png,photo_wikipedia,960x1164,265.7,19.8,1999,61.1
010.png,photo_wikipedia,1724x536,217.0,19.9,1787,66.0
020.png,photo_wikipedia,1296x864,367.7,25.8,1937,59.1
033.png,photo_wikipedia,1440x664,286.1,20.6,1542,55.1
037.png,photo_wikipedia,1296x864,401.5,19.5,1784,54.4
012.png,photo_wikipedia,1202x804,172.7,24.6,2128,75.2
049.png,photo_wikipedia,1070x1080,282.3,18.5,1877,55.5
016.png,photo_wikipedia,1136x818,294.9,20.8,1034,38.0
029.png,photo_wikipedia,864x1296,266.9,21.7,2039,62.2
031.png,photo_wikipedia,1170x882,247.6,19.4,1894,62.7
022.png,photo_wikipedia,1080x874,169.5,18.3,1965,71.1
019.png,photo_wikipedia,1560x770,421.0,18.6,1743,49.6
048.png,photo_wikipedia,816x1150,230.2,19.4,1857,67.6
035.png,photo_wikipedia,1202x932,401.3,24.5,1615,49.2
034.png,photo_wikipedia,1256x776,317.4,24.6,1499,52.5
009.png,photo_wikipedia,1232x816,263.5,20.6,1776,60.3
032.png,photo_wikipedia,864x1296,429.4,18.5,1348,41.1
041.png,photo_wikipedia,952x1058,334.3,21.6,1285,43.6
017.png,photo_wikipedia,1306x870,397.2,22.5,1658,49.8
005.png,photo_wikipedia,1228x816,195.1,21.5,2083,71.0
046.png,photo_wikipedia,1110x832,213.6,18.9,1650,61.0
038.png,photo_wikipedia,1200x800,369.4,21.3,1110,39.5
043.png,photo_wikipedia,1404x936,407.5,24.8,2016,52.4
011.png,photo_wikipedia,1508x780,419.7,26.1,1802,52.3
007.png,photo_wikipedia,896x1110,218.5,18.4,2480,85.1
040.png,photo_wikipedia,1296x864,394.6,23.0,1618,49.3
044.png,photo_wikipedia,1332x952,397.4,32.6,1812,48.8
014.png,photo_wikipedia,872x1136,231.6,25.5,1725,59.5
024.png,photo_wikipedia,1038x1072,289.4,24.5,1940,59.5
006.png,photo_wikipedia,1404x936,294.3,31.1,2227,57.9
003.png,photo_wikipedia,1436x730,320.9,17.9,1523,49.6
036.png,photo_wikipedia,1086x858,219.4,23.4,1776,65.1
