filename,category,pixel_size,encode_ms,decode_ms,size_kb,rate
!pkf_water1.png,textures_pk,16384,4.0,0.2,22,2.14
+0mod_button1.png,textures_pk,4096,0.5,0.0,5,2.13
+amod_button1.png,textures_pk,4096,0.5,0.0,5,2.15
001.png,photo_wikipedia,1084600,292.0,20.0,1628,1.95
002.png,photo_wikipedia,1015560,314.2,25.3,1680,1.77
003.png,photo_wikipedia,1048280,320.9,17.9,1523,2.02
004.png,photo_wikipedia,1019592,173.9,23.6,2277,1.31
005.png,photo_wikipedia,1002048,195.1,21.5,2083,1.41
006.png,photo_wikipedia,1314144,294.3,31.1,2227,1.73
007.png,photo_wikipedia,994560,218.5,18.4,2480,1.18
008.png,photo_wikipedia,988416,362.9,17.4,1343,2.16
009.png,photo_wikipedia,1005312,263.5,20.6,1776,1.66
010.png,photo_wikipedia,924064,217.0,19.9,1787,1.52
011.png,photo_wikipedia,1176240,419.7,26.1,1802,1.91
012.png,photo_wikipedia,966408,172.7,24.6,2128,1.33
013.png,photo_wikipedia,1192672,256.1,22.6,2357,1.48
014.png,photo_wikipedia,990592,231.6,25.5,1725,1.68
015.png,photo_wikipedia,990000,203.9,20.6,1927,1.51
016.png,photo_wikipedia,929248,294.9,20.8,1034,2.63
017.png,photo_wikipedia,1136220,397.2,22.5,1658,2.01
018.png,photo_wikipedia,1309468,362.3,26.1,2125,1.81
019.png,photo_wikipedia,1201200,421.0,18.6,1743,2.02
020.png,photo_wikipedia,1119744,367.7,25.8,1937,1.69
021.png,photo_wikipedia,1264368,311.8,25.1,2170,1.71
022.png,photo_wikipedia,943920,169.5,18.3,1965,1.41
023.png,photo_wikipedia,1119744,445.7,21.6,1517,2.16
024.png,photo_wikipedia,1112736,289.4,24.5,1940,1.68
025.png,photo_wikipedia,1285288,338.6,32.4,2206,1.71
026.png,photo_wikipedia,1040000,248.4,25.9,2071,1.47
027.png,photo_wikipedia,1117440,265.7,19.8,1999,1.64
028.png,photo_wikipedia,1005312,266.9,25.9,1639,1.8
029.png,photo_wikipedia,1119744,266.9,21.7,2039,1.61
030.png,photo_wikipedia,1284640,429.2,28.3,1879,2.0
031.png,photo_wikipedia,1031940,247.6,19.4,1894,1.59
032.png,photo_wikipedia,1119744,429.4,18.5,1348,2.43
033.png,photo_wikipedia,956160,286.1,20.6,1542,1.81
034.png,photo_wikipedia,974656,317.4,24.6,1499,1.9
035.png,photo_wikipedia,1120264,401.3,24.5,1615,2.03
036.png,photo_wikipedia,931788,219.4,23.4,1776,1.54
037.png,photo_wikipedia,1119744,401.5,19.5,1784,1.84
038.png,photo_wikipedia,960000,369.4,21.3,1110,2.53
039.png,photo_wikipedia,1119744,304.5,28.5,1928,1.7
040.png,photo_wikipedia,1119744,394.6,23.0,1618,2.03
041.png,photo_wikipedia,1007216,334.3,21.6,1285,2.29
042.png,photo_wikipedia,1170000,390.8,21.5,1804,1.9
043.png,photo_wikipedia,1314144,407.5,24.8,2016,1.91
044.png,photo_wikipedia,1268064,397.4,32.6,1812,2.05
045.png,photo_wikipedia,1119744,422.4,25.8,1335,2.46
046.png,photo_wikipedia,923520,213.6,18.9,1650,1.64
047.png,photo_wikipedia,1088416,368.4,21.9,1722,1.85
048.png,photo_wikipedia,938400,230.2,19.4,1857,1.48
049.png,photo_wikipedia,1155600,282.3,18.5,1877,1.8
20XX_Menu_picture.png,screenshot_game,257404,34.0,4.2,171,5.85
3dbrick2.png,screenshot_game,76800,2.4,0.5,5,40.0
3dcursedlabyrinth-mazegame.png,screenshot_game,164640,5.9,1.2,22,21.74
A7xpg-continue.png,screenshot_game,307200,25.3,3.9,106,8.4
ADR1FT_gameplay_screenshot.png,screenshot_game,694375,196.4,11.3,966,2.11
A_House_in_California.png,screenshot_game,764400,24.2,7.4,38,58.82
Able_builders_intro2.png,screenshot_game,76800,2.3,0.3,2,111.11
Absolver_screenshot_Fight01.png,screenshot_game,810000,274.4,17.1,955,2.48
Absolver_screenshot_Fight02.png,screenshot_game,810000,266.3,17.7,1037,2.29
Absolver_screenshot_Fight03.png,screenshot_game,810000,293.8,19.8,1072,2.21
Absolver_screenshot_Forest.png,screenshot_game,810000,306.3,17.3,1089,2.91
Absolver_screenshot_Help.png,screenshot_game,810000,338.1,18.8,1084,2.92
Abyss_scratch_3.0.png,screenshot_game,171124,5.7,0.5,2,250.0
Actsmudgnome.png,screenshot_game,545232,16.7,4.4,52,30.3
Actsmudwintinnet.png,screenshot_game,276780,10.9,2.6,20,52.63
Agar.io_gameplay.png,screenshot_game,599040,21.8,2.5,82,21.28
Agar.io_gameplay1.png,screenshot_game,599040,21.7,4.1,81,21.74
Ai_dungeon_with_a_custom_setting.png,screenshot_game,813600,21.9,5.6,46,52.63
Air_Raid_(1979_game)_Screen.png,screenshot_game,204750,5.2,0.7,3,200.0
Alchemistpic.png,screenshot_game,518000,53.9,8.3,248,8.13
Alto%27s_Adventure_screenshot_-_A03_Sunrise.png,screenshot_game,810000,68.4,7.2,203,11.63
Alto%27s_Adventure_screenshot_-_A04_Ice.png,screenshot_game,810000,99.1,11.1,362,8.77
Alto%27s_Adventure_screenshot_-_A05_Night.png,screenshot_game,810000,63.5,8.4,209,11.36
Alto%27s_Adventure_screenshot_-_A06_Forest.png,screenshot_game,810000,238.0,16.8,780,3.04
Alto%27s_Adventure_screenshot_-_A07_Ruins.png,screenshot_game,810000,80.5,10.6,291,8.13
Alto%27s_Adventure_screenshot_-_B00_Kicker.png,screenshot_game,810000,76.0,9.8,242,9.8
Alto%27s_Adventure_screenshot_-_B01_Roof.png,screenshot_game,810000,75.5,8.7,278,8.55
Alto%27s_Adventure_screenshot_-_B02_Village.png,screenshot_game,810000,74.7,9.1,289,8.2
Alto%27s_Adventure_screenshot_-_B03_Spine.png,screenshot_game,810000,96.5,11.8,304,10.42
Alto%27s_Adventure_screenshot_-_B04_Quarter_Pipe.png,screenshot_game,810000,107.2,11.9,351,9.01
Alto%27s_Adventure_screenshot_-_B05_Grind_Hop.png,screenshot_game,810000,65.0,9.4,242,9.8
Alto%27s_Adventure_screenshot_-_B06_Camp.png,screenshot_game,810000,64.6,10.1,210,14.93
Alto%27s_Adventure_screenshot_-_B07_Island.png,screenshot_game,810000,102.6,11.7,323,9.8
Alto%27s_Adventure_screenshot_-_B08_Forest_Dawn.png,screenshot_game,810000,85.2,11.5,265,11.9
Alto%27s_Adventure_screenshot_-_B09_Roof_Rain.png,screenshot_game,810000,99.9,11.1,369,6.45
Alto%27s_Adventure_screenshot_-_B10_Coins.png,screenshot_game,810000,77.1,9.8,262,9.09
Alto%27s_Adventure_screenshot_-_B11_Volcano.png,screenshot_game,810000,57.6,8.2,184,12.82
Alto%27s_Adventure_screenshot_-_B13_Wingsuit.png,screenshot_game,810000,80.2,9.8,278,8.55
Ambient_lights_cube_engine.png,screenshot_game,2160000,563.0,47.0,2660,2.38
American_Sammy_Corp.png,screenshot_game,25760,1.3,0.2,8,9.35
Amulets_%26_armor_-03.png,screenshot_game,256000,15.8,2.6,55,13.51
Ankh_Grim.png,screenshot_game,390879,156.3,8.5,625,2.44
Antimage.png,screenshot_game,537504,32.8,4.5,117,17.86
AssaultCube_screenshot.png,screenshot_game,850800,288.6,21.7,1271,2.62
Atlantik.png,screenshot_game,738304,24.8,3.5,93,23.26
Ayner.png,screenshot_game,485982,187.2,10.4,825,2.3
B.A.L.L.Z.png,screenshot_game,331128,11.0,1.1,25,38.46
BFM-screenshot01.png,screenshot_game,786432,62.1,8.2,265,8.7
BOSscreen.png,screenshot_game,480000,58.4,7.5,471,2.99
Ballerburg.png,screenshot_game,100000,5.4,0.5,23,16.95
BananaDash2.png,screenshot_game,215625,6.7,0.8,22,28.57
Bankai.png,screenshot_game,562401,39.4,2.9,176,9.35
Battalen-screen.png,screenshot_game,48800,2.7,0.6,20,6.85
Battle_for_Mandicor_0.0.5.png,screenshot_game,786432,83.5,10.2,422,5.46
Battle_for_the_Galaxy_gameplay.png,screenshot_game,120000,18.3,2.4,282,1.25
BeamWars--.png,screenshot_game,64500,12.2,1.2,49,3.83
Behaviour_Tree.png,screenshot_game,810000,64.9,10.7,319,7.41
Benkid77_CNPD.png,screenshot_game,76800,2.0,0.4,1,166.67
Benkid77_GoldenEgg.png,screenshot_game,76800,2.0,0.5,1,166.67
Benkid77_SpaceWhale.png,screenshot_game,76800,2.0,0.4,1,200.0
Bethewumpus_screenshot.png,screenshot_game,420472,10.4,2.6,4,250.0
Biniax2_screenshot.png,screenshot_game,270000,28.2,4.1,193,4.1
BioRust_Screenshot_01.png,screenshot_game,810000,333.3,20.2,1597,1.98
BioRust_Screenshot_02.png,screenshot_game,810000,202.6,15.4,824,3.83
BioRust_Screenshot_03.png,screenshot_game,810000,181.2,15.9,671,4.72
Blackwood_Crossing_August_reveal_screenshot_01_Finn.png,screenshot_game,810000,256.5,19.8,995,3.17
Blackwood_Crossing_August_reveal_screenshot_02_Train.png,screenshot_game,810000,221.0,17.6,1225,1.94
Blackwood_Crossing_August_reveal_screenshot_03_Treehouse.png,screenshot_game,810000,252.9,18.2,1083,2.19
Blackwood_Crossing_August_reveal_screenshot_04_Planetarium.png,screenshot_game,810000,266.8,18.7,1173,2.02
Blackwood_Crossing_August_reveal_screenshot_05_Island.png,screenshot_game,810000,127.3,14.9,1276,1.86
Blackwood_Crossing_August_reveal_screenshot_06_Island.png,screenshot_game,810000,129.5,15.2,1304,1.82
Blackwood_Crossing_announcement_screenshot_01.png,screenshot_game,810000,203.5,16.6,632,3.76
Blackwood_Crossing_announcement_screenshot_02.png,screenshot_game,810000,266.5,20.0,892,3.55
Blackwood_Crossing_announcement_screenshot_03.png,screenshot_game,810000,342.8,23.0,1113,2.84
Blackwood_Crossing_announcement_screenshot_04.png,screenshot_game,810000,284.2,20.1,1083,2.19
Blackwood_Crossing_announcement_screenshot_05.png,screenshot_game,810000,338.6,22.8,1100,2.87
Blackwood_Crossing_announcement_screenshot_06.png,screenshot_game,810000,312.4,22.4,1149,2.75
Blek_-_Level_2_screenshot.png,screenshot_game,858912,156.7,9.0,495,5.08
Blek_-_Level_3_screenshot.png,screenshot_game,858912,136.8,8.2,437,5.75
Blek_-_Level_4_screenshot.png,screenshot_game,858912,132.8,8.1,429,5.85
Blek_-_Level_5_screenshot.png,screenshot_game,858912,130.4,8.1,425,5.92
Blek_screenshot_collection_2.png,screenshot_game,1078800,63.0,5.8,145,21.74
Blek_screenshot_collection_3.png,screenshot_game,1078800,86.9,7.1,249,12.66
Blek_screenshot_collection_4.png,screenshot_game,1076400,90.8,6.8,244,12.99
Blobby_volley_2_alpha_6.png,screenshot_game,477403,77.6,4.7,491,2.84
Blocks_on_ice_gameplay_1.png,screenshot_game,153600,58.9,4.4,202,2.97
Bradley_Trainer_screenshot.png,screenshot_game,307200,8.5,1.7,11,76.92
Briquolo.png,screenshot_game,786432,242.1,20.1,1227,1.88
Broforce_blade_vs_truck.png,screenshot_game,810000,108.2,15.5,557,5.68
Broforce_boss_destructing.png,screenshot_game,810000,110.3,15.0,556,5.68
Broforce_boss_fight.png,screenshot_game,810000,119.3,15.4,589,5.38
Broforce_boss_rocket.png,screenshot_game,810000,99.8,14.5,473,6.67
Broforce_explosion.png,screenshot_game,810000,104.6,14.6,499,6.33
Broforce_four_players.png,screenshot_game,810000,132.9,16.2,669,4.72
Broforce_landmine.png,screenshot_game,810000,108.0,15.0,541,5.85
Broforce_miniboss.png,screenshot_game,810000,64.4,10.3,243,12.99
Broforce_mooks_in_air.png,screenshot_game,810000,71.9,11.9,406,5.85
Broforce_on_the_helicopter.png,screenshot_game,810000,103.3,15.0,553,5.71
Broforce_parachute_mooks.png,screenshot_game,810000,105.2,14.7,520,6.06
C4_Solids_Demo.png,screenshot_game,57344,1.8,0.3,2,62.5
CRIM_%E6%AD%A6%E5%99%A8NPC%E5%9C%96.png,screenshot_game,647660,44.1,4.2,139,18.18
CRITICAL_HIT!!.png,screenshot_game,211200,7.6,0.7,10,83.33
CS-Menu-Snatch.png,screenshot_game,196608,10.5,2.4,54,10.64
Cave_Troll_Level_Of_Sintel_The_Game.png,screenshot_game,687600,267.1,16.0,836,3.21
Celeste_screenshot_00.png,screenshot_game,810000,69.7,11.8,273,11.63
Celeste_screenshot_01.png,screenshot_game,810000,99.0,12.7,332,9.52
Celeste_screenshot_02.png,screenshot_game,810000,67.2,11.9,267,11.9
Celeste_screenshot_03.png,screenshot_game,810000,59.6,9.8,204,15.38
Celeste_screenshot_04.png,screenshot_game,810000,127.3,14.9,520,6.1
Celeste_screenshot_05.png,screenshot_game,810000,167.3,17.7,710,4.44
Celeste_screenshot_06.png,screenshot_game,810000,59.7,9.4,209,15.15
Celeste_screenshot_07.png,screenshot_game,810000,121.8,14.0,431,7.35
Celeste_screenshot_08.png,screenshot_game,810000,107.8,13.2,401,7.87
Celeste_screenshot_09.png,screenshot_game,810000,114.9,13.0,389,8.13
Celeste_screenshot_10.png,screenshot_game,810000,84.1,12.4,300,10.53
Celeste_screenshot_11.png,screenshot_game,810000,159.8,17.6,692,4.57
Chasing_Aurora_screenshot_07_(Wii_U).png,screenshot_game,810000,171.9,16.4,651,4.85
Chasing_Aurora_screenshot_08_(Thorn).png,screenshot_game,810000,119.1,14.1,610,3.89
Chasing_Aurora_screenshot_09_(Wii_U).png,screenshot_game,810000,134.7,13.8,570,4.17
Chasing_Aurora_screenshot_10_(Chase).png,screenshot_game,810000,101.9,12.3,421,7.52
Chasing_Aurora_screenshot_11_(Freeze).png,screenshot_game,810000,142.5,13.7,513,4.63
Chasing_Aurora_screenshot_12_(Freeze).png,screenshot_game,810000,181.6,12.5,725,3.27
Chmatakovonline.png,screenshot_game,470611,64.8,4.4,479,2.87
Christopher_Strachey%27s_Draughts_Program.png,screenshot_game,165236,28.5,2.3,154,4.18
Cibele_video_game_screenshot_1.png,screenshot_game,810000,295.1,18.9,995,3.17
Cibele_video_game_screenshot_2.png,screenshot_game,810000,169.5,14.2,958,2.48
Cibele_video_game_screenshot_3.png,screenshot_game,781200,221.4,19.0,842,3.62
CityBattle_Virtual_Earth_Screenshot1.png,screenshot_game,802800,303.9,23.7,1317,2.38
CityBattle_Virtual_Earth_Screenshot2.png,screenshot_game,810000,268.1,20.6,1055,2.99
Clonk-Endeavour-4.9.5.4-deutsch-screen.png,screenshot_game,717920,115.3,5.4,839,2.51
Close_Castles_screenshot.png,screenshot_game,811200,84.8,11.5,382,8.26
CompliKATEd_screenshot_1.png,screenshot_game,810000,189.0,17.9,968,2.45
CompliKATEd_screenshot_2.png,screenshot_game,810000,233.9,21.0,1068,2.96
CompliKATEd_screenshot_3.png,screenshot_game,810000,190.1,18.0,968,2.45
CompliKATEd_screenshot_4.png,screenshot_game,810000,130.2,15.4,719,3.3
Contraption_1.png,screenshot_game,810000,119.4,13.1,333,9.52
Contraption_2.png,screenshot_game,810000,103.0,13.1,433,7.3
Contraption_3.png,screenshot_game,810000,178.4,20.6,589,5.38
Contraption_4.png,screenshot_game,810000,93.1,11.5,278,11.36
Contraption_5.png,screenshot_game,810000,128.4,14.3,528,5.99
Contraption_6.png,screenshot_game,810000,136.0,13.5,425,7.46
Contraption_7.png,screenshot_game,810000,140.6,13.8,482,6.54
Contraption_8.png,screenshot_game,810000,101.3,12.6,337,9.35
Contraption_9.png,screenshot_game,810000,114.0,13.1,365,8.7
Core_War_PMars_Screenshot.png,screenshot_game,74784,2.4,0.4,4,47.62
Crack_Attack!_ingame.png,screenshot_game,489879,32.3,6.3,161,8.85
Credits.png,screenshot_game,810000,187.2,17.0,512,6.17
Cree.png,screenshot_game,487436,180.3,10.7,899,2.12
Crusader_Tetra.png,screenshot_game,28470,1.8,0.3,9,11.24
Cuyo.png,screenshot_game,213808,14.6,2.0,62,10.0
Cw0.png,screenshot_game,784641,50.9,5.8,209,10.99
Cw3.png,screenshot_game,784641,39.4,4.9,121,18.87
Cyclops-cover.png,screenshot_game,810000,177.8,16.1,711,4.44
DOTGv0.31screenshot.png,screenshot_game,307200,47.1,5.0,160,5.59
DRAGON32_Shock_Trooper_1Titles.png,screenshot_game,307200,7.8,1.0,4,200.0
Dark_Scavenger_screenshot_1.png,screenshot_game,480000,142.8,9.1,730,1.92
Dark_Scavenger_screenshot_2.png,screenshot_game,480000,111.8,8.1,661,2.13
Dark_Scavenger_screenshot_3.png,screenshot_game,480000,108.4,7.6,534,2.63
Dark_Scavenger_screenshot_4.png,screenshot_game,480000,116.6,7.8,479,2.93
Dark_Scavenger_screenshot_5.png,screenshot_game,480000,114.1,7.9,706,1.99
Dark_Scavenger_screenshot_6.png,screenshot_game,480000,115.9,8.5,655,2.15
Darkelf_-_tituln%C3%AD_str%C3%A1nka.png,screenshot_game,803240,116.6,14.2,636,3.7
Darkelf_ligy.png,screenshot_game,810000,85.8,10.7,454,5.24
DayZ.png,screenshot_game,124778,5.5,0.5,18,25.64
Dcss.0.21.webtiles.Elven-Halls.png,screenshot_game,736800,112.6,13.6,643,4.48
DeSmuME_0.9.11_emulating_Diamond_Trust_of_London_on_macOS_High_Sierra.png,screenshot_game,217710,22.4,3.7,120,7.04
Disim_tutorial_04.png,screenshot_game,484416,102.4,10.1,580,3.26
Dnd8won.png,screenshot_game,262144,8.4,2.0,8,90.91
Dr._Langeskov_The_Tiger_and_The_Terribly_Cursed_Emerald_Screenshot_1.png,screenshot_game,810000,210.6,17.0,1165,2.04
Dr._Langeskov_The_Tiger_and_The_Terribly_Cursed_Emerald_Screenshot_2.png,screenshot_game,810000,306.5,22.8,1248,2.53
Dr._Langeskov_The_Tiger_and_The_Terribly_Cursed_Emerald_Screenshot_3.png,screenshot_game,810000,288.1,20.9,1057,2.99
Dr._Langeskov_The_Tiger_and_The_Terribly_Cursed_Emerald_Screenshot_4.png,screenshot_game,810000,288.6,21.9,1005,3.14
Dr._Langeskov_The_Tiger_and_The_Terribly_Cursed_Emerald_Screenshot_5.png,screenshot_game,810000,204.0,12.4,918,2.58
Dr._Langeskov_The_Tiger_and_The_Terribly_Cursed_Emerald_Screenshot_6.png,screenshot_game,810000,166.8,16.0,684,3.46
Dre.png,screenshot_game,64000,2.6,0.4,7,25.64
Dre2.png,screenshot_game,64000,1.9,0.4,2,71.43
Dstroy.png,screenshot_game,196608,5.9,0.7,9,62.5
Dungeon_Crawl_Stone_Soup_-_Musu.png,screenshot_game,951974,63.9,11.3,282,13.16
Dungeon_crawl_stone_soup.png,screenshot_game,384800,28.2,5.7,136,10.99
DungeonmodeB.png,screenshot_game,141191,16.8,1.2,166,2.48
Dwarf_Fortress_-_mapa_%C5%9Bwiata.png,screenshot_game,104544,5.1,0.6,9,33.33
Dwarf_Fortress_-_mapa_%C5%9Bwiata_fragment.png,screenshot_game,14098,0.8,0.1,1,31.25
EB_battle.png,screenshot_game,478200,139.3,12.0,763,1.83
EmpireOpenSource.png,screenshot_game,247812,11.0,2.5,30,31.25
EmpireOpenSource_windowless.png,screenshot_game,210000,8.2,1.4,17,45.45
EmpireOriginal.png,screenshot_game,252800,9.8,1.8,14,71.43
EnigmaScreenshot.png,screenshot_game,307200,30.3,3.5,110,8.2
Epistory07.png,screenshot_game,810000,280.0,19.7,1331,2.38
Euchreshot1.png,screenshot_game,67200,1.8,0.2,1,166.67
Euchreshot2.png,screenshot_game,67200,1.8,0.2,1,166.67
Euchreshot3.png,screenshot_game,67200,1.8,0.2,1,166.67
Eugen_Uskoff.png,screenshot_game,176640,11.2,1.0,47,10.87
Evacshelter.png,screenshot_game,32508,1.1,0.2,1,83.33
Evacshelter_b.png,screenshot_game,12800,1.0,0.3,0,76.92
Everything_screenshot_03.png,screenshot_game,810000,178.8,15.6,521,6.06
Everything_screnshot_06.png,screenshot_game,810000,281.9,20.4,996,3.17
Fantastic_Contraption_VR_screenshot_01.png,screenshot_game,810000,224.1,17.6,891,3.55
Fantastic_Contraption_VR_screenshot_02.png,screenshot_game,810000,175.0,13.9,653,3.62
Fantastic_Contraption_VR_screenshot_03.png,screenshot_game,810000,87.7,10.8,329,7.19
Fantastic_Contraption_VR_screenshot_04.png,screenshot_game,810000,139.1,14.4,535,5.92
Fantastic_Contraption_VR_screenshot_05.png,screenshot_game,810000,111.6,12.9,516,4.59
Fantastic_Contraption_VR_screenshot_06.png,screenshot_game,810000,89.7,10.6,350,6.76
Finances_UI_Coffee_Noir.png,screenshot_game,810000,310.2,23.5,1259,2.51
Fkiss.png,screenshot_game,273492,12.9,1.1,35,22.73
Flinthook_screenshot_-_Pax_square_1.png,screenshot_game,640000,18.2,4.7,27,66.67
Flinthook_screenshot_-_Pax_square_2.png,screenshot_game,640000,19.9,5.0,44,41.67
Flinthook_screenshot_-_Pax_square_3.png,screenshot_game,640000,17.8,4.6,22,83.33
Flinthook_screenshot_-_Pax_square_4.png,screenshot_game,640000,17.9,4.7,25,76.92
Flinthook_screenshot_-_Pax_square_5.png,screenshot_game,640000,18.3,4.6,29,62.5
Flinthook_screenshot_-_Pax_start.png,screenshot_game,810000,68.5,11.2,356,6.67
Flinthook_screenshot_-_Pax_tutorial.png,screenshot_game,810000,80.8,12.1,411,5.75
Flinthook_screenshot_-_Pax_worm.png,screenshot_game,810000,94.8,13.9,410,7.69
Flying_Tigers-_Shadows_Over_China_gameplay_screenshot_1.png,screenshot_game,810000,225.5,17.4,775,3.06
FooBillard_3.0a_on_Linux_sshot20040807.png,screenshot_game,478002,66.2,6.5,228,6.13
Fragments_of_Him_-_Presskit_screenshot_1.png,screenshot_game,810000,246.3,16.7,976,2.43
Fragments_of_Him_-_Presskit_screenshot_2.png,screenshot_game,810000,195.5,15.0,707,3.36
Fragments_of_Him_-_Presskit_screenshot_3.png,screenshot_game,810000,268.6,16.9,1045,2.27
Fragments_of_Him_-_Presskit_screenshot_4.png,screenshot_game,810000,180.5,15.3,651,3.64
Fragments_of_Him_-_Presskit_screenshot_5.png,screenshot_game,810000,219.3,17.2,748,3.17
Fragments_of_Him_-_Presskit_screenshot_6.png,screenshot_game,810000,218.4,17.5,853,2.78
Fragments_of_Him_-_Work_In_Progress_screenshot_1.png,screenshot_game,810000,141.2,14.0,513,4.63
Fragments_of_Him_-_Work_In_Progress_screenshot_3.png,screenshot_game,810000,223.7,17.7,822,2.89
Fragments_of_Him_-_Work_In_Progress_screenshot_4.png,screenshot_game,810000,183.4,13.8,578,4.1
Fragments_of_Him_-_Work_In_Progress_screenshot_5.png,screenshot_game,810000,249.1,18.2,723,4.37
Fragments_of_Him_-_Work_In_Progress_screenshot_6.png,screenshot_game,810000,239.4,17.2,790,3.0
FreeOrion-production.png,screenshot_game,786432,41.0,8.2,236,9.71
Freedom_Planet_Cutscene.png,screenshot_game,408960,17.8,1.7,49,24.39
Freedom_Planet_Milla_screenshot.png,screenshot_game,102240,30.7,2.3,197,2.02
Frogatto.png,screenshot_game,480000,21.8,1.8,82,17.24
Frotz_ifiction.png,screenshot_game,285310,10.9,2.6,69,11.9
Fullscore5-1.png,screenshot_game,94878,6.4,1.3,56,4.93
GNU_bg_screenshot.png,screenshot_game,1057200,158.6,19.1,774,5.32
Galak-Z_screenshot_-_explosion_centipede.png,screenshot_game,810000,332.5,23.3,1383,2.29
Galak-Z_screenshot_-_floating_rhino.png,screenshot_game,796800,322.8,21.1,1349,2.31
Galak-Z_screenshot_-_gz_blue.png,screenshot_game,810000,235.2,16.7,1000,2.37
Galak-Z_screenshot_-_lost_in_space.png,screenshot_game,810000,330.4,18.1,1108,2.86
Galak-Z_screenshot_-_missile_porn.png,screenshot_game,810000,302.1,22.9,1234,2.56
Galak-Z_screenshot_-_sentinel_showdown.png,screenshot_game,810000,257.1,18.4,923,3.42
Galak-Z_screenshot_-_whole_gang.png,screenshot_game,810000,321.8,22.1,1188,2.67
Galaxy_Game_(1971)_-_Title_screen.png,screenshot_game,262144,7.4,1.4,1,500.0
Game_Cloud_Screenshot.png,screenshot_game,462400,144.2,5.2,678,2.66
Gang_Garrison_2.png,screenshot_game,480000,13.7,1.7,14,90.91
Glenn_Wichman_Toxic_ravine.png,screenshot_game,43776,5.1,0.3,44,2.87
Gyg.png,screenshot_game,51840,1.7,0.3,3,47.62
HDX_Screenshot.png,screenshot_game,1120800,278.3,24.3,2023,2.16
Hackmud_archaic.png,screenshot_game,906000,223.2,19.0,975,3.62
Hackmud_hacking.png,screenshot_game,907200,300.4,22.2,1114,3.17
Hackmud_patching.png,screenshot_game,906000,307.6,20.8,931,3.8
Hanlons_Razor_(Hanlon%27s_Razor)_HRAZOR_Menu_Screen.png,screenshot_game,1152000,38.8,8.5,80,41.67
Heartlight.png,screenshot_game,64000,3.1,0.2,7,23.81
Hedgeweap.png,screenshot_game,82080,5.4,1.2,55,4.37
Hern%C3%AD_okno_Darkelfa.png,screenshot_game,810000,234.4,18.4,1756,1.8
Htdamg_affinity.png,screenshot_game,237718,41.0,4.6,189,4.9
Hundreds_(video_game)_-_Level_0.png,screenshot_game,786432,152.3,7.5,408,7.52
Hundreds_(video_game)_-_Level_61.png,screenshot_game,786432,154.2,9.7,464,6.62
Hwscreen.png,screenshot_game,456688,57.5,7.2,251,5.32
IMGP5480_seamless.png,textures_photo,1048576,256.7,18.4,1955,1.57
IMGP5482_seamless.png,textures_photo,1048576,243.3,19.1,2145,1.43
IMGP5487_seamless.png,textures_photo,1048576,258.1,23.3,1246,2.46
IMGP5493_seamless_1.png,textures_photo,1048576,239.9,21.5,910,3.38
IMGP5493_seamless_2.png,textures_photo,1048576,236.3,21.8,911,3.37
IMGP5497_seamless.png,textures_photo,1048576,270.1,17.1,1612,1.9
IMGP5498_seamless.png,textures_photo,1048576,289.2,18.3,2037,1.51
IMGP5505_seamless.png,textures_photo,1048576,255.1,21.8,1874,1.64
IMGP5511_seamless.png,textures_photo,1048576,273.5,19.7,1970,1.56
IMGP5514_seamless_1.png,textures_photo,1048576,262.1,20.0,1750,1.75
IMGP5514_seamless_2.png,textures_photo,1048576,255.5,24.2,1579,1.95
IMGP5525_seamless.png,textures_photo,1048576,246.9,19.4,2169,1.42
IMGP5539_almost_seamless.png,textures_photo,1048576,321.2,26.2,1551,1.98
IMGP5546_seamless.png,textures_photo,1048576,235.8,21.1,1108,2.77
Interface-amour-sucre.png,screenshot_game,679992,185.9,12.2,871,3.05
Interstellar_Force_Lost_in_8-Bit_space_(5455466752).png,screenshot_game,153600,11.6,2.2,56,10.53
Interton-cassette3-screenshot.png,screenshot_game,85514,2.3,0.3,2,83.33
Invertika_-_Desert.png,screenshot_game,480000,33.8,4.4,195,7.19
Invertika_-_Nex.png,screenshot_game,480000,25.6,3.5,165,8.47
Jb_snapshot_3.png,screenshot_game,76800,2.9,0.3,7,31.25
Job_Simulator_screenshot_-_Auto_01.png,screenshot_game,810000,123.7,15.1,804,2.95
Job_Simulator_screenshot_-_Auto_02.png,screenshot_game,810000,180.7,17.5,899,3.52
Job_Simulator_screenshot_-_Constore_01.png,screenshot_game,810000,198.2,18.9,910,3.47
Job_Simulator_screenshot_-_Constore_02.png,screenshot_game,810000,197.5,19.1,973,3.25
Job_Simulator_screenshot_-_Fun_01.png,screenshot_game,810000,136.7,15.3,824,2.87
Job_Simulator_screenshot_-_Fun_02.png,screenshot_game,810000,172.5,16.1,791,4.0
Job_Simulator_screenshot_-_Hero_auto.png,screenshot_game,810000,135.6,14.4,593,4.0
Job_Simulator_screenshot_-_Hero_convenience.png,screenshot_game,810000,150.4,13.3,593,4.0
Job_Simulator_screenshot_-_Hero_kitchen.png,screenshot_game,810000,78.7,10.9,320,7.41
Job_Simulator_screenshot_-_Hero_office.png,screenshot_game,810000,97.5,11.0,321,7.41
Job_Simulator_screenshot_-_Kitchen_01.png,screenshot_game,810000,115.2,13.0,671,3.53
Job_Simulator_screenshot_-_Kitchen_02.png,screenshot_game,810000,145.4,15.1,781,4.05
Job_Simulator_screenshot_-_Office_01.png,screenshot_game,810000,186.5,17.5,910,3.47
Job_Simulator_screenshot_-_Office_02.png,screenshot_game,810000,183.2,17.2,804,3.94
Jump_%27n_Bump.png,screenshot_game,409600,23.2,4.5,74,21.28
Jumper_platformer.png,screenshot_game,271502,11.2,2.2,28,37.04
KAtomicScreenShot.png,screenshot_game,331128,20.4,2.0,103,9.43
KBattleship_Screenshot.png,screenshot_game,512512,30.8,6.5,87,22.73
KGoldrunner_game_in_progress.png,screenshot_game,809856,24.2,7.5,52,45.45
KNetWalk.png,screenshot_game,216240,25.4,3.4,113,7.46
KSpaceDuel1.1.png,screenshot_game,597192,16.6,3.7,28,62.5
Kiki_the_nano_bot_screenshot.png,screenshot_game,480000,27.3,2.2,66,28.57
Kikinanobot.png,screenshot_game,786432,42.3,7.0,121,18.87
Klondike_(solitare).png,screenshot_game,262300,16.6,1.1,75,13.51
Konquest.png,screenshot_game,420736,19.0,4.5,62,26.32
Konquest_catal%C3%A0.png,screenshot_game,419146,79.9,7.4,377,3.25
Kye.png,screenshot_game,176894,5.6,1.3,14,35.71
Labyrinth_for_Sword_of_Fargoal_%22Sword_Level%22.png,screenshot_game,808800,104.5,13.0,656,4.81
LastBattleForceRates.png,screenshot_game,196608,5.8,0.6,6,100.0
Lbreakout2.png,screenshot_game,308945,49.2,4.7,230,3.92
Lemonade_Stand_1.png,screenshot_game,215040,7.4,0.8,4,166.67
Lemonade_Stand_2.png,screenshot_game,215040,7.3,0.8,4,200.0
Letterpress_previous_games_screenshot.png,screenshot_game,727040,24.9,6.0,90,23.26
Letterpress_screenshot.png,screenshot_game,727040,31.6,6.7,111,19.23
MEMPTR_Snake.png,screenshot_game,76800,2.1,0.4,1,166.67
Maelstrom_screenshot.png,screenshot_game,309444,8.2,1.4,6,142.86
ManifoldGarden_10.png,screenshot_game,810000,136.0,13.6,1141,2.08
ManifoldGarden_11.png,screenshot_game,810000,130.7,13.3,1070,2.22
Mapperkmud.png,screenshot_game,562408,16.7,1.8,25,62.5
Mari0_Online_Multiplayer_Co-op_screenshot.png,screenshot_game,810000,144.5,16.3,639,4.95
Marty%27O.png,screenshot_game,484120,183.9,11.0,904,2.09
Medieval_Mayhem_(NTSC).png,screenshot_game,67200,1.8,0.3,2,90.91
Meritous-automap.png,screenshot_game,307200,10.9,3.3,25,34.48
Metamorphabet_screenshot_01.png,screenshot_game,786432,178.2,12.3,496,4.65
Metamorphabet_screenshot_02.png,screenshot_game,786432,234.2,17.9,687,3.34
Metamorphabet_screenshot_03.png,screenshot_game,786432,172.3,12.4,554,4.15
Metamorphabet_screenshot_04.png,screenshot_game,786432,86.4,4.6,269,8.55
Metamorphabet_screenshot_05.png,screenshot_game,786432,153.0,15.0,501,4.59
Minetest_LazyJ%27s_Forge_at_dusk.png,screenshot_game,810000,201.3,14.5,702,4.5
Minetest_LazyJ%27s_Forge_in_survival_mode.png,screenshot_game,810000,182.2,16.5,1141,2.77
Minetest_LazyJ%27s_Forge_in_the_afternoon.png,screenshot_game,810000,123.9,13.0,1008,2.35
Minetest_LazyJ%27s_Forge_in_the_evening.png,screenshot_game,810000,153.2,11.3,555,4.27
Minetest_LazyJ%27s_Forge_with_creative_inventory_opened.png,screenshot_game,810000,131.0,13.5,639,3.7
Minetest_high-res_texture_pack.png,screenshot_game,608256,180.7,14.1,813,2.19
Minetest_high-res_texture_pack_2.png,screenshot_game,608256,162.3,14.3,754,2.36
Mini_Metro_screenshot_0.png,screenshot_game,810000,189.2,15.1,577,5.46
Mini_Metro_screenshot_1.png,screenshot_game,810000,162.3,13.7,515,4.61
Mini_Metro_screenshot_2.png,screenshot_game,810000,164.0,13.0,562,4.22
Mini_Metro_screenshot_3.png,screenshot_game,810000,207.8,16.5,628,5.03
Mini_Metro_screenshot_4.png,screenshot_game,810000,121.0,13.8,466,6.8
Mini_Metro_screenshot_5.png,screenshot_game,810000,101.8,10.2,375,8.4
Minicraft_Title_Screen.png,screenshot_game,172800,4.4,0.5,2,200.0
Mode_7_Test-0000.png,screenshot_game,917504,24.2,3.8,17,166.67
Mode_7_on_GBA.png,screenshot_game,614400,16.3,3.5,10,166.67
Monaco_What%27s_Yours_Is_Mine_-_Screenshot_1_(Spotted).png,screenshot_game,810000,152.0,14.3,663,3.57
Monaco_What%27s_Yours_Is_Mine_-_Screenshot_2_(Lobby).png,screenshot_game,810000,121.7,12.5,448,5.29
Monaco_What%27s_Yours_Is_Mine_-_Screenshot_3_(The_Lookout_in_Action).png,screenshot_game,900000,180.3,16.2,782,3.37
Monaco_What%27s_Yours_Is_Mine_-_Screenshot_4_(Casino_Heist).png,screenshot_game,900000,230.3,19.4,899,3.91
Monaco_What%27s_Yours_Is_Mine_-_Screenshot_5_(Hacking_the_Embassy).png,screenshot_game,900000,208.7,17.7,783,4.48
Monaco_What%27s_Yours_Is_Mine_-_Screenshot_6_(Character_Selection).png,screenshot_game,810000,45.4,7.8,148,15.87
Moraffmahjongg.png,screenshot_game,480000,98.1,11.6,655,2.15
Moria-like-game.png,screenshot_game,33600,0.9,0.1,0,125.0
Mouse_in_the_Maze_portion.png,screenshot_game,207935,14.9,1.5,71,8.55
Moyangyang.png,screenshot_game,162445,24.1,3.1,120,3.95
Mtp_Target.png,screenshot_game,307200,80.0,6.7,364,2.47
Muttsworldmine_Survival_spawn.png,screenshot_game,624310,113.7,8.9,876,2.09
Napoleonic_Empires.png,screenshot_game,1080000,264.8,21.4,1942,1.63
Netrek-client-cow.png,screenshot_game,773056,28.1,5.7,47,47.62
Neverball_Game-Over-Bildschirm.png,screenshot_game,810000,78.2,8.6,257,9.26
Neverball_Gameplay_Screenshot_1.png,screenshot_game,810000,165.6,13.0,727,3.26
Neverball_Gameplay_Screenshot_10.png,screenshot_game,786432,162.1,14.1,653,3.53
Neverball_Gameplay_Screenshot_11.png,screenshot_game,786432,109.2,9.8,349,6.58
Neverball_Gameplay_Screenshot_12.png,screenshot_game,786432,134.9,13.4,544,4.22
Neverball_Gameplay_Screenshot_13.png,screenshot_game,786432,161.4,13.7,573,4.02
Neverball_Gameplay_Screenshot_2.png,screenshot_game,810000,193.8,15.1,775,3.06
Neverball_Gameplay_Screenshot_3.png,screenshot_game,810000,205.2,14.2,738,3.22
Neverball_Gameplay_Screenshot_4.png,screenshot_game,810000,231.9,15.9,866,2.74
Neverball_Gameplay_Screenshot_5.png,screenshot_game,810000,100.2,9.9,421,5.62
Neverball_Gameplay_Screenshot_6.png,screenshot_game,810000,167.4,14.1,755,3.14
Neverball_Gameplay_Screenshot_7.png,screenshot_game,810000,137.7,13.6,607,3.91
Neverball_Gameplay_Screenshot_8.png,screenshot_game,786432,148.9,13.9,577,3.98
Neverball_Gameplay_Screenshot_9.png,screenshot_game,786432,145.1,13.8,562,4.1
Neverball_Kursauswahl.png,screenshot_game,786432,77.8,9.6,388,5.92
Neverball_Pausenmen%C3%BC.png,screenshot_game,810000,187.9,15.8,744,3.18
Neverball_Sprachauswahl.png,screenshot_game,810000,40.4,8.2,143,16.39
Neverball_Titelbildschirm.png,screenshot_game,810000,82.7,10.2,448,5.29
Neverputt_Gameplay_Screenshot_1.png,screenshot_game,810000,102.6,9.8,370,6.41
Neverputt_Gameplay_Screenshot_2.png,screenshot_game,810000,75.7,8.7,314,7.58
Neverputt_Gameplay_Screenshot_3.png,screenshot_game,810000,102.3,10.5,388,6.1
Neverputt_Gameplay_Screenshot_4.png,screenshot_game,810000,62.7,8.9,225,10.53
Neverputt_Titelbildschirm.png,screenshot_game,810000,61.0,8.0,265,8.93
Nidhogg_video_game_screenshot_1.png,screenshot_game,400800,19.2,4.4,61,18.87
Nidhogg_video_game_screenshot_2.png,screenshot_game,400000,21.8,4.0,68,16.95
Nidhogg_video_game_screenshot_3.png,screenshot_game,398400,25.5,4.2,90,12.99
Noctis_Screenshot.png,screenshot_game,183200,19.5,1.1,99,5.38
Nuclear_Throne_screenshot_01.png,screenshot_game,810000,47.1,9.6,204,11.63
Nuclear_Throne_screenshot_02.png,screenshot_game,810000,76.3,11.7,420,5.65
Nuclear_Throne_screenshot_03.png,screenshot_game,810000,48.6,9.8,219,10.87
Nuclear_Throne_screenshot_04.png,screenshot_game,810000,74.5,11.2,331,7.14
Nuclear_Throne_screenshot_05.png,screenshot_game,810000,73.5,11.0,356,6.67
Nuclear_Throne_screenshot_06.png,screenshot_game,810000,89.3,12.4,502,4.72
Nuclear_Throne_screenshot_07.png,screenshot_game,810000,61.7,10.7,336,7.04
Nuclear_Throne_screenshot_08.png,screenshot_game,810000,59.5,11.3,234,13.51
Nuclear_Throne_screenshot_09.png,screenshot_game,810000,86.4,13.2,448,7.04
Nuclear_Throne_screenshot_10.png,screenshot_game,810000,68.1,11.7,294,10.75
Number 2 PNG images free download_PNG14940.png,pngimg,360000,15.5,1.3,27,50.0
OXO_emulated_portion.png,screenshot_game,51983,1.7,0.2,2,90.91
One_Hour_One_Life_Screenshot.png,screenshot_game,810000,298.3,25.3,1773,1.78
OpenBVEStartScreen.png,screenshot_game,631538,28.2,6.6,59,41.67
Open_Ski_Jumping_020.png,screenshot_game,307200,10.9,4.2,14,83.33
Openciv-0.95.png,screenshot_game,444905,36.7,1.7,95,13.7
Opentyrian_torm.png,screenshot_game,74784,13.4,0.6,53,5.46
Orbithopper.png,screenshot_game,512000,45.3,6.4,181,8.26
OrionsbeltBattle.png,screenshot_game,217382,47.8,3.9,229,2.78
OrionsbeltPresentation.png,screenshot_game,298880,48.8,3.7,289,4.03
Orwell_video_game_screenshot_1.png,screenshot_game,810000,108.8,14.1,650,3.65
Orwell_video_game_screenshot_10.png,screenshot_game,810000,181.7,16.4,804,2.95
Orwell_video_game_screenshot_2.png,screenshot_game,810000,110.3,14.1,536,5.88
Orwell_video_game_screenshot_3.png,screenshot_game,810000,93.7,12.8,540,4.39
Orwell_video_game_screenshot_4.png,screenshot_game,810000,105.9,12.9,587,4.05
Orwell_video_game_screenshot_6.png,screenshot_game,810000,136.2,13.7,534,4.44
Orwell_video_game_screenshot_7.png,screenshot_game,810000,201.0,18.2,773,4.08
Orwell_video_game_screenshot_9.png,screenshot_game,810000,178.2,17.4,721,4.39
PAEE_C64.png,screenshot_game,104448,3.4,0.4,4,66.67
PG_battlefield.png,screenshot_game,466560,86.1,9.3,560,3.26
PVEgen.png,screenshot_game,532800,81.6,9.8,423,3.69
Pahom_Grim.png,screenshot_game,398266,162.2,9.0,667,2.33
Paku_Paku.png,screenshot_game,256000,7.3,0.8,5,142.86
Pang_Zero.png,screenshot_game,484610,43.1,5.7,138,10.31
Passage_3_by_Jason_Rohrer_screenshot.png,screenshot_game,57600,1.7,0.2,2,62.5
PekkaKana2_LevelEditor.png,screenshot_game,196608,23.5,1.4,198,2.9
PekkaKana2_Scr01.png,screenshot_game,68926,8.5,0.6,77,2.61
PerOxydScreenshot.png,screenshot_game,256000,24.7,1.1,131,5.71
PioneerSpaceSim_screenshot.png,screenshot_game,614400,94.2,9.2,461,3.89
Plunderland2.png,screenshot_game,151680,14.7,2.6,66,8.93
Pong.png,screenshot_game,480000,12.0,1.6,3,500.0
PrinceofPersia1989-sdlpop-opensource.png,screenshot_game,384000,25.8,3.6,52,28.57
Production_UI_Coffee_Noir.png,screenshot_game,810000,318.1,21.7,1208,2.62
ProgressQuest_Screenshot.png,screenshot_game,229670,7.2,1.2,10,66.67
Project_Starfighter.png,screenshot_game,389000,25.9,4.0,51,29.41
Prune_screenshot_wide.png,screenshot_game,640200,194.1,13.5,730,2.57
Prune_video_game_screenshot_1.png,screenshot_game,1920000,631.8,30.6,2487,2.26
Prune_video_game_screenshot_2.png,screenshot_game,1920000,694.8,33.2,2648,2.12
Prune_video_game_screenshot_3.png,screenshot_game,1920000,351.8,23.2,1287,4.37
Prune_video_game_screenshot_4.png,screenshot_game,1920000,551.1,29.3,1599,3.52
Prune_video_game_screenshot_5.png,screenshot_game,1920000,595.0,36.8,2442,2.3
Push_Me_Pull_You_screenshot_01.png,screenshot_game,810000,38.6,7.5,111,28.57
Push_Me_Pull_You_screenshot_02.png,screenshot_game,810000,34.6,8.0,93,33.33
Push_Me_Pull_You_screenshot_03.png,screenshot_game,810000,30.4,6.5,132,17.86
Push_Me_Pull_You_screenshot_04.png,screenshot_game,810000,28.4,6.2,102,23.26
Push_Me_Pull_You_screenshot_05.png,screenshot_game,810000,33.9,8.3,87,35.71
Push_Me_Pull_You_screenshot_06.png,screenshot_game,810000,43.8,8.2,235,10.1
Push_Me_Pull_You_screenshot_07.png,screenshot_game,810000,38.4,7.3,130,24.39
Push_Me_Pull_You_screenshot_09.png,screenshot_game,810000,30.8,7.2,118,20.0
Push_Me_Pull_You_screenshot_10.png,screenshot_game,810000,59.2,9.4,428,5.52
PySolFC-Bakers-Deal-No-2-Midst-of-Solving-by-fc-solve-with-gi-preset.png,screenshot_game,422770,52.9,5.8,207,7.94
Pysol-black-hole-solitaire-deal-1000-with-public-domain-tabletile.png,screenshot_game,653072,110.4,9.0,1045,2.44
RGB_OR_1200x1200_001.png,photo_tecnick,1440000,366.5,23.1,1609,2.62
RGB_OR_1200x1200_002.png,photo_tecnick,1440000,461.1,21.7,1497,2.82
RGB_OR_1200x1200_003.png,photo_tecnick,1440000,442.7,24.1,2143,1.97
RGB_OR_1200x1200_004.png,photo_tecnick,1440000,545.7,22.5,1808,2.33
RGB_OR_1200x1200_005.png,photo_tecnick,1440000,460.6,24.0,2172,1.94
RGB_OR_1200x1200_006.png,photo_tecnick,1440000,442.3,22.7,2114,2.0
RGB_OR_1200x1200_007.png,photo_tecnick,1440000,399.3,23.7,2067,2.04
RGB_OR_1200x1200_008.png,photo_tecnick,1440000,410.2,24.9,2405,1.75
RGB_OR_1200x1200_009.png,photo_tecnick,1440000,450.3,23.4,1625,2.6
RGB_OR_1200x1200_010.png,photo_tecnick,1440000,491.9,24.9,2199,1.92
RGB_OR_1200x1200_011.png,photo_tecnick,1440000,388.7,24.2,2150,1.96
RGB_OR_1200x1200_012.png,photo_tecnick,1440000,480.2,25.9,1975,2.14
RGB_OR_1200x1200_013.png,photo_tecnick,1440000,442.7,23.8,1984,2.13
RGB_OR_1200x1200_014.png,photo_tecnick,1440000,419.0,23.3,1729,2.44
RGB_OR_1200x1200_015.png,photo_tecnick,1440000,488.6,21.5,1466,2.87
RGB_OR_1200x1200_016.png,photo_tecnick,1440000,320.3,24.3,2687,1.57
RGB_OR_1200x1200_017.png,photo_tecnick,1440000,391.9,22.5,2167,1.95
RGB_OR_1200x1200_018.png,photo_tecnick,1440000,381.6,24.5,2525,1.67
RGB_OR_1200x1200_019.png,photo_tecnick,1440000,396.5,23.8,2341,1.8
RGB_OR_1200x1200_020.png,photo_tecnick,1440000,358.8,24.0,2491,1.69
RGB_OR_1200x1200_021.png,photo_tecnick,1440000,425.4,24.7,1773,2.38
RGB_OR_1200x1200_022.png,photo_tecnick,1440000,505.2,23.8,2147,1.96
RGB_OR_1200x1200_023.png,photo_tecnick,1440000,421.4,25.0,2352,1.79
RGB_OR_1200x1200_024.png,photo_tecnick,1440000,360.8,24.3,2456,1.72
RGB_OR_1200x1200_025.png,photo_tecnick,1440000,520.4,23.3,1858,2.27
RGB_OR_1200x1200_026.png,photo_tecnick,1440000,361.4,25.5,2542,1.66
RGB_OR_1200x1200_027.png,photo_tecnick,1440000,432.9,24.2,2214,1.9
RGB_OR_1200x1200_028.png,photo_tecnick,1440000,465.0,22.7,1687,2.5
RGB_OR_1200x1200_029.png,photo_tecnick,1440000,487.7,24.0,2041,2.07
RGB_OR_1200x1200_030.png,photo_tecnick,1440000,369.0,24.6,2539,1.66
RGB_OR_1200x1200_031.png,photo_tecnick,1440000,267.7,23.4,2018,2.09
RGB_OR_1200x1200_032.png,photo_tecnick,1440000,334.2,24.9,2615,1.61
RGB_OR_1200x1200_033.png,photo_tecnick,1440000,433.7,23.6,2264,1.86
RGB_OR_1200x1200_034.png,photo_tecnick,1440000,332.9,22.3,1535,2.75
RGB_OR_1200x1200_035.png,photo_tecnick,1440000,415.9,24.4,2192,1.92
RGB_OR_1200x1200_036.png,photo_tecnick,1440000,456.9,21.5,1428,2.95
RGB_OR_1200x1200_037.png,photo_tecnick,1440000,494.4,23.0,2004,2.11
RGB_OR_1200x1200_038.png,photo_tecnick,1440000,510.6,24.0,1876,2.25
RGB_OR_1200x1200_039.png,photo_tecnick,1440000,441.3,23.3,2118,1.99
RGB_OR_1200x1200_040.png,photo_tecnick,1440000,412.5,23.9,2233,1.89
RGB_OR_1200x1200_041.png,photo_tecnick,1440000,425.8,23.9,2144,1.97
RGB_OR_1200x1200_042.png,photo_tecnick,1440000,480.6,24.3,2066,2.04
RGB_OR_1200x1200_043.png,photo_tecnick,1440000,324.0,24.2,2743,1.54
RGB_OR_1200x1200_044.png,photo_tecnick,1440000,423.4,23.1,2125,1.98
RGB_OR_1200x1200_045.png,photo_tecnick,1440000,525.0,23.7,1892,2.23
RGB_OR_1200x1200_046.png,photo_tecnick,1440000,337.4,23.7,2408,1.75
RGB_OR_1200x1200_047.png,photo_tecnick,1440000,426.8,25.8,2283,1.85
RGB_OR_1200x1200_048.png,photo_tecnick,1440000,369.0,25.2,2543,1.66
RGB_OR_1200x1200_049.png,photo_tecnick,1440000,439.0,23.3,1969,2.14
RGB_OR_1200x1200_050.png,photo_tecnick,1440000,488.6,22.8,2169,1.95
RGB_OR_1200x1200_051.png,photo_tecnick,1440000,594.5,22.8,1938,2.17
RGB_OR_1200x1200_052.png,photo_tecnick,1440000,471.6,24.3,2231,1.89
RGB_OR_1200x1200_053.png,photo_tecnick,1440000,465.4,23.0,1651,2.55
RGB_OR_1200x1200_054.png,photo_tecnick,1440000,374.5,24.4,2045,2.06
RGB_OR_1200x1200_055.png,photo_tecnick,1440000,478.6,25.0,2196,1.92
RGB_OR_1200x1200_056.png,photo_tecnick,1440000,574.2,23.2,1832,2.3
RGB_OR_1200x1200_057.png,photo_tecnick,1440000,478.0,23.0,1882,2.24
RGB_OR_1200x1200_058.png,photo_tecnick,1440000,349.3,23.5,2256,1.87
RGB_OR_1200x1200_059.png,photo_tecnick,1440000,315.9,24.5,2698,1.56
RGB_OR_1200x1200_060.png,photo_tecnick,1440000,438.3,23.6,1990,2.12
RGB_OR_1200x1200_061.png,photo_tecnick,1440000,329.9,25.3,2615,1.61
RGB_OR_1200x1200_062.png,photo_tecnick,1440000,274.2,25.2,2895,1.46
RGB_OR_1200x1200_063.png,photo_tecnick,1440000,531.9,23.2,1767,2.39
RGB_OR_1200x1200_064.png,photo_tecnick,1440000,407.3,24.5,2341,1.8
RGB_OR_1200x1200_065.png,photo_tecnick,1440000,509.9,23.7,2261,1.87
RGB_OR_1200x1200_066.png,photo_tecnick,1440000,477.1,23.0,2216,1.9
RGB_OR_1200x1200_067.png,photo_tecnick,1440000,457.0,23.0,2203,1.92
RGB_OR_1200x1200_068.png,photo_tecnick,1440000,199.1,21.0,1294,3.26
RGB_OR_1200x1200_069.png,photo_tecnick,1440000,451.0,24.8,2160,1.95
RGB_OR_1200x1200_070.png,photo_tecnick,1440000,510.9,23.3,2117,1.99
RGB_OR_1200x1200_071.png,photo_tecnick,1440000,487.7,27.5,1972,2.14
RGB_OR_1200x1200_072.png,photo_tecnick,1440000,418.6,25.0,2194,1.92
RGB_OR_1200x1200_073.png,photo_tecnick,1440000,511.3,22.5,1759,2.4
RGB_OR_1200x1200_074.png,photo_tecnick,1440000,558.0,22.6,2030,2.08
RGB_OR_1200x1200_075.png,photo_tecnick,1440000,527.5,24.2,2060,2.05
RGB_OR_1200x1200_076.png,photo_tecnick,1440000,614.9,22.7,1960,2.15
RGB_OR_1200x1200_077.png,photo_tecnick,1440000,394.8,22.0,2204,1.92
RGB_OR_1200x1200_078.png,photo_tecnick,1440000,530.3,23.5,1977,2.13
RGB_OR_1200x1200_079.png,photo_tecnick,1440000,406.8,23.6,1796,2.35
RGB_OR_1200x1200_080.png,photo_tecnick,1440000,452.6,22.1,1855,2.27
RGB_OR_1200x1200_081.png,photo_tecnick,1440000,539.5,23.5,1994,2.11
RGB_OR_1200x1200_082.png,photo_tecnick,1440000,275.9,26.5,2808,1.5
RGB_OR_1200x1200_083.png,photo_tecnick,1440000,486.0,22.6,1841,2.29
RGB_OR_1200x1200_084.png,photo_tecnick,1440000,580.0,21.4,1649,2.56
RGB_OR_1200x1200_085.png,photo_tecnick,1440000,475.5,23.2,2110,2.0
RGB_OR_1200x1200_086.png,photo_tecnick,1440000,284.4,24.0,2684,1.57
RGB_OR_1200x1200_087.png,photo_tecnick,1440000,263.3,25.5,2796,1.51
RGB_OR_1200x1200_088.png,photo_tecnick,1440000,416.2,24.4,2042,2.07
RGB_OR_1200x1200_089.png,photo_tecnick,1440000,439.8,24.9,2392,1.76
RGB_OR_1200x1200_090.png,photo_tecnick,1440000,325.7,26.1,2674,1.58
RGB_OR_1200x1200_091.png,photo_tecnick,1440000,270.5,22.4,1419,2.98
RGB_OR_1200x1200_092.png,photo_tecnick,1440000,590.0,21.9,2017,2.09
RGB_OR_1200x1200_093.png,photo_tecnick,1440000,333.7,20.5,1507,2.8
RGB_OR_1200x1200_094.png,photo_tecnick,1440000,425.0,25.4,2213,1.9
RGB_OR_1200x1200_095.png,photo_tecnick,1440000,286.0,26.0,2891,1.46
RGB_OR_1200x1200_096.png,photo_tecnick,1440000,380.5,22.3,2179,1.93
RGB_OR_1200x1200_097.png,photo_tecnick,1440000,489.6,23.5,2188,1.93
RGB_OR_1200x1200_098.png,photo_tecnick,1440000,307.3,25.8,2855,1.48
RGB_OR_1200x1200_099.png,photo_tecnick,1440000,467.3,24.2,2303,1.83
RGB_OR_1200x1200_100.png,photo_tecnick,1440000,328.5,19.0,1014,4.17
Rail_Route_%E2%80%94_Automate.png,screenshot_game,810000,226.9,16.5,958,2.48
Rail_Route_%E2%80%94_Build.png,screenshot_game,810000,244.3,17.3,828,2.87
Rail_Route_%E2%80%94_Control.png,screenshot_game,810000,229.1,15.5,920,2.58
Rail_Route_%E2%80%94_Editor.png,screenshot_game,810000,155.4,14.0,569,4.17
Rail_Route_%E2%80%94_Header-image.png,screenshot_game,466800,148.6,12.0,718,1.9
Rail_Route_%E2%80%94_Logo-black.png,screenshot_game,640000,16.5,4.1,16,111.11
Rain_World_screenshot_-_2016-05-31_16_15_34_climbing.png,screenshot_game,810000,261.7,19.2,835,3.79
Rain_World_screenshot_-_2016-05-31_16_46_49_progress.png,screenshot_game,810000,262.5,20.1,910,3.47
Rain_World_screenshot_-_Garbage_Wastes_1080.png,screenshot_game,810000,166.1,17.0,753,4.2
Rain_World_screenshot_-_Line_Farms_2.png,screenshot_game,810000,181.3,17.0,754,4.18
Rain_World_screenshot_-_Linear_Farms_1080.png,screenshot_game,810000,146.4,16.6,643,4.9
Rain_World_screenshot_-_SB_F01.png,screenshot_game,807600,106.0,14.0,466,6.76
Rain_World_screenshot_-_Shadow_Urban_1080.png,screenshot_game,810000,96.1,12.6,316,10.0
Rain_World_screenshot_-_Shoreline_1.png,screenshot_game,810000,159.1,16.6,601,5.26
Rain_World_screenshot_-_Shoreline_2.png,screenshot_game,810000,91.4,12.8,359,8.77
Rain_World_screenshot_-_Shorelne_4.png,screenshot_game,810000,80.0,12.6,305,10.31
Rain_World_screenshot_-_Sky_Islands_1.png,screenshot_game,810000,196.7,19.7,942,3.36
Rain_World_screenshot_-_Sky_Islands_4.png,screenshot_game,810000,230.6,20.3,965,3.28
Rain_World_screenshot_-_Sky_Islands_5.png,screenshot_game,810000,222.9,19.9,978,3.24
Rain_World_screenshot_-_Underhang_1080.png,screenshot_game,810000,163.8,16.9,726,4.35
Rain_World_screenshot_-_filtration_sys.png,screenshot_game,664076,116.7,7.7,484,5.35
Rain_World_screenshot_-_subway.png,screenshot_game,722670,59.4,5.0,275,10.31
Rain_World_screenshot_-_temple.png,screenshot_game,613473,119.5,8.0,504,4.76
Rca_studio2_bowling_ss.png,screenshot_game,137408,3.7,0.4,1,333.33
ReCaged_project_version_0.7.0_preview_thumbnail.png,screenshot_game,960000,30.1,7.6,48,58.82
Robotfindskitten.png,screenshot_game,152944,5.1,1.1,3,200.0
Robots_text_screenshot.png,screenshot_game,309488,8.8,2.3,18,50.0
Roosevelt_Elk_Male_(4837677522).png,screenshot_game,900000,171.2,15.8,1883,1.4
RosAsmGameSpace.png,screenshot_game,480000,22.1,4.0,124,11.24
Rouge-game.png,screenshot_game,219050,6.3,1.6,10,58.82
Rowlands_Challenge.png,screenshot_game,530400,21.5,2.0,47,43.48
Royals_screenshot.png,screenshot_game,384000,13.3,2.7,8,166.67
Rudo.png,screenshot_game,484530,174.2,12.1,1057,1.79
Rymdkapsel_screenshot_1.png,screenshot_game,708000,19.7,5.2,55,37.04
Rymdkapsel_screenshot_2.png,screenshot_game,708000,19.4,5.0,50,40.0
Rymdkapsel_screenshot_3.png,screenshot_game,810000,36.5,6.6,134,23.26
Rymdkapsel_screenshot_4.png,screenshot_game,810000,33.0,7.0,104,30.3
Rymdkapsel_screenshot_5.png,screenshot_game,708000,18.8,5.2,35,58.82
SW_Bark01.png,textures_pk,2048,0.2,0.0,4,1.32
SW_Boards01a.png,textures_pk,32768,8.6,0.3,55,1.73
SW_Boards01b.png,textures_pk,32768,7.9,0.3,66,1.45
SW_Boards01c.png,textures_pk,32768,7.5,0.3,65,1.46
SW_Cobble01.png,textures_pk,15360,2.0,0.1,40,1.12
SW_Crate01.png,textures_pk,16384,2.8,0.2,28,1.68
SW_Crate02.png,textures_pk,16384,2.8,0.2,32,1.47
SW_CrateTop.png,textures_pk,16384,3.0,0.2,32,1.5
SW_Door01a.png,textures_pk,8192,1.1,0.1,18,1.27
SW_Door01b.png,textures_pk,8192,1.1,0.1,18,1.27
SW_Door02.png,textures_pk,8192,1.4,0.1,14,1.69
SW_Gate01.png,textures_pk,65536,16.3,0.7,128,1.49
SW_Gate02.png,textures_pk,65536,16.2,0.6,129,1.49
SW_Gate03.png,textures_pk,65536,17.0,0.6,107,1.79
SW_Log01.png,textures_pk,6400,0.6,0.1,15,1.18
SW_Logs01.png,textures_pk,16384,1.9,0.1,45,1.06
SW_Rock01.png,textures_pk,65536,10.3,0.6,160,1.19
SW_Roof01.png,textures_pk,4096,0.4,0.0,9,1.31
SW_Roof02.png,textures_pk,4096,0.4,0.0,8,1.36
SW_Snow01a.png,textures_pk,65536,11.5,0.6,127,1.5
SW_Snow01b.png,textures_pk,65536,11.4,0.6,134,1.43
SW_Wall01a.png,textures_pk,65536,12.8,0.6,147,1.3
SW_Wall01b.png,textures_pk,65536,10.4,0.6,156,1.23
SW_Wall01c.png,textures_pk,65536,10.4,0.6,155,1.23
SW_Wall02a.png,textures_pk,32768,5.5,0.3,67,1.43
SW_Wall02b.png,textures_pk,32768,5.3,0.3,68,1.4
SW_Wall03a.png,textures_pk,32768,5.0,0.3,71,1.34
SW_Wall03b.png,textures_pk,32768,5.1,0.3,70,1.37
SW_Wall04a.png,textures_pk,16384,1.9,0.1,40,1.18
SW_Wall04b.png,textures_pk,16384,1.9,0.1,41,1.17
SW_Wall04c.png,textures_pk,32768,4.5,0.3,80,1.19
SW_Wall05a.png,textures_pk,16384,2.2,0.2,37,1.27
SW_Wall05b.png,textures_pk,16384,2.4,0.2,37,1.28
SW_Window01a.png,textures_pk,2048,0.2,0.0,3,1.58
SW_Window01b.png,textures_pk,2048,0.3,0.0,3,1.63
SW_Wood01.png,textures_pk,4096,0.5,0.0,8,1.35
Samba_of_the_Wolves_Wiley.png,screenshot_game,307200,29.7,3.4,160,5.59
SaoriFKiss002.png,screenshot_game,492000,87.5,10.8,397,3.62
Score4ForbiddenPost.png,screenshot_game,226870,8.3,0.8,17,38.46
Score4Zugzwang.png,screenshot_game,228780,14.2,0.9,41,16.13
Scourge_character_creation.png,screenshot_game,210000,52.5,4.6,187,3.28
Scourge_character_information.png,screenshot_game,392675,95.0,8.6,380,3.02
Scourge_screenshot_r2315.png,screenshot_game,786432,264.2,20.9,1242,2.48
Screenshot_from_Getting_Over_It_With_Bennett_Foddy.png,screenshot_game,1151280,473.0,27.5,2069,2.17
Screenshot_of_the_Ultima_Ratio_Regum_version_0.7.0._taken_in_2015.png,screenshot_game,734976,26.9,5.3,36,76.92
Sega-Mega-Drive-regional-lockout-error.png,screenshot_game,71680,2.4,0.2,1,200.0
Senat.Grepolisfr.png,screenshot_game,86877,26.0,2.6,166,2.04
Severed_screenshot_01.png,screenshot_game,810000,176.8,14.6,616,3.85
Severed_screenshot_02.png,screenshot_game,810000,199.5,17.3,788,3.01
Severed_screenshot_03.png,screenshot_game,810000,187.3,16.3,704,4.48
Severed_screenshot_04.png,screenshot_game,810000,187.5,16.5,839,2.82
Severed_screenshot_05.png,screenshot_game,810000,201.1,17.0,834,2.84
Simple_Simon_Solitiare_PySolFC_100.png,screenshot_game,730236,58.0,4.1,278,7.69
Sintel_The_Game_Docks.png,screenshot_game,864000,309.7,19.9,1153,2.92
Skrupel.png,screenshot_game,819490,44.7,9.6,179,17.86
Slingshot.png,screenshot_game,509490,93.4,7.7,439,4.52
Smiler_in_Arrowe_Land.png,screenshot_game,76800,2.1,0.4,2,100.0
Sn%C3%ADmek_obrazovky_2021-09-05_v_14.06.43.png,screenshot_game,82836,3.1,0.7,14,22.22
Sn%C3%ADmek_obrazovky_2021-09-12_v_16.46.05.png,screenshot_game,356751,17.6,3.1,66,21.28
Sn%C3%ADmek_obrazovky_2021-09-12_v_16.57.06.png,screenshot_game,538289,30.7,6.5,114,18.52
Sn%C3%ADmek_obrazovky_2021-09-18_v_13.12.59.png,screenshot_game,350464,36.4,4.8,170,8.0
Sn%C3%ADmek_obrazovky_2021-09-19_v_13.06.08.png,screenshot_game,40656,3.4,0.6,19,8.26
Sn%C3%ADmek_obrazovky_2021-09-24_v_18.07.06.png,screenshot_game,83304,3.2,0.5,4,83.33
SolarWolf-splash.png,screenshot_game,480000,46.5,3.0,286,6.54
Solarus_Sample_quest_on_Windows.png,screenshot_game,328704,19.3,2.6,35,35.71
Sopwith-screenshot.png,screenshot_game,255600,6.9,0.8,2,333.33
Speedway-Joyce_Weisbecker.png,screenshot_game,232263,8.2,1.9,7,125.0
SpellTower_screenshot_-_NightColors.png,screenshot_game,1920000,100.3,18.7,294,25.64
SpellTower_screenshot_-_PuzzleMode-Lose_1.png,screenshot_game,1920000,99.3,18.2,290,25.64
SpellTower_screenshot_-_PuzzleMode-Lose_2.png,screenshot_game,1920000,110.9,18.4,344,21.74
SpellTower_screenshot_-_RushMode(2).png,screenshot_game,1920000,101.1,18.0,330,22.73
SpellTower_screenshot_-_RushMode.png,screenshot_game,614400,30.2,6.1,91,26.32
SpellTower_screenshot_-_Tutorial.png,screenshot_game,1920000,104.4,17.0,277,27.03
SpellTower_screenshot_-_VsPlayer1.png,screenshot_game,786432,42.0,6.9,106,28.57
SpellTower_screenshot_-_VsPlayer2.png,screenshot_game,786432,43.8,8.8,101,30.3
Spionagebericht.png,screenshot_game,421475,19.0,1.8,61,20.0
Star_Trek_text_game.png,screenshot_game,157168,4.4,0.6,2,200.0
StationSnapshot1.png,screenshot_game,607500,23.1,2.5,77,22.73
StationSnapshot2.png,screenshot_game,607500,43.4,4.1,202,8.77
Stay_Frosty_(SpiceWare)_1.png,screenshot_game,67200,3.5,0.7,13,18.87
Stella_Shii%27Mori.png,screenshot_game,483080,168.6,12.0,1058,1.78
Supertux-checkpoint.png,screenshot_game,480000,49.2,7.6,309,4.55
SvsL_01.png,screenshot_game,165600,9.8,1.1,66,7.3
Synth_video_game_screenshot_D.png,screenshot_game,900000,278.4,18.2,1467,2.4
TMW_Screenshot_15.png,screenshot_game,480000,72.5,9.2,683,2.06
Tacoma_ConferenceRoom.png,screenshot_game,810000,191.3,17.3,722,4.39
Tacoma_CrewMeeting.png,screenshot_game,810000,235.6,20.2,965,3.28
Tacoma_Kitchen.png,screenshot_game,810000,195.6,17.1,697,4.55
Tacoma_StationCentralHub.png,screenshot_game,810000,152.2,12.8,577,5.46
Tacoma_StationExterior.png,screenshot_game,810000,198.4,15.9,743,3.19
Tacoma_ZeroG_Figures.png,screenshot_game,810000,130.3,11.5,507,4.67
Temporal_game_screenshot.png,screenshot_game,786432,23.9,6.7,41,55.56
Ten_tiles_on_weekly_no_tabs_564x548.png,screenshot_game,309072,33.1,4.8,228,5.26
Ten_tiles_on_weekly_no_tabs_full_res.png,screenshot_game,549017,41.1,6.9,217,9.9
TerraMagnusGame.png,screenshot_game,369600,15.6,3.7,63,16.95
Terracota_-_Falando.png,screenshot_game,810000,210.1,16.7,695,4.55
Terracota_-_Falas.png,screenshot_game,810000,159.2,15.7,588,5.38
Terracota_-_Jogo_menina.png,screenshot_game,810000,171.8,16.1,605,5.24
Terracota_-_Jogo_menino.png,screenshot_game,810000,172.8,16.1,602,5.24
Terracota_-_Mapa_inicial.png,screenshot_game,810000,258.9,19.5,1001,3.16
Terracota_-_Mapa_meio.png,screenshot_game,810000,282.5,20.5,996,3.17
Testootebfjosa.png,screenshot_game,661200,175.5,14.8,813,3.17
The_Bub%27s_Brothers.png,screenshot_game,262400,13.0,2.7,40,18.87
This_Is_the_Police_-_Screenshot_01.png,screenshot_game,810000,78.4,11.4,566,4.18
This_Is_the_Police_-_Screenshot_02.png,screenshot_game,810000,98.0,13.4,460,6.85
This_Is_the_Police_-_Screenshot_03.png,screenshot_game,810000,65.9,9.7,206,11.49
This_Is_the_Police_-_Screenshot_04.png,screenshot_game,810000,58.0,9.9,273,8.7
This_Is_the_Police_-_Screenshot_05.png,screenshot_game,810000,82.3,11.2,349,6.8
This_Is_the_Police_-_Screenshot_06.png,screenshot_game,810000,70.9,11.0,426,5.56
This_Is_the_Police_-_Screenshot_07.png,screenshot_game,810000,95.3,11.2,377,6.29
This_Is_the_Police_-_Screenshot_08.png,screenshot_game,810000,47.5,9.8,219,10.75
This_Is_the_Police_-_Screenshot_09.png,screenshot_game,810000,106.7,12.7,497,4.76
This_Is_the_Police_-_Screenshot_10.png,screenshot_game,810000,88.3,12.6,458,6.9
This_Is_the_Police_-_Screenshot_11.png,screenshot_game,810000,41.3,8.8,138,17.24
This_Is_the_Police_-_Screenshot_12.png,screenshot_game,810000,101.9,11.8,425,5.59
This_Is_the_Police_logo_horizontal.png,screenshot_game,823713,23.5,6.8,70,34.48
Threes_development_process_art_mockup_01.png,screenshot_game,614400,16.8,3.6,11,166.67
Threes_development_process_art_mockup_02.png,screenshot_game,614400,17.3,4.2,21,83.33
Threes_development_process_art_mockup_03.png,screenshot_game,614400,17.9,4.0,29,62.5
Threes_development_process_art_mockup_04.png,screenshot_game,614400,17.2,3.7,18,100.0
Threes_development_process_art_mockup_05.png,screenshot_game,614400,17.3,3.6,23,76.92
Threes_development_process_art_mockup_06.png,screenshot_game,614400,19.0,3.6,30,58.82
Threes_development_process_art_mockup_07.png,screenshot_game,614400,19.0,4.1,39,45.45
Threes_development_process_art_mockup_08.png,screenshot_game,614400,19.6,4.0,48,37.04
Threes_development_process_art_mockup_09.png,screenshot_game,614400,20.2,3.9,49,37.04
Threes_development_process_art_mockup_10.png,screenshot_game,614400,20.1,4.5,46,38.46
Threes_development_process_art_mockup_11.png,screenshot_game,614400,19.9,4.3,57,31.25
Threes_development_process_art_mockup_12.png,screenshot_game,614400,17.4,4.1,21,83.33
Threes_development_process_art_mockup_13.png,screenshot_game,614400,18.6,4.3,42,41.67
Threes_development_process_art_mockup_14.png,screenshot_game,614400,18.5,4.1,27,62.5
Threes_development_process_art_mockup_15.png,screenshot_game,614400,20.9,4.3,59,30.3
Threes_development_process_art_mockup_16.png,screenshot_game,614400,19.3,4.2,42,41.67
Threes_development_process_art_mockup_17.png,screenshot_game,614400,18.4,3.8,37,47.62
Threes_development_process_art_mockup_18.png,screenshot_game,614400,19.5,4.3,54,33.33
Threes_development_process_art_mockup_19.png,screenshot_game,614400,20.8,4.4,58,31.25
Threes_development_process_art_mockup_20.png,screenshot_game,614400,19.4,4.7,53,33.33
Threes_development_process_art_mockup_21.png,screenshot_game,614400,18.6,4.5,48,37.04
Threes_development_process_art_mockup_22.png,screenshot_game,614400,18.8,4.4,38,45.45
Threes_development_process_art_mockup_23.png,screenshot_game,614400,17.3,4.4,32,55.56
Threes_development_process_art_mockup_24.png,screenshot_game,614400,17.2,4.1,32,55.56
Threes_development_process_art_mockup_25.png,screenshot_game,614400,19.4,4.5,46,38.46
Threes_development_process_art_mockup_26.png,screenshot_game,614400,18.0,4.2,40,45.45
Thrust_InGame.png,screenshot_game,67200,2.2,0.2,2,90.91
Thrust_Title.png,screenshot_game,67200,1.7,0.2,1,111.11
Tile_World.png,screenshot_game,325038,13.2,2.3,29,43.48
Tooth_and_Tail_-_Development_1.png,screenshot_game,837600,200.0,17.4,777,3.15
Tooth_and_Tail_-_Development_2.png,screenshot_game,812400,112.7,12.9,468,5.08
Tooth_and_Tail_-_Development_3.png,screenshot_game,811200,201.4,17.9,835,2.84
Tooth_and_Tail_-_Development_4.png,screenshot_game,837600,156.8,16.8,903,2.72
Towdie_Screenshot.png,screenshot_game,786432,20.7,4.5,15,142.86
TowerFall_Backfire.png,screenshot_game,691200,25.3,3.4,77,26.32
TowerFall_Flight.png,screenshot_game,691200,24.4,3.7,71,28.57
TowerFall_Kings_Court.png,screenshot_game,691200,24.6,3.5,71,28.57
TowerFall_Mirage.png,screenshot_game,691200,21.3,3.3,45,45.45
TowerFall_Sacred_Ground.png,screenshot_game,691200,23.0,3.4,60,33.33
TowerFall_Thornwood.png,screenshot_game,691200,25.2,3.6,81,25.0
TowerFall_Twilight_Spire.png,screenshot_game,691200,24.5,3.6,76,26.32
Town_of_Xenon.png,screenshot_game,230400,11.3,0.8,17,50.0
Trainspotting.png,screenshot_game,51840,2.0,0.4,3,38.46
Trainyard_game_-_Cooksville_Creek_level_screenshot.png,screenshot_game,614400,48.4,8.6,235,10.2
Trainyard_game_-_Machine_Gun_level_screenshot.png,screenshot_game,614400,44.5,7.9,195,12.2
Trainyard_game_-_Magic_Carpet_level_screenshot.png,screenshot_game,614400,54.6,9.6,281,8.55
Trainyard_game_-_Quaddy_prototype_screenshot.png,screenshot_game,153600,14.7,1.6,75,7.94
Trainyard_game_-_prototype_screenshot_dated_2009_May.png,screenshot_game,153600,9.2,1.6,53,8.47
Trainyard_game_-_prototype_screenshot_dated_2009_November.png,screenshot_game,392232,35.3,6.1,150,10.1
Trainyard_game_-_screenshot_of_mixing_colors_-_1_of_3.png,screenshot_game,614400,33.4,6.6,105,22.73
Trainyard_game_-_screenshot_of_mixing_colors_-_2_of_3.png,screenshot_game,614400,32.4,6.5,102,23.26
Trainyard_game_-_screenshot_of_mixing_colors_-_3_of_3.png,screenshot_game,614400,32.0,6.5,100,23.81
Trashmania_2.png,screenshot_game,268800,6.8,1.2,2,333.33
Trashmania_3.png,screenshot_game,268800,6.9,1.1,2,333.33
Trek73_video_game_screenshot.png,screenshot_game,256000,7.2,0.9,5,142.86
Trini_Shii%22Mori.png,screenshot_game,392747,153.4,8.7,716,2.14
Triplane_Turmoil_screenshot.png,screenshot_game,64000,3.4,0.3,11,16.39
Turbo_Rubber_Ducky_Shootout.png,screenshot_game,76800,2.0,0.4,1,142.86
Tutojob.png,screenshot_game,337452,65.5,5.3,322,3.07
Tux_Racer_gameplay_pre-v0.60.png,screenshot_game,480000,93.0,5.6,344,4.08
VideoOlympics.png,screenshot_game,922800,30.3,7.0,8,500.0
Virtual_portal_or_magic_lens.png,screenshot_game,317440,30.3,4.2,76,16.13
Volcano.png,screenshot_game,307200,9.3,2.2,14,62.5
Wc4source.png,screenshot_game,332416,8.8,1.1,16,58.82
Winners_Dont_Use_Drugs.png,screenshot_game,71680,2.9,0.3,6,30.3
WorldWar3Preview.png,screenshot_game,330752,53.1,5.5,592,1.63
Wurfel_Engine_screenshot.png,screenshot_game,810000,171.0,14.3,794,2.99
X-pired.png,screenshot_game,175070,14.1,2.0,96,5.29
Xjump.png,screenshot_game,378858,9.9,2.8,7,142.86
Xlogical.png,screenshot_game,480000,27.5,3.5,61,22.73
YarsRevengeEasterEGG.png,screenshot_game,900000,25.2,4.9,5,500.0
Yoda_Soccer_screenshot.png,screenshot_game,307200,40.0,3.0,114,7.87
academy_awards_PNG9.png,pngimg,532824,85.7,9.3,365,5.68
air_pump_PNG5.png,pngimg,771228,89.3,11.0,351,8.55
amazon.com.png,screenshot_web,8005361,852.2,66.4,4589,6.8
american_football_PNG37.png,pngimg,1741680,279.5,35.0,1225,5.56
american_indian_PNG24.png,pngimg,1198000,151.9,22.0,972,4.81
anime_girl_PNG22.png,pngimg,251136,57.8,6.4,321,3.05
apple.com.png,screenshot_web,6243315,430.4,34.3,1941,12.5
aquarius_PNG27.png,pngimg,167608,26.4,3.0,82,8.0
arma_PNG36.png,pngimg,90000,19.7,2.0,149,2.35
armour_PNG42.png,pngimg,776549,132.8,15.3,704,4.31
bank_PNG6.png,pngimg,160000,19.0,2.2,83,7.52
beef_PNG59.png,pngimg,2457600,511.7,46.5,2887,3.32
bell_PNG53465.png,pngimg,4905000,804.6,96.4,3122,6.13
bellflower_PNG12.png,pngimg,332800,31.0,4.8,235,5.52
birds_PNG49.png,pngimg,9776000,1259.5,167.3,4178,9.17
bison_PNG92393.png,pngimg,409600,87.5,8.8,314,5.08
bone_PNG30.png,pngimg,262144,10.0,0.9,6,166.67
boots_PNG7802.png,pngimg,810000,125.8,13.8,868,3.65
bottle_opener_PNG19.png,pngimg,490000,38.6,2.0,140,13.7
brain_PNG13.png,pngimg,824320,44.1,4.6,163,19.61
bruce_lee_PNG27.png,pngimg,363814,58.6,7.3,336,4.22
buddha_PNG53.png,pngimg,120576,23.0,2.5,146,3.22
bun_PNG13761.png,pngimg,279600,60.3,6.0,394,2.77
cabbage_PNG99102.png,pngimg,10934790,3919.4,293.3,11274,3.79
cacao_PNG27.png,pngimg,202050,63.0,6.1,507,1.56
candle_PNG7268.png,pngimg,360000,61.0,6.0,361,3.89
canoe_PNG122.png,pngimg,4000000,462.8,61.4,1891,8.26
carpet_PNG57667.png,pngimg,86800,22.5,2.4,210,1.61
cd_dvd_PNG102294.png,pngimg,1419093,51.1,10.2,44,125.0
checkers_PNG34.png,pngimg,1048576,119.8,15.7,549,7.46
chef_PNG37.png,pngimg,15388800,982.8,227.4,4291,14.08
chef_PNG71.png,pngimg,12154520,857.1,122.5,1759,27.03
chevrolet_PNG46.png,pngimg,307200,36.7,3.9,149,8.06
chocolate_cake_PNG37.png,pngimg,242400,43.0,4.0,179,5.29
christmas_PNG17253.png,pngimg,2790090,471.8,52.2,2328,4.67
christmas_garland_PNG19.png,pngimg,1110259,130.1,7.3,700,6.17
christmas_wreath_PNG1.png,pngimg,807801,108.5,14.1,1120,2.82
christmas_wreath_PNG57.png,pngimg,357000,56.6,6.9,565,2.46
chupa_chups_PNG17.png,pngimg,1048576,67.5,3.8,355,11.49
clover.png,textures_photo,1048576,175.3,19.9,2504,1.23
cnn.com.png,screenshot_web,6881433,478.5,36.2,2246,11.9
confetti_PNG86980.png,pngimg,1905987,82.5,19.5,204,35.71
crab_PNG40.png,pngimg,62500,7.8,1.0,71,3.42
creativecommons.org.png,screenshot_web,6753054,915.4,63.6,4788,5.49
cursor_PNG65.png,pngimg,262144,15.9,1.3,44,23.26
cursor_PNG68.png,pngimg,700416,24.3,2.0,31,90.91
cutlet_PNG51.png,pngimg,470900,73.2,2.8,503,3.65
dachshund_PNG57.png,pngimg,838656,36.6,6.4,51,62.5
dagger_PNG49.png,pngimg,668880,53.8,8.3,192,13.51
dagger_PNG8.png,pngimg,184800,8.5,1.5,33,21.28
darth_vader_PNG6.png,pngimg,3321808,127.5,11.7,191,66.67
deodorant_PNG38.png,pngimg,3686400,304.1,56.2,1338,10.75
dna_PNG5.png,pngimg,560950,24.8,4.2,72,30.3
dog_PNG23603.png,pngimg,3420087,559.5,55.4,5284,2.53
donate_PNG42.png,pngimg,114130,5.2,0.5,13,32.26
donut_PNG51.png,pngimg,4272048,295.0,30.4,688,24.39
dreamcatcher_PNG28.png,pngimg,15810000,1724.4,288.5,8675,7.14
duckduckgo.com.png,screenshot_web,3773562,148.8,13.0,333,43.48
email_PNG28.png,pngimg,1048576,44.8,9.5,56,71.43
en.wikipedia.org.png,screenshot_web,3854968,230.7,21.7,1342,11.24
face_PNG5655.png,pngimg,162500,20.1,2.4,140,4.5
face_PNG5662.png,pngimg,162500,19.4,2.1,117,5.41
fairy_PNG112.png,pngimg,2709210,401.9,41.1,1885,5.62
fire_truck_PNG41.png,pngimg,6172296,1415.4,78.9,4757,5.08
flags_PNG14682.png,pngimg,960000,24.5,3.1,4,500.0
floral_frame_PNG270.png,pngimg,18061716,1416.5,261.9,8502,8.26
floral_frame_PNG53.png,pngimg,1008000,154.0,23.4,1442,2.73
football_player_PNG54.png,pngimg,953250,84.2,14.4,532,6.99
france_PNG16.png,pngimg,180000,17.6,2.8,99,7.09
gamepad_PNG21.png,pngimg,1000000,149.1,14.8,708,5.52
gangster_PNG20.png,pngimg,541728,22.4,2.2,56,38.46
gas_stove_PNG10.png,pngimg,960000,127.8,15.6,465,8.06
gift_PNG100250.png,pngimg,350400,29.4,3.2,77,17.86
gloves_PNG8323.png,pngimg,758280,188.2,20.1,695,4.26
goblin_PNG1.png,pngimg,591675,82.8,10.9,491,4.69
gow_wall1a.png,textures_pk,65536,9.7,0.6,140,1.36
gow_wall1b.png,textures_pk,65536,9.9,0.6,133,1.44
gow_wall1c.png,textures_pk,65536,10.0,0.6,137,1.4
gow_wall1d.png,textures_pk,65536,10.0,0.6,136,1.41
gow_wall1e.png,textures_pk,65536,9.8,0.6,136,1.41
gow_wallceiling1.png,textures_pk,65536,11.7,0.7,124,1.55
gow_wallin1a.png,textures_pk,65536,13.6,0.7,121,1.58
gow_wallin1b.png,textures_pk,65536,12.5,0.6,122,1.57
grass1.png,textures_photo,1048576,170.1,20.2,2767,1.11
gym_equipment_PNG131.png,pngimg,250000,42.6,4.4,187,5.21
gym_equipment_PNG172.png,pngimg,1653780,207.4,33.3,1092,5.92
hGround.png,textures_pk,65536,11.0,0.6,153,1.25
hGround01.png,textures_pk,65536,10.7,0.6,160,1.2
hGround01end.png,textures_pk,65536,10.1,0.6,149,1.28
hGround02.png,textures_pk,65536,9.1,0.6,154,1.24
hRails01.png,textures_pk,65536,10.0,0.7,142,1.35
hTiles2.png,textures_pk,15360,2.0,0.1,38,1.18
hTrain01.png,textures_pk,131072,26.3,1.1,226,1.7
hTrain02.png,textures_pk,131072,26.1,1.1,224,1.71
hWall07.png,textures_pk,49152,7.6,0.5,102,1.4
hWall07b.png,textures_pk,49152,6.9,0.5,107,1.34
hWall07c.png,textures_pk,49152,7.0,0.5,100,1.43
hWall1.png,textures_pk,65536,13.2,0.7,93,2.04
hWall1a.png,textures_pk,25600,4.1,0.3,50,1.48
hWall1b.png,textures_pk,25600,3.9,0.3,50,1.47
hWall2.png,textures_pk,25600,3.6,0.2,54,1.38
hWall2b.png,textures_pk,25600,3.7,0.2,53,1.41
hWall2c.png,textures_pk,51200,6.0,0.4,68,2.19
hWall3.png,textures_pk,25600,3.7,0.2,49,1.53
hWall3b.png,textures_pk,25600,3.9,0.3,49,1.53
hWall4.png,textures_pk,25600,4.8,0.3,47,1.57
hWall4b.png,textures_pk,25600,4.3,0.3,46,1.61
hWoods.png,textures_pk,4096,0.4,0.0,8,1.4
hairbrush_PNG95.png,pngimg,960000,53.2,11.8,143,26.32
happy_birthday_PNG56.png,pngimg,1440000,161.0,19.3,472,11.9
hbox01.png,textures_pk,16384,2.8,0.2,27,1.75
hbox03.png,textures_pk,9216,1.4,0.1,15,1.74
hboxtop.png,textures_pk,16384,3.1,0.1,29,1.65
heater_PNG47.png,pngimg,1039071,150.8,13.0,844,4.81
helicopter_PNG80102.png,pngimg,1306200,100.8,16.2,451,11.36
her_asphalt_1.png,textures_pk,65536,10.5,0.6,127,1.51
her_ceil_1.png,textures_pk,65536,11.3,0.6,120,1.6
her_door_1.png,textures_pk,8192,1.2,0.1,14,1.65
her_door_2.png,textures_pk,8192,1.3,0.1,13,1.73
her_floor_1.png,textures_pk,65536,10.0,1.2,136,1.41
her_floor_2.png,textures_pk,16384,2.2,0.2,33,1.41
her_grass_1.png,textures_pk,65536,8.8,0.6,162,1.18
her_gravel_1.png,textures_pk,65536,10.0,0.6,150,1.28
her_inwall_1a.png,textures_pk,16384,2.7,0.1,30,1.58
her_inwall_1b.png,textures_pk,16384,2.6,0.2,29,1.63
her_inwall_2a.png,textures_pk,16384,2.4,0.2,30,1.58
her_inwall_2b.png,textures_pk,16384,2.3,0.1,31,1.53
her_metal_1.png,textures_pk,16384,3.4,0.2,26,1.85
her_rock_1a.png,textures_pk,65536,10.0,0.6,151,1.27
her_rock_1b.png,textures_pk,65536,10.3,0.6,146,1.31
her_trim_1.png,textures_pk,2048,0.2,0.0,4,1.32
her_trim_2.png,textures_pk,8192,1.0,0.1,17,1.34
her_trim_3.png,textures_pk,8192,1.1,0.1,15,1.52
her_wall_1.png,textures_pk,65536,14.1,0.6,143,1.34
her_wall_2.png,textures_pk,65536,9.5,1.2,109,1.76
her_wall_3.png,textures_pk,65536,14.4,0.6,121,1.58
her_wood_1.png,textures_pk,16384,2.4,0.1,29,1.65
hitman_PNG17.png,pngimg,291030,38.6,2.3,199,5.68
hlog.png,textures_pk,6400,0.6,0.1,13,1.37
hlogs.png,textures_pk,16384,1.9,0.1,41,1.16
hmountain.png,textures_pk,65536,9.5,0.6,167,1.15
honey_PNG86301.png,pngimg,281112,35.5,4.3,157,6.99
house_PNG49.png,pngimg,214176,46.3,5.3,305,2.74
hr00f01.png,textures_pk,4096,0.5,0.0,8,1.43
hr00f02.png,textures_pk,4096,0.5,0.0,8,1.43
htiles.png,textures_pk,65536,10.5,0.6,138,1.39
hummer_PNG12197.png,pngimg,546816,115.8,12.3,574,3.72
hwall5a.png,textures_pk,25600,3.8,0.2,47,1.57
hwall5b.png,textures_pk,25600,5.1,0.3,46,1.62
hwoods2.png,textures_pk,12800,1.7,0.1,25,1.47
ice_cream_PNG98208.png,pngimg,10512256,3567.8,265.9,11706,3.51
ice_skates_PNG64.png,pngimg,1429200,227.9,25.5,803,6.94
imdb.com.png,screenshot_web,8457033,548.3,43.0,2264,14.49
iphone_12_PNG37.png,pngimg,2560000,294.3,19.9,1021,9.8
ipod_PNG15.png,pngimg,262144,12.0,2.4,21,47.62
jackal_PNG12.png,pngimg,163682,35.1,2.8,233,2.73
jam_PNG20.png,pngimg,557600,176.2,13.1,702,3.1
jam_PNG63.png,pngimg,115710,36.7,3.3,218,2.07
jam_PNG74.png,pngimg,5399220,1449.3,124.5,4039,5.21
jeep_PNG105.png,pngimg,1953600,339.8,37.4,1672,4.57
jet_fighter_PNG116.png,pngimg,192800,13.1,1.8,45,16.39
jet_fighter_PNG15.png,pngimg,640000,54.5,5.4,232,10.75
keychain_PNG54.png,pngimg,640000,74.3,4.1,467,5.35
klitschko_PNG16.png,pngimg,32400,6.1,0.7,40,3.14
kodim01.png,photo_kodak,393216,94.8,7.6,764,1.51
kodim02.png,photo_kodak,393216,126.2,7.8,606,1.9
kodim03.png,photo_kodak,393216,117.1,6.7,536,2.15
kodim04.png,photo_kodak,393216,111.9,8.2,625,1.84
kodim05.png,photo_kodak,393216,89.2,8.5,791,1.46
kodim06.png,photo_kodak,393216,98.2,7.5,657,1.75
kodim07.png,photo_kodak,393216,114.9,9.7,560,2.05
kodim08.png,photo_kodak,393216,88.3,10.2,773,1.49
kodim09.png,photo_kodak,393216,125.0,8.3,574,2.01
kodim10.png,photo_kodak,393216,120.3,8.8,584,1.97
kodim11.png,photo_kodak,393216,96.4,7.4,627,1.83
kodim12.png,photo_kodak,393216,120.7,7.0,561,2.05
kodim13.png,photo_kodak,393216,73.0,8.7,871,1.32
kodim14.png,photo_kodak,393216,101.5,8.8,725,1.59
kodim15.png,photo_kodak,393216,107.1,8.7,603,1.91
kodim16.png,photo_kodak,393216,112.6,7.0,567,2.03
kodim17.png,photo_kodak,393216,124.1,7.5,613,1.88
kodim18.png,photo_kodak,393216,98.9,8.0,763,1.51
kodim19.png,photo_kodak,393216,115.9,8.2,658,1.75
kodim20.png,photo_kodak,393216,89.7,6.4,499,2.3
kodim21.png,photo_kodak,393216,119.6,7.7,667,1.73
kodim22.png,photo_kodak,393216,108.2,9.4,687,1.68
kodim23.png,photo_kodak,393216,138.2,7.4,549,2.1
kodim24.png,photo_kodak,393216,98.1,9.3,694,1.66
lamp1.png,textures_pk,3072,0.2,0.0,0,9.71
lamp2.png,textures_pk,3072,0.2,0.0,0,9.26
lamp_PNG3700.png,pngimg,4658199,1165.7,103.9,3858,4.72
land_rover_PNG21.png,pngimg,2785280,453.5,43.1,1609,6.76
land_rover_PNG51.png,pngimg,1030394,182.8,17.6,860,4.67
leash_PNG10.png,pngimg,619269,103.0,9.4,594,4.07
leash_PNG136.png,pngimg,406424,22.4,4.1,136,11.63
leek_PNG54.png,pngimg,3197151,434.2,56.0,2708,4.61
libra_PNG23.png,pngimg,283800,26.3,3.6,111,10.0
lighter_PNG11167.png,pngimg,2771228,445.6,56.7,3557,3.04
lightning_PNG48.png,pngimg,409600,103.8,10.7,531,3.01
lollipop_PNG98263.png,pngimg,75000,15.4,1.4,63,4.63
m_m_PNG65.png,pngimg,870397,147.6,16.9,538,6.33
macaron_PNG35.png,pngimg,114000,14.3,2.3,111,4.0
macaron_PNG9.png,pngimg,250000,38.5,4.3,184,5.32
machine_gun_PNG15.png,pngimg,234400,35.0,4.3,176,5.18
mailbox_PNG63.png,pngimg,2108079,362.8,39.4,1163,7.09
man_PNG6522.png,pngimg,3354850,414.7,61.4,1920,6.8
mazfloor.png,textures_pk,65536,13.3,0.6,121,1.58
mazfloor2.png,textures_pk,65536,13.3,0.6,137,1.4
mazy_ofloor1.png,textures_pk,65536,16.5,0.6,106,1.8
mazy_owall1a.png,textures_pk,65536,20.5,0.8,71,2.69
mazy_owall1b.png,textures_pk,65536,18.1,0.7,77,2.46
mazy_owall1c.png,textures_pk,65536,15.8,0.7,95,2.02
mazy_owall1d.png,textures_pk,65536,18.2,0.7,82,2.31
mazy_owall1e.png,textures_pk,65536,18.6,0.7,79,2.42
mazy_owall1f.png,textures_pk,65536,16.0,0.7,83,2.31
mazy_plate1a.png,textures_pk,65536,19.3,0.7,76,2.5
mazy_plate1b.png,textures_pk,65536,18.0,0.7,76,2.51
mazy_trim1a.png,textures_pk,8192,2.0,0.1,8,2.77
mazy_trim1b.png,textures_pk,8192,1.6,0.1,10,2.23
mazywall.png,textures_pk,65536,18.3,0.7,92,2.07
mazywalldirty.png,textures_pk,65536,18.2,0.7,88,2.16
measure_tape_PNG69.png,pngimg,647040,48.9,6.7,170,14.71
mechanical_ventilator_PNG13.png,pngimg,3842960,449.7,57.5,1713,8.77
megaphone_PNG112.png,pngimg,765000,27.9,4.4,34,90.91
microsoft.com.png,screenshot_web,4369664,380.1,30.0,1518,11.24
milk_PNG12713.png,pngimg,320000,29.2,2.9,94,13.33
mis_beam1a.png,textures_pk,32768,2.8,0.2,35,2.71
mis_com1a.png,textures_pk,32768,6.0,0.3,63,1.51
mis_com1b.png,textures_pk,32768,6.7,0.3,59,1.62
mis_comlay1b.png,textures_pk,32768,1.2,0.1,5,17.86
mis_det1a.png,textures_pk,32768,7.0,0.3,59,1.62
mis_det1b.png,textures_pk,32768,5.4,0.3,55,1.72
mis_detlay1a.png,textures_pk,32768,0.9,0.1,0,200.0
mis_detlay1b.png,textures_pk,32768,1.1,0.1,2,35.71
mis_floor1a.png,textures_pk,65536,16.8,0.6,103,1.85
mis_floor1b.png,textures_pk,32768,5.8,0.3,68,1.4
mis_floor2.png,textures_pk,65536,9.9,0.6,152,1.25
mis_generic1a.png,textures_pk,4096,0.8,0.0,5,2.31
mis_generic1b.png,textures_pk,4096,1.0,0.1,4,2.75
mis_generic1c.png,textures_pk,1024,0.1,0.0,1,2.04
mis_trim1a.png,textures_pk,8192,1.3,0.1,15,1.52
mis_trim1b.png,textures_pk,4096,0.6,0.1,7,1.65
mis_trim1c.png,textures_pk,4096,0.6,0.1,7,1.58
mis_trim1d.png,textures_pk,4096,0.7,0.1,7,1.69
mis_trim2a.png,textures_pk,8192,1.4,0.1,15,1.52
mis_trim2b.png,textures_pk,8192,1.2,0.1,17,1.36
mis_trim2c.png,textures_pk,4096,0.6,0.1,8,1.5
mis_trim2d.png,textures_pk,4096,0.6,0.1,7,1.51
mis_vent1a.png,textures_pk,4096,0.6,0.0,6,1.89
mis_vent1b.png,textures_pk,4096,0.6,0.0,6,1.87
mis_wall1a.png,textures_pk,65536,9.8,0.6,154,1.25
mis_wall1b.png,textures_pk,65536,15.4,0.7,114,1.68
mis_wall2a.png,textures_pk,65536,18.1,0.7,126,1.51
mis_wall2b.png,textures_pk,65536,17.4,0.6,125,1.53
mitsubishi_PNG114.png,pngimg,190450,24.1,2.8,138,5.38
mod_celfloor1a.png,textures_pk,16384,3.0,0.2,31,1.53
mod_celfloor1b.png,textures_pk,16384,3.0,0.1,31,1.54
mod_celfloor1c.png,textures_pk,65536,11.3,0.6,86,2.23
mod_celfloor1d.png,textures_pk,32768,7.0,0.3,62,1.54
mod_celfloor1e.png,textures_pk,16384,2.5,0.2,33,1.42
mod_celfloor1f.png,textures_pk,16384,2.3,0.2,38,1.25
mod_celfloor1g.png,textures_pk,32768,5.8,0.3,69,1.37
mod_celfloor2a.png,textures_pk,16384,3.9,0.2,28,1.67
mod_celfloor2b.png,textures_pk,16384,3.5,0.2,29,1.64
mod_celwall1a.png,textures_pk,65536,22.8,0.7,81,2.37
mod_celwall1b.png,textures_pk,65536,19.4,0.7,85,2.26
mod_comwall1a.png,textures_pk,65536,14.0,0.7,78,2.44
mod_comwall1b.png,textures_pk,65536,21.1,0.7,80,2.38
mod_conpan1a.png,textures_pk,16384,3.1,0.2,17,2.72
mod_conpan1b.png,textures_pk,16384,2.9,0.2,17,2.71
mod_door1.png,textures_pk,16384,4.1,0.2,25,1.9
mod_door2a.png,textures_pk,16384,3.9,0.2,26,1.81
mod_door2b.png,textures_pk,16384,3.9,0.2,26,1.8
mod_door3.png,textures_pk,16384,3.8,0.2,24,1.96
mod_door4.png,textures_pk,16384,4.5,0.2,19,2.45
mod_dotfloor1.png,textures_pk,16384,2.1,0.1,34,1.4
mod_dotfloor2.png,textures_pk,16384,2.3,0.2,33,1.43
mod_dotfloor3.png,textures_pk,16384,2.0,0.2,36,1.32
mod_electro1a.png,textures_pk,65536,14.3,1.5,68,2.82
mod_electro1b.png,textures_pk,65536,14.0,0.7,71,2.7
mod_electro2a.png,textures_pk,65536,4.0,0.4,29,6.58
mod_electro2b.png,textures_pk,65536,3.6,0.3,30,6.29
mod_fan1.png,textures_pk,65536,19.6,0.6,82,2.33
mod_glass1.png,textures_pk,65536,18.9,0.7,59,3.23
mod_grate1.png,textures_pk,65536,12.0,0.7,116,1.64
mod_grate2.png,textures_pk,65536,18.5,0.7,93,2.06
mod_gratfloor1.png,textures_pk,16384,3.2,0.2,29,1.61
mod_gratfloor2a.png,textures_pk,65536,15.3,0.6,116,1.66
mod_gratfloor2b.png,textures_pk,65536,14.0,0.6,126,1.52
mod_labcab1a.png,textures_pk,32768,7.4,0.4,40,2.35
mod_labcab1b.png,textures_pk,32768,7.2,0.4,40,2.34
mod_labcab1c.png,textures_pk,32768,6.8,0.4,44,2.14
mod_labcab1d.png,textures_pk,32768,7.2,0.4,42,2.24
mod_labcab2a.png,textures_pk,32768,1.5,0.2,8,11.76
mod_labcab2b.png,textures_pk,32768,2.0,0.2,13,7.35
mod_labcab2c.png,textures_pk,32768,1.9,0.2,16,5.95
mod_labcab2d.png,textures_pk,32768,1.6,0.2,12,7.94
mod_labcarpet1a.png,textures_pk,65536,10.5,0.6,130,1.47
mod_labcarpet1b.png,textures_pk,65536,10.1,0.6,128,1.49
mod_labcon1a.png,textures_pk,32768,7.0,0.4,47,2.03
mod_labcon2a.png,textures_pk,32768,1.1,0.1,4,23.81
mod_labelev1b.png,textures_pk,16384,4.0,0.2,24,2.0
mod_labfloor01a.png,textures_pk,16384,4.3,0.2,16,2.88
mod_labfloor01b.png,textures_pk,16384,3.9,0.2,17,2.81
mod_labframe1a.png,textures_pk,8192,1.7,0.1,8,2.91
mod_labframe1b.png,textures_pk,16384,3.7,0.2,14,3.28
mod_labpipe1a.png,textures_pk,32768,7.3,0.4,53,1.79
mod_labpipe1b.png,textures_pk,32768,6.4,0.4,52,1.83
mod_labpipe1c.png,textures_pk,32768,7.1,0.4,49,1.93
mod_labposter1.png,textures_pk,16384,3.6,0.2,25,1.89
mod_labroof1a.png,textures_pk,65536,16.1,0.7,103,1.86
mod_labroof1b.png,textures_pk,65536,11.7,0.6,111,1.72
mod_labroof2.png,textures_pk,16384,3.7,0.2,22,2.1
mod_labroof3a.png,textures_pk,65536,17.3,0.7,103,1.85
mod_labroof3b.png,textures_pk,65536,21.8,0.7,93,2.04
mod_labshelf1a.png,textures_pk,12288,2.6,0.1,16,2.13
mod_labshelf1b.png,textures_pk,12288,2.4,0.1,18,1.99
mod_labsideligh.png,textures_pk,4096,0.7,0.1,5,2.15
mod_labtiles2a.png,textures_pk,65536,13.6,0.7,123,1.55
mod_labtiles2b.png,textures_pk,65536,13.1,0.6,119,1.6
mod_labtrim1.png,textures_pk,8192,1.3,0.1,12,1.85
mod_labtrim2a.png,textures_pk,4096,0.6,0.0,5,2.03
mod_labtrim2b.png,textures_pk,4096,0.5,0.0,5,2.01
mod_labtrim3.png,textures_pk,2048,0.3,0.0,3,1.96
mod_labtrim4.png,textures_pk,2048,0.3,0.0,2,2.34
mod_labtrim5.png,textures_pk,16384,4.0,0.2,20,2.34
mod_labtrim6.png,textures_pk,16384,3.6,0.2,24,1.96
mod_labtrim7a.png,textures_pk,8192,1.6,0.1,11,2.12
mod_labtrim7b.png,textures_pk,8192,1.5,0.1,11,2.1
mod_labtrim7c.png,textures_pk,8192,1.7,0.1,10,2.21
mod_labtrim8a.png,textures_pk,8192,1.7,0.1,9,2.53
mod_labtrim8b.png,textures_pk,8192,1.6,0.1,9,2.4
mod_labvent1a.png,textures_pk,2048,0.2,0.0,2,2.78
mod_labvent1b.png,textures_pk,4096,0.2,0.0,2,5.18
mod_labvent2a.png,textures_pk,12288,1.8,0.1,9,3.68
mod_labvent2b.png,textures_pk,12288,1.8,0.2,9,3.79
mod_labvertrim1.png,textures_pk,4096,0.6,0.1,2,4.81
mod_labwall01a.png,textures_pk,16384,3.6,0.2,16,2.87
mod_labwall01b.png,textures_pk,16384,2.6,0.2,20,2.37
mod_labwall01bM.png,textures_pk,65536,2.0,0.3,4,40.0
mod_labwall01c.png,textures_pk,16384,2.9,0.2,20,2.3
mod_labwall01cM.png,textures_pk,65536,2.5,0.3,10,18.18
mod_labwall01ta.png,textures_pk,4096,0.7,0.1,4,2.59
mod_labwall01tb.png,textures_pk,2048,0.4,0.0,2,2.15
mod_labwall02a.png,textures_pk,16384,3.2,0.2,16,2.83
mod_labwall02b.png,textures_pk,16384,2.8,0.2,21,2.25
mod_labwall02c.png,textures_pk,16384,2.8,0.2,20,2.32
mod_labwalla.png,textures_pk,16384,2.8,0.2,23,2.02
mod_labwallb.png,textures_pk,16384,3.4,0.2,17,2.79
mod_labwallc.png,textures_pk,16384,3.1,0.2,20,2.38
mod_labwalld.png,textures_pk,16384,2.6,0.2,21,2.25
mod_labwallta.png,textures_pk,2048,0.3,0.0,2,2.24
mod_labwalltb.png,textures_pk,4096,0.7,0.1,4,2.58
mod_lbmetal1a.png,textures_pk,65536,22.7,0.7,82,2.34
mod_lbmetal1b.png,textures_pk,65536,21.8,0.7,67,2.87
mod_lbmetal1c.png,textures_pk,65536,22.7,0.7,69,2.77
mod_lbmetal1d.png,textures_pk,65536,24.0,0.7,73,2.62
mod_light1a.png,textures_pk,4096,0.5,0.0,5,2.31
mod_light1b.png,textures_pk,4096,0.6,0.0,6,1.83
mod_light2a.png,textures_pk,4096,0.5,0.1,5,2.32
mod_light3a.png,textures_pk,4096,0.5,0.1,5,2.11
mod_light3b.png,textures_pk,4096,0.5,0.1,5,2.12
mod_light4.png,textures_pk,4096,0.5,0.1,4,2.4
mod_lights1a.png,textures_pk,1024,0.1,0.0,1,1.96
mod_lights1b.png,textures_pk,1024,0.1,0.0,1,2.51
mod_lights2a.png,textures_pk,1024,0.1,0.0,1,1.75
mod_lights3a.png,textures_pk,1024,0.1,0.0,1,1.72
mod_lights4a.png,textures_pk,1024,0.1,0.0,1,2.03
mod_metal1a.png,textures_pk,65536,19.8,0.6,101,1.89
mod_metal1b.png,textures_pk,65536,23.1,0.6,91,2.09
mod_metcrate1a.png,textures_pk,16384,4.3,0.2,22,2.13
mod_metcrate1b.png,textures_pk,16384,5.0,0.2,22,2.14
mod_metdoor1a.png,textures_pk,65536,18.0,0.7,83,2.31
mod_metdoor1b.png,textures_pk,65536,15.9,0.7,89,2.15
mod_metdoor2.png,textures_pk,16384,4.3,0.2,24,1.92
mod_metfloor1a.png,textures_pk,65536,12.6,0.6,147,1.3
mod_metfloor1b.png,textures_pk,65536,10.3,0.6,158,1.21
mod_metfloor1c.png,textures_pk,65536,13.8,0.6,136,1.41
mod_metfloor2a.png,textures_pk,16384,3.1,0.2,22,2.1
mod_metfloor2b.png,textures_pk,16384,2.8,0.2,22,2.15
mod_metfloor2c.png,textures_pk,16384,2.7,0.2,22,2.13
mod_mettrim1a.png,textures_pk,4096,0.6,0.0,6,1.8
mod_pipe2a.png,textures_pk,16384,4.1,0.2,17,2.73
mod_pipe2b.png,textures_pk,16384,4.1,0.2,18,2.64
mod_pipe2c.png,textures_pk,16384,4.1,0.2,16,2.87
mod_pipe2d.png,textures_pk,16384,4.0,0.2,17,2.78
mod_plantg.png,textures_pk,65536,9.3,0.5,151,1.26
mod_screen1a.png,textures_pk,4096,0.5,0.0,9,1.33
mod_screen1b.png,textures_pk,4096,0.5,0.0,10,1.18
mod_screen1c.png,textures_pk,4096,0.5,0.1,8,1.36
mod_screen1d.png,textures_pk,4096,0.5,0.0,9,1.26
mod_screen1e.png,textures_pk,4096,0.6,0.0,9,1.28
mod_screen1f.png,textures_pk,4096,0.5,0.0,8,1.44
mod_screen1g.png,textures_pk,4096,0.5,0.0,9,1.32
mod_screen1h.png,textures_pk,4096,0.5,0.0,9,1.26
mod_screen1i.png,textures_pk,4096,0.5,0.0,10,1.19
mod_screen1j.png,textures_pk,4096,0.5,0.0,10,1.18
mod_screena.png,textures_pk,4096,0.5,0.0,8,1.45
mod_screenb.png,textures_pk,4096,0.4,0.0,9,1.29
mod_screenc.png,textures_pk,4096,0.5,0.0,8,1.46
mod_screend.png,textures_pk,4096,0.5,0.0,8,1.36
mod_screene.png,textures_pk,4096,0.5,0.0,8,1.38
mod_screenf.png,textures_pk,4096,0.5,0.0,8,1.47
mod_screeng.png,textures_pk,4096,0.5,0.0,8,1.39
mod_screenh.png,textures_pk,4096,0.4,0.0,8,1.33
mod_screeni.png,textures_pk,4096,0.5,0.0,9,1.24
mod_screenj.png,textures_pk,4096,0.5,0.1,9,1.28
mod_screens1a.png,textures_pk,16384,2.7,0.2,26,1.8
mod_screens1b.png,textures_pk,16384,2.7,0.2,28,1.71
mod_screensa.png,textures_pk,16384,2.3,0.1,19,2.51
mod_screensb.png,textures_pk,16384,2.2,0.1,22,2.17
mod_siga.png,textures_pk,1024,0.2,0.0,1,1.5
mod_sigaira.png,textures_pk,2048,0.3,0.0,4,1.34
mod_sigairb.png,textures_pk,2048,0.3,0.0,4,1.31
mod_sigb.png,textures_pk,1024,0.1,0.0,1,1.57
mod_siggen.png,textures_pk,2048,0.3,0.0,4,1.32
mod_sign1.png,textures_pk,8192,1.2,0.1,14,1.67
mod_sigwarn.png,textures_pk,4096,0.5,0.0,9,1.28
mod_spot1.png,textures_pk,4096,0.5,0.0,6,1.88
mod_striptrim1a.png,textures_pk,4096,0.6,0.0,7,1.56
mod_striptrim1b.png,textures_pk,4096,0.6,0.0,7,1.59
mod_thinlighta.png,textures_pk,2048,0.2,0.0,1,3.45
mod_thinlightb.png,textures_pk,2048,0.2,0.0,1,4.63
mod_vents1a.png,textures_pk,4096,0.6,0.0,6,1.87
mod_vents1b.png,textures_pk,4096,0.6,0.0,7,1.68
mod_vtrim01a.png,textures_pk,4096,0.6,0.1,6,1.8
mod_vtrim01b.png,textures_pk,8192,1.6,0.1,12,1.96
mod_walldetail1.png,textures_pk,16384,2.0,0.2,33,1.42
mod_walldetail2.png,textures_pk,16384,2.4,0.2,34,1.37
mod_wallvent1a.png,textures_pk,8192,1.2,0.1,8,2.7
mod_wallvent1b.png,textures_pk,8192,1.5,0.1,9,2.58
multi_tool_PNG3.png,pngimg,1440000,165.2,21.5,681,8.26
nails_PNG50.png,pngimg,270272,83.9,6.9,314,3.36
new_year_PNG37.png,pngimg,621120,38.6,2.2,178,13.51
news.ycombinator.com.png,screenshot_web,1921250,78.9,8.3,289,25.64
number8_PNG18700.png,pngimg,65536,7.1,0.6,27,9.35
nytimes.com.png,screenshot_web,7589140,556.4,53.0,2672,11.11
palm_tree_PNG93358.png,pngimg,161792,12.8,1.8,45,13.89
peacock_PNG22.png,pngimg,62100,12.4,1.4,136,1.78
phoboslab.org.png,screenshot_web,27135771,1488.4,119.0,6199,17.24
phone_PNG48891.png,pngimg,5700955,1476.4,131.8,5040,4.42
phone_hand_PNG32.png,pngimg,1743248,149.0,6.6,568,12.05
pickup_truck_PNG16304.png,pngimg,2891976,561.0,55.3,2063,5.46
picture_frame_PNG49.png,pngimg,286800,42.9,5.8,408,2.75
picture_frame_PNG92.png,pngimg,359400,44.7,5.9,247,5.68
pineapple_PNG2750.png,pngimg,6143800,2133.1,157.9,8214,2.92
pistachio_PNG47.png,pngimg,490000,68.2,7.5,305,6.25
pizza_PNG44037.png,pngimg,12823200,3620.1,217.8,21183,2.36
pizza_PNG7128.png,pngimg,3108900,788.6,74.0,5325,2.28
pk_chcobb1a.png,textures_pk,65536,10.5,0.6,144,1.33
pk_chcobb1b.png,textures_pk,65536,10.0,0.6,141,1.35
pk_chcobb2a.png,textures_pk,65536,10.2,0.6,141,1.36
pk_chcobb2b.png,textures_pk,65536,10.3,0.6,137,1.4
pk_chcobb2c.png,textures_pk,65536,11.7,0.6,130,1.47
pk_chcobb2d.png,textures_pk,65536,13.0,0.6,132,1.45
pk_chcobb3a.png,textures_pk,65536,11.4,0.6,137,1.4
pk_chcobb3b.png,textures_pk,65536,10.3,0.6,149,1.28
pk_chcobb3c.png,textures_pk,65536,10.1,0.6,150,1.27
pk_chcomcar1a.png,textures_pk,65536,10.6,0.6,140,1.37
pk_chcomcar1b.png,textures_pk,65536,10.2,0.6,141,1.36
pk_chcomcar1c.png,textures_pk,65536,10.4,0.6,140,1.36
pk_chcomcar1d.png,textures_pk,65536,10.8,0.6,144,1.33
pk_chcomcar2.png,textures_pk,65536,10.3,0.6,133,1.43
pk_chcomwood1a.png,textures_pk,16384,2.6,0.2,30,1.58
pk_chcomwood1b.png,textures_pk,16384,2.4,0.2,31,1.54
pk_chcomwood2a.png,textures_pk,16384,2.2,0.1,31,1.55
pk_chcomwood2b.png,textures_pk,16384,2.6,0.1,31,1.54
pk_chcomwood3a.png,textures_pk,65536,12.5,0.6,117,1.63
pk_chcomwood3b.png,textures_pk,65536,20.5,0.6,87,2.19
pk_chcomwood3c.png,textures_pk,65536,14.0,0.6,112,1.71
pk_chconcrete1a.png,textures_pk,65536,10.7,0.6,154,1.25
pk_chconcrete1b.png,textures_pk,65536,10.3,0.6,149,1.28
pk_chconcrete1c.png,textures_pk,65536,10.6,0.6,155,1.24
pk_chcrowall1a.png,textures_pk,65536,11.1,0.6,127,1.5
pk_chcrowall1b.png,textures_pk,65536,10.3,0.6,151,1.26
pk_chcrowall1c.png,textures_pk,65536,9.6,0.7,155,1.24
pk_chcrowall1d.png,textures_pk,65536,10.4,0.6,144,1.33
pk_chcrowall1e.png,textures_pk,65536,9.8,0.6,147,1.3
pk_chcrowall1g.png,textures_pk,65536,9.8,0.7,147,1.3
pk_chcrowall1h.png,textures_pk,65536,9.0,0.7,151,1.27
pk_chgrass1.png,textures_pk,65536,8.7,0.6,166,1.15
pk_chindoor1.png,textures_pk,8192,1.5,0.1,12,1.89
pk_chinflc1a.png,textures_pk,16384,2.8,0.2,28,1.7
pk_chinflc1b.png,textures_pk,32768,6.4,0.3,54,1.77
pk_chinflc2a.png,textures_pk,32768,7.8,0.3,52,1.84
pk_chinflc2b.png,textures_pk,32768,8.0,0.3,52,1.82
pk_chinflc2c.png,textures_pk,32768,7.4,0.3,52,1.82
pk_chinflc2d.png,textures_pk,32768,7.4,0.3,52,1.82
pk_chinflw1a.png,textures_pk,65536,20.2,0.6,87,2.2
pk_chinflw1b.png,textures_pk,65536,21.5,0.6,86,2.22
pk_chinflw2a.png,textures_pk,65536,12.6,0.6,119,1.61
pk_chinflw2b.png,textures_pk,65536,13.0,0.6,120,1.6
pk_chinflw2c.png,textures_pk,65536,13.2,0.6,118,1.63
pk_chinflw3a.png,textures_pk,65536,12.3,0.6,107,1.79
pk_chinflw3b.png,textures_pk,65536,12.4,0.7,117,1.64
pk_chinflw3c.png,textures_pk,65536,12.1,0.6,104,1.83
pk_chinflw3d.png,textures_pk,65536,12.1,0.6,116,1.65
pk_chinhobeam1a.png,textures_pk,2048,0.3,0.0,3,1.81
pk_chinhobeam1b.png,textures_pk,2048,0.2,0.0,3,1.65
pk_chinhobeam2a.png,textures_pk,2048,0.3,0.0,2,2.06
pk_chinhobeam2b.png,textures_pk,2048,0.3,0.0,3,1.7
pk_chinpillow1a.png,textures_pk,4096,0.5,0.0,7,1.56
pk_chinpillow1b.png,textures_pk,4096,0.6,0.0,7,1.51
pk_chinpillow2a.png,textures_pk,16384,3.2,0.1,11,4.03
pk_chinpillow2b.png,textures_pk,16384,3.1,0.1,11,4.1
pk_chinpillow2c.png,textures_pk,16384,3.1,0.1,11,4.29
pk_chinroof1a.png,textures_pk,16384,3.2,0.2,25,1.9
pk_chinroof1b.png,textures_pk,16384,3.6,0.2,23,2.01
pk_chinroof1c1.png,textures_pk,16384,3.4,0.2,23,2.02
pk_chinroof1c2.png,textures_pk,16384,3.8,0.2,23,2.02
pk_chinroof1d1.png,textures_pk,16384,3.6,0.2,25,1.86
pk_chinroof1d2.png,textures_pk,16384,3.3,0.2,25,1.9
pk_chinroof1e1.png,textures_pk,16384,2.8,0.2,29,1.61
pk_chinroof1e2.png,textures_pk,16384,2.7,0.1,30,1.56
pk_chinshad1a.png,textures_pk,65536,17.4,0.7,74,2.58
pk_chinshad1b.png,textures_pk,65536,16.3,0.7,79,2.4
pk_chinshad1c.png,textures_pk,65536,16.7,0.7,77,2.49
pk_chintable1l.png,textures_pk,4096,0.8,0.1,5,2.2
pk_chintable1s.png,textures_pk,2048,0.2,0.0,3,1.66
pk_chintable1t.png,textures_pk,32768,7.1,0.3,37,2.53
pk_chinvebeam1a.png,textures_pk,2048,0.2,0.0,4,1.4
pk_chinvebeam1b.png,textures_pk,2048,0.2,0.0,4,1.34
pk_chinvebeam2a.png,textures_pk,2048,0.2,0.0,3,1.74
pk_chinvebeam2b.png,textures_pk,2048,0.3,0.0,3,1.85
pk_chinvebeam3a.png,textures_pk,2048,0.3,0.0,2,2.09
pk_chinvebeam3b.png,textures_pk,2048,0.3,0.0,2,2.21
pk_chinvebeam3c.png,textures_pk,2048,0.2,0.0,3,1.65
pk_chinvebeam4.png,textures_pk,4096,0.6,0.1,7,1.63
pk_chinwall1.png,textures_pk,16384,3.8,0.2,21,2.26
pk_chinwall2a.png,textures_pk,65536,13.6,0.7,108,1.77
pk_chinwall2b.png,textures_pk,65536,19.9,0.7,96,1.98
pk_chinwall2c.png,textures_pk,65536,13.7,0.6,108,1.76
pk_chinwall2d.png,textures_pk,65536,13.6,0.6,108,1.76
pk_chinwall2e.png,textures_pk,65536,14.0,0.7,108,1.76
pk_chinwall2f.png,textures_pk,65536,20.3,0.7,95,2.01
pk_chinwall2g.png,textures_pk,65536,19.8,0.8,100,1.92
pk_chinwall2h.png,textures_pk,65536,18.3,0.7,102,1.88
pk_chinwall2i.png,textures_pk,65536,20.5,0.7,106,1.8
pk_chinwall2j.png,textures_pk,65536,20.5,0.7,94,2.03
pk_chinwall2k.png,textures_pk,65536,20.2,0.7,96,1.98
pk_chinwall2l.png,textures_pk,65536,19.9,0.7,98,1.94
pk_chinwall3a.png,textures_pk,65536,21.0,0.7,79,2.41
pk_chinwall3b.png,textures_pk,65536,19.0,0.7,86,2.22
pk_chinwall3c.png,textures_pk,65536,23.0,0.8,76,2.51
pk_chinwall3d.png,textures_pk,65536,19.3,0.7,84,2.27
pk_chinwall4a.png,textures_pk,65536,21.1,0.7,84,2.28
pk_chinwall4b.png,textures_pk,65536,19.6,0.7,92,2.07
pk_chinwall5.png,textures_pk,65536,14.8,0.7,114,1.68
pk_chinwpaper1a.png,textures_pk,16384,3.4,0.2,28,1.66
pk_chinwpaper1b.png,textures_pk,16384,3.0,0.2,30,1.57
pk_chlightswitch1.png,textures_pk,512,0.1,0.0,0,1.92
pk_chmarb1a.png,textures_pk,16384,2.3,0.1,33,1.45
pk_chmarb1b.png,textures_pk,16384,2.3,0.2,33,1.44
pk_chmetal1a.png,textures_pk,32768,5.4,0.3,61,1.55
pk_chmetal1b.png,textures_pk,32768,5.6,0.3,60,1.58
pk_chmud1.png,textures_pk,65536,10.1,0.6,150,1.28
pk_chogroset1a.png,textures_pk,65536,8.8,0.6,161,1.19
pk_chogroset1b.png,textures_pk,65536,13.1,0.6,118,1.62
pk_chogroset1c.png,textures_pk,65536,15.8,0.6,119,1.61
pk_chouttil1a.png,textures_pk,65536,11.3,0.6,127,1.51
pk_chouttil1b.png,textures_pk,65536,13.0,0.6,119,1.61
pk_chpipe1a.png,textures_pk,16384,4.4,0.2,23,2.01
pk_chpipe1b.png,textures_pk,16384,3.5,0.2,25,1.87
pk_chrock1.png,textures_pk,65536,9.3,0.6,164,1.17
pk_chroofs1a.png,textures_pk,8192,1.0,0.1,14,1.64
pk_chroofs1b.png,textures_pk,8192,1.0,0.1,14,1.68
pk_chroofs1c.png,textures_pk,8192,1.0,0.1,13,1.73
pk_chrooft1a.png,textures_pk,65536,12.2,0.6,125,1.53
pk_chrooft1b.png,textures_pk,65536,12.0,0.6,124,1.54
pk_chrooft1c.png,textures_pk,65536,14.4,0.6,124,1.54
pk_chtrim1.png,textures_pk,16384,3.1,0.2,26,1.82
pk_chvertbeam1.png,textures_pk,8192,1.1,0.1,18,1.28
pk_chwall2.png,textures_pk,65536,11.3,0.6,124,1.54
pk_chwall3.png,textures_pk,65536,13.9,0.7,115,1.66
pk_chwallr1a.png,textures_pk,65536,10.2,0.6,134,1.43
pk_chwallr1b.png,textures_pk,65536,13.7,0.7,122,1.57
pk_chwoodwall1a.png,textures_pk,65536,13.3,0.6,114,1.68
pk_chwoodwall1b.png,textures_pk,65536,10.7,0.7,121,1.57
pk_conbuild01a.png,textures_pk,65536,10.7,0.6,127,1.51
pk_conbuild01b.png,textures_pk,65536,13.3,0.7,121,1.58
pk_conbuild01c.png,textures_pk,65536,11.3,0.7,124,1.54
pk_conbuild01d.png,textures_pk,65536,11.4,0.7,123,1.56
pk_concrete01a.png,textures_pk,65536,10.2,0.6,139,1.37
pk_concrete01b.png,textures_pk,65536,10.6,0.6,138,1.39
pk_concrete02a.png,textures_pk,65536,10.7,0.6,144,1.33
pk_concrete02b.png,textures_pk,65536,10.2,0.6,143,1.34
pk_concrete03.png,textures_pk,65536,9.8,0.6,144,1.33
pk_concrete04.png,textures_pk,65536,9.6,0.6,150,1.27
pk_concrete05.png,textures_pk,65536,10.1,0.6,155,1.24
pk_concrete06.png,textures_pk,65536,10.5,0.6,139,1.37
pk_hlrmud1a.png,textures_pk,65536,10.1,0.6,141,1.36
pk_hlrmud1b.png,textures_pk,65536,10.7,0.6,133,1.44
pk_hlrmud1c.png,textures_pk,65536,10.4,0.6,135,1.41
pk_hlrmud2.png,textures_pk,65536,10.8,0.6,134,1.43
pk_hlrmud3.png,textures_pk,65536,9.6,0.5,148,1.29
pk_hlrmudd.png,textures_pk,65536,10.6,0.6,135,1.42
pk_hlrroad1a.png,textures_pk,65536,14.7,0.6,122,1.56
pk_hlrroad1b.png,textures_pk,65536,14.6,0.7,123,1.56
pk_hlrroad1c.png,textures_pk,65536,12.8,0.6,128,1.5
pk_hlrroad1d.png,textures_pk,65536,12.6,0.6,130,1.47
pk_hlrroad1e.png,textures_pk,65536,12.9,0.6,127,1.51
pk_metalpipe01a.png,textures_pk,65536,11.8,0.6,126,1.52
pk_metalpipe01b.png,textures_pk,65536,10.3,0.6,135,1.42
pke_tuwall01a.png,textures_pk,65536,10.0,0.6,141,1.36
pke_tuwall01b.png,textures_pk,65536,10.5,0.6,139,1.38
pke_tuwall01c.png,textures_pk,65536,11.6,0.6,139,1.38
pke_tuwall01d.png,textures_pk,65536,11.3,0.7,139,1.38
pke_tuwall01e.png,textures_pk,65536,10.8,0.6,138,1.39
pke_tuwall01f.png,textures_pk,65536,11.0,0.6,138,1.39
pkev_ciwall_1a.png,textures_pk,262144,97.2,5.5,562,1.82
pkf_bark1.png,textures_pk,8192,0.9,0.1,20,1.19
pkf_bark2.png,textures_pk,16384,2.1,0.1,38,1.24
pkf_box1a.png,textures_pk,6400,0.8,0.1,12,1.5
pkf_box1b.png,textures_pk,6400,0.9,0.1,12,1.54
pkf_box2a.png,textures_pk,6400,0.9,0.1,11,1.61
pkf_box2b.png,textures_pk,6400,1.4,0.1,6,3.06
pkf_box3a.png,textures_pk,6400,0.9,0.1,11,1.65
pkf_box3b.png,textures_pk,6400,0.9,0.1,11,1.69
pkf_brush1a.png,textures_pk,8192,0.9,0.1,21,1.14
pkf_brush1b.png,textures_pk,8192,0.9,0.1,21,1.13
pkf_concrete1.png,textures_pk,65536,11.5,0.6,139,1.38
pkf_concrete2.png,textures_pk,65536,14.7,0.6,127,1.51
pkf_concrete3.png,textures_pk,65536,16.7,0.6,117,1.63
pkf_concrete4.png,textures_pk,65536,11.5,0.6,130,1.47
pkf_concrete5a.png,textures_pk,65536,11.6,0.7,119,1.61
pkf_concrete5b.png,textures_pk,65536,11.3,0.6,119,1.61
pkf_containr1a.png,textures_pk,32768,9.1,0.3,45,2.09
pkf_containr1b.png,textures_pk,16384,4.0,0.2,22,2.14
pkf_containr1c.png,textures_pk,32768,8.6,0.3,45,2.12
pkf_containr2a.png,textures_pk,32768,7.6,0.3,49,1.95
pkf_containr2b.png,textures_pk,16384,3.9,0.2,22,2.16
pkf_containr2c.png,textures_pk,32768,6.7,0.3,41,2.34
pkf_containr3a.png,textures_pk,32768,6.8,0.3,52,1.84
pkf_containr3b.png,textures_pk,16384,3.7,0.2,23,2.04
pkf_containr3c.png,textures_pk,32768,6.5,0.3,50,1.9
pkf_creds.png,textures_pk,16384,3.5,0.2,26,1.82
pkf_door1a.png,textures_pk,7168,1.1,0.1,10,1.93
pkf_door1b.png,textures_pk,7168,1.1,0.1,10,1.93
pkf_door2a.png,textures_pk,8192,1.4,0.1,13,1.79
pkf_door2b.png,textures_pk,8192,1.4,0.1,13,1.82
pkf_door3a.png,textures_pk,8192,1.6,0.1,11,2.03
pkf_door3b.png,textures_pk,8192,2.0,0.1,10,2.33
pkf_door4a.png,textures_pk,8192,1.7,0.1,12,1.89
pkf_door4b.png,textures_pk,8192,1.6,0.1,12,1.91
pkf_door5.png,textures_pk,8192,1.6,0.1,12,1.9
pkf_facility1a.png,textures_pk,65536,15.7,0.6,108,1.78
pkf_facility1b.png,textures_pk,65536,15.4,0.7,108,1.77
pkf_facility1c.png,textures_pk,65536,15.1,0.6,108,1.76
pkf_facility1d.png,textures_pk,65536,14.1,0.6,102,1.87
pkf_facility1e.png,textures_pk,65536,13.9,0.7,103,1.85
pkf_facility1f.png,textures_pk,65536,13.5,0.7,104,1.85
pkf_facility2a.png,textures_pk,65536,13.2,0.6,119,1.6
pkf_facility2b.png,textures_pk,65536,13.2,0.6,117,1.63
pkf_facility2c.png,textures_pk,65536,13.0,0.6,116,1.64
pkf_facility2d.png,textures_pk,65536,12.4,0.7,111,1.72
pkf_facility2e.png,textures_pk,65536,12.4,0.7,110,1.74
pkf_facility2f.png,textures_pk,65536,12.5,0.7,109,1.76
pkf_grass1.png,textures_pk,65536,9.0,0.6,175,1.1
pkf_grassmud1a.png,textures_pk,65536,9.3,0.6,157,1.22
pkf_grassmud1b.png,textures_pk,65536,9.2,0.6,156,1.23
pkf_infloor1a.png,textures_pk,16384,2.3,0.2,35,1.35
pkf_infloor1b.png,textures_pk,16384,2.4,0.1,35,1.37
pkf_inroof1a.png,textures_pk,16384,4.3,0.2,17,2.72
pkf_inroof1b.png,textures_pk,16384,4.2,0.2,19,2.43
pkf_inwall1a.png,textures_pk,16384,2.8,0.1,29,1.62
pkf_inwall1b.png,textures_pk,16384,2.8,0.1,30,1.57
pkf_inwall1c.png,textures_pk,16384,2.9,0.2,28,1.69
pkf_inwall1d.png,textures_pk,16384,2.8,0.2,29,1.61
pkf_inwall2.png,textures_pk,16384,5.2,0.2,21,2.26
pkf_inwall2b.png,textures_pk,16384,4.2,0.2,24,2.0
pkf_inwall3a.png,textures_pk,16384,3.3,0.2,28,1.69
pkf_inwall3b.png,textures_pk,16384,3.3,0.2,28,1.67
pkf_inwall3c.png,textures_pk,16384,3.8,0.2,26,1.82
pkf_inwall3d.png,textures_pk,16384,3.5,0.2,27,1.76
pkf_light1a.png,textures_pk,1024,0.1,0.0,1,1.61
pkf_light1b.png,textures_pk,1024,0.2,0.0,1,1.66
pkf_light2a.png,textures_pk,4096,0.5,0.0,3,3.76
pkf_light2b.png,textures_pk,4096,0.7,0.1,3,3.33
pkf_metall1a.png,textures_pk,16384,3.3,0.2,32,1.47
pkf_metall1b.png,textures_pk,16384,2.3,0.1,32,1.46
pkf_metaltrim1.png,textures_pk,8192,1.3,0.1,16,1.48
pkf_metaltrim1b.png,textures_pk,8192,1.2,0.1,16,1.43
pkf_mud1.png,textures_pk,65536,9.9,0.6,141,1.36
pkf_mud2.png,textures_pk,65536,9.4,0.6,147,1.3
pkf_outdoor1a.png,textures_pk,7168,1.3,0.1,10,2.0
pkf_outdoor1b.png,textures_pk,7168,1.2,0.1,11,1.89
pkf_planks1a.png,textures_pk,65536,19.4,0.6,101,1.9
pkf_planks1b.png,textures_pk,65536,19.5,0.6,101,1.89
pkf_road1a.png,textures_pk,65536,20.0,0.6,102,1.87
pkf_road1b.png,textures_pk,65536,20.0,0.7,102,1.87
pkf_road2a.png,textures_pk,65536,19.6,0.6,102,1.88
pkf_road2b.png,textures_pk,65536,22.1,0.6,100,1.92
pkf_roadsign1.png,textures_pk,1024,0.2,0.0,2,1.36
pkf_roadsign2.png,textures_pk,1024,0.1,0.0,2,1.34
pkf_roadsign3.png,textures_pk,1024,0.1,0.0,2,1.28
pkf_roadsign4.png,textures_pk,1024,0.1,0.0,2,1.32
pkf_roof1a.png,textures_pk,16384,2.7,0.1,28,1.66
pkf_roof1b.png,textures_pk,16384,2.4,0.1,27,1.72
pkf_roof1c.png,textures_pk,16384,2.4,0.2,29,1.63
pkf_roof2a.png,textures_pk,65536,19.9,0.7,99,1.94
pkf_roof2b.png,textures_pk,65536,21.1,0.7,96,2.0
pkf_roof2c.png,textures_pk,65536,23.9,0.6,86,2.22
pkf_roof3a.png,textures_pk,65536,24.6,0.7,77,2.48
pkf_roof3b.png,textures_pk,65536,25.0,0.7,80,2.38
pkf_roofside1.png,textures_pk,2048,0.2,0.0,3,1.55
pkf_shopwall1a.png,textures_pk,65536,19.0,0.7,98,1.95
pkf_shopwall1b.png,textures_pk,65536,16.9,0.7,96,1.99
pkf_shopwall1c.png,textures_pk,65536,17.3,0.7,91,2.1
pkf_shopwall1d.png,textures_pk,65536,17.3,0.7,92,2.07
pkf_shopwall1e.png,textures_pk,65536,17.7,0.7,93,2.04
pkf_shopwall1f.png,textures_pk,65536,17.5,0.7,97,1.96
pkf_shopwall1g.png,textures_pk,65536,16.5,0.7,104,1.85
pkf_shopwall1h.png,textures_pk,65536,16.2,0.7,102,1.87
pkf_shopwin1a.png,textures_pk,16384,4.0,0.2,24,1.95
pkf_shopwin1b.png,textures_pk,16384,3.9,0.2,24,1.92
pkf_sign1.png,textures_pk,32768,5.1,0.3,71,1.35
pkf_sign2.png,textures_pk,16384,3.6,0.2,26,1.78
pkf_sign3.png,textures_pk,8192,1.4,0.1,14,1.62
pkf_sign4.png,textures_pk,16384,2.6,0.2,31,1.55
pkf_sign5.png,textures_pk,8192,1.4,0.1,14,1.62
pkf_sign6.png,textures_pk,8192,1.2,0.1,16,1.46
pkf_sign7.png,textures_pk,16384,2.4,0.2,33,1.41
pkf_sign8a.png,textures_pk,32768,1.7,0.2,8,11.49
pkf_sign8b.png,textures_pk,32768,2.0,0.2,9,9.8
pkf_sign8c.png,textures_pk,32768,10.4,0.3,48,1.99
pkf_tiles1a.png,textures_pk,65536,20.5,0.6,100,1.91
pkf_tiles1b.png,textures_pk,65536,18.5,0.7,103,1.86
pkf_tiles2a.png,textures_pk,65536,25.5,0.7,89,2.14
pkf_tiles2b.png,textures_pk,65536,24.7,0.7,88,2.18
pkf_tiles2c.png,textures_pk,65536,24.7,0.7,87,2.19
pkf_tilewall1a.png,textures_pk,65536,12.1,0.6,122,1.56
pkf_tilewall1a2.png,textures_pk,65536,12.2,0.6,123,1.55
pkf_tilewall1b.png,textures_pk,65536,11.8,0.6,116,1.65
pkf_tilewall1c.png,textures_pk,65536,12.0,0.6,115,1.66
pkf_tilewall1d.png,textures_pk,65536,12.2,0.6,112,1.7
pkf_tilewall1d2.png,textures_pk,65536,11.9,0.6,113,1.69
pkf_tilewall1e.png,textures_pk,65536,13.5,0.7,110,1.73
pkf_tilewall1e2.png,textures_pk,65536,12.3,0.7,113,1.69
pkf_tilewall1f.png,textures_pk,65536,12.3,0.6,113,1.68
pkf_tilewall1f2.png,textures_pk,65536,12.3,0.7,116,1.65
pkf_tilewall1g.png,textures_pk,65536,12.8,0.6,111,1.72
pkf_tilewall1g2.png,textures_pk,65536,12.8,0.7,113,1.69
pkf_trashcan1a.png,textures_pk,2048,0.2,0.0,3,1.73
pkf_trashcan1b.png,textures_pk,1024,0.1,0.0,1,1.67
pkf_trim1a.png,textures_pk,4096,0.5,0.0,7,1.71
pkf_trim1b.png,textures_pk,4096,0.4,0.0,7,1.65
pkf_trimpavemen.png,textures_pk,2048,0.2,0.0,3,1.62
pkf_vent1a.png,textures_pk,3072,0.4,0.0,4,1.8
pkf_vent1b.png,textures_pk,3072,0.4,0.0,5,1.75
pkf_wall1a.png,textures_pk,65536,13.7,0.6,110,1.73
pkf_wall1b.png,textures_pk,65536,13.7,0.7,111,1.72
pkf_wall1c.png,textures_pk,32768,5.8,0.3,56,1.7
pkf_wall1d.png,textures_pk,32768,5.8,0.3,56,1.69
pkf_wall1e.png,textures_pk,65536,13.6,0.6,108,1.77
pkf_wall1f.png,textures_pk,65536,13.6,0.7,108,1.77
pkf_wall1g.png,textures_pk,32768,5.8,0.3,53,1.79
pkf_wall1h.png,textures_pk,32768,6.1,0.3,53,1.81
pkf_wall1i.png,textures_pk,65536,13.1,0.7,109,1.76
pkf_wall1j.png,textures_pk,65536,13.1,0.7,108,1.77
pkf_wall1k.png,textures_pk,65536,13.7,0.6,110,1.74
pkf_wall1l.png,textures_pk,65536,13.3,0.6,110,1.74
pkf_wall1m.png,textures_pk,65536,13.4,0.7,108,1.77
pkf_wall1n.png,textures_pk,65536,13.3,0.7,107,1.79
pkf_wall2a.png,textures_pk,65536,16.5,0.6,99,1.93
pkf_wall2b.png,textures_pk,65536,15.5,0.7,100,1.91
pkf_wall2c.png,textures_pk,65536,15.6,0.7,99,1.93
pkf_wall2d.png,textures_pk,65536,14.6,0.7,102,1.87
pkf_wall2e.png,textures_pk,65536,15.1,0.7,101,1.89
pkf_wall2f.png,textures_pk,65536,15.5,0.7,100,1.92
pkf_wall2g.png,textures_pk,65536,14.2,0.7,100,1.92
pkf_wall2h.png,textures_pk,65536,15.1,0.7,99,1.93
pkf_wall3a.png,textures_pk,65536,12.0,0.6,121,1.58
pkf_wall3b.png,textures_pk,65536,11.9,0.6,121,1.58
pkf_wall3c.png,textures_pk,65536,11.7,0.7,122,1.57
pkf_wall3d.png,textures_pk,65536,12.8,0.7,118,1.63
pkf_wall3e.png,textures_pk,32768,5.6,0.3,60,1.59
pkf_wall3f.png,textures_pk,32768,5.6,0.3,60,1.57
pkf_wall3g.png,textures_pk,32768,5.6,0.3,60,1.6
pkf_wall3h.png,textures_pk,65536,12.1,0.7,121,1.58
pkf_wall3i.png,textures_pk,65536,11.6,0.7,119,1.61
pkf_wall3j.png,textures_pk,65536,12.8,0.8,118,1.61
pkf_wall4a.png,textures_pk,65536,11.4,0.6,99,1.92
pkf_wall4b.png,textures_pk,65536,12.5,0.6,113,1.7
pkf_wall4c.png,textures_pk,65536,12.3,0.7,109,1.75
pkf_wall4d.png,textures_pk,65536,12.1,0.6,105,1.82
pkf_wall4e.png,textures_pk,65536,12.2,0.6,103,1.86
pkf_wall4f.png,textures_pk,65536,11.8,0.6,96,1.98
pkf_wall4g.png,textures_pk,65536,11.7,0.6,97,1.96
pkf_wall4h.png,textures_pk,65536,10.9,0.6,95,2.01
pkf_wall4i.png,textures_pk,65536,10.9,0.6,94,2.02
pkf_wall4j.png,textures_pk,65536,12.5,0.7,109,1.75
pkf_wall4k.png,textures_pk,65536,12.4,0.6,115,1.66
pkf_wall4l.png,textures_pk,65536,13.2,0.7,104,1.84
pkf_wall4m.png,textures_pk,65536,12.0,0.6,106,1.8
pkf_wall4n.png,textures_pk,65536,12.0,0.6,104,1.84
pkf_wall4o.png,textures_pk,65536,11.2,0.6,103,1.86
pkf_wall4p.png,textures_pk,65536,11.1,0.6,98,1.94
pkf_wall4q.png,textures_pk,65536,11.8,0.7,112,1.71
pkf_wall4r.png,textures_pk,65536,12.2,0.7,108,1.77
pkf_wall5a.png,textures_pk,65536,21.5,0.7,95,2.0
pkf_wall5b.png,textures_pk,65536,21.1,0.6,88,2.16
pkf_wall5c.png,textures_pk,65536,19.0,0.6,89,2.15
pkf_wall5d.png,textures_pk,65536,18.2,0.6,88,2.17
pkf_wall5e.png,textures_pk,65536,17.2,0.7,88,2.16
pkf_wall5f.png,textures_pk,65536,16.5,0.7,84,2.28
pkf_wall5g.png,textures_pk,65536,16.3,0.7,85,2.26
pkf_wall5h.png,textures_pk,65536,15.9,0.7,82,2.31
pkf_wall5i.png,textures_pk,65536,15.1,0.6,81,2.34
pkf_wall6a.png,textures_pk,65536,23.3,0.7,86,2.22
pkf_wall6b.png,textures_pk,65536,21.1,0.7,86,2.21
pkf_wall6c.png,textures_pk,65536,19.3,0.7,88,2.17
pkf_wall6d.png,textures_pk,65536,19.1,0.7,88,2.17
pkf_wall6e.png,textures_pk,65536,19.1,0.7,85,2.23
pkf_wall6f.png,textures_pk,65536,17.9,0.7,84,2.27
pkf_wall7a.png,textures_pk,65536,12.7,0.6,116,1.65
pkf_wall7b.png,textures_pk,65536,12.4,0.6,112,1.71
pkf_wall7c.png,textures_pk,65536,12.0,0.6,108,1.77
pkf_wall7d.png,textures_pk,65536,12.2,0.7,111,1.72
pkf_wall7e.png,textures_pk,65536,12.0,0.6,104,1.85
pkf_wall7f.png,textures_pk,65536,12.5,0.7,106,1.8
pkf_window1a.png,textures_pk,2048,0.4,0.0,2,2.37
pkf_window1b.png,textures_pk,2048,0.3,0.0,2,2.13
pkf_window2a.png,textures_pk,2048,0.3,0.0,3,1.92
pkf_window2b.png,textures_pk,2048,0.3,0.0,3,1.96
pkf_woodfloor1.png,textures_pk,65536,10.0,0.6,149,1.29
pkf_woodtrim1a.png,textures_pk,8192,1.4,0.1,14,1.68
pkf_woodtrim1b.png,textures_pk,8192,1.3,0.1,14,1.63
pkground1a.png,textures_pk,262144,68.6,5.8,687,1.49
pkground1b.png,textures_pk,262144,67.0,5.9,701,1.46
pkh_tiles01a.png,textures_pk,262144,105.5,5.7,550,1.86
pkh_tiles01b.png,textures_pk,262144,108.0,5.8,542,1.89
pkh_tiles02a.png,textures_pk,262144,106.3,5.6,546,1.88
pkh_tiles02b.png,textures_pk,262144,74.0,5.8,618,1.66
pkh_tiles02c.png,textures_pk,262144,106.9,5.5,545,1.88
pkh_wall01a.png,textures_pk,262144,86.5,6.0,608,1.68
pkh_wall01b.png,textures_pk,262144,79.0,5.8,621,1.65
pkh_wall01c.png,textures_pk,262144,71.5,5.9,643,1.59
pkh_window01a.png,textures_pk,32768,9.2,0.9,83,1.54
pkh_window01b.png,textures_pk,32768,7.3,1.0,101,1.27
pktilesang1a.png,textures_pk,65536,12.3,0.6,126,1.52
pktilesang1b.png,textures_pk,65536,12.9,0.6,124,1.54
pktilesang1c.png,textures_pk,65536,12.2,0.6,125,1.53
pktilesang1d.png,textures_pk,65536,13.1,0.6,123,1.56
pktilesang1e.png,textures_pk,65536,13.5,0.6,122,1.57
pktilesang1f.png,textures_pk,65536,13.2,0.6,123,1.56
pktilesang1ta.png,textures_pk,8192,1.2,0.1,15,1.53
pktilesang1tb.png,textures_pk,8192,1.1,0.1,15,1.53
pktrim1a.png,textures_pk,65536,16.2,1.6,189,1.35
pktrim1b.png,textures_pk,65536,16.7,1.5,176,1.45
pkw_arch01.png,textures_pk,32768,4.4,0.3,73,1.31
pkw_arch02a.png,textures_pk,65536,9.6,0.6,144,1.33
pkw_arch02b.png,textures_pk,32768,3.8,0.3,55,1.72
pkw_arch02c.png,textures_pk,8192,1.1,0.1,18,1.32
pkw_arch02d.png,textures_pk,65536,8.4,0.6,128,1.49
pkw_arch03.png,textures_pk,65536,12.4,0.7,127,1.51
pkw_barrel01a.png,textures_pk,16384,2.1,0.2,33,1.43
pkw_barrel01b.png,textures_pk,16384,2.2,0.1,34,1.38
pkw_barrel02a.png,textures_pk,16384,2.2,0.1,31,1.53
pkw_barrel02b.png,textures_pk,16384,2.2,0.1,32,1.48
pkw_barrel03a.png,textures_pk,16384,2.0,0.1,37,1.28
pkw_barrel03b.png,textures_pk,16384,2.0,0.1,37,1.26
pkw_bomb1.png,textures_pk,65536,7.1,0.4,79,2.42
pkw_bomb2.png,textures_pk,65536,11.3,0.6,139,1.37
pkw_crate01a.png,textures_pk,16384,2.4,0.1,31,1.53
pkw_crate01b.png,textures_pk,16384,2.3,0.1,32,1.48
pkw_datrim01a.png,textures_pk,4096,0.4,0.0,10,1.16
pkw_datrim01b.png,textures_pk,2048,0.2,0.0,5,1.11
pkw_door01a.png,textures_pk,8192,1.1,0.1,16,1.45
pkw_door01b.png,textures_pk,8192,1.1,0.1,16,1.47
pkw_door02a.png,textures_pk,8192,1.1,0.1,16,1.49
pkw_door02b.png,textures_pk,8192,1.2,0.1,16,1.49
pkw_door02c.png,textures_pk,8192,1.3,0.1,14,1.62
pkw_doorfr01a.png,textures_pk,8192,1.1,0.1,17,1.4
pkw_doorfr01b.png,textures_pk,8192,1.2,0.1,15,1.58
pkw_doors01a.png,textures_pk,65536,12.7,0.6,126,1.52
pkw_doors01b.png,textures_pk,65536,12.2,0.6,133,1.44
pkw_doortrim01.png,textures_pk,2048,0.2,0.0,4,1.36
pkw_food1a.png,textures_pk,2048,0.2,0.0,5,1.1
pkw_food1b.png,textures_pk,2048,0.2,0.0,5,1.1
pkw_food1c.png,textures_pk,2048,0.2,0.0,5,1.11
pkw_food1d.png,textures_pk,2048,0.2,0.0,4,1.27
pkw_grass01.png,textures_pk,65536,8.8,0.6,159,1.2
pkw_ground01a.png,textures_pk,65536,9.1,0.5,157,1.22
pkw_ground01b.png,textures_pk,65536,9.3,0.6,154,1.24
pkw_ground02a.png,textures_pk,32768,4.5,0.3,77,1.24
pkw_ground02b.png,textures_pk,32768,4.8,0.3,77,1.23
pkw_gwall01a.png,textures_pk,65536,9.8,0.6,142,1.35
pkw_gwall01b.png,textures_pk,65536,10.2,0.6,139,1.38
pkw_gwall02a.png,textures_pk,65536,9.5,0.6,149,1.28
pkw_gwall02b.png,textures_pk,65536,9.4,0.6,151,1.27
pkw_gwall03a.png,textures_pk,65536,9.3,0.6,154,1.24
pkw_gwall03b.png,textures_pk,65536,9.4,0.6,151,1.27
pkw_light01.png,textures_pk,1024,0.2,0.0,2,1.39
pkw_metal.png,textures_pk,16384,2.6,0.2,30,1.58
pkw_metal01.png,textures_pk,16384,2.5,0.2,30,1.58
pkw_pave01a.png,textures_pk,16384,2.3,0.2,36,1.33
pkw_pave01a2.png,textures_pk,16384,2.3,0.2,36,1.32
pkw_pave01b.png,textures_pk,65536,10.1,0.6,139,1.37
pkw_pave01b2.png,textures_pk,65536,9.6,0.6,145,1.32
pkw_plank01a.png,textures_pk,8192,1.1,0.1,17,1.39
pkw_plank01b.png,textures_pk,8192,1.1,0.1,16,1.41
pkw_road01.png,textures_pk,65536,9.6,0.6,144,1.32
pkw_rock01a.png,textures_pk,65536,9.6,0.6,158,1.21
pkw_rock01b.png,textures_pk,65536,9.6,0.6,157,1.22
pkw_roof1.png,textures_pk,16384,2.2,0.1,37,1.29
pkw_tiles01a.png,textures_pk,65536,6.7,0.4,73,2.62
pkw_tiles01b.png,textures_pk,65536,6.9,0.4,69,2.78
pkw_tiles02a.png,textures_pk,65536,9.9,0.6,146,1.31
pkw_tiles02b.png,textures_pk,65536,10.0,0.6,137,1.4
pkw_tiles02c.png,textures_pk,65536,9.9,0.6,142,1.34
pkw_tiles02d.png,textures_pk,65536,10.4,0.6,142,1.35
pkw_tiles02e.png,textures_pk,65536,10.4,0.6,143,1.34
pkw_trim01a.png,textures_pk,8192,1.0,0.1,16,1.44
pkw_trim01b.png,textures_pk,8192,1.0,0.1,16,1.49
pkw_trim02.png,textures_pk,8192,1.1,0.1,16,1.49
pkw_trim03a.png,textures_pk,8192,1.1,0.1,15,1.53
pkw_trim03b.png,textures_pk,8192,1.1,0.1,15,1.53
pkw_trim03c.png,textures_pk,8192,1.0,0.1,15,1.53
pkw_trim04.png,textures_pk,4096,0.4,0.0,9,1.28
pkw_trim05.png,textures_pk,4096,0.5,0.1,8,1.48
pkw_trim06.png,textures_pk,8192,0.9,0.1,17,1.37
pkw_wall011.png,textures_pk,65536,9.1,0.6,149,1.28
pkw_wall01a.png,textures_pk,65536,9.2,0.6,153,1.25
pkw_wall01b.png,textures_pk,65536,9.2,0.6,154,1.24
pkw_wall01c.png,textures_pk,65536,9.8,0.6,154,1.24
pkw_wall01d.png,textures_pk,65536,10.0,0.6,156,1.23
pkw_wall01e.png,textures_pk,65536,9.2,0.6,155,1.24
pkw_wall01f.png,textures_pk,65536,9.2,0.6,155,1.23
pkw_wall01g.png,textures_pk,65536,9.5,0.6,153,1.25
pkw_wall01h.png,textures_pk,65536,9.4,0.6,152,1.26
pkw_wall01i.png,textures_pk,65536,9.3,0.6,154,1.25
pkw_wall01j.png,textures_pk,65536,9.2,0.6,153,1.25
pkw_wall01k.png,textures_pk,65536,9.3,0.6,153,1.25
pkw_wall01l.png,textures_pk,65536,9.0,0.6,155,1.24
pkw_wall02aa.png,textures_pk,65536,9.4,0.6,148,1.29
pkw_wall02ab.png,textures_pk,65536,9.4,0.6,149,1.28
pkw_wall02ac.png,textures_pk,65536,9.6,0.6,150,1.27
pkw_wall02ad.png,textures_pk,65536,9.6,0.6,150,1.28
pkw_wall02ae.png,textures_pk,65536,10.0,0.6,150,1.27
pkw_wall02af.png,textures_pk,65536,9.4,0.6,149,1.29
pkw_wall02ag.png,textures_pk,65536,9.5,0.6,150,1.28
pkw_wall02ba.png,textures_pk,65536,11.5,0.6,144,1.33
pkw_wall02bb.png,textures_pk,65536,11.0,0.6,146,1.31
pkw_wall02bc.png,textures_pk,65536,10.7,0.6,146,1.31
pkw_wall02bd.png,textures_pk,65536,11.4,0.6,145,1.32
pkw_wall02be.png,textures_pk,65536,10.9,0.6,145,1.32
pkw_wall02bf.png,textures_pk,65536,10.8,0.6,144,1.33
pkw_wall02bg.png,textures_pk,65536,10.7,0.6,146,1.31
pkw_wall02bh.png,textures_pk,65536,11.3,0.6,145,1.32
pkw_wall02bi.png,textures_pk,65536,11.2,0.6,146,1.31
pkw_wall02bj.png,textures_pk,65536,10.8,0.6,144,1.33
pkw_wall02bk.png,textures_pk,65536,10.8,0.6,144,1.33
pkw_wall03a.png,textures_pk,65536,10.1,0.6,134,1.43
pkw_wall03b.png,textures_pk,65536,10.2,0.6,136,1.4
pkw_wall03c.png,textures_pk,65536,10.0,0.6,136,1.41
pkw_wall03d.png,textures_pk,65536,10.8,0.7,139,1.38
pkw_wall03e.png,textures_pk,65536,10.2,0.6,137,1.4
pkw_wall03f.png,textures_pk,65536,10.1,0.6,137,1.39
pkw_wall03g.png,textures_pk,65536,10.0,0.6,141,1.36
pkw_wall03h.png,textures_pk,65536,10.6,0.6,140,1.36
pkw_wall03i.png,textures_pk,65536,10.3,0.6,135,1.42
pkw_wall03j.png,textures_pk,65536,10.3,0.6,139,1.37
pkw_wall03k.png,textures_pk,65536,10.3,0.6,135,1.41
pkw_wall03l.png,textures_pk,65536,11.1,0.6,137,1.39
pkw_wall04a.png,textures_pk,65536,9.5,0.6,136,1.4
pkw_wall04b.png,textures_pk,65536,10.1,0.6,139,1.37
pkw_wall04c.png,textures_pk,65536,9.5,0.6,140,1.37
pkw_wall04d.png,textures_pk,65536,9.6,0.6,142,1.35
pkw_wall04e.png,textures_pk,65536,9.7,0.6,143,1.34
pkw_wall04f.png,textures_pk,65536,9.6,0.6,143,1.34
pkw_wall04g.png,textures_pk,65536,9.7,0.6,144,1.33
pkw_wall04h.png,textures_pk,65536,9.5,0.6,142,1.35
pkw_wall04i.png,textures_pk,65536,9.5,0.6,142,1.34
pkw_wall04j.png,textures_pk,65536,9.8,0.6,143,1.34
pkw_wall04k.png,textures_pk,65536,9.7,0.6,138,1.39
pkw_wall04l.png,textures_pk,65536,9.6,0.6,143,1.34
pkw_wall04m.png,textures_pk,65536,9.5,0.6,138,1.39
pkw_wall04n.png,textures_pk,32768,6.3,0.3,62,1.53
pkw_wall05a.png,textures_pk,65536,9.3,0.6,141,1.36
pkw_wall05b.png,textures_pk,65536,9.4,0.7,143,1.34
pkw_wall05c.png,textures_pk,65536,9.4,0.6,145,1.32
pkw_wall05d.png,textures_pk,65536,9.3,0.6,144,1.33
pkw_wall05e.png,textures_pk,65536,9.9,0.6,147,1.3
pkw_wall05f.png,textures_pk,65536,9.3,0.6,141,1.35
pkw_wall05g.png,textures_pk,65536,9.3,0.6,142,1.34
pkw_wall05h.png,textures_pk,65536,9.4,0.6,145,1.32
pkw_wall06a.png,textures_pk,65536,9.4,0.6,136,1.4
pkw_wall06b.png,textures_pk,65536,9.8,0.6,139,1.37
pkw_wall06c.png,textures_pk,65536,9.9,0.6,142,1.35
pkw_wall06d.png,textures_pk,65536,10.0,0.6,139,1.37
pkw_wall06e.png,textures_pk,65536,10.1,0.6,139,1.37
pkw_wall06f.png,textures_pk,65536,11.0,0.6,141,1.35
pkw_wall06g.png,textures_pk,65536,9.4,0.6,139,1.38
pkw_wall06h.png,textures_pk,65536,10.3,0.6,139,1.38
pkw_wall06i.png,textures_pk,65536,9.4,0.6,148,1.3
pkw_wall07a.png,textures_pk,65536,10.2,0.6,141,1.36
pkw_wall07b.png,textures_pk,65536,10.5,0.6,141,1.36
pkw_wall07c.png,textures_pk,65536,11.6,0.6,140,1.36
pkw_wall07d.png,textures_pk,65536,10.1,0.6,135,1.41
pkw_wall07e.png,textures_pk,65536,10.4,0.6,132,1.45
pkw_wall07f.png,textures_pk,65536,10.1,0.6,142,1.35
pkw_wall07g.png,textures_pk,65536,10.2,0.6,143,1.34
pkw_wall07h.png,textures_pk,65536,10.2,0.6,140,1.36
pkw_wall07i.png,textures_pk,65536,10.7,0.7,139,1.38
pkw_wall07j.png,textures_pk,65536,12.0,0.6,136,1.41
pkw_wall07k.png,textures_pk,65536,10.5,0.6,141,1.36
pkw_wall08a.png,textures_pk,65536,12.0,0.6,125,1.53
pkw_wall08b.png,textures_pk,65536,10.2,0.6,136,1.41
pkw_wall08c.png,textures_pk,65536,9.8,0.6,138,1.39
pkw_wall09a.png,textures_pk,65536,9.3,0.6,157,1.22
pkw_wall10a.png,textures_pk,65536,9.4,0.6,146,1.31
pkw_wall10b.png,textures_pk,65536,9.4,0.6,146,1.31
pkw_wall10c.png,textures_pk,65536,9.9,0.6,146,1.31
pkw_wall10d.png,textures_pk,65536,9.9,0.6,146,1.31
pkw_wall10e.png,textures_pk,65536,9.8,0.6,147,1.3
pkw_wall10f.png,textures_pk,65536,10.0,0.6,148,1.3
pkw_wall10g.png,textures_pk,65536,10.2,0.6,148,1.29
pkw_wall10h.png,textures_pk,65536,9.7,0.6,147,1.31
pkw_wall10i.png,textures_pk,65536,9.5,0.6,146,1.32
pkw_wall10j.png,textures_pk,65536,10.4,0.6,147,1.31
pkw_wall10k.png,textures_pk,65536,9.5,0.6,145,1.32
pkw_wall10l.png,textures_pk,65536,9.5,0.6,146,1.31
pkw_wall11a.png,textures_pk,65536,9.6,0.6,146,1.31
pkw_wall11b.png,textures_pk,65536,9.5,0.6,148,1.29
pkw_wall11c.png,textures_pk,65536,10.1,0.6,146,1.31
pkw_wall11d.png,textures_pk,65536,9.5,0.6,148,1.29
pkw_wall11e.png,textures_pk,65536,9.8,0.6,148,1.3
pkw_wall11f.png,textures_pk,65536,9.5,0.6,148,1.29
pkw_wall11g.png,textures_pk,65536,9.6,0.6,149,1.29
pkw_wall11h.png,textures_pk,65536,9.7,0.6,146,1.31
pkw_wall11i.png,textures_pk,65536,9.5,0.6,148,1.29
pkw_wall11j.png,textures_pk,65536,9.7,0.6,146,1.31
pkw_wall11k.png,textures_pk,65536,9.6,0.6,148,1.29
pkw_winlay01a.png,textures_pk,65536,2.3,0.3,10,18.52
pkw_winlay01b.png,textures_pk,65536,2.0,0.2,8,23.26
pkw_winlay03a.png,textures_pk,65536,3.1,0.3,27,6.94
pkw_winlay03b.png,textures_pk,65536,2.8,0.3,21,9.09
pkw_winlay04a.png,textures_pk,65536,2.2,0.3,7,26.32
pkw_winlay04b.png,textures_pk,65536,2.2,0.3,7,25.64
pkw_winlay06.png,textures_pk,65536,2.5,0.3,12,15.62
pkw_winlay07a.png,textures_pk,65536,2.7,0.3,19,10.0
pkw_winlay07b.png,textures_pk,65536,3.0,0.3,18,10.2
pkw_winlay10a.png,textures_pk,65536,2.3,0.3,9,19.23
pkw_winlay10b.png,textures_pk,65536,2.4,0.3,10,18.87
pkw_winlay11a.png,textures_pk,65536,2.5,0.3,19,9.71
pkw_winlay11b.png,textures_pk,65536,2.5,0.3,20,9.26
pkw_wood01a.png,textures_pk,4096,0.4,0.0,9,1.29
pkw_wood01b.png,textures_pk,32768,5.1,0.3,70,1.36
pkw_wood02.png,textures_pk,16384,2.5,0.2,33,1.41
pkw_wooden01.png,textures_pk,2048,0.2,0.0,3,1.51
pkwall1a.png,textures_pk,262144,65.3,5.9,721,1.42
pkwall1b.png,textures_pk,262144,63.6,6.0,769,1.33
plant_01.png,textures_plants,169652,12.1,1.5,55,11.9
plant_02.png,textures_plants,1347584,171.8,17.4,839,6.29
plant_03.png,textures_plants,719940,77.4,10.8,461,6.1
plant_04.png,textures_plants,1116720,241.7,26.4,1557,2.8
plant_05.png,textures_plants,823480,89.7,10.0,454,7.09
plant_06.png,textures_plants,2908160,189.9,29.5,1319,8.62
plant_07.png,textures_plants,1484800,87.4,15.7,616,9.43
plant_08.png,textures_plants,740352,116.6,11.1,426,6.8
plant_09.png,textures_plants,987136,103.6,12.6,617,6.25
plant_10.png,textures_plants,796672,113.4,13.2,681,4.57
plant_11.png,textures_plants,924672,40.3,6.9,124,29.41
plant_12.png,textures_plants,1495040,200.9,25.1,825,7.09
plant_13.png,textures_plants,1593344,142.5,19.2,670,9.26
plant_14.png,textures_plants,1131174,144.9,19.9,659,6.71
plant_15.png,textures_plants,1697985,276.4,32.5,1198,5.52
plant_16.png,textures_plants,1619946,337.2,37.0,1393,4.55
plant_17.png,textures_plants,2220032,508.6,38.3,1580,5.49
plant_18.png,textures_plants,572880,212.5,13.0,1238,1.81
plant_19.png,textures_plants,2481152,554.9,47.8,2021,4.78
plant_20.png,textures_plants,423728,94.5,9.1,452,3.65
plant_21.png,textures_plants,323400,49.1,4.8,297,4.26
plant_22.png,textures_plants,749568,214.0,15.1,832,3.52
plant_23.png,textures_plants,332514,74.0,6.1,324,4.0
plant_24.png,textures_plants,860160,69.1,11.0,541,6.21
plant_25.png,textures_plants,264320,38.5,5.2,278,3.72
plant_26.png,textures_plants,92430,14.3,1.4,90,3.98
plant_27.png,textures_plants,248443,53.7,5.2,358,2.71
plant_28.png,textures_plants,1419264,224.7,19.6,1067,5.18
plant_29.png,textures_plants,1021952,63.1,9.6,302,13.16
plant_30.png,textures_plants,1241088,121.8,21.9,1151,4.2
plant_31.png,textures_plants,1738752,435.5,32.8,1606,4.22
plant_32.png,textures_plants,291648,70.9,5.8,244,4.65
plant_33.png,textures_plants,100308,31.0,2.7,138,2.83
plant_34.png,textures_plants,1400832,226.8,27.5,1945,2.82
plant_35.png,textures_plants,1510400,109.7,6.0,608,9.71
plant_36.png,textures_plants,1501184,279.8,21.2,1491,3.94
plant_37.png,textures_plants,1807360,217.7,26.3,1607,4.39
plant_38.png,textures_plants,1553408,101.6,14.6,607,10.0
plant_39.png,textures_plants,1714176,187.7,20.5,1370,4.88
plant_40.png,textures_plants,449952,189.0,14.3,823,2.14
plant_41.png,textures_plants,1815552,137.1,18.5,513,13.89
plant_42.png,textures_plants,98280,36.1,3.3,196,1.96
plant_43.png,textures_plants,825600,299.6,25.1,1852,1.74
plant_44.png,textures_plants,622905,74.8,8.2,524,4.65
plant_45.png,textures_plants,89661,33.4,2.5,198,1.77
plant_46.png,textures_plants,248724,93.1,6.8,524,1.85
plant_47.png,textures_plants,334152,58.1,5.9,309,4.22
plant_48.png,textures_plants,1130496,220.2,15.5,860,5.13
plant_49.png,textures_plants,225780,49.5,4.7,193,4.57
plant_50.png,textures_plants,940032,316.2,19.0,951,3.86
plant_51.png,textures_plants,1380352,155.0,19.8,953,5.65
plant_52.png,textures_plants,1278976,89.2,16.1,405,12.35
plant_53.png,textures_plants,1759104,593.4,42.8,2428,2.83
plant_54.png,textures_plants,1686528,143.2,18.4,1242,5.29
plant_55.png,textures_plants,1594368,515.4,36.0,1678,3.7
plant_56.png,textures_plants,786432,225.2,11.7,755,4.07
plant_57.png,textures_plants,1842176,507.6,29.0,1769,4.07
plant_58.png,textures_plants,1410048,382.1,34.0,1526,3.61
plant_59.png,textures_plants,948224,197.7,16.0,589,6.29
plant_60.png,textures_plants,940032,272.7,21.7,1098,3.34
pluto_disney_PNG10.png,pngimg,204216,25.7,3.3,133,5.99
police_car_PNG12.png,pngimg,177408,23.7,3.1,134,5.15
pork_PNG65.png,pngimg,4557500,1497.2,108.6,7031,2.53
power_socket_PNG19332.png,pngimg,985054,179.4,16.4,582,6.62
praying_hands_PNG10.png,pngimg,538248,24.3,4.7,81,25.64
pyramid_PNG11.png,pngimg,41120,6.1,0.3,39,4.1
radish_PNG50.png,pngimg,498960,44.8,5.2,164,11.9
razor_blade_PNG17804.png,pngimg,40000,1.7,0.1,3,45.45
reddit.com.png,screenshot_web,10514504,736.0,71.9,2821,14.49
rhino_PNG25.png,pngimg,592091,31.3,7.7,116,20.0
rock01.png,textures_photo,1048576,257.4,18.4,2022,1.52
rock02.png,textures_photo,1048576,219.3,19.2,2295,1.34
rock02_2.png,textures_photo,1048576,216.4,19.2,2326,1.32
rock03.png,textures_photo,1048576,229.0,24.7,1983,1.55
rubber_duck_PNG17.png,pngimg,462960,50.8,4.7,168,10.75
rubber_stamp_PNG2.png,pngimg,304584,77.3,6.9,235,5.05
rubik_cube_PNG1.png,pngimg,394060,42.1,5.9,241,6.37
sausage_PNG5198.png,pngimg,169000,44.1,3.0,215,3.07
scanner_PNG11354.png,pngimg,1228800,231.8,20.4,827,5.81
scooter_PNG11292.png,pngimg,591600,66.4,7.6,330,6.99
scroll_modwater.png,textures_pk,65536,21.9,0.7,76,2.53
seashell_PNG29.png,pngimg,1020000,260.4,26.4,930,4.29
silver_PNG17125.png,pngimg,423720,46.2,3.1,193,8.55
skeleton_PNG42629.png,pngimg,138600,10.1,2.0,81,6.67
skoda_PNG12334.png,pngimg,261120,41.3,4.4,196,5.18
skoda_PNG12336.png,pngimg,67760,15.5,1.6,79,3.31
smartphone_PNG8547.png,pngimg,811500,121.8,16.5,496,6.37
snapchat_PNG35.png,pngimg,262144,10.8,0.9,18,55.56
snowdoor1.png,textures_pk,8192,1.5,0.1,12,1.98
snowdoor2.png,textures_pk,8192,1.7,0.1,11,2.07
snowwall.png,textures_pk,25600,3.6,0.2,52,1.42
snowwall2.png,textures_pk,25600,3.9,0.3,52,1.44
snowwall3.png,textures_pk,25600,3.8,0.2,51,1.45
snowwall4.png,textures_pk,25600,3.8,0.2,51,1.46
socks_PNG8220.png,pngimg,128700,7.9,0.5,20,24.39
sofa_PNG6947.png,pngimg,2865960,782.4,67.4,4136,2.7
solar_panel_PNG110.png,pngimg,448900,104.7,9.4,530,3.31
solar_panel_PNG149.png,pngimg,1000000,141.7,16.4,635,6.13
sony_playstation_PNG17534.png,pngimg,384000,47.3,6.6,196,7.63
soybean_PNG7.png,pngimg,360000,49.9,4.9,194,7.25
spinach_PNG15.png,pngimg,151200,35.2,3.8,175,3.37
spinner_PNG17.png,pngimg,1048576,88.6,10.7,309,13.16
spinner_PNG51.png,pngimg,563040,25.9,4.4,114,19.23
stewardess_PNG20.png,pngimg,250000,17.2,3.2,85,11.49
sticky_note_PNG18888.png,pngimg,1914066,63.9,10.3,101,71.43
street_light_PNG11515.png,pngimg,3650400,221.5,37.7,532,27.03
stripe.com.png,screenshot_web,8669739,418.7,40.2,1054,32.26
sublime.png,screenshot_web,9589104,427.4,38.0,1579,23.81
suitcase_PNG10767.png,pngimg,14085760,1087.0,166.3,3513,15.62
superman_PNG43.png,pngimg,614400,71.4,9.4,314,7.63
superman_PNG60.png,pngimg,202540,45.3,4.3,202,3.91
surfing_PNG9717.png,pngimg,132308,40.5,2.6,125,4.13
sushi_PNG9205.png,pngimg,5343012,1202.6,134.5,8544,2.44
teddy_bear_PNG88.png,pngimg,1407600,271.0,29.4,2080,2.65
tent_PNG10.png,pngimg,5322000,1065.0,67.8,3806,5.46
tequila_PNG96.png,pngimg,829040,99.6,14.7,429,7.52
thug_life_PNG15.png,pngimg,1000000,37.2,4.2,4,1000.0
towel_PNG64.png,pngimg,269360,45.7,5.7,327,3.22
towel_PNG99.png,pngimg,2666000,499.8,13.8,2659,3.92
transformers_PNG74.png,pngimg,628800,45.4,8.3,230,10.64
treasure_chest_PNG69.png,pngimg,201500,66.1,5.3,267,2.94
trekking_pole_PNG19.png,pngimg,1440000,93.5,20.4,440,12.82
ts_tilez1a.png,textures_pk,65536,16.2,0.7,112,1.71
ts_tilez1b.png,textures_pk,65536,13.6,0.7,119,1.61
tshirt_PNG5454.png,pngimg,78000,15.6,0.9,50,6.02
vaccine_PNG11.png,pngimg,129500,5.4,1.0,19,25.64
viber_PNG2.png,pngimg,262144,14.6,4.9,57,17.54
vitamins_PNG43.png,pngimg,40000,2.0,0.3,4,31.25
walkie_talkie_PNG18.png,pngimg,1506000,125.3,6.2,604,9.71
wedding_cake_PNG19470.png,pngimg,95328,28.5,3.9,148,2.51
wheelchair_PNG82760.png,pngimg,8154535,1730.1,179.5,7793,4.08
wifi_PNG62328.png,pngimg,262144,9.9,0.7,12,83.33
window_PNG17659.png,pngimg,4671304,473.6,72.2,1748,10.42
window_PNG17682.png,pngimg,102000,36.8,2.3,118,3.37
wineglass_PNG2911.png,pngimg,13498198,453.6,103.9,311,166.67
{SW_Tree01.png,textures_pk,65536,6.0,0.4,66,2.9
{SW_Tree02.png,textures_pk,40960,4.1,0.3,60,1.99
{SW_Tree03.png,textures_pk,49152,5.9,0.4,68,2.09
{SW_Tree04.png,textures_pk,49152,5.8,0.4,77,1.85
{SW_Tree05.png,textures_pk,65536,6.9,0.5,97,1.97
{SW_Tree06.png,textures_pk,65536,3.7,0.4,24,7.69
{SW_Tree07.png,textures_pk,65536,3.9,0.3,40,4.72
{blaztree1.png,textures_pk,65536,5.7,0.4,62,3.06
{blaztree2.png,textures_pk,65536,6.5,0.5,95,2.01
{blaztree3.png,textures_pk,65536,6.9,0.5,92,2.08
{blaztree4.png,textures_pk,49152,5.3,0.4,81,1.78
{blaztree5.png,textures_pk,49152,5.7,0.4,62,2.3
{blaztree6.png,textures_pk,40960,4.2,0.3,55,2.18
{blaztree7.png,textures_pk,65536,6.0,0.5,77,2.46
{her_bar_1.png,textures_pk,768,0.1,0.0,0,3.86
{her_for_1.png,textures_pk,65536,12.5,0.6,117,1.63
{maz_leaves.png,textures_pk,16384,0.9,0.1,11,4.27
{maz_leaves1a.png,textures_pk,65536,5.0,0.4,51,3.75
{maz_leaves1b.png,textures_pk,32768,3.7,0.3,43,2.2
{maz_leaves1c.png,textures_pk,131072,9.2,0.6,71,5.35
{maz_leaves2.png,textures_pk,65536,3.9,0.4,38,5.05
{mazy_ofloor1.png,textures_pk,65536,9.5,0.6,77,2.46
{mod_labfloor1.png,textures_pk,65536,9.7,0.4,69,2.75
{mod_labgrate1.png,textures_pk,65536,8.5,0.5,45,4.2
{mod_labgrate2.png,textures_pk,65536,8.3,0.5,47,4.0
{mod_labgrate3.png,textures_pk,65536,8.0,0.5,40,4.74
{mod_window1.png,textures_pk,8192,0.9,0.1,5,4.29
{mod_window2.png,textures_pk,8192,0.5,0.1,3,7.09
{pk_chbamboo1a.png,textures_pk,8192,1.0,0.1,14,1.68
{pk_chbamboo1b.png,textures_pk,8192,1.0,0.1,14,1.66
{pk_chcomwood1.png,textures_pk,65536,6.5,0.5,91,2.09
{pk_chincarpet1.png,textures_pk,16384,1.6,0.1,20,2.29
{pk_chleaves1a.png,textures_pk,16384,0.8,0.1,8,5.52
{pk_chleaves1b.png,textures_pk,65536,4.8,0.4,47,4.02
{pk_chleaves1c.png,textures_pk,65536,6.2,0.5,74,2.58
{pk_chleaves1d.png,textures_pk,65536,11.1,0.7,112,1.7
{pk_chleaves1e.png,textures_pk,32768,4.1,0.3,52,1.82
{pk_chleaves2a.png,textures_pk,16384,0.8,0.1,8,5.71
{pk_chleaves2b.png,textures_pk,65536,3.9,0.3,38,4.95
{pk_chleaves2c.png,textures_pk,65536,8.3,0.6,103,1.85
{pk_chleaves2d.png,textures_pk,32768,2.6,0.2,29,3.29
{pk_chvines1a.png,textures_pk,32768,3.0,0.2,35,2.72
{pk_chvines1b.png,textures_pk,8192,0.8,0.1,10,2.22
{pkf_auttrees1a.png,textures_pk,65536,9.6,0.6,103,1.86
{pkf_auttrees1b.png,textures_pk,65536,6.1,0.5,64,2.99
{pkf_auttrees1c.png,textures_pk,65536,9.2,0.6,85,2.25
{pkf_fence1.png,textures_pk,4096,0.4,0.0,4,2.4
{pkf_fence2a.png,textures_pk,65536,5.5,0.5,71,2.67
{pkf_fence2b.png,textures_pk,65536,5.9,0.5,74,2.56
{pkf_fence2c.png,textures_pk,65536,5.9,0.6,76,2.52
{pkf_planks1a.png,textures_pk,65536,18.7,0.6,96,1.99
{pkf_planks1b.png,textures_pk,65536,16.3,0.6,86,2.23
{pkf_planks1c.png,textures_pk,65536,12.1,0.5,71,2.67
{pkf_shopgrate1.png,textures_pk,16384,1.1,0.1,6,7.04
{pkf_shopgrate2.png,textures_pk,16384,1.4,0.2,10,4.41
{pkf_tree1a.png,textures_pk,65536,6.1,0.4,62,3.09
{pkf_tree1b.png,textures_pk,65536,5.4,0.4,65,2.92
{pkf_tree2a.png,textures_pk,65536,4.8,0.3,41,4.67
{pkf_tree2b.png,textures_pk,65536,4.5,0.3,45,4.22
{pkf_tree2c.png,textures_pk,65536,4.2,0.3,47,4.07
{pkw_fence.png,textures_pk,16384,1.0,0.1,11,4.24
{pkw_fence01.png,textures_pk,8192,0.5,0.1,7,3.17
{pkw_wheel01.png,textures_pk,4096,0.4,0.0,8,1.49
{pkw_wood01a.png,textures_pk,32768,4.8,0.3,57,1.68
{pkw_wood01b.png,textures_pk,32768,5.2,0.3,71,1.34
{pkw_wooden01.png,textures_pk,16384,2.1,0.1,27,1.78
